HIERARCHY
ROOT Hips
{
	OFFSET 0.000000 0.000000 0.000000
	CHANNELS 6 Xposition Yposition Zposition Zrotation Yrotation Xrotation 
	JOINT Spine1
	{
		OFFSET -0.013727 5.003762 -0.053727
		CHANNELS 3 Zrotation Yrotation Xrotation
		JOINT Spine2
		{
			OFFSET -0.000000 7.125302 -0.029825
			CHANNELS 3 Zrotation Yrotation Xrotation
			JOINT Chest
			{
				OFFSET -0.000001 7.550064 -0.815971
				CHANNELS 3 Zrotation Yrotation Xrotation
				JOINT Neck1
				{
					OFFSET -0.181677 26.311296 -0.553348
					CHANNELS 3 Zrotation Yrotation Xrotation
					JOINT Neck2
					{
						OFFSET -0.000003 7.709398 2.302586
						CHANNELS 3 Zrotation Yrotation Xrotation
						JOINT Head
						{
							OFFSET -0.000005 6.128913 1.953708
							CHANNELS 3 Zrotation Yrotation Xrotation
							JOINT HeadEnd
							{
								OFFSET 0.003598 16.065401 -1.835379
								CHANNELS 3 Zrotation Yrotation Xrotation
								End Site
								{
									OFFSET 0.000000 0.000000 0.000000
								}
							}
							JOINT Jaw
							{
								OFFSET 0.002637 0.475591 3.094941
								CHANNELS 3 Zrotation Yrotation Xrotation
								End Site
								{
									OFFSET 0.000000 0.000000 0.000000
								}
							}
							JOINT LeftEye
							{
								OFFSET 3.206381 5.380207 7.586883
								CHANNELS 3 Zrotation Yrotation Xrotation
								End Site
								{
									OFFSET 0.000000 0.000000 0.000000
								}
							}
							JOINT RightEye
							{
								OFFSET -3.222440 5.361867 7.558233
								CHANNELS 3 Zrotation Yrotation Xrotation
								End Site
								{
									OFFSET 0.000000 0.000000 0.000000
								}
							}
						}
					}
				}
				JOINT LeftShoulder
				{
					OFFSET 1.621652 23.237164 5.113413
					CHANNELS 3 Zrotation Yrotation Xrotation
					JOINT LeftArm
					{
						OFFSET 14.919845 0.000000 -5.502326
						CHANNELS 3 Zrotation Yrotation Xrotation
						JOINT LeftForeArm
						{
							OFFSET 28.739309 0.000003 -0.002588
							CHANNELS 3 Zrotation Yrotation Xrotation
							JOINT LeftHand
							{
								OFFSET 27.093979 -0.000003 0.002609
								CHANNELS 3 Zrotation Yrotation Xrotation
								JOINT LeftHandThumb1
								{
									OFFSET 2.276480 -1.392046 3.191413
									CHANNELS 3 Zrotation Yrotation Xrotation
									JOINT LeftHandThumb2
									{
										OFFSET 4.012841 -1.828126 1.641656
										CHANNELS 3 Zrotation Yrotation Xrotation
										JOINT LeftHandThumb3
										{
											OFFSET 2.798516 0.000001 -0.000003
											CHANNELS 3 Zrotation Yrotation Xrotation
											JOINT LeftHandThumbEnd
											{
												OFFSET 3.180791 -0.000001 0.000003
												CHANNELS 3 Zrotation Yrotation Xrotation
												End Site
												{
													OFFSET 0.000000 0.000000 0.000000
												}
											}
										}
									}
								}
								JOINT LeftHandIndex1
								{
									OFFSET 3.247553 -0.531998 2.296169
									CHANNELS 3 Zrotation Yrotation Xrotation
									JOINT LeftHandIndex2
									{
										OFFSET 6.364580 0.012062 0.178600
										CHANNELS 3 Zrotation Yrotation Xrotation
										JOINT LeftHandIndex3
										{
											OFFSET 3.662366 0.000001 -0.000000
											CHANNELS 3 Zrotation Yrotation Xrotation
											JOINT LeftHandIndex4
											{
												OFFSET 2.329243 0.000003 0.000004
												CHANNELS 3 Zrotation Yrotation Xrotation
												JOINT LeftHandIndexEnd
												{
													OFFSET 2.759619 -0.180539 -0.113024
													CHANNELS 3 Zrotation Yrotation Xrotation
													End Site
													{
														OFFSET 0.000000 0.000000 0.000000
													}
												}
											}
										}
									}
								}
								JOINT LeftHandMiddle1
								{
									OFFSET 3.163499 0.240982 1.000332
									CHANNELS 3 Zrotation Yrotation Xrotation
									JOINT LeftHandMiddle2
									{
										OFFSET 6.190778 -0.259276 -1.002549
										CHANNELS 3 Zrotation Yrotation Xrotation
										JOINT LeftHandMiddle3
										{
											OFFSET 4.356523 -0.000006 0.000000
											CHANNELS 3 Zrotation Yrotation Xrotation
											JOINT LeftHandMiddle4
											{
												OFFSET 2.996875 -0.000006 0.000001
												CHANNELS 3 Zrotation Yrotation Xrotation
												JOINT LeftHandMiddleEnd
												{
													OFFSET 2.304294 -0.294571 -0.031740
													CHANNELS 3 Zrotation Yrotation Xrotation
													End Site
													{
														OFFSET 0.000000 0.000000 0.000000
													}
												}
											}
										}
									}
								}
								JOINT LeftHandRing1
								{
									OFFSET 2.882642 -0.053650 -0.322543
									CHANNELS 3 Zrotation Yrotation Xrotation
									JOINT LeftHandRing2
									{
										OFFSET 5.854542 -0.486203 -1.373841
										CHANNELS 3 Zrotation Yrotation Xrotation
										JOINT LeftHandRing3
										{
											OFFSET 4.350581 0.000000 0.000003
											CHANNELS 3 Zrotation Yrotation Xrotation
											JOINT LeftHandRing4
											{
												OFFSET 2.651324 0.000008 0.000003
												CHANNELS 3 Zrotation Yrotation Xrotation
												JOINT LeftHandRingEnd
												{
													OFFSET 1.936110 0.077685 -0.000070
													CHANNELS 3 Zrotation Yrotation Xrotation
													End Site
													{
														OFFSET 0.000000 0.000000 0.000000
													}
												}
											}
										}
									}
								}
								JOINT LeftHandPinky1
								{
									OFFSET 2.865499 -0.310004 -1.600378
									CHANNELS 3 Zrotation Yrotation Xrotation
									JOINT LeftHandPinky2
									{
										OFFSET 5.087853 -1.331142 -1.771231
										CHANNELS 3 Zrotation Yrotation Xrotation
										JOINT LeftHandPinky3
										{
											OFFSET 3.070975 0.000003 0.000001
											CHANNELS 3 Zrotation Yrotation Xrotation
											JOINT LeftHandPinky4
											{
												OFFSET 1.549668 0.000000 0.000001
												CHANNELS 3 Zrotation Yrotation Xrotation
												JOINT LeftHandPinkyEnd
												{
													OFFSET 1.944895 -0.157802 0.057219
													CHANNELS 3 Zrotation Yrotation Xrotation
													End Site
													{
														OFFSET 0.000000 0.000000 0.000000
													}
												}
											}
										}
									}
								}
							}
						}
					}
				}
				JOINT RightShoulder
				{
					OFFSET -1.380118 23.180305 5.214158
					CHANNELS 3 Zrotation Yrotation Xrotation
					JOINT RightArm
					{
						OFFSET -15.037197 0.000012 -5.545604
						CHANNELS 3 Zrotation Yrotation Xrotation
						JOINT RightForeArm
						{
							OFFSET -28.736639 0.000003 -0.002597
							CHANNELS 3 Zrotation Yrotation Xrotation
							JOINT RightHand
							{
								OFFSET -27.133617 0.000000 0.002613
								CHANNELS 3 Zrotation Yrotation Xrotation
								JOINT RightHandThumb1
								{
									OFFSET -2.274036 -1.383990 3.163127
									CHANNELS 3 Zrotation Yrotation Xrotation
									JOINT RightHandThumb2
									{
										OFFSET -4.011429 -1.827467 1.640914
										CHANNELS 3 Zrotation Yrotation Xrotation
										JOINT RightHandThumb3
										{
											OFFSET -2.794934 -0.000003 -0.000003
											CHANNELS 3 Zrotation Yrotation Xrotation
											JOINT RightHandThumbEnd
											{
												OFFSET -3.183855 0.000003 -0.000001
												CHANNELS 3 Zrotation Yrotation Xrotation
												End Site
												{
													OFFSET 0.000000 0.000000 0.000000
												}
											}
										}
									}
								}
								JOINT RightHandIndex1
								{
									OFFSET -3.253270 -0.520060 2.282866
									CHANNELS 3 Zrotation Yrotation Xrotation
									JOINT RightHandIndex2
									{
										OFFSET -6.341918 0.012472 0.178265
										CHANNELS 3 Zrotation Yrotation Xrotation
										JOINT RightHandIndex3
										{
											OFFSET -3.654875 -0.000008 -0.000001
											CHANNELS 3 Zrotation Yrotation Xrotation
											JOINT RightHandIndex4
											{
												OFFSET -2.327586 -0.000000 0.000001
												CHANNELS 3 Zrotation Yrotation Xrotation
												JOINT RightHandIndexEnd
												{
													OFFSET -2.761789 -0.180657 -0.113078
													CHANNELS 3 Zrotation Yrotation Xrotation
													End Site
													{
														OFFSET 0.000000 0.000000 0.000000
													}
												}
											}
										}
									}
								}
								JOINT RightHandMiddle1
								{
									OFFSET -3.168106 0.246593 1.001030
									CHANNELS 3 Zrotation Yrotation Xrotation
									JOINT RightHandMiddle2
									{
										OFFSET -6.180830 -0.258835 -1.000896
										CHANNELS 3 Zrotation Yrotation Xrotation
										JOINT RightHandMiddle3
										{
											OFFSET -4.348906 -0.000000 -0.000001
											CHANNELS 3 Zrotation Yrotation Xrotation
											JOINT RightHandMiddle4
											{
												OFFSET -3.000243 -0.000004 -0.000002
												CHANNELS 3 Zrotation Yrotation Xrotation
												JOINT RightHandMiddleEnd
												{
													OFFSET -2.302518 -0.294371 -0.031706
													CHANNELS 3 Zrotation Yrotation Xrotation
													End Site
													{
														OFFSET 0.000000 0.000000 0.000000
													}
												}
											}
										}
									}
								}
								JOINT RightHandRing1
								{
									OFFSET -2.885694 -0.067952 -0.308859
									CHANNELS 3 Zrotation Yrotation Xrotation
									JOINT RightHandRing2
									{
										OFFSET -5.854196 -0.486132 -1.373732
										CHANNELS 3 Zrotation Yrotation Xrotation
										JOINT RightHandRing3
										{
											OFFSET -4.338814 -0.000003 -0.000000
											CHANNELS 3 Zrotation Yrotation Xrotation
											JOINT RightHandRing4
											{
												OFFSET -2.654906 -0.000004 0.000004
												CHANNELS 3 Zrotation Yrotation Xrotation
												JOINT RightHandRingEnd
												{
													OFFSET -1.933570 0.077524 -0.000052
													CHANNELS 3 Zrotation Yrotation Xrotation
													End Site
													{
														OFFSET 0.000000 0.000000 0.000000
													}
												}
											}
										}
									}
								}
								JOINT RightHandPinky1
								{
									OFFSET -2.866429 -0.342798 -1.584145
									CHANNELS 3 Zrotation Yrotation Xrotation
									JOINT RightHandPinky2
									{
										OFFSET -5.091370 -1.332054 -1.772385
										CHANNELS 3 Zrotation Yrotation Xrotation
										JOINT RightHandPinky3
										{
											OFFSET -3.062666 -0.000006 0.000000
											CHANNELS 3 Zrotation Yrotation Xrotation
											JOINT RightHandPinky4
											{
												OFFSET -1.546526 0.000006 -0.000002
												CHANNELS 3 Zrotation Yrotation Xrotation
												JOINT RightHandPinkyEnd
												{
													OFFSET -1.945122 -0.157721 0.057211
													CHANNELS 3 Zrotation Yrotation Xrotation
													End Site
													{
														OFFSET 0.000000 0.000000 0.000000
													}
												}
											}
										}
									}
								}
							}
						}
					}
				}
			}
		}
	}
	JOINT LeftLeg
	{
		OFFSET 10.043214 -8.434526 2.595655
		CHANNELS 3 Zrotation Yrotation Xrotation
		JOINT LeftShin
		{
			OFFSET -0.000001 -43.221752 -0.802913
			CHANNELS 3 Zrotation Yrotation Xrotation
			JOINT LeftFoot
			{
				OFFSET 0.000001 -42.155094 -3.481523
				CHANNELS 3 Zrotation Yrotation Xrotation
				JOINT LeftToeBase
				{
					OFFSET -0.000000 -5.059475 13.231529
					CHANNELS 3 Zrotation Yrotation Xrotation
					JOINT LeftToeEnd
					{
						OFFSET -0.009607 -1.647615 6.513017
						CHANNELS 3 Zrotation Yrotation Xrotation
						End Site
						{
							OFFSET 0.000000 0.000000 0.000000
						}
					}
				}
			}
		}
	}
	JOINT RightLeg
	{
		OFFSET -10.047277 -8.295259 2.620317
		CHANNELS 3 Zrotation Yrotation Xrotation
		JOINT RightShin
		{
			OFFSET 0.000001 -43.362209 -0.805556
			CHANNELS 3 Zrotation Yrotation Xrotation
			JOINT RightFoot
			{
				OFFSET 0.000002 -42.117393 -3.478398
				CHANNELS 3 Zrotation Yrotation Xrotation
				JOINT RightToeBase
				{
					OFFSET -0.000001 -5.079609 13.284196
					CHANNELS 3 Zrotation Yrotation Xrotation
					JOINT RightToeEnd
					{
						OFFSET 0.009532 -1.634382 6.460591
						CHANNELS 3 Zrotation Yrotation Xrotation
						End Site
						{
							OFFSET 0.000000 0.000000 0.000000
						}
					}
				}
			}
		}
	}
}
MOTION
Frames: 180
Frame Time: 0.033333
-0.295318 100.348152 6.346655 0.078749 0.015794 -0.322155 0.385704 -0.109655 -1.669314 -0.437783 -0.595634 -5.523164 -0.447196 -2.202586 13.938447 -0.742160 3.028613 -3.122316 -0.269022 0.420434 -3.580142 0.034161 -0.484468 -5.883622 0.000077 -0.000022 0.000006 0.010761 0.079683 -0.056124 0.768046 -3.645479 -10.656831 -0.751256 3.813753 -10.620444 -11.229454 -5.322636 16.774408 -61.804466 -16.010351 32.616550 0.085595 -26.320299 -0.156215 8.059011 -1.613592 -5.206465 -5.882101 9.861279 0.702590 -10.936859 -0.360575 7.156196 0.000001 8.774815 0.000001 -15.786385 17.957272 6.135602 -1.844032 2.498503 -2.507276 -10.163590 4.678940 4.621105 -20.975994 -0.000004 0.000001 -21.226255 2.451693 -3.593997 0.000001 -0.000006 -0.000001 -1.362680 2.240796 -0.746321 -21.334887 0.584908 3.008320 -13.821197 -0.000004 0.000002 -23.887133 -0.249079 -0.839480 -60.044743 2.538892 -0.928745 -0.294025 1.679687 0.833256 -14.218194 0.093214 1.300577 -34.212002 -0.287562 0.967168 -20.033176 0.964537 1.212842 0.000000 0.000002 0.000000 -3.440385 0.788232 0.501655 -15.928167 -3.167307 2.999703 -6.338817 -0.000001 0.000000 -18.123413 3.648176 -4.905661 -0.000004 -0.000000 -0.000003 20.970840 7.525535 19.396286 54.536804 17.685261 14.403192 0.458778 24.808538 0.217962 1.794284 0.837656 -3.815525 2.243540 -5.255033 -3.180155 14.282877 -0.826594 6.952497 -0.000003 -12.690590 -0.000001 16.476883 -18.059072 2.587952 1.665665 -1.955920 -2.878297 4.727794 -4.170583 4.993919 11.020511 0.000004 0.000002 12.109033 -3.735709 -2.866779 -0.000001 -0.000001 0.000001 1.291984 -1.928546 -1.498089 14.800113 0.567468 3.865605 14.242553 -1.341735 -6.660647 19.631941 0.143927 -0.648242 50.602539 -0.547937 -6.090357 0.353029 -1.511149 -0.031940 20.222769 3.684307 2.316628 18.787247 0.000005 0.000001 10.751611 -0.479867 1.397904 -0.000001 -0.000000 0.000000 3.273804 0.305947 -0.580109 21.486790 11.830360 2.266131 8.162918 0.000001 0.000000 18.399055 -3.798979 -4.940566 0.000005 0.000001 0.000000 -0.218247 5.838245 -2.614918 -0.015859 -0.064575 7.720021 -0.334231 1.969488 -5.055131 1.659575 -1.929741 -1.797224 -0.000000 0.000000 0.000002 0.745897 -3.690586 -6.421133 0.037547 -0.085241 10.319632 -0.802446 -4.175033 -3.652106 -1.440420 0.946236 -1.955568 -0.000000 -0.000000 -0.000001 
-0.292396 100.376106 6.320077 0.060649 0.017909 -0.194951 0.391637 -0.116661 -1.514609 -0.425134 -0.507723 -5.478922 -0.504767 -2.237772 14.015005 -0.753193 3.016738 -3.067675 -0.308625 0.382517 -3.578536 -0.014379 -0.518527 -5.723073 0.000077 -0.000022 0.000006 0.015595 0.084295 -0.057681 0.772760 -3.638516 -10.649512 -0.746197 3.816827 -10.623206 -11.230331 -5.365786 16.814993 -61.619797 -16.061823 32.104580 0.074277 -26.253811 -0.163328 8.046792 -1.801752 -5.101234 -5.882102 9.861278 0.702590 -10.936859 -0.360575 7.156199 0.000000 8.774813 -0.000001 -15.802403 17.972889 6.206741 -1.844032 2.498501 -2.507274 -10.163590 4.678941 4.621106 -20.975996 -0.000002 0.000000 -21.226255 2.451694 -3.593995 0.000001 -0.000006 -0.000001 -1.362681 2.240798 -0.746322 -21.334892 0.584909 3.008319 -13.821197 -0.000002 0.000001 -23.887133 -0.249078 -0.839483 -60.176620 2.529331 -0.863363 -0.294024 1.679686 0.833256 -14.218194 0.093215 1.300581 -34.212006 -0.287564 0.967169 -20.033180 0.964536 1.212842 0.000001 0.000002 0.000000 -3.440386 0.788233 0.501653 -15.928171 -3.167306 2.999705 -6.338818 -0.000001 0.000000 -18.123417 3.648175 -4.905659 -0.000005 0.000000 -0.000002 20.775436 7.510162 19.497444 54.657207 17.955807 14.786616 0.323118 24.913635 0.201888 1.869692 1.026023 -4.084884 2.243540 -5.255033 -3.180155 14.282877 -0.826594 6.952497 -0.000001 -12.690588 -0.000001 16.480694 -18.043802 2.555873 1.665664 -1.955920 -2.878298 4.727793 -4.170584 4.993919 11.020511 0.000003 0.000001 12.109030 -3.735710 -2.866778 0.000000 -0.000000 0.000001 1.291985 -1.928548 -1.498087 14.800111 0.567465 3.865606 14.242553 -1.341736 -6.660648 19.631937 0.143924 -0.648243 50.517601 -0.479350 -6.118642 0.353028 -1.511149 -0.031940 20.222767 3.684304 2.316631 18.787243 0.000004 -0.000000 10.751610 -0.479868 1.397905 0.000000 0.000000 0.000001 3.273804 0.305947 -0.580110 21.486792 11.830361 2.266134 8.162917 0.000000 0.000000 18.399054 -3.798981 -4.940568 0.000005 0.000000 -0.000002 -0.235893 5.755185 -2.631113 -0.022748 -0.086551 7.436381 -0.239369 2.067203 -4.901653 1.652116 -1.925476 -1.788993 -0.000000 -0.000000 0.000002 0.784872 -3.496654 -6.428409 0.016591 -0.108290 10.021056 -0.849099 -4.325350 -3.478784 -1.436052 0.934419 -2.056704 0.000000 0.000000 -0.000001 
-0.232541 100.417198 6.255805 0.051388 0.035021 -0.052112 0.382371 -0.089935 -1.310269 -0.433914 -0.501547 -5.438032 -0.539469 -2.235341 14.150417 -0.774953 3.040576 -2.942707 -0.356132 0.357605 -3.574900 -0.079549 -0.568046 -5.602017 0.000077 -0.000022 0.000006 0.017186 0.073943 -0.054124 0.771205 -3.645448 -10.651874 -0.741039 3.803429 -10.623182 -11.203856 -5.433423 16.881208 -61.438759 -16.160097 31.337494 0.079054 -26.268101 -0.149195 8.019711 -2.005310 -5.145480 -5.882100 9.861278 0.702591 -10.936858 -0.360575 7.156196 0.000000 8.774813 -0.000002 -15.841949 18.009079 6.223602 -1.844030 2.498502 -2.507273 -10.163589 4.678938 4.621105 -20.975994 -0.000005 0.000002 -21.226254 2.451690 -3.593992 0.000000 -0.000005 -0.000001 -1.362682 2.240797 -0.746323 -21.334890 0.584908 3.008318 -13.821197 -0.000003 0.000000 -23.887129 -0.249079 -0.839482 -60.290932 2.502191 -0.832396 -0.294025 1.679686 0.833257 -14.218194 0.093213 1.300578 -34.211998 -0.287566 0.967171 -20.033178 0.964535 1.212844 0.000001 -0.000000 0.000001 -3.440386 0.788232 0.501653 -15.928169 -3.167306 2.999704 -6.338815 -0.000001 0.000000 -18.123413 3.648173 -4.905663 -0.000004 0.000000 -0.000002 20.560532 7.584610 19.530132 54.745403 18.231586 15.303638 0.207492 24.987484 0.151270 1.887245 1.291723 -4.441255 2.243539 -5.255031 -3.180156 14.282878 -0.826592 6.952497 -0.000004 -12.690588 0.000000 16.459759 -18.084917 2.571103 1.665664 -1.955918 -2.878298 4.727793 -4.170582 4.993918 11.020512 0.000004 0.000000 12.109033 -3.735708 -2.866780 -0.000001 -0.000000 -0.000001 1.291985 -1.928548 -1.498088 14.800113 0.567468 3.865602 14.242553 -1.341733 -6.660647 19.631941 0.143928 -0.648243 50.469364 -0.453026 -6.118719 0.353028 -1.511149 -0.031940 20.222771 3.684308 2.316627 18.787247 0.000008 0.000000 10.751612 -0.479866 1.397905 -0.000001 -0.000000 0.000002 3.273805 0.305947 -0.580110 21.486795 11.830363 2.266133 8.162917 0.000002 -0.000001 18.399055 -3.798979 -4.940566 0.000005 0.000000 -0.000002 -0.310960 5.704162 -2.573858 -0.033395 -0.095031 6.925777 -0.167387 2.095020 -4.628637 1.649188 -1.919280 -1.766869 -0.000000 -0.000000 0.000002 0.776817 -3.262577 -6.406622 -0.007899 -0.148520 9.588053 -0.948709 -4.375628 -3.213545 -1.426402 0.917124 -2.096636 0.000000 0.000000 -0.000001 
-0.192266 100.437943 6.167085 0.054918 -0.034607 0.125167 0.367663 -0.065014 -1.068195 -0.454271 -0.505355 -5.372435 -0.568354 -2.236478 14.318891 -0.809789 3.080048 -2.762205 -0.404157 0.326607 -3.581941 -0.183219 -0.590771 -5.474619 0.000077 -0.000022 0.000006 0.017405 0.064627 -0.050525 0.770993 -3.651862 -10.654263 -0.741606 3.791419 -10.634278 -11.120295 -5.501222 16.909883 -61.286766 -16.148329 30.261499 0.089153 -26.483564 -0.146683 8.014352 -2.217823 -5.301293 -5.882101 9.861278 0.702590 -10.936861 -0.360575 7.156201 0.000001 8.774812 0.000001 -15.852433 18.037432 6.232529 -1.844031 2.498501 -2.507276 -10.163590 4.678939 4.621106 -20.975998 -0.000003 0.000002 -21.226254 2.451691 -3.593993 -0.000000 -0.000005 -0.000001 -1.362680 2.240795 -0.746321 -21.334894 0.584907 3.008321 -13.821197 -0.000003 0.000001 -23.887133 -0.249081 -0.839479 -60.377899 2.467619 -0.816431 -0.294024 1.679685 0.833255 -14.218195 0.093214 1.300581 -34.212006 -0.287562 0.967169 -20.033184 0.964534 1.212842 0.000001 -0.000001 -0.000000 -3.440385 0.788232 0.501655 -15.928171 -3.167306 2.999706 -6.338817 -0.000001 -0.000001 -18.123415 3.648176 -4.905659 -0.000004 -0.000000 -0.000002 20.270569 7.733835 19.488089 54.831303 18.558037 15.729139 0.208265 25.019922 0.123894 1.870049 1.613461 -4.617208 2.243539 -5.255033 -3.180155 14.282877 -0.826591 6.952496 -0.000003 -12.690590 -0.000002 16.455246 -18.117792 2.566591 1.665665 -1.955921 -2.878295 4.727793 -4.170582 4.993918 11.020513 0.000004 0.000001 12.109031 -3.735709 -2.866779 -0.000001 -0.000000 0.000001 1.291983 -1.928546 -1.498087 14.800114 0.567469 3.865604 14.242553 -1.341733 -6.660648 19.631935 0.143926 -0.648241 50.445923 -0.431557 -6.135233 0.353028 -1.511150 -0.031940 20.222771 3.684309 2.316628 18.787245 0.000006 0.000004 10.751608 -0.479867 1.397903 0.000000 0.000000 0.000001 3.273803 0.305947 -0.580112 21.486794 11.830363 2.266132 8.162917 0.000003 0.000000 18.399048 -3.798977 -4.940563 0.000005 0.000000 -0.000001 -0.378466 5.676950 -2.749954 -0.035177 -0.094334 6.786375 -0.186618 2.181318 -4.506227 1.647666 -1.919306 -1.705902 -0.000000 -0.000000 0.000002 0.770485 -3.024686 -6.609572 -0.029075 -0.179462 9.472530 -1.027914 -4.372029 -3.064642 -1.420435 0.930737 -2.074969 -0.000000 -0.000000 -0.000001 
-0.161280 100.440041 6.052969 0.074301 -0.186986 0.342043 0.338677 -0.059786 -0.778968 -0.474416 -0.508119 -5.267875 -0.597493 -2.232484 14.487641 -0.874497 3.126567 -2.530491 -0.443906 0.282541 -3.592226 -0.306566 -0.554796 -5.323995 0.000077 -0.000023 0.000006 0.015459 0.064613 -0.046301 0.771004 -3.646912 -10.648582 -0.744910 3.786142 -10.629970 -10.979182 -5.579149 16.926640 -61.174011 -16.045593 29.045074 0.122738 -26.817497 -0.123093 8.078260 -2.495795 -5.699604 -5.882101 9.861279 0.702589 -10.936861 -0.360575 7.156198 0.000001 8.774813 0.000000 -15.886230 18.050665 6.217867 -1.844031 2.498502 -2.507275 -10.163589 4.678938 4.621106 -20.975996 -0.000004 0.000003 -21.226255 2.451693 -3.593992 0.000001 -0.000005 0.000001 -1.362679 2.240796 -0.746323 -21.334892 0.584908 3.008322 -13.821197 -0.000002 0.000003 -23.887131 -0.249078 -0.839479 -60.389065 2.459306 -0.865373 -0.294025 1.679685 0.833255 -14.218194 0.093215 1.300582 -34.212006 -0.287562 0.967171 -20.033180 0.964535 1.212844 -0.000001 0.000001 0.000001 -3.440386 0.788233 0.501655 -15.928169 -3.167306 2.999702 -6.338815 0.000000 -0.000001 -18.123417 3.648175 -4.905660 -0.000005 -0.000000 -0.000001 19.916275 7.921090 19.450518 54.990482 18.966194 16.103460 0.235671 25.021006 0.102004 1.808146 1.960813 -4.797557 2.243540 -5.255033 -3.180156 14.282875 -0.826593 6.952495 -0.000003 -12.690590 0.000000 16.439648 -18.157402 2.564486 1.665665 -1.955919 -2.878297 4.727793 -4.170582 4.993917 11.020511 0.000004 -0.000002 12.109034 -3.735708 -2.866783 -0.000001 -0.000000 0.000001 1.291985 -1.928548 -1.498088 14.800111 0.567470 3.865602 14.242554 -1.341732 -6.660651 19.631939 0.143928 -0.648245 50.397305 -0.438551 -6.145785 0.353028 -1.511149 -0.031941 20.222769 3.684307 2.316629 18.787245 0.000005 -0.000000 10.751610 -0.479866 1.397904 -0.000001 0.000000 0.000002 3.273803 0.305947 -0.580111 21.486794 11.830364 2.266130 8.162916 0.000003 0.000000 18.399050 -3.798977 -4.940567 0.000005 0.000000 0.000000 -0.449769 5.671682 -3.155349 -0.029503 -0.104630 6.992347 -0.225775 2.324062 -4.520590 1.646976 -1.915452 -1.640904 -0.000000 0.000000 0.000002 0.754455 -2.728681 -7.044253 -0.046169 -0.213239 9.673141 -1.065270 -4.359701 -3.028225 -1.420647 0.940082 -2.057223 -0.000000 -0.000000 -0.000001 
-0.086593 100.452736 5.935234 0.115447 -0.414356 0.607409 0.290684 -0.051591 -0.425606 -0.485355 -0.521464 -5.132656 -0.641376 -2.219745 14.700387 -1.008539 3.210721 -2.278426 -0.466912 0.205184 -3.589301 -0.440345 -0.494842 -5.201142 0.000077 -0.000022 0.000006 0.012177 0.071648 -0.044440 0.772800 -3.633163 -10.644883 -0.752659 3.786561 -10.630223 -10.801176 -5.703774 16.962646 -61.012043 -15.922058 27.707024 0.166721 -27.174229 -0.111903 8.115647 -2.837067 -6.273404 -5.882100 9.861279 0.702591 -10.936859 -0.360576 7.156199 0.000001 8.774813 -0.000002 -15.910484 18.044928 6.194520 -1.844031 2.498503 -2.507274 -10.163589 4.678938 4.621101 -20.975996 -0.000005 0.000002 -21.226255 2.451692 -3.593993 0.000001 -0.000004 -0.000000 -1.362681 2.240797 -0.746320 -21.334892 0.584908 3.008319 -13.821197 -0.000005 0.000002 -23.887133 -0.249079 -0.839480 -60.366116 2.466628 -0.886268 -0.294024 1.679686 0.833256 -14.218195 0.093213 1.300581 -34.212006 -0.287567 0.967173 -20.033182 0.964533 1.212845 -0.000001 0.000000 0.000001 -3.440385 0.788231 0.501656 -15.928171 -3.167307 2.999702 -6.338818 -0.000002 0.000001 -18.123415 3.648174 -4.905660 -0.000003 0.000001 -0.000001 19.498606 8.170393 19.441811 55.184620 19.447350 16.428015 0.239015 25.047113 0.080319 1.639928 2.295342 -5.145390 2.243540 -5.255033 -3.180153 14.282877 -0.826593 6.952497 -0.000003 -12.690587 -0.000001 16.418633 -18.157217 2.561262 1.665665 -1.955920 -2.878296 4.727794 -4.170583 4.993918 11.020512 0.000003 -0.000001 12.109030 -3.735709 -2.866779 -0.000001 -0.000000 -0.000001 1.291984 -1.928547 -1.498089 14.800117 0.567467 3.865606 14.242554 -1.341735 -6.660647 19.631939 0.143925 -0.648243 50.393330 -0.414239 -6.125985 0.353029 -1.511148 -0.031940 20.222773 3.684307 2.316628 18.787245 0.000005 -0.000000 10.751612 -0.479866 1.397906 -0.000001 0.000001 0.000002 3.273805 0.305946 -0.580109 21.486794 11.830361 2.266130 8.162916 0.000002 -0.000001 18.399054 -3.798977 -4.940568 0.000005 0.000000 -0.000001 -0.593507 5.688327 -3.489667 -0.022128 -0.114561 6.957412 -0.225714 2.560332 -4.432904 1.647763 -1.921186 -1.600609 -0.000000 -0.000000 0.000002 0.684746 -2.307907 -7.513623 -0.061260 -0.254791 9.816508 -1.106248 -4.373384 -2.945626 -1.424294 0.950897 -2.003673 -0.000000 -0.000000 -0.000001 
0.000361 100.471153 5.749196 0.198461 -0.710154 0.907549 0.214241 -0.076349 0.008468 -0.496657 -0.509890 -4.962908 -0.712572 -2.212798 14.987938 -1.206575 3.292861 -2.055405 -0.496350 0.108763 -3.590092 -0.570278 -0.372524 -5.101108 0.000077 -0.000023 0.000006 0.008647 0.065877 -0.044967 0.777328 -3.639616 -10.659261 -0.764302 3.781590 -10.650925 -10.584022 -5.883837 17.047108 -60.839710 -15.931262 26.271835 0.193124 -27.369972 -0.099514 8.106190 -3.154559 -6.931522 -5.882102 9.861278 0.702591 -10.936858 -0.360574 7.156196 0.000000 8.774813 0.000000 -15.948547 18.021885 6.139431 -1.844030 2.498502 -2.507276 -10.163589 4.678938 4.621103 -20.975996 -0.000004 0.000002 -21.226255 2.451692 -3.593995 0.000000 -0.000004 0.000002 -1.362680 2.240795 -0.746322 -21.334892 0.584908 3.008318 -13.821198 -0.000004 0.000001 -23.887131 -0.249081 -0.839481 -60.328434 2.474756 -0.929728 -0.294024 1.679686 0.833252 -14.218195 0.093215 1.300579 -34.212006 -0.287565 0.967167 -20.033180 0.964536 1.212840 0.000000 0.000001 0.000001 -3.440386 0.788234 0.501655 -15.928169 -3.167307 2.999704 -6.338817 -0.000001 0.000000 -18.123415 3.648174 -4.905662 -0.000003 0.000000 -0.000000 19.001596 8.459784 19.519527 55.443127 20.074800 16.661463 0.171382 25.097721 0.054649 1.431891 2.651578 -5.526461 2.243540 -5.255033 -3.180156 14.282877 -0.826593 6.952495 -0.000003 -12.690590 -0.000001 16.421030 -18.160917 2.552974 1.665665 -1.955920 -2.878297 4.727794 -4.170584 4.993917 11.020513 0.000003 -0.000001 12.109034 -3.735710 -2.866779 0.000000 0.000000 0.000001 1.291984 -1.928547 -1.498088 14.800111 0.567468 3.865600 14.242553 -1.341735 -6.660646 19.631939 0.143925 -0.648243 50.450180 -0.369737 -6.102633 0.353028 -1.511149 -0.031940 20.222767 3.684309 2.316628 18.787249 0.000006 -0.000001 10.751613 -0.479866 1.397902 0.000000 0.000000 0.000002 3.273805 0.305947 -0.580109 21.486792 11.830363 2.266129 8.162919 0.000002 -0.000001 18.399054 -3.798977 -4.940569 0.000005 0.000000 -0.000002 -0.812520 5.666754 -3.821550 -0.012805 -0.112132 6.761858 -0.157886 2.826304 -4.175871 1.647114 -1.929492 -1.584995 -0.000000 -0.000000 0.000002 0.562428 -1.856362 -8.096972 -0.074491 -0.274499 10.002440 -1.184805 -4.361677 -2.822145 -1.427873 0.936914 -1.952549 -0.000000 -0.000000 -0.000001 
0.153750 100.495377 5.529889 0.351376 -1.070216 1.246297 0.084688 -0.092413 0.520861 -0.513902 -0.503855 -4.765575 -0.811358 -2.202737 15.346567 -1.448171 3.396870 -1.910919 -0.535400 0.021691 -3.579936 -0.710443 -0.278068 -5.085946 0.000077 -0.000023 0.000006 0.006981 0.060106 -0.042488 0.781474 -3.647913 -10.682533 -0.774654 3.774862 -10.677214 -10.406047 -6.171466 17.175093 -60.546215 -16.082302 24.796656 0.237412 -27.310528 -0.120592 8.052649 -3.238465 -7.698302 -5.882101 9.861279 0.702591 -10.936859 -0.360576 7.156196 0.000001 8.774814 -0.000003 -15.984215 17.994869 6.139646 -1.844030 2.498503 -2.507275 -10.163589 4.678941 4.621105 -20.975994 -0.000003 0.000004 -21.226248 2.451694 -3.593993 0.000001 -0.000006 -0.000000 -1.362680 2.240796 -0.746322 -21.334894 0.584908 3.008320 -13.821194 -0.000003 0.000002 -23.887123 -0.249078 -0.839479 -60.314507 2.501562 -0.917673 -0.294024 1.679685 0.833256 -14.218194 0.093213 1.300581 -34.212006 -0.287564 0.967173 -20.033180 0.964534 1.212841 0.000000 0.000000 0.000001 -3.440386 0.788232 0.501656 -15.928169 -3.167306 2.999703 -6.338817 -0.000001 0.000002 -18.123413 3.648176 -4.905661 -0.000003 0.000000 -0.000001 18.506563 8.832453 19.638977 55.681694 20.809446 16.764198 0.117687 25.151957 0.022636 1.117252 2.989049 -6.013625 2.243540 -5.255033 -3.180156 14.282877 -0.826593 6.952497 -0.000002 -12.690592 -0.000002 16.455124 -18.170782 2.526348 1.665664 -1.955921 -2.878299 4.727793 -4.170582 4.993918 11.020510 0.000002 -0.000001 12.109032 -3.735709 -2.866779 -0.000001 -0.000000 0.000001 1.291985 -1.928547 -1.498087 14.800111 0.567468 3.865602 14.242553 -1.341735 -6.660649 19.631939 0.143926 -0.648243 50.481316 -0.334935 -6.105938 0.353029 -1.511149 -0.031939 20.222767 3.684307 2.316628 18.787247 0.000007 0.000001 10.751610 -0.479867 1.397906 0.000000 0.000000 0.000001 3.273804 0.305947 -0.580110 21.486792 11.830363 2.266130 8.162916 0.000001 -0.000001 18.399054 -3.798978 -4.940568 0.000006 0.000001 -0.000002 -1.174276 5.615066 -4.058412 -0.005542 -0.093305 6.252104 0.024851 3.120655 -3.798256 1.649190 -1.948767 -1.550154 -0.000000 -0.000000 0.000002 0.321038 -1.425120 -8.801033 -0.092611 -0.280394 10.277970 -1.224766 -4.285103 -2.706604 -1.432558 0.917627 -1.859892 0.000000 0.000000 -0.000001 
0.311947 100.495491 5.287553 0.609132 -1.480346 1.648243 -0.116730 -0.094241 1.110237 -0.546361 -0.529596 -4.537625 -0.956713 -2.169041 15.769799 -1.747951 3.508101 -1.888994 -0.563656 -0.059449 -3.570814 -0.863370 -0.205994 -5.152194 0.000077 -0.000022 0.000006 0.003805 0.051651 -0.042482 0.782377 -3.655306 -10.691231 -0.780405 3.765748 -10.689396 -10.312801 -6.588864 17.309387 -60.111576 -16.472700 23.178238 0.265685 -26.837225 -0.100730 7.911949 -3.058380 -8.556858 -5.882101 9.861279 0.702591 -10.936858 -0.360576 7.156196 0.000001 8.774816 -0.000001 -16.012568 17.964598 6.130135 -1.844031 2.498503 -2.507273 -10.163589 4.678939 4.621102 -20.975992 -0.000005 0.000004 -21.226255 2.451692 -3.593995 0.000002 -0.000004 -0.000000 -1.362682 2.240797 -0.746322 -21.334887 0.584906 3.008319 -13.821197 -0.000004 0.000002 -23.887131 -0.249081 -0.839478 -60.302513 2.493363 -0.903834 -0.294024 1.679687 0.833255 -14.218194 0.093213 1.300578 -34.212002 -0.287566 0.967170 -20.033180 0.964534 1.212844 0.000000 0.000000 0.000001 -3.440385 0.788232 0.501657 -15.928167 -3.167307 2.999703 -6.338815 -0.000001 0.000000 -18.123415 3.648176 -4.905662 -0.000004 -0.000000 -0.000003 18.004255 9.286698 19.769779 55.944309 21.678486 16.708281 0.074062 25.111475 -0.013842 0.762443 3.344271 -6.654308 2.243540 -5.255032 -3.180155 14.282875 -0.826593 6.952494 -0.000003 -12.690590 0.000002 16.483885 -18.180685 2.534094 1.665665 -1.955920 -2.878296 4.727794 -4.170583 4.993918 11.020512 0.000004 -0.000001 12.109031 -3.735708 -2.866779 0.000000 -0.000000 0.000001 1.291985 -1.928548 -1.498087 14.800113 0.567468 3.865605 14.242553 -1.341735 -6.660648 19.631939 0.143926 -0.648243 50.528931 -0.328189 -6.123480 0.353029 -1.511148 -0.031941 20.222769 3.684305 2.316627 18.787245 0.000006 -0.000001 10.751612 -0.479867 1.397905 0.000000 0.000000 0.000001 3.273805 0.305947 -0.580111 21.486794 11.830362 2.266130 8.162917 0.000001 0.000001 18.399052 -3.798980 -4.940569 0.000005 0.000001 0.000001 -1.653970 5.492648 -4.464362 -0.005191 -0.068192 5.893973 0.245307 3.454043 -3.551471 1.653087 -1.960937 -1.485710 -0.000000 0.000000 0.000002 -0.038635 -1.069778 -9.830904 -0.110144 -0.274393 11.012752 -1.227303 -4.094905 -2.797351 -1.436144 0.902489 -1.758595 0.000000 -0.000000 -0.000001 
0.537168 100.478889 4.968346 0.986813 -1.904501 2.134736 -0.378224 -0.120295 1.781699 -0.590386 -0.552794 -4.272576 -1.168686 -2.097635 16.281078 -2.120142 3.602940 -2.050675 -0.566040 -0.159430 -3.565200 -1.019804 -0.143375 -5.354530 0.000077 -0.000022 0.000006 0.003907 0.034091 -0.046427 0.781765 -3.666560 -10.687939 -0.778215 3.742341 -10.689536 -10.287172 -7.182041 17.505566 -59.487038 -17.163260 21.223469 0.234115 -26.032312 -0.091216 7.748034 -2.632185 -9.381675 -5.882102 9.861279 0.702589 -10.936858 -0.360574 7.156198 -0.000001 8.774814 -0.000001 -16.025013 17.947987 6.138024 -1.844031 2.498503 -2.507276 -10.163589 4.678941 4.621107 -20.975992 -0.000001 0.000003 -21.226248 2.451694 -3.593996 0.000001 -0.000007 -0.000000 -1.362681 2.240796 -0.746324 -21.334887 0.584909 3.008318 -13.821194 -0.000003 0.000001 -23.887129 -0.249078 -0.839480 -60.313435 2.453655 -0.899292 -0.294025 1.679686 0.833254 -14.218192 0.093216 1.300580 -34.211998 -0.287561 0.967170 -20.033176 0.964535 1.212839 -0.000000 0.000001 -0.000001 -3.440384 0.788232 0.501655 -15.928165 -3.167306 2.999707 -6.338817 -0.000000 0.000001 -18.123413 3.648178 -4.905659 -0.000004 -0.000000 -0.000001 17.431944 9.843373 19.944099 56.268490 22.849003 16.565544 0.011095 24.866182 -0.060428 0.422317 3.669915 -7.372170 2.243540 -5.255033 -3.180154 14.282877 -0.826594 6.952492 -0.000001 -12.690588 -0.000002 16.535143 -18.203405 2.512331 1.665665 -1.955920 -2.878297 4.727794 -4.170583 4.993917 11.020513 0.000003 -0.000002 12.109033 -3.735710 -2.866780 -0.000001 -0.000000 0.000000 1.291984 -1.928547 -1.498087 14.800114 0.567468 3.865604 14.242554 -1.341734 -6.660650 19.631939 0.143927 -0.648247 50.622486 -0.311475 -6.151162 0.353028 -1.511150 -0.031940 20.222767 3.684306 2.316625 18.787247 0.000006 -0.000002 10.751610 -0.479867 1.397902 0.000001 0.000000 0.000000 3.273804 0.305946 -0.580110 21.486792 11.830361 2.266129 8.162916 0.000002 -0.000002 18.399050 -3.798978 -4.940568 0.000005 0.000001 -0.000001 -2.313900 5.276654 -5.029877 -0.008145 -0.039134 5.546292 0.557017 3.848835 -3.167584 1.656953 -1.979820 -1.386035 -0.000000 0.000000 0.000002 -0.578251 -0.782113 -11.176657 -0.121263 -0.256857 12.075807 -1.143784 -3.892361 -3.005563 -1.438405 0.887563 -1.633220 0.000000 -0.000000 -0.000001 
0.750466 100.433327 4.560388 1.463245 -2.346682 2.715086 -0.673928 -0.145175 2.519199 -0.641510 -0.573652 -3.968033 -1.444542 -1.996066 16.893082 -2.557320 3.690867 -2.480365 -0.569332 -0.253168 -3.572302 -1.151484 -0.130615 -5.735553 0.000077 -0.000022 0.000006 0.000818 0.020880 -0.056451 0.778041 -3.675504 -10.676297 -0.775743 3.725038 -10.681316 -10.362874 -7.959325 17.655813 -58.636768 -18.082838 18.756556 0.118085 -25.113722 -0.036145 7.652532 -2.038052 -10.076674 -5.882100 9.861279 0.702590 -10.936858 -0.360575 7.156199 0.000001 8.774815 0.000000 -16.053934 17.939161 6.107163 -1.844031 2.498503 -2.507275 -10.163589 4.678940 4.621103 -20.975992 -0.000003 0.000001 -21.226254 2.451694 -3.593992 0.000000 -0.000005 -0.000001 -1.362681 2.240797 -0.746323 -21.334892 0.584909 3.008319 -13.821194 -0.000002 0.000001 -23.887129 -0.249078 -0.839482 -60.355850 2.436001 -0.881683 -0.294025 1.679686 0.833254 -14.218192 0.093214 1.300579 -34.211998 -0.287563 0.967170 -20.033175 0.964535 1.212842 -0.000000 -0.000000 -0.000001 -3.440385 0.788232 0.501655 -15.928165 -3.167306 2.999702 -6.338817 -0.000001 0.000001 -18.123411 3.648178 -4.905660 -0.000004 -0.000000 -0.000001 16.771584 10.575253 20.060684 56.647514 24.239765 16.431187 -0.064587 24.399792 -0.086331 -0.000551 3.947721 -8.137319 2.243539 -5.255033 -3.180156 14.282877 -0.826594 6.952499 -0.000002 -12.690590 0.000002 16.570915 -18.245514 2.482619 1.665664 -1.955921 -2.878296 4.727794 -4.170583 4.993919 11.020511 0.000003 0.000000 12.109032 -3.735711 -2.866778 -0.000001 -0.000000 -0.000001 1.291984 -1.928548 -1.498089 14.800111 0.567468 3.865603 14.242553 -1.341735 -6.660649 19.631941 0.143925 -0.648242 50.702301 -0.324093 -6.187869 0.353029 -1.511149 -0.031940 20.222767 3.684306 2.316628 18.787245 0.000004 0.000002 10.751610 -0.479868 1.397904 0.000000 -0.000000 0.000001 3.273804 0.305947 -0.580110 21.486794 11.830364 2.266134 8.162916 0.000002 -0.000001 18.399054 -3.798979 -4.940566 0.000005 0.000001 0.000000 -3.058169 4.982363 -5.934794 -0.012454 -0.021716 5.531585 0.887653 4.343963 -2.859950 1.663510 -1.993520 -1.224442 0.000000 0.000000 0.000002 -1.217353 -0.598652 -12.862582 -0.125727 -0.231782 13.469864 -1.015818 -3.616277 -3.318682 -1.441321 0.885093 -1.480802 -0.000000 -0.000000 -0.000001 
0.991466 100.384079 4.096797 1.940253 -2.820043 3.433615 -0.947411 -0.165767 3.277885 -0.688755 -0.553353 -3.636013 -1.738275 -1.887827 17.523432 -3.047899 3.785619 -3.110494 -0.587366 -0.344660 -3.582618 -1.239400 -0.177042 -6.221801 0.000077 -0.000022 0.000006 0.002089 0.017034 -0.065117 0.774964 -3.679182 -10.674614 -0.777793 3.718358 -10.685303 -10.525634 -8.804189 17.781836 -57.667591 -19.176634 15.693405 -0.009760 -24.393160 0.025777 7.742098 -1.539400 -10.621237 -5.882101 9.861278 0.702591 -10.936858 -0.360574 7.156197 0.000000 8.774813 0.000001 -16.082666 17.939465 6.096996 -1.844030 2.498503 -2.507275 -10.163589 4.678940 4.621106 -20.975992 -0.000002 0.000002 -21.226254 2.451694 -3.593993 0.000000 -0.000005 -0.000001 -1.362681 2.240796 -0.746322 -21.334890 0.584910 3.008321 -13.821195 -0.000002 0.000001 -23.887129 -0.249076 -0.839481 -60.404873 2.444249 -0.893123 -0.294025 1.679687 0.833253 -14.218190 0.093215 1.300579 -34.212006 -0.287562 0.967171 -20.033176 0.964536 1.212843 -0.000000 -0.000000 -0.000001 -3.440385 0.788232 0.501655 -15.928164 -3.167305 2.999705 -6.338817 -0.000002 0.000002 -18.123411 3.648177 -4.905662 -0.000004 -0.000001 -0.000001 15.999210 11.475335 20.194275 56.995152 25.921049 16.393488 -0.076816 23.840252 -0.063519 -0.466417 4.138622 -8.977176 2.243540 -5.255033 -3.180156 14.282875 -0.826593 6.952496 -0.000003 -12.690590 0.000000 16.576252 -18.285360 2.488548 1.665664 -1.955919 -2.878296 4.727793 -4.170583 4.993919 11.020510 0.000003 -0.000001 12.109030 -3.735710 -2.866778 -0.000001 -0.000001 0.000000 1.291984 -1.928548 -1.498088 14.800113 0.567468 3.865602 14.242553 -1.341734 -6.660650 19.631935 0.143926 -0.648243 50.711876 -0.327591 -6.203786 0.353028 -1.511147 -0.031940 20.222769 3.684305 2.316627 18.787243 0.000005 0.000002 10.751611 -0.479866 1.397904 0.000000 0.000001 0.000002 3.273804 0.305947 -0.580111 21.486790 11.830361 2.266131 8.162914 0.000001 0.000000 18.399052 -3.798977 -4.940564 0.000005 0.000000 -0.000002 -3.812911 4.722790 -7.098376 -0.016265 -0.007468 5.646575 1.267078 4.789584 -2.558306 1.669635 -1.993458 -1.088100 -0.000000 -0.000000 0.000002 -1.871595 -0.504117 -14.708842 -0.123358 -0.208747 14.770874 -0.842253 -3.255310 -3.530042 -1.442758 0.890257 -1.360751 -0.000000 -0.000000 -0.000001 
1.290324 100.359940 3.598176 2.361356 -3.341465 4.291063 -1.171332 -0.190019 4.037996 -0.734368 -0.454223 -3.279894 -2.024416 -1.795160 18.174738 -3.584116 3.887443 -3.910582 -0.649964 -0.452046 -3.595255 -1.260543 -0.249272 -6.714712 0.000077 -0.000023 0.000006 -0.002257 0.010568 -0.080080 0.775674 -3.684619 -10.679914 -0.777558 3.710153 -10.693526 -10.712749 -9.642655 17.812351 -56.594471 -20.434235 12.366953 -0.054853 -24.054876 0.043653 8.007808 -1.223827 -11.272406 -5.882101 9.861278 0.702589 -10.936858 -0.360575 7.156196 0.000001 8.774814 -0.000001 -16.034946 17.961573 6.137094 -1.844031 2.498502 -2.507277 -10.163589 4.678940 4.621105 -20.975998 -0.000005 0.000001 -21.226255 2.451693 -3.593994 0.000000 -0.000005 -0.000000 -1.362680 2.240796 -0.746323 -21.334887 0.584908 3.008319 -13.821197 -0.000004 -0.000001 -23.887131 -0.249080 -0.839482 -60.430218 2.472924 -0.914967 -0.294025 1.679686 0.833255 -14.218192 0.093214 1.300578 -34.212006 -0.287565 0.967169 -20.033178 0.964533 1.212842 -0.000001 0.000001 0.000001 -3.440386 0.788233 0.501654 -15.928167 -3.167306 2.999700 -6.338817 -0.000001 0.000000 -18.123415 3.648175 -4.905663 -0.000004 -0.000001 -0.000003 15.127618 12.545643 20.266541 57.233990 27.821064 16.514202 -0.096919 23.288399 -0.040755 -0.986506 4.229708 -9.703212 2.243541 -5.255032 -3.180155 14.282878 -0.826594 6.952495 -0.000001 -12.690590 0.000000 16.603235 -18.282656 2.457242 1.665665 -1.955919 -2.878297 4.727795 -4.170583 4.993918 11.020513 0.000003 -0.000001 12.109035 -3.735708 -2.866779 -0.000001 -0.000000 0.000000 1.291984 -1.928548 -1.498087 14.800111 0.567467 3.865602 14.242554 -1.341735 -6.660648 19.631941 0.143925 -0.648243 50.645927 -0.296740 -6.229527 0.353029 -1.511150 -0.031941 20.222771 3.684305 2.316626 18.787245 0.000005 -0.000002 10.751612 -0.479868 1.397905 0.000000 -0.000001 -0.000000 3.273804 0.305947 -0.580110 21.486790 11.830361 2.266129 8.162916 0.000002 -0.000001 18.399054 -3.798977 -4.940568 0.000005 0.000000 -0.000001 -4.564692 4.481159 -8.294589 -0.013686 0.009752 5.464695 1.722933 5.182208 -2.074802 1.673852 -1.991526 -0.967387 -0.000000 0.000000 0.000002 -2.496305 -0.494130 -16.552095 -0.112392 -0.195617 15.671819 -0.636731 -2.820605 -3.491978 -1.447510 0.887557 -1.307968 -0.000000 -0.000000 -0.000001 
1.573032 100.337814 3.104336 2.735782 -3.936958 5.324959 -1.364147 -0.184844 4.822719 -0.780404 -0.315961 -2.902703 -2.294294 -1.682292 18.823381 -4.210420 3.992903 -4.826326 -0.718822 -0.575076 -3.586112 -1.233633 -0.423154 -7.219118 0.000077 -0.000023 0.000006 -0.002996 0.012944 -0.085236 0.778485 -3.684959 -10.677890 -0.785372 3.714483 -10.693113 -10.937293 -10.535043 17.744665 -55.369877 -21.800524 8.702673 -0.001025 -24.106716 0.021166 8.349344 -1.033955 -12.041405 -5.882101 9.861279 0.702591 -10.936858 -0.360575 7.156198 0.000001 8.774815 -0.000003 -15.986725 18.023302 6.155333 -1.844031 2.498503 -2.507276 -10.163589 4.678940 4.621104 -20.975996 -0.000005 0.000002 -21.226255 2.451690 -3.593995 -0.000001 -0.000004 0.000000 -1.362680 2.240797 -0.746322 -21.334894 0.584907 3.008320 -13.821197 -0.000004 0.000002 -23.887131 -0.249080 -0.839480 -60.450756 2.505886 -0.970049 -0.294024 1.679687 0.833254 -14.218194 0.093213 1.300581 -34.211998 -0.287565 0.967168 -20.033180 0.964534 1.212842 0.000000 0.000002 0.000001 -3.440386 0.788233 0.501656 -15.928169 -3.167307 2.999704 -6.338817 -0.000002 0.000000 -18.123415 3.648175 -4.905663 -0.000005 -0.000000 -0.000003 14.122867 13.813258 20.272135 57.226635 29.964527 16.679144 -0.070037 22.790998 -0.021474 -1.642860 4.233250 -10.414111 2.243540 -5.255032 -3.180154 14.282877 -0.826594 6.952497 -0.000001 -12.690591 -0.000002 16.624573 -18.223944 2.429094 1.665664 -1.955920 -2.878297 4.727793 -4.170584 4.993918 11.020511 0.000002 0.000000 12.109034 -3.735709 -2.866778 0.000000 0.000000 -0.000001 1.291984 -1.928548 -1.498087 14.800111 0.567467 3.865601 14.242553 -1.341734 -6.660649 19.631937 0.143926 -0.648244 50.536671 -0.272656 -6.217435 0.353028 -1.511149 -0.031941 20.222767 3.684306 2.316627 18.787245 0.000004 -0.000000 10.751610 -0.479869 1.397903 0.000001 -0.000000 0.000001 3.273804 0.305947 -0.580110 21.486790 11.830361 2.266129 8.162916 0.000002 -0.000001 18.399052 -3.798978 -4.940567 0.000004 0.000001 -0.000002 -5.245437 4.225925 -9.745733 -0.014403 0.037837 5.391575 2.147012 5.522107 -1.623727 1.676935 -1.997685 -0.856337 -0.000000 0.000000 0.000002 -3.043342 -0.564397 -18.638090 -0.097035 -0.183649 16.634954 -0.424858 -2.313972 -3.335369 -1.450630 0.875716 -1.303438 -0.000000 -0.000000 -0.000001 
1.843086 100.299896 2.561435 3.088197 -4.490803 6.494611 -1.543620 -0.182280 5.607869 -0.833151 -0.157774 -2.522038 -2.539300 -1.547977 19.465601 -4.861774 4.045389 -5.838358 -0.809381 -0.708271 -3.585666 -1.090022 -0.705582 -7.678577 0.000077 -0.000022 0.000006 -0.009940 0.027599 -0.073644 0.776877 -3.675650 -10.667069 -0.790543 3.733908 -10.684443 -11.166206 -11.502391 17.533331 -53.936466 -23.311579 5.003611 0.017465 -24.470596 0.004341 8.665724 -0.871905 -12.817463 -5.882101 9.861278 0.702590 -10.936858 -0.360575 7.156196 0.000001 8.774814 -0.000003 -15.907108 18.097511 6.210174 -1.844031 2.498503 -2.507276 -10.163589 4.678940 4.621105 -20.975992 -0.000002 0.000003 -21.226254 2.451691 -3.593995 -0.000000 -0.000006 -0.000001 -1.362680 2.240796 -0.746324 -21.334887 0.584909 3.008320 -13.821195 -0.000002 0.000001 -23.887125 -0.249078 -0.839481 -60.462410 2.536541 -0.970552 -0.294025 1.679686 0.833255 -14.218192 0.093214 1.300578 -34.211998 -0.287563 0.967170 -20.033176 0.964536 1.212842 0.000003 0.000002 -0.000002 -3.440385 0.788232 0.501653 -15.928167 -3.167305 2.999705 -6.338817 -0.000001 0.000001 -18.123415 3.648177 -4.905664 -0.000003 -0.000001 -0.000003 13.096389 15.165117 20.150496 56.892635 32.271358 16.672796 -0.002322 22.458746 -0.017787 -2.498615 4.228729 -11.199972 2.243540 -5.255034 -3.180155 14.282877 -0.826594 6.952497 -0.000002 -12.690591 -0.000001 16.637630 -18.200401 2.410965 1.665665 -1.955919 -2.878296 4.727793 -4.170583 4.993917 11.020511 0.000003 -0.000001 12.109031 -3.735711 -2.866778 -0.000002 0.000000 0.000000 1.291984 -1.928548 -1.498088 14.800113 0.567468 3.865604 14.242553 -1.341734 -6.660647 19.631937 0.143925 -0.648242 50.437653 -0.252373 -6.250947 0.353029 -1.511150 -0.031940 20.222767 3.684307 2.316629 18.787245 0.000005 -0.000001 10.751610 -0.479869 1.397904 0.000000 0.000000 0.000001 3.273804 0.305947 -0.580110 21.486792 11.830366 2.266130 8.162916 0.000002 -0.000002 18.399050 -3.798979 -4.940568 0.000005 0.000002 -0.000001 -5.855080 3.881011 -11.532980 -0.012046 0.079276 5.631811 2.468200 5.768435 -1.285122 1.678457 -2.011001 -0.738785 0.000000 0.000000 0.000002 -3.526718 -0.782818 -20.943291 -0.083454 -0.175432 17.665768 -0.171864 -1.712062 -3.108346 -1.451391 0.876110 -1.309083 -0.000000 -0.000000 -0.000001 
2.054009 100.260948 2.051523 3.419791 -4.936405 7.824423 -1.704904 -0.171469 6.364316 -0.888745 -0.018754 -2.161300 -2.749557 -1.372908 20.112625 -5.502519 4.021833 -6.888040 -0.919906 -0.875609 -3.591312 -0.825362 -1.109203 -8.047729 0.000077 -0.000023 0.000006 -0.019001 0.053018 -0.074924 0.766120 -3.654715 -10.659000 -0.799108 3.763097 -10.678257 -11.318973 -12.568553 17.143709 -52.242073 -25.040482 1.398317 -0.033271 -25.043018 0.039083 8.809009 -0.658833 -13.211829 -5.882101 9.861278 0.702590 -10.936859 -0.360576 7.156199 0.000001 8.774815 -0.000002 -15.843347 18.135342 6.239979 -1.844031 2.498503 -2.507276 -10.163590 4.678939 4.621104 -20.975994 -0.000004 0.000004 -21.226254 2.451691 -3.593993 -0.000000 -0.000008 0.000000 -1.362681 2.240797 -0.746324 -21.334894 0.584907 3.008321 -13.821197 -0.000004 0.000002 -23.887133 -0.249079 -0.839478 -60.458309 2.536180 -0.953327 -0.294024 1.679686 0.833255 -14.218195 0.093213 1.300579 -34.212013 -0.287566 0.967173 -20.033182 0.964534 1.212843 0.000003 0.000001 -0.000001 -3.440386 0.788232 0.501653 -15.928169 -3.167307 2.999705 -6.338818 -0.000002 0.000000 -18.123415 3.648175 -4.905660 -0.000004 -0.000001 -0.000002 12.038368 16.556782 19.850851 56.147724 34.678509 16.222801 0.158920 22.303698 0.031918 -3.582300 4.137563 -12.080060 2.243540 -5.255033 -3.180154 14.282879 -0.826593 6.952499 -0.000003 -12.690588 -0.000001 16.639380 -18.198994 2.371210 1.665665 -1.955920 -2.878298 4.727794 -4.170583 4.993918 11.020513 0.000003 0.000000 12.109032 -3.735710 -2.866777 -0.000001 0.000000 0.000001 1.291984 -1.928548 -1.498089 14.800114 0.567468 3.865604 14.242553 -1.341734 -6.660647 19.631939 0.143926 -0.648243 50.356125 -0.284429 -6.296080 0.353029 -1.511150 -0.031939 20.222773 3.684305 2.316630 18.787249 0.000004 0.000002 10.751614 -0.479869 1.397904 0.000001 0.000000 -0.000001 3.273804 0.305948 -0.580110 21.486792 11.830364 2.266133 8.162916 0.000001 -0.000001 18.399054 -3.798978 -4.940567 0.000005 0.000001 0.000000 -6.390612 3.439049 -13.480198 -0.005813 0.125593 5.877419 2.688199 5.903352 -0.947765 1.678933 -2.012283 -0.639768 0.000000 -0.000000 0.000002 -3.907435 -1.173374 -23.232481 -0.065689 -0.161087 18.383503 0.106202 -1.096757 -2.863237 -1.452073 0.885793 -1.293057 -0.000000 -0.000000 -0.000001 
2.221262 100.229172 1.578460 3.716907 -5.151140 9.294553 -1.814309 -0.156741 7.055385 -0.944183 0.114220 -1.808827 -2.919208 -1.225636 20.703838 -6.064388 3.942979 -7.904840 -1.027883 -1.133611 -3.604311 -0.453823 -1.620977 -8.365297 0.000077 -0.000022 0.000005 -0.029137 0.081352 -0.067236 0.757068 -3.627757 -10.635985 -0.809980 3.792435 -10.658514 -11.272349 -13.699447 16.700989 -50.343925 -27.116451 -2.007150 -0.135465 -25.780842 0.077411 8.747524 -0.469126 -13.114534 -5.882102 9.861279 0.702590 -10.936858 -0.360574 7.156196 0.000000 8.774815 -0.000002 -15.802094 18.159994 6.296786 -1.844032 2.498502 -2.507276 -10.163589 4.678940 4.621102 -20.975998 -0.000003 0.000002 -21.226255 2.451694 -3.593995 -0.000000 -0.000005 0.000000 -1.362681 2.240796 -0.746322 -21.334892 0.584909 3.008319 -13.821197 -0.000002 0.000001 -23.887129 -0.249078 -0.839484 -60.461105 2.539234 -0.929995 -0.294026 1.679686 0.833255 -14.218192 0.093215 1.300578 -34.212002 -0.287564 0.967166 -20.033178 0.964535 1.212840 0.000000 0.000001 -0.000001 -3.440385 0.788233 0.501654 -15.928165 -3.167305 2.999702 -6.338817 -0.000001 0.000002 -18.123415 3.648177 -4.905663 -0.000004 -0.000000 -0.000003 10.934285 17.943594 19.394836 54.966614 37.084846 15.230477 0.316651 22.367870 0.064643 -4.796096 3.862493 -12.843518 2.243540 -5.255033 -3.180156 14.282875 -0.826594 6.952494 -0.000001 -12.690590 0.000000 16.623596 -18.210995 2.346002 1.665665 -1.955921 -2.878299 4.727793 -4.170584 4.993918 11.020510 0.000002 -0.000001 12.109032 -3.735709 -2.866780 -0.000001 -0.000001 -0.000001 1.291984 -1.928548 -1.498088 14.800111 0.567467 3.865603 14.242553 -1.341736 -6.660650 19.631939 0.143926 -0.648245 50.353683 -0.319862 -6.333474 0.353029 -1.511149 -0.031939 20.222767 3.684305 2.316627 18.787245 0.000005 -0.000001 10.751610 -0.479867 1.397901 0.000000 0.000001 0.000000 3.273804 0.305946 -0.580112 21.486790 11.830361 2.266127 8.162916 0.000001 -0.000002 18.399050 -3.798979 -4.940568 0.000004 0.000001 -0.000002 -6.857522 2.970011 -15.478683 0.000262 0.134331 5.970580 2.829442 5.864631 -0.538727 1.677310 -2.006745 -0.578685 0.000000 -0.000000 0.000002 -4.194167 -1.662730 -25.446384 -0.046383 -0.150399 18.776501 0.366924 -0.628360 -2.596473 -1.453505 0.901651 -1.273575 -0.000000 -0.000000 -0.000001 
2.292285 100.202652 1.143613 3.946043 -5.063009 10.902954 -1.855832 -0.119350 7.676917 -0.970072 0.184751 -1.475651 -3.035140 -1.112407 21.183815 -6.491278 3.815686 -8.896280 -1.120310 -1.467106 -3.608130 -0.036860 -2.178518 -8.636923 0.000077 -0.000023 0.000005 -0.043197 0.094885 -0.068798 0.743851 -3.608640 -10.634989 -0.820851 3.805486 -10.658621 -10.873291 -14.851009 16.149052 -48.273731 -29.460562 -5.065415 -0.262236 -26.739767 0.136645 8.450720 -0.231953 -12.598612 -5.882101 9.861278 0.702590 -10.936861 -0.360574 7.156196 0.000001 8.774814 -0.000002 -15.758139 18.179688 6.298607 -1.844032 2.498503 -2.507275 -10.163591 4.678940 4.621104 -20.976000 -0.000004 0.000003 -21.226257 2.451692 -3.593992 0.000001 -0.000006 -0.000000 -1.362680 2.240797 -0.746323 -21.334892 0.584909 3.008320 -13.821199 -0.000003 0.000003 -23.887135 -0.249079 -0.839480 -60.476192 2.558303 -0.937493 -0.294025 1.679685 0.833254 -14.218195 0.093214 1.300580 -34.212013 -0.287564 0.967169 -20.033186 0.964534 1.212841 0.000002 0.000001 0.000000 -3.440387 0.788233 0.501655 -15.928171 -3.167307 2.999703 -6.338818 -0.000001 0.000001 -18.123415 3.648177 -4.905660 -0.000005 -0.000001 -0.000003 9.658039 19.244911 18.758970 53.410389 39.251755 13.507097 0.417928 22.971956 0.083052 -6.076813 3.386025 -13.494157 2.243540 -5.255033 -3.180154 14.282878 -0.826592 6.952495 -0.000003 -12.690591 -0.000000 16.605127 -18.227606 2.330916 1.665665 -1.955919 -2.878295 4.727793 -4.170583 4.993917 11.020513 0.000003 -0.000002 12.109032 -3.735709 -2.866778 -0.000001 -0.000000 -0.000001 1.291985 -1.928548 -1.498087 14.800114 0.567469 3.865603 14.242554 -1.341733 -6.660650 19.631941 0.143928 -0.648244 50.347752 -0.354893 -6.374037 0.353029 -1.511150 -0.031939 20.222771 3.684309 2.316627 18.787247 0.000008 -0.000003 10.751613 -0.479866 1.397905 0.000000 0.000000 0.000000 3.273804 0.305948 -0.580111 21.486792 11.830368 2.266130 8.162916 0.000001 0.000000 18.399050 -3.798978 -4.940568 0.000006 0.000001 -0.000001 -7.182874 2.491830 -17.601189 0.006627 0.138449 6.078090 2.881033 5.612670 -0.129449 1.673429 -1.999970 -0.561149 0.000000 -0.000000 0.000002 -4.327848 -2.184030 -27.649557 -0.038091 -0.158595 19.032146 0.535976 -0.354496 -2.308310 -1.455418 0.917015 -1.245769 0.000000 0.000000 -0.000001 
2.284045 100.169495 0.745706 4.126799 -4.644638 12.678205 -1.827431 -0.142139 8.265944 -0.992759 0.268401 -1.113920 -3.086514 -1.095025 21.538610 -6.801395 3.664999 -9.955381 -1.166583 -1.870801 -3.633278 0.412281 -2.765374 -8.880976 0.000077 -0.000023 0.000005 -0.049279 0.100442 -0.076116 0.740299 -3.608810 -10.650276 -0.836125 3.810201 -10.673535 -10.145026 -15.985010 15.544719 -45.712727 -32.217960 -7.856774 -0.412844 -27.905558 0.236906 7.754329 0.212478 -11.568252 -5.882100 9.861277 0.702591 -10.936858 -0.360575 7.156196 0.000001 8.774812 -0.000001 -15.766628 18.225655 6.322407 -1.844031 2.498502 -2.507276 -10.163589 4.678939 4.621104 -20.975996 -0.000005 0.000003 -21.226254 2.451693 -3.593993 0.000000 -0.000006 -0.000001 -1.362681 2.240796 -0.746323 -21.334888 0.584908 3.008320 -13.821195 -0.000004 0.000002 -23.887129 -0.249080 -0.839481 -60.544052 2.582069 -0.983200 -0.294026 1.679687 0.833255 -14.218192 0.093214 1.300579 -34.211998 -0.287564 0.967169 -20.033176 0.964535 1.212841 0.000001 0.000001 0.000001 -3.440384 0.788233 0.501653 -15.928167 -3.167307 2.999703 -6.338816 -0.000000 0.000003 -18.123411 3.648177 -4.905660 -0.000005 -0.000000 -0.000002 8.164454 20.423737 17.881727 51.399029 41.190670 10.749397 0.393871 24.353630 0.048606 -7.476062 2.803808 -14.055639 2.243540 -5.255032 -3.180152 14.282877 -0.826592 6.952495 -0.000003 -12.690588 -0.000001 16.572784 -18.238834 2.301414 1.665665 -1.955920 -2.878296 4.727794 -4.170583 4.993917 11.020513 0.000003 -0.000001 12.109033 -3.735709 -2.866778 0.000000 -0.000000 -0.000001 1.291985 -1.928548 -1.498087 14.800113 0.567468 3.865602 14.242553 -1.341734 -6.660647 19.631941 0.143928 -0.648243 50.358425 -0.347998 -6.424152 0.353028 -1.511148 -0.031941 20.222771 3.684309 2.316625 18.787245 0.000007 0.000000 10.751610 -0.479867 1.397902 -0.000001 0.000000 -0.000000 3.273804 0.305947 -0.580110 21.486792 11.830364 2.266133 8.162916 0.000003 -0.000001 18.399048 -3.798977 -4.940569 0.000004 0.000001 -0.000002 -7.396580 2.001908 -19.931320 0.019376 0.154258 6.299881 2.854995 5.137101 0.239326 1.669200 -1.996509 -0.578909 -0.000000 0.000000 0.000002 -4.322670 -2.788095 -29.892174 -0.029977 -0.143294 19.196789 0.602069 -0.311216 -2.065852 -1.456592 0.911759 -1.250325 0.000000 0.000000 -0.000001 
2.171957 100.096092 0.340177 4.288391 -3.910151 14.622770 -1.751176 -0.186149 8.850778 -1.000268 0.290592 -0.713933 -3.083314 -1.126919 21.781387 -6.966547 3.507273 -11.233638 -1.199512 -2.282300 -3.620660 0.900596 -3.378254 -9.090534 0.000077 -0.000023 0.000005 -0.050941 0.090768 -0.082125 0.751912 -3.617023 -10.673329 -0.844585 3.804387 -10.685215 -9.130687 -17.154762 14.791686 -42.246769 -35.319416 -10.561885 -0.569845 -29.151033 0.372463 6.478251 0.857777 -9.962172 -5.882101 9.861279 0.702590 -10.936858 -0.360575 7.156199 0.000001 8.774813 -0.000001 -15.790449 18.233500 6.292931 -1.844031 2.498501 -2.507276 -10.163589 4.678940 4.621104 -20.975992 -0.000004 0.000003 -21.226250 2.451693 -3.593992 0.000001 -0.000005 0.000001 -1.362679 2.240796 -0.746323 -21.334892 0.584907 3.008321 -13.821194 -0.000003 0.000004 -23.887125 -0.249079 -0.839479 -60.656147 2.587269 -1.016873 -0.294025 1.679687 0.833256 -14.218192 0.093215 1.300583 -34.212006 -0.287564 0.967169 -20.033176 0.964536 1.212842 0.000000 0.000001 0.000001 -3.440386 0.788233 0.501657 -15.928165 -3.167307 2.999706 -6.338816 -0.000002 0.000001 -18.123413 3.648175 -4.905662 -0.000004 -0.000000 -0.000003 6.462491 21.503334 16.786293 48.566090 42.885719 6.595006 0.267639 26.525145 -0.018629 -9.322638 2.275168 -14.685476 2.243539 -5.255033 -3.180155 14.282877 -0.826592 6.952496 -0.000003 -12.690592 0.000000 16.622570 -18.303865 2.231309 1.665665 -1.955920 -2.878296 4.727794 -4.170582 4.993918 11.020511 0.000004 -0.000000 12.109031 -3.735709 -2.866778 -0.000001 0.000000 0.000000 1.291985 -1.928547 -1.498087 14.800113 0.567469 3.865604 14.242551 -1.341735 -6.660648 19.631939 0.143926 -0.648241 50.411030 -0.338104 -6.493254 0.353028 -1.511149 -0.031940 20.222771 3.684308 2.316630 18.787247 0.000006 0.000001 10.751610 -0.479867 1.397905 0.000001 0.000001 -0.000002 3.273804 0.305947 -0.580111 21.486790 11.830361 2.266131 8.162916 0.000003 0.000001 18.399054 -3.798979 -4.940565 0.000003 -0.000000 -0.000001 -7.480215 1.452322 -22.751022 0.027973 0.175491 7.125987 2.723569 4.535943 0.395260 1.661931 -2.019833 -0.601394 -0.000000 0.000000 0.000002 -4.192744 -3.434369 -32.300243 -0.039808 -0.145401 19.447332 0.576882 -0.431501 -1.963800 -1.458450 0.901444 -1.182465 0.000000 0.000000 -0.000001 
2.041298 99.982033 -0.081911 4.462230 -3.082194 16.684244 -1.656540 -0.253211 9.414116 -1.003527 0.272460 -0.317783 -3.061522 -1.147633 21.958225 -7.011567 3.330420 -12.762117 -1.219775 -2.634519 -3.629667 1.356253 -3.962125 -9.092258 0.000077 -0.000023 0.000004 -0.047457 0.075635 -0.074432 0.762264 -3.628696 -10.694028 -0.848927 3.787621 -10.688719 -8.021235 -18.384153 13.918923 -37.539425 -38.572170 -13.591090 -0.689110 -30.322651 0.528883 4.719086 1.468662 -8.387763 -5.882101 9.861278 0.702588 -10.936858 -0.360575 7.156196 0.000001 8.774812 -0.000003 -15.790959 18.250669 6.304686 -1.844031 2.498503 -2.507276 -10.163589 4.678940 4.621104 -20.975998 -0.000006 0.000000 -21.226255 2.451690 -3.593992 0.000001 -0.000006 -0.000002 -1.362680 2.240796 -0.746324 -21.334887 0.584908 3.008318 -13.821195 -0.000004 0.000001 -23.887131 -0.249080 -0.839482 -60.727482 2.567334 -1.041335 -0.294024 1.679685 0.833254 -14.218195 0.093215 1.300578 -34.212002 -0.287567 0.967165 -20.033180 0.964532 1.212840 -0.000000 -0.000002 -0.000001 -3.440386 0.788232 0.501654 -15.928169 -3.167308 2.999701 -6.338818 -0.000002 0.000000 -18.123415 3.648175 -4.905661 -0.000004 0.000000 -0.000002 4.670499 22.523697 15.473639 44.467213 44.256207 0.760978 0.092282 29.058645 -0.078182 -11.602718 1.825370 -15.464652 2.243539 -5.255031 -3.180156 14.282875 -0.826594 6.952496 -0.000003 -12.690591 0.000001 16.637735 -18.451969 2.213974 1.665664 -1.955920 -2.878296 4.727794 -4.170584 4.993917 11.020513 0.000004 -0.000001 12.109033 -3.735708 -2.866779 0.000000 0.000000 -0.000002 1.291984 -1.928547 -1.498086 14.800113 0.567469 3.865606 14.242554 -1.341735 -6.660647 19.631939 0.143927 -0.648243 50.558018 -0.385076 -6.597923 0.353028 -1.511148 -0.031941 20.222767 3.684308 2.316628 18.787245 0.000005 -0.000002 10.751608 -0.479867 1.397906 0.000003 0.000002 -0.000001 3.273804 0.305947 -0.580110 21.486788 11.830363 2.266132 8.162916 0.000001 0.000000 18.399052 -3.798978 -4.940566 0.000003 -0.000000 -0.000000 -7.557367 0.917213 -25.857531 0.040401 0.193575 8.242936 2.577389 3.894049 0.474230 1.652682 -2.043178 -0.581653 0.000000 -0.000000 0.000002 -4.038486 -4.033696 -35.005669 -0.068315 -0.156815 20.046917 0.532295 -0.636631 -1.911751 -1.455475 0.905022 -1.067997 -0.000000 -0.000000 -0.000001 
1.817953 99.822792 -0.532075 4.659759 -2.285968 18.873678 -1.551342 -0.350227 9.942249 -1.004710 0.267340 0.095652 -3.053637 -1.130030 22.101913 -7.072783 3.117364 -14.602715 -1.258166 -2.925336 -3.630986 1.830434 -4.525990 -8.916827 0.000077 -0.000022 0.000004 -0.047306 0.069187 -0.073848 0.766243 -3.622620 -10.698417 -0.849875 3.772196 -10.664233 -6.831185 -19.701569 12.925363 -31.327915 -41.867985 -17.794476 -0.786365 -31.227982 0.655172 2.911527 1.853162 -7.115250 -5.882100 9.861279 0.702590 -10.936858 -0.360574 7.156196 -0.000000 8.774813 -0.000000 -15.752542 18.269115 6.370801 -1.844030 2.498502 -2.507276 -10.163589 4.678940 4.621106 -20.975994 -0.000002 0.000002 -21.226254 2.451694 -3.593995 0.000002 -0.000006 -0.000001 -1.362680 2.240797 -0.746324 -21.334887 0.584908 3.008321 -13.821195 -0.000002 0.000001 -23.887129 -0.249078 -0.839483 -60.741383 2.549194 -1.045652 -0.294024 1.679686 0.833255 -14.218190 0.093216 1.300577 -34.211998 -0.287561 0.967171 -20.033176 0.964536 1.212842 -0.000000 0.000001 -0.000001 -3.440386 0.788233 0.501656 -15.928165 -3.167305 2.999704 -6.338815 -0.000001 0.000001 -18.123413 3.648178 -4.905662 -0.000004 0.000002 -0.000003 2.695758 23.561590 14.013749 38.617970 45.448437 -6.906317 -0.052847 31.136543 -0.095944 -13.772472 1.356679 -16.254606 2.243540 -5.255033 -3.180155 14.282875 -0.826593 6.952493 -0.000001 -12.690591 -0.000001 16.563515 -18.613787 2.297698 1.665665 -1.955919 -2.878298 4.727793 -4.170583 4.993917 11.020512 0.000002 -0.000001 12.109031 -3.735711 -2.866780 -0.000001 -0.000000 0.000000 1.291984 -1.928548 -1.498088 14.800114 0.567468 3.865605 14.242554 -1.341735 -6.660648 19.631939 0.143925 -0.648244 50.670067 -0.450368 -6.689600 0.353029 -1.511149 -0.031941 20.222767 3.684303 2.316628 18.787245 0.000004 -0.000001 10.751611 -0.479867 1.397905 0.000001 0.000001 -0.000002 3.273804 0.305947 -0.580109 21.486788 11.830360 2.266129 8.162917 0.000000 0.000000 18.399054 -3.798980 -4.940568 0.000004 0.000000 -0.000001 -7.618374 0.439980 -29.208660 0.060368 0.201958 9.536905 2.439818 3.255846 0.561315 1.645373 -2.048818 -0.524335 0.000000 0.000000 0.000002 -3.779880 -4.661404 -37.999371 -0.103856 -0.195312 20.879362 0.418647 -0.746310 -1.900188 -1.449124 0.903556 -0.919472 0.000000 -0.000000 -0.000001 
1.652461 99.651184 -1.027049 4.907465 -1.698813 21.175266 -1.459709 -0.407195 10.459960 -0.991121 0.264199 0.566740 -3.093118 -1.064510 22.185070 -7.244488 2.890012 -16.769192 -1.395344 -3.151167 -3.618080 2.313920 -5.094728 -8.433017 0.000077 -0.000023 0.000006 -0.051211 0.073706 -0.067662 0.759893 -3.609099 -10.693140 -0.853034 3.767370 -10.645882 -5.594594 -21.049467 11.892079 -23.472296 -44.788136 -23.789967 -0.823557 -31.762293 0.769750 1.243480 2.041585 -6.184268 -5.882101 9.861277 0.702592 -10.936859 -0.360575 7.156197 0.000000 8.774813 -0.000003 -15.746055 18.293182 6.424790 -1.844031 2.498503 -2.507276 -10.163589 4.678939 4.621102 -20.975992 -0.000003 0.000001 -21.226250 2.451694 -3.593995 0.000001 -0.000005 -0.000001 -1.362680 2.240795 -0.746322 -21.334887 0.584909 3.008318 -13.821197 -0.000003 0.000000 -23.887129 -0.249079 -0.839483 -60.747276 2.495221 -1.092819 -0.294024 1.679686 0.833258 -14.218192 0.093215 1.300580 -34.212002 -0.287564 0.967165 -20.033180 0.964536 1.212839 0.000000 0.000000 0.000000 -3.440385 0.788232 0.501656 -15.928167 -3.167306 2.999701 -6.338815 -0.000000 0.000000 -18.123415 3.648177 -4.905661 -0.000003 0.000001 -0.000003 0.401291 24.714632 12.377503 30.756634 46.082600 -16.032827 -0.132703 32.029079 -0.022661 -15.397302 0.595905 -17.026291 2.243540 -5.255033 -3.180153 14.282877 -0.826595 6.952496 -0.000002 -12.690590 0.000000 16.453278 -18.693941 2.401859 1.665665 -1.955919 -2.878296 4.727794 -4.170582 4.993920 11.020511 0.000002 -0.000002 12.109030 -3.735710 -2.866779 0.000000 -0.000000 -0.000001 1.291984 -1.928549 -1.498088 14.800113 0.567467 3.865604 14.242553 -1.341734 -6.660648 19.631939 0.143923 -0.648243 50.674622 -0.554958 -6.766883 0.353028 -1.511149 -0.031941 20.222769 3.684303 2.316630 18.787245 0.000003 0.000001 10.751609 -0.479869 1.397903 0.000001 0.000002 -0.000001 3.273804 0.305947 -0.580109 21.486790 11.830361 2.266134 8.162916 0.000001 0.000000 18.399054 -3.798980 -4.940566 0.000003 0.000000 -0.000001 -7.781100 -0.028691 -32.455479 0.082588 0.218531 10.330228 2.455425 2.756974 0.771310 1.642411 -2.037459 -0.468975 0.000000 0.000000 0.000002 -3.560859 -5.253040 -41.152653 -0.131892 -0.229445 21.621824 0.336292 -0.698951 -1.768762 -1.445375 0.892952 -0.760465 0.000000 0.000000 -0.000001 
1.470021 99.443726 -1.556711 5.226063 -1.347064 23.611814 -1.347639 -0.457736 10.998234 -0.989806 0.313638 1.015690 -3.223663 -0.947036 22.239891 -7.559698 2.652993 -19.254007 -1.587818 -3.418879 -3.604210 2.753613 -5.699998 -7.614279 0.000077 -0.000023 0.000005 -0.056460 0.079895 -0.086715 0.755405 -3.586745 -10.687177 -0.859944 3.759795 -10.634838 -4.245992 -22.417212 10.787736 -13.739360 -46.969944 -31.618147 -0.748386 -31.570324 0.766841 -0.307966 2.228104 -5.554214 -5.882101 9.861279 0.702590 -10.936859 -0.360574 7.156199 -0.000000 8.774816 -0.000001 -15.698172 18.348269 6.530900 -1.844030 2.498502 -2.507275 -10.163589 4.678940 4.621105 -20.975992 0.000001 0.000003 -21.226255 2.451696 -3.593994 0.000001 -0.000005 -0.000000 -1.362681 2.240799 -0.746323 -21.334892 0.584910 3.008319 -13.821197 -0.000000 0.000002 -23.887133 -0.249074 -0.839485 -60.727955 2.514294 -1.164840 -0.294023 1.679685 0.833255 -14.218194 0.093217 1.300581 -34.212002 -0.287559 0.967168 -20.033178 0.964538 1.212840 -0.000000 -0.000001 0.000001 -3.440385 0.788230 0.501654 -15.928167 -3.167305 2.999704 -6.338816 -0.000001 0.000000 -18.123415 3.648178 -4.905663 -0.000003 0.000002 -0.000002 -2.293950 26.010513 10.452822 21.118349 45.571808 -25.752090 -0.097006 31.202902 0.100918 -16.086475 -0.617823 -17.971966 2.243541 -5.255033 -3.180157 14.282875 -0.826596 6.952497 -0.000002 -12.690590 0.000001 16.355846 -18.681200 2.516830 1.665665 -1.955921 -2.878298 4.727795 -4.170585 4.993918 11.020513 0.000002 -0.000002 12.109031 -3.735711 -2.866781 -0.000000 0.000000 0.000000 1.291985 -1.928548 -1.498088 14.800113 0.567468 3.865605 14.242551 -1.341735 -6.660650 19.631939 0.143924 -0.648243 50.612095 -0.708381 -6.776646 0.353029 -1.511149 -0.031941 20.222767 3.684303 2.316628 18.787245 0.000003 0.000000 10.751610 -0.479870 1.397904 0.000001 0.000002 -0.000002 3.273804 0.305947 -0.580109 21.486788 11.830363 2.266131 8.162916 -0.000001 -0.000001 18.399054 -3.798979 -4.940567 0.000004 -0.000001 -0.000001 -8.028014 -0.437932 -35.795952 0.095788 0.243050 10.981279 2.525931 2.390516 1.103997 1.642741 -2.030213 -0.421372 -0.000000 0.000000 0.000002 -3.368667 -5.775459 -44.559357 -0.154649 -0.272562 22.418139 0.208442 -0.524995 -1.595304 -1.439895 0.887910 -0.608321 -0.000000 0.000000 -0.000001 
1.345259 99.210587 -2.133672 5.633404 -1.321327 26.229670 -1.206964 -0.498300 11.499350 -1.001459 0.428277 1.463841 -3.458337 -0.787454 22.133352 -8.096776 2.392110 -21.953730 -1.887226 -3.714392 -3.570624 3.131954 -6.350174 -6.497987 0.000077 -0.000022 0.000005 -0.059845 0.085857 -0.080566 0.749284 -3.567020 -10.678836 -0.861469 3.754026 -10.601074 -2.876001 -23.771566 9.659276 -2.432937 -47.776962 -40.602104 -0.582933 -30.341454 0.707281 -1.706914 2.521102 -4.985817 -5.882102 9.861278 0.702591 -10.936860 -0.360575 7.156196 -0.000000 8.774816 -0.000002 -15.669100 18.394678 6.646049 -1.844030 2.498502 -2.507276 -10.163590 4.678941 4.621105 -20.975996 -0.000003 0.000003 -21.226254 2.451692 -3.593995 0.000001 -0.000004 -0.000001 -1.362681 2.240795 -0.746323 -21.334896 0.584908 3.008320 -13.821195 -0.000001 0.000001 -23.887131 -0.249077 -0.839480 -60.664608 2.515866 -1.219333 -0.294026 1.679688 0.833255 -14.218194 0.093214 1.300579 -34.212002 -0.287563 0.967169 -20.033180 0.964535 1.212841 0.000002 -0.000000 0.000003 -3.440384 0.788231 0.501654 -15.928167 -3.167304 2.999703 -6.338817 -0.000002 0.000002 -18.123415 3.648176 -4.905662 -0.000004 0.000000 0.000001 -5.403358 27.449963 8.313750 10.673650 43.469166 -34.856949 0.100170 28.453634 0.267738 -15.491409 -2.130554 -19.241810 2.243539 -5.255031 -3.180156 14.282877 -0.826591 6.952495 -0.000004 -12.690588 -0.000001 16.279896 -18.575626 2.599376 1.665664 -1.955918 -2.878296 4.727793 -4.170583 4.993918 11.020511 0.000002 -0.000001 12.109031 -3.735710 -2.866779 0.000000 0.000000 0.000001 1.291984 -1.928547 -1.498089 14.800114 0.567470 3.865604 14.242554 -1.341733 -6.660647 19.631939 0.143928 -0.648242 50.448418 -0.875206 -6.784299 0.353028 -1.511150 -0.031941 20.222773 3.684306 2.316631 18.787247 0.000005 0.000001 10.751610 -0.479867 1.397905 -0.000000 0.000002 -0.000001 3.273805 0.305947 -0.580110 21.486794 11.830360 2.266131 8.162916 0.000003 -0.000001 18.399052 -3.798978 -4.940567 0.000002 -0.000002 -0.000002 -8.433938 -0.811389 -39.193905 0.102109 0.294207 11.303027 2.678649 2.080341 1.606054 1.646519 -2.004318 -0.382577 0.000000 -0.000000 0.000002 -3.275196 -6.218657 -48.237225 -0.167150 -0.289121 23.146606 -0.000001 -0.257963 -1.290369 -1.436356 0.879220 -0.486881 -0.000000 0.000000 -0.000001 
1.247990 98.984642 -2.686280 6.142231 -1.621207 28.991024 -1.054908 -0.516160 11.958280 -1.029506 0.574704 1.914608 -3.784402 -0.585572 21.962360 -8.983129 2.083229 -24.787525 -2.200600 -4.083836 -3.574489 3.429596 -7.065970 -5.072142 0.000077 -0.000022 0.000008 -0.060005 0.090414 -0.106941 0.750627 -3.551387 -10.689713 -0.867431 3.750547 -10.615105 -1.394716 -24.970427 8.455147 9.547159 -46.787205 -49.509365 -0.398634 -28.161518 0.595824 -3.059104 3.071820 -3.981516 -5.882102 9.861278 0.702590 -10.936859 -0.360576 7.156199 0.000001 8.774814 -0.000001 -15.643197 18.417057 6.751698 -1.844031 2.498503 -2.507274 -10.163589 4.678938 4.621105 -20.975994 -0.000003 0.000003 -21.226254 2.451694 -3.593993 0.000000 -0.000006 -0.000002 -1.362680 2.240797 -0.746322 -21.334892 0.584907 3.008321 -13.821197 -0.000002 0.000003 -23.887131 -0.249076 -0.839480 -60.504776 2.515793 -1.274255 -0.294024 1.679687 0.833254 -14.218192 0.093213 1.300579 -34.212002 -0.287564 0.967173 -20.033180 0.964537 1.212844 0.000001 -0.000000 0.000001 -3.440385 0.788233 0.501657 -15.928169 -3.167307 2.999706 -6.338818 -0.000002 0.000004 -18.123411 3.648177 -4.905659 -0.000004 0.000001 -0.000002 -9.089254 28.873510 5.895296 0.954794 39.700935 -41.936096 0.427999 24.418751 0.372112 -13.648861 -3.526645 -20.790995 2.243539 -5.255032 -3.180154 14.282877 -0.826593 6.952496 -0.000002 -12.690590 0.000000 16.264524 -18.379538 2.572784 1.665664 -1.955921 -2.878297 4.727795 -4.170584 4.993919 11.020513 0.000005 -0.000001 12.109031 -3.735708 -2.866779 0.000000 0.000000 0.000000 1.291984 -1.928547 -1.498086 14.800111 0.567470 3.865602 14.242553 -1.341734 -6.660650 19.631939 0.143926 -0.648241 50.239182 -1.048167 -6.745937 0.353027 -1.511147 -0.031940 20.222767 3.684307 2.316628 18.787245 0.000005 0.000001 10.751611 -0.479868 1.397905 -0.000000 -0.000000 -0.000002 3.273805 0.305947 -0.580110 21.486792 11.830366 2.266130 8.162918 0.000000 -0.000001 18.399054 -3.798978 -4.940567 0.000003 -0.000001 -0.000002 -8.963680 -1.208167 -42.415668 0.088769 0.349851 11.007494 2.805680 1.906229 2.372750 1.658216 -1.965377 -0.422622 -0.000000 0.000000 0.000002 -3.296539 -6.581016 -52.020321 -0.168812 -0.273147 23.659920 -0.267633 0.107232 -0.839762 -1.436964 0.883211 -0.417547 -0.000000 -0.000000 -0.000001 
1.141432 98.775192 -3.183623 6.658774 -2.199881 31.776833 -0.899707 -0.500050 12.370337 -1.055518 0.702928 2.329968 -4.206686 -0.381136 21.689714 -10.019356 1.729490 -27.431423 -2.489036 -4.446239 -3.571357 3.629236 -7.764153 -3.482649 0.000077 -0.000022 0.000009 -0.067255 0.100710 -0.119899 0.746236 -3.540172 -10.704078 -0.882271 3.762501 -10.641556 0.102474 -25.706129 7.201843 20.220434 -44.165302 -56.607761 -0.193303 -25.717434 0.471837 -4.254884 3.773141 -2.509209 -5.882100 9.861278 0.702589 -10.936858 -0.360576 7.156196 0.000001 8.774813 -0.000002 -15.721499 18.384199 6.801275 -1.844030 2.498503 -2.507274 -10.163589 4.678939 4.621104 -20.975996 -0.000004 0.000003 -21.226255 2.451693 -3.593995 0.000000 -0.000007 -0.000002 -1.362680 2.240797 -0.746323 -21.334892 0.584909 3.008320 -13.821197 -0.000004 0.000002 -23.887133 -0.249078 -0.839480 -60.416729 2.531413 -1.305901 -0.294024 1.679687 0.833255 -14.218194 0.093212 1.300579 -34.212013 -0.287566 0.967172 -20.033180 0.964533 1.212841 0.000001 0.000000 0.000000 -3.440386 0.788232 0.501656 -15.928169 -3.167306 2.999704 -6.338818 -0.000001 0.000002 -18.123415 3.648175 -4.905663 -0.000004 0.000000 -0.000002 -13.070216 29.955750 3.370555 -6.431893 34.915325 -46.446575 0.870145 20.707174 0.446881 -11.297681 -4.229632 -22.639845 2.243540 -5.255033 -3.180155 14.282877 -0.826593 6.952499 -0.000001 -12.690587 -0.000002 16.241966 -18.187777 2.525989 1.665664 -1.955921 -2.878295 4.727794 -4.170582 4.993918 11.020510 0.000003 0.000000 12.109032 -3.735711 -2.866777 -0.000000 0.000000 -0.000000 1.291984 -1.928546 -1.498088 14.800114 0.567469 3.865604 14.242553 -1.341736 -6.660648 19.631937 0.143925 -0.648243 50.119476 -1.215837 -6.692776 0.353028 -1.511150 -0.031940 20.222771 3.684307 2.316631 18.787245 0.000006 0.000001 10.751610 -0.479867 1.397905 -0.000000 0.000001 -0.000001 3.273804 0.305947 -0.580112 21.486794 11.830362 2.266134 8.162916 0.000001 -0.000002 18.399057 -3.798979 -4.940566 0.000003 -0.000000 -0.000002 -9.523843 -1.564433 -45.385254 0.069921 0.412474 10.233958 2.879117 1.821132 3.295888 1.666392 -1.923658 -0.524640 -0.000000 0.000000 0.000002 -3.353254 -6.806471 -55.707237 -0.166325 -0.221898 23.882828 -0.582529 0.566413 -0.253200 -1.438869 0.900115 -0.384147 0.000000 0.000000 -0.000001 
1.135217 98.556152 -3.599297 7.164803 -3.014948 34.525398 -0.767280 -0.468455 12.755247 -1.073320 0.804595 2.705671 -4.693066 -0.220149 21.355434 -11.105980 1.340011 -29.719891 -2.741616 -4.713019 -3.604081 3.767186 -8.419938 -1.799836 0.000077 -0.000023 0.000004 -0.081016 0.118759 -0.109783 0.737430 -3.531839 -10.746499 -0.907839 3.791894 -10.696353 1.492388 -25.954935 5.878489 29.010275 -40.413559 -61.737038 -0.042947 -23.356684 0.304083 -5.151446 4.625906 -0.782130 -5.882099 9.861278 0.702591 -10.936858 -0.360576 7.156196 -0.000002 8.774814 -0.000003 -15.932057 18.302383 6.719090 -1.844029 2.498501 -2.507277 -10.163589 4.678941 4.621104 -20.975994 -0.000002 0.000006 -21.226250 2.451694 -3.593992 -0.000001 -0.000006 0.000000 -1.362681 2.240797 -0.746321 -21.334892 0.584909 3.008321 -13.821197 -0.000001 0.000004 -23.887133 -0.249077 -0.839480 -60.350658 2.478588 -1.375524 -0.294024 1.679686 0.833255 -14.218194 0.093214 1.300580 -34.211998 -0.287560 0.967171 -20.033180 0.964536 1.212840 0.000000 0.000001 0.000000 -3.440384 0.788232 0.501655 -15.928171 -3.167305 2.999705 -6.338817 0.000000 0.000002 -18.123415 3.648177 -4.905662 -0.000004 0.000000 -0.000003 -17.097122 30.565853 0.945851 -11.674956 29.759762 -49.404224 1.321881 17.999010 0.441929 -9.052972 -4.066694 -24.908630 2.243540 -5.255033 -3.180156 14.282877 -0.826594 6.952499 -0.000001 -12.690588 -0.000001 16.217234 -17.982122 2.441420 1.665664 -1.955922 -2.878297 4.727793 -4.170582 4.993918 11.020511 0.000003 -0.000001 12.109031 -3.735711 -2.866781 -0.000000 0.000000 0.000000 1.291984 -1.928547 -1.498086 14.800111 0.567468 3.865603 14.242553 -1.341735 -6.660649 19.631939 0.143925 -0.648244 49.977257 -1.313903 -6.623849 0.353028 -1.511149 -0.031940 20.222767 3.684305 2.316628 18.787245 0.000004 0.000001 10.751610 -0.479868 1.397904 -0.000000 0.000001 -0.000002 3.273804 0.305947 -0.580109 21.486790 11.830360 2.266131 8.162916 0.000002 -0.000002 18.399052 -3.798979 -4.940568 0.000003 0.000001 -0.000002 -10.213155 -1.880576 -48.159039 0.052530 0.444309 9.276245 2.960287 1.783398 4.189143 1.669323 -1.902904 -0.633450 -0.000000 0.000000 0.000002 -3.483569 -6.983864 -59.364613 -0.163723 -0.147053 24.122768 -0.850847 1.160615 0.394814 -1.442945 0.897973 -0.349432 0.000000 0.000000 -0.000001 
1.126239 98.325531 -3.956111 7.622895 -3.987413 37.224205 -0.664685 -0.471590 13.101210 -1.133924 0.904065 3.044902 -5.232109 -0.095230 20.990654 -12.060548 0.959081 -31.656061 -2.939759 -4.888301 -3.611835 3.902553 -8.997420 -0.047246 0.000077 -0.000023 0.000003 -0.099211 0.135951 -0.122331 0.733938 -3.528041 -10.821156 -0.939443 3.827645 -10.783900 2.755344 -25.817726 4.551273 35.988438 -35.951035 -65.401993 0.133079 -21.140676 0.136138 -5.330574 5.804669 0.873143 -5.882099 9.861278 0.702591 -10.936858 -0.360575 7.156199 0.000001 8.774814 -0.000002 -16.284275 18.189920 6.513251 -1.844030 2.498503 -2.507275 -10.163589 4.678940 4.621104 -20.975996 -0.000004 0.000004 -21.226250 2.451694 -3.593992 -0.000000 -0.000006 -0.000001 -1.362680 2.240796 -0.746323 -21.334890 0.584909 3.008320 -13.821197 -0.000003 0.000004 -23.887131 -0.249078 -0.839480 -60.262566 2.419655 -1.435281 -0.294023 1.679686 0.833255 -14.218190 0.093214 1.300579 -34.211998 -0.287563 0.967172 -20.033180 0.964534 1.212841 0.000001 -0.000000 0.000001 -3.440385 0.788232 0.501656 -15.928167 -3.167307 2.999703 -6.338815 -0.000002 0.000001 -18.123413 3.648176 -4.905660 -0.000004 -0.000000 -0.000002 -20.929461 30.738712 -1.263434 -15.275137 24.601974 -51.848850 1.710844 16.250631 0.424391 -7.238792 -3.205738 -27.600372 2.243539 -5.255033 -3.180155 14.282878 -0.826594 6.952498 -0.000003 -12.690592 0.000000 16.258369 -17.794130 2.344994 1.665665 -1.955920 -2.878297 4.727795 -4.170583 4.993917 11.020513 0.000003 -0.000001 12.109033 -3.735710 -2.866778 0.000001 0.000000 0.000000 1.291986 -1.928549 -1.498088 14.800114 0.567468 3.865604 14.242553 -1.341735 -6.660648 19.631939 0.143924 -0.648242 49.842014 -1.346734 -6.546972 0.353028 -1.511150 -0.031940 20.222773 3.684305 2.316629 18.787245 0.000003 -0.000000 10.751610 -0.479870 1.397905 -0.000000 0.000001 -0.000003 3.273803 0.305947 -0.580110 21.486790 11.830361 2.266131 8.162917 0.000001 -0.000001 18.399054 -3.798979 -4.940569 0.000003 0.000001 -0.000002 -10.922441 -2.143506 -50.813759 0.033853 0.476934 8.278070 3.011003 1.805858 5.002802 1.670884 -1.893494 -0.700012 0.000000 -0.000000 0.000002 -3.557984 -7.118308 -62.935497 -0.169821 -0.082274 24.290186 -1.167059 1.902629 1.072419 -1.447715 0.865045 -0.249069 0.000000 0.000000 -0.000001 
1.141268 98.113716 -4.255736 7.953155 -5.117804 39.810074 -0.633765 -0.467855 13.395563 -1.159584 0.930589 3.360909 -5.815640 0.008855 20.622236 -12.794233 0.640654 -33.177261 -3.033682 -4.960792 -3.672581 3.954401 -9.351630 1.792633 0.000077 -0.000023 0.000006 -0.109352 0.139220 -0.120423 0.745333 -3.544044 -10.913328 -0.973329 3.854912 -10.883848 3.855910 -25.368624 3.290169 41.168690 -31.179764 -68.177002 0.299977 -19.006210 -0.004296 -4.668382 7.519302 2.034691 -5.882102 9.861278 0.702591 -10.936860 -0.360573 7.156199 -0.000002 8.774810 -0.000002 -16.573994 17.988941 6.275373 -1.844030 2.498503 -2.507276 -10.163588 4.678939 4.621106 -20.975992 -0.000004 0.000003 -21.226248 2.451693 -3.593994 0.000000 -0.000006 -0.000000 -1.362681 2.240798 -0.746323 -21.334890 0.584908 3.008321 -13.821197 -0.000002 0.000003 -23.887133 -0.249076 -0.839480 -60.091537 2.325734 -1.363757 -0.294026 1.679686 0.833255 -14.218195 0.093215 1.300578 -34.212006 -0.287562 0.967171 -20.033178 0.964536 1.212843 0.000000 0.000000 0.000001 -3.440384 0.788231 0.501655 -15.928167 -3.167307 2.999706 -6.338817 -0.000001 0.000002 -18.123413 3.648175 -4.905662 -0.000004 0.000000 -0.000003 -24.363247 30.452164 -3.207547 -17.569427 19.808996 -54.565945 1.975737 15.331151 0.386425 -6.237617 -1.977622 -30.552965 2.243540 -5.255033 -3.180155 14.282878 -0.826595 6.952497 -0.000002 -12.690590 -0.000002 16.409245 -17.726215 2.249934 1.665665 -1.955921 -2.878295 4.727795 -4.170585 4.993918 11.020511 0.000003 0.000000 12.109030 -3.735709 -2.866777 0.000000 0.000000 0.000000 1.291983 -1.928547 -1.498087 14.800111 0.567466 3.865606 14.242551 -1.341737 -6.660650 19.631937 0.143924 -0.648240 49.810844 -1.385343 -6.494130 0.353030 -1.511150 -0.031941 20.222767 3.684304 2.316631 18.787245 0.000002 0.000001 10.751610 -0.479870 1.397905 -0.000002 0.000001 -0.000001 3.273802 0.305947 -0.580111 21.486788 11.830361 2.266132 8.162917 0.000001 0.000001 18.399055 -3.798980 -4.940565 0.000003 -0.000001 -0.000001 -11.592175 -2.330758 -53.229603 0.021003 0.465343 7.134498 3.046448 1.904974 5.780541 1.668107 -1.877986 -0.721784 0.000000 -0.000000 0.000002 -3.523731 -7.174423 -66.229347 -0.166953 -0.030061 24.154154 -1.518952 2.785302 1.850190 -1.452996 0.811618 -0.076219 0.000000 0.000000 -0.000001 
1.181963 97.939011 -4.463316 8.082251 -6.222536 42.125980 -0.693761 -0.489162 13.602979 -1.179647 0.892845 3.641623 -6.353901 0.080199 20.304157 -13.124655 0.355986 -34.327980 -2.967166 -4.880531 -3.668118 3.902684 -9.407045 3.617559 0.000077 -0.000022 0.000009 -0.102638 0.127852 -0.109184 0.777426 -3.586352 -11.031711 -1.001829 3.873795 -11.010281 4.711633 -24.648331 2.255899 44.641827 -26.703102 -70.353241 0.540415 -17.138344 -0.135386 -3.310783 9.865302 2.607555 -5.882103 9.861278 0.702588 -10.936856 -0.360575 7.156196 0.000002 8.774812 -0.000001 -16.767126 17.732937 6.081202 -1.844032 2.498502 -2.507277 -10.163589 4.678939 4.621104 -20.975998 -0.000003 0.000003 -21.226254 2.451692 -3.593993 0.000000 -0.000006 -0.000001 -1.362680 2.240797 -0.746324 -21.334890 0.584910 3.008321 -13.821197 -0.000002 0.000001 -23.887131 -0.249077 -0.839480 -59.918858 2.244056 -1.243123 -0.294025 1.679687 0.833255 -14.218194 0.093214 1.300579 -34.212006 -0.287562 0.967169 -20.033176 0.964536 1.212842 -0.000001 0.000000 0.000001 -3.440384 0.788231 0.501655 -15.928167 -3.167305 2.999704 -6.338818 -0.000001 0.000002 -18.123415 3.648177 -4.905660 -0.000003 -0.000000 -0.000003 -27.136999 29.787966 -4.717879 -18.660160 15.731588 -57.736168 1.840591 15.111786 0.302648 -6.347301 -0.795675 -33.874542 2.243541 -5.255032 -3.180159 14.282875 -0.826592 6.952499 -0.000002 -12.690588 -0.000001 16.438210 -17.659262 2.186153 1.665665 -1.955919 -2.878298 4.727793 -4.170582 4.993919 11.020509 0.000005 -0.000000 12.109032 -3.735709 -2.866780 0.000000 0.000000 -0.000001 1.291984 -1.928548 -1.498088 14.800111 0.567469 3.865604 14.242553 -1.341734 -6.660647 19.631939 0.143928 -0.648244 49.893806 -1.416772 -6.418906 0.353030 -1.511152 -0.031940 20.222767 3.684307 2.316631 18.787245 0.000003 0.000001 10.751610 -0.479867 1.397905 -0.000002 -0.000001 0.000002 3.273804 0.305947 -0.580111 21.486792 11.830362 2.266134 8.162915 0.000000 0.000001 18.399054 -3.798977 -4.940566 0.000002 -0.000001 -0.000003 -12.078431 -2.436475 -55.373341 0.014810 0.434871 6.153884 3.154991 2.123762 6.394293 1.664019 -1.865974 -0.707120 -0.000000 0.000000 0.000002 -3.358564 -7.122546 -68.983231 -0.166705 -0.031314 23.701824 -1.790589 3.755958 2.642059 -1.462999 0.747349 0.071321 -0.000000 -0.000000 -0.000001 
1.221251 97.828880 -4.608860 8.041108 -7.164295 43.905334 -0.815867 -0.546047 13.817669 -1.225655 0.835234 3.807287 -6.765587 0.088911 20.133245 -13.028666 0.168481 -35.045006 -2.769311 -4.641493 -3.711517 3.754491 -9.227074 5.457192 0.000077 -0.000022 0.000007 -0.093280 0.108380 -0.097373 0.818398 -3.629650 -11.105850 -1.030218 3.881553 -11.128783 5.282398 -23.799891 1.509358 46.673946 -23.004141 -72.263527 0.751148 -15.667849 -0.235732 -1.680923 12.820251 2.309027 -5.882100 9.861279 0.702590 -10.936861 -0.360574 7.156198 -0.000001 8.774815 -0.000001 -16.794582 17.378061 5.940142 -1.844030 2.498501 -2.507276 -10.163590 4.678942 4.621105 -20.975994 -0.000002 0.000003 -21.226255 2.451694 -3.593995 0.000000 -0.000006 0.000001 -1.362681 2.240795 -0.746323 -21.334892 0.584910 3.008321 -13.821197 -0.000002 0.000002 -23.887131 -0.249076 -0.839482 -59.671017 2.129311 -1.101416 -0.294024 1.679686 0.833255 -14.218194 0.093215 1.300581 -34.212002 -0.287559 0.967168 -20.033178 0.964537 1.212839 0.000000 0.000000 0.000000 -3.440385 0.788234 0.501655 -15.928167 -3.167304 2.999703 -6.338817 -0.000000 0.000001 -18.123415 3.648178 -4.905663 -0.000004 0.000000 -0.000003 -29.190411 28.863319 -5.699771 -18.787991 12.542413 -61.324863 1.298782 15.168891 0.196165 -7.548698 0.089226 -37.674721 2.243540 -5.255031 -3.180154 14.282878 -0.826596 6.952497 -0.000002 -12.690592 0.000002 16.438599 -17.579817 2.188440 1.665666 -1.955921 -2.878297 4.727796 -4.170586 4.993917 11.020512 0.000003 -0.000001 12.109035 -3.735710 -2.866779 0.000000 -0.000001 0.000000 1.291985 -1.928549 -1.498088 14.800114 0.567464 3.865602 14.242554 -1.341735 -6.660648 19.631939 0.143924 -0.648246 50.025043 -1.448079 -6.263263 0.353030 -1.511149 -0.031942 20.222771 3.684303 2.316625 18.787247 0.000005 -0.000001 10.751611 -0.479867 1.397903 -0.000000 -0.000000 0.000001 3.273804 0.305946 -0.580111 21.486790 11.830360 2.266128 8.162918 0.000000 -0.000001 18.399057 -3.798981 -4.940570 0.000002 -0.000000 -0.000003 -12.404619 -2.401206 -56.948284 0.002387 0.370378 5.298396 3.304958 2.377277 6.877286 1.654654 -1.857924 -0.715038 -0.000000 0.000000 0.000002 -3.125745 -6.979305 -70.939766 -0.132289 -0.047057 23.048525 -1.926733 4.702422 3.418526 -1.470462 0.713009 0.179114 0.000000 0.000000 -0.000001 
1.203678 97.769897 -4.697242 7.933669 -7.860813 45.142899 -0.996985 -0.579606 13.997829 -1.210106 0.721050 3.937375 -7.094979 0.050339 20.025362 -12.547759 0.077157 -35.427032 -2.519418 -4.281527 -3.712270 3.646043 -8.925290 7.173728 0.000077 -0.000022 0.000005 -0.080660 0.088496 -0.105556 0.862808 -3.668662 -11.190315 -1.054096 3.881357 -11.230148 5.726838 -22.969608 1.056660 47.560600 -20.163601 -74.355591 0.704847 -14.795028 -0.229417 -0.143854 15.945569 0.611413 -5.882100 9.861278 0.702590 -10.936858 -0.360576 7.156198 -0.000000 8.774814 -0.000002 -16.532007 17.030483 5.954379 -1.844029 2.498501 -2.507275 -10.163589 4.678937 4.621105 -20.975994 -0.000004 0.000002 -21.226248 2.451691 -3.593995 -0.000000 -0.000006 -0.000001 -1.362679 2.240795 -0.746323 -21.334887 0.584909 3.008321 -13.821195 -0.000004 0.000003 -23.887125 -0.249078 -0.839480 -59.072697 2.033968 -0.861428 -0.294025 1.679686 0.833255 -14.218190 0.093215 1.300579 -34.211998 -0.287565 0.967172 -20.033175 0.964535 1.212844 -0.000000 0.000000 -0.000001 -3.440384 0.788232 0.501655 -15.928165 -3.167305 2.999705 -6.338817 -0.000001 0.000001 -18.123411 3.648175 -4.905661 -0.000003 -0.000000 -0.000003 -30.608555 27.802757 -6.164433 -18.069353 9.929145 -65.079330 0.612122 15.152241 0.118314 -9.419662 0.454240 -41.625751 2.243539 -5.255033 -3.180156 14.282877 -0.826595 6.952495 -0.000001 -12.690587 0.000000 16.387506 -17.447523 2.119828 1.665664 -1.955918 -2.878296 4.727794 -4.170582 4.993917 11.020509 0.000004 -0.000002 12.109029 -3.735709 -2.866781 0.000000 -0.000002 -0.000001 1.291984 -1.928547 -1.498088 14.800114 0.567470 3.865603 14.242553 -1.341736 -6.660650 19.631933 0.143927 -0.648243 50.042774 -1.464605 -6.194906 0.353029 -1.511149 -0.031941 20.222767 3.684307 2.316626 18.787243 0.000006 -0.000002 10.751610 -0.479870 1.397905 -0.000001 0.000001 -0.000001 3.273804 0.305947 -0.580110 21.486788 11.830361 2.266132 8.162916 0.000002 -0.000000 18.399052 -3.798978 -4.940567 0.000002 0.000001 -0.000002 -12.596578 -2.290473 -58.016388 -0.013583 0.304679 4.669519 3.356122 2.595591 7.228318 1.652064 -1.848516 -0.734730 -0.000000 0.000000 0.000002 -2.910541 -6.783822 -72.207344 -0.088912 -0.079398 22.448378 -1.922417 5.502349 4.066397 -1.479528 0.707581 0.237878 -0.000000 0.000000 -0.000001 
1.130514 97.757874 -4.756158 7.856113 -8.253831 45.789093 -1.147617 -0.595520 14.203650 -1.192695 0.631239 4.015943 -7.342122 -0.017359 20.042677 -11.810857 0.044888 -35.525921 -2.356382 -3.850083 -3.736542 3.662994 -8.574090 8.724346 0.000077 -0.000023 0.000007 -0.067928 0.070665 -0.094919 0.901140 -3.700035 -11.245596 -1.071701 3.878447 -11.301532 6.132108 -22.183916 0.748763 47.623257 -18.424435 -77.050690 0.646712 -14.867757 -0.203180 1.392221 19.034470 -2.885407 -5.882099 9.861278 0.702590 -10.936858 -0.360578 7.156196 0.000002 8.774815 -0.000002 -16.031637 16.725843 6.191077 -1.844032 2.498504 -2.507277 -10.163588 4.678938 4.621104 -20.975994 -0.000006 -0.000001 -21.226254 2.451689 -3.593995 0.000000 -0.000006 -0.000001 -1.362682 2.240796 -0.746323 -21.334890 0.584905 3.008318 -13.821194 -0.000007 -0.000000 -23.887129 -0.249083 -0.839479 -58.404747 1.949754 -0.587038 -0.294025 1.679688 0.833255 -14.218190 0.093214 1.300578 -34.211998 -0.287570 0.967169 -20.033176 0.964532 1.212842 0.000000 0.000000 0.000002 -3.440384 0.788231 0.501655 -15.928169 -3.167307 2.999703 -6.338817 0.000000 0.000000 -18.123415 3.648175 -4.905661 -0.000005 0.000001 -0.000003 -31.587994 26.656498 -6.230634 -16.474112 7.638882 -68.410828 -0.036772 14.922967 0.090486 -11.671109 0.208392 -45.514191 2.243540 -5.255031 -3.180154 14.282875 -0.826593 6.952493 -0.000004 -12.690588 0.000000 16.334322 -17.277443 2.085698 1.665664 -1.955920 -2.878297 4.727793 -4.170582 4.993917 11.020512 0.000005 -0.000001 12.109032 -3.735710 -2.866779 0.000001 -0.000002 -0.000000 1.291985 -1.928547 -1.498090 14.800114 0.567467 3.865602 14.242553 -1.341734 -6.660649 19.631939 0.143927 -0.648244 50.042141 -1.415166 -6.131872 0.353028 -1.511149 -0.031939 20.222769 3.684306 2.316628 18.787245 0.000004 -0.000000 10.751610 -0.479867 1.397903 0.000000 0.000001 0.000000 3.273804 0.305949 -0.580110 21.486792 11.830364 2.266129 8.162915 0.000003 -0.000001 18.399055 -3.798977 -4.940568 0.000003 0.000000 -0.000000 -12.765337 -2.141576 -58.459667 -0.034535 0.248025 4.127231 3.303873 2.685722 7.518779 1.647309 -1.818920 -0.785449 -0.000000 -0.000000 0.000002 -2.783264 -6.626089 -72.844643 -0.029826 -0.104813 22.082907 -1.828726 6.119527 4.524313 -1.483294 0.749845 0.190001 0.000000 0.000000 -0.000001 
0.996503 97.764992 -4.801487 7.907769 -8.324349 45.812729 -1.275966 -0.544477 14.415895 -1.152770 0.596815 4.049403 -7.527454 -0.152980 20.122662 -11.068435 0.094246 -35.565136 -2.266071 -3.443617 -3.699350 3.756306 -8.236046 10.073629 0.000077 -0.000022 0.000006 -0.040247 0.046674 -0.104006 0.945553 -3.742446 -11.274431 -1.063555 3.867641 -11.339854 6.536245 -21.397779 0.449516 46.878994 -18.170776 -80.422470 1.085403 -16.390081 -0.220103 3.008914 22.210443 -8.122482 -5.882100 9.861280 0.702589 -10.936857 -0.360576 7.156197 0.000001 8.774814 -0.000002 -15.366060 16.519287 6.634111 -1.844030 2.498505 -2.507276 -10.163589 4.678939 4.621103 -20.975992 -0.000003 0.000002 -21.226254 2.451691 -3.593993 -0.000000 -0.000006 0.000000 -1.362681 2.240795 -0.746322 -21.334890 0.584907 3.008322 -13.821193 -0.000003 0.000000 -23.887123 -0.249078 -0.839481 -57.662571 1.965561 -0.395308 -0.294024 1.679685 0.833255 -14.218190 0.093214 1.300579 -34.211998 -0.287562 0.967172 -20.033176 0.964536 1.212842 0.000000 0.000001 0.000001 -3.440384 0.788234 0.501655 -15.928165 -3.167307 2.999703 -6.338815 0.000001 0.000002 -18.123411 3.648178 -4.905662 -0.000005 -0.000001 -0.000003 -32.094219 25.625002 -5.994365 -13.805415 5.448845 -70.881599 -0.503141 14.604693 0.123031 -14.018170 -0.639984 -49.446640 2.243540 -5.255033 -3.180155 14.282875 -0.826592 6.952495 -0.000003 -12.690591 -0.000000 16.253679 -17.168192 2.044931 1.665664 -1.955920 -2.878295 4.727793 -4.170582 4.993918 11.020511 0.000003 -0.000002 12.109030 -3.735708 -2.866780 -0.000000 -0.000002 0.000001 1.291983 -1.928547 -1.498088 14.800111 0.567468 3.865604 14.242553 -1.341735 -6.660649 19.631935 0.143925 -0.648244 50.159122 -1.330235 -6.105731 0.353030 -1.511149 -0.031939 20.222767 3.684306 2.316627 18.787245 0.000004 -0.000000 10.751610 -0.479867 1.397904 0.000001 -0.000000 0.000000 3.273804 0.305947 -0.580109 21.486788 11.830362 2.266130 8.162916 0.000003 -0.000001 18.399050 -3.798978 -4.940566 0.000004 0.000000 0.000000 -12.960712 -2.010400 -58.376770 -0.058132 0.196257 3.889275 3.140323 2.562557 7.662513 1.646722 -1.783298 -0.867682 -0.000000 -0.000000 0.000002 -2.762080 -6.609648 -72.896675 0.035377 -0.109473 22.049355 -1.727651 6.431425 4.613196 -1.485555 0.823311 0.021171 0.000000 0.000000 -0.000001 
0.880915 97.816376 -4.782518 8.133531 -7.956800 45.260624 -1.350729 -0.456401 14.672311 -1.153000 0.666103 4.051035 -7.572732 -0.398651 20.205019 -10.558014 0.136530 -35.779118 -2.233349 -3.019310 -3.669497 3.961950 -8.026246 11.295984 0.000077 -0.000023 0.000007 -0.008607 0.035824 -0.122051 0.975125 -3.766786 -11.267001 -1.032930 3.864634 -11.338794 7.030782 -20.547287 0.102902 45.201260 -19.722698 -85.089035 2.494186 -20.081678 -0.421116 5.337375 26.008644 -16.302914 -5.882102 9.861277 0.702589 -10.936858 -0.360576 7.156196 0.000000 8.774812 -0.000001 -14.475227 16.337299 7.372898 -1.844030 2.498503 -2.507276 -10.163591 4.678944 4.621101 -20.975996 -0.000004 0.000001 -21.226255 2.451693 -3.593994 0.000000 -0.000006 0.000001 -1.362679 2.240798 -0.746324 -21.334892 0.584906 3.008319 -13.821197 -0.000003 0.000001 -23.887131 -0.249079 -0.839483 -56.962540 2.093815 -0.272596 -0.294026 1.679685 0.833256 -14.218192 0.093213 1.300580 -34.212006 -0.287563 0.967170 -20.033180 0.964535 1.212842 0.000001 0.000000 0.000000 -3.440386 0.788233 0.501657 -15.928169 -3.167307 2.999705 -6.338817 0.000000 0.000001 -18.123411 3.648175 -4.905660 -0.000005 0.000002 -0.000002 -32.044594 24.825500 -5.623225 -9.963518 3.250170 -72.335068 -0.877511 14.372493 0.131998 -16.347975 -2.565772 -54.067635 2.243541 -5.255033 -3.180156 14.282877 -0.826594 6.952496 -0.000001 -12.690588 -0.000001 16.147720 -17.039192 2.055868 1.665665 -1.955919 -2.878297 4.727795 -4.170581 4.993918 11.020513 0.000002 -0.000001 12.109032 -3.735711 -2.866780 0.000000 0.000000 -0.000001 1.291985 -1.928548 -1.498088 14.800113 0.567465 3.865604 14.242554 -1.341736 -6.660649 19.631941 0.143926 -0.648244 50.361687 -1.222850 -6.055056 0.353028 -1.511148 -0.031941 20.222769 3.684305 2.316629 18.787245 0.000004 -0.000002 10.751610 -0.479866 1.397904 0.000001 -0.000001 0.000000 3.273803 0.305946 -0.580110 21.486795 11.830363 2.266131 8.162917 0.000002 0.000000 18.399055 -3.798981 -4.940568 0.000003 -0.000001 -0.000002 -13.248211 -2.028441 -57.474010 -0.077621 0.163717 3.387351 2.905375 2.175528 7.941302 1.644321 -1.743806 -0.969852 -0.000000 0.000000 0.000002 -2.808285 -6.903293 -72.495743 0.099255 -0.086809 22.577965 -1.574467 6.412841 4.393397 -1.480734 0.899302 -0.098299 -0.000000 0.000000 -0.000001 
0.684568 97.878181 -4.746548 8.515696 -7.224514 44.363815 -1.417033 -0.320924 14.923840 -1.135501 0.775315 4.049921 -7.602673 -0.691315 20.167183 -10.357004 0.197988 -36.347382 -2.261547 -2.391889 -3.654005 4.204487 -7.910324 12.105568 0.000077 -0.000022 0.000005 -0.004080 0.044232 -0.149796 0.967582 -3.764779 -11.195329 -1.018358 3.881473 -11.289880 7.751194 -19.462168 -0.514188 41.891422 -23.582472 -91.649300 4.820747 -27.752462 -1.005896 9.836452 31.300167 -29.942667 -5.882103 9.861281 0.702590 -10.936858 -0.360575 7.156199 0.000000 8.774809 -0.000002 -13.696127 16.040037 7.764706 -1.844030 2.498504 -2.507276 -10.163589 4.678940 4.621102 -20.975996 -0.000001 0.000003 -21.226250 2.451692 -3.593994 0.000000 -0.000003 -0.000001 -1.362679 2.240795 -0.746323 -21.334892 0.584909 3.008320 -13.821197 0.000000 0.000003 -23.887129 -0.249076 -0.839483 -56.681293 2.351792 -0.322431 -0.294027 1.679686 0.833256 -14.218190 0.093215 1.300578 -34.211998 -0.287563 0.967170 -20.033176 0.964536 1.212841 -0.000001 -0.000001 0.000000 -3.440386 0.788231 0.501655 -15.928167 -3.167307 2.999705 -6.338815 -0.000002 0.000003 -18.123413 3.648177 -4.905660 -0.000005 0.000003 -0.000001 -31.286110 24.413670 -5.197582 -4.921607 0.739165 -73.095695 -1.432775 15.039183 0.111698 -18.851944 -6.409332 -60.004478 2.243541 -5.255033 -3.180157 14.282877 -0.826595 6.952495 -0.000002 -12.690593 0.000001 15.995213 -16.769764 2.046685 1.665665 -1.955920 -2.878296 4.727795 -4.170582 4.993919 11.020512 0.000004 -0.000001 12.109032 -3.735710 -2.866780 0.000001 0.000000 -0.000000 1.291983 -1.928548 -1.498088 14.800111 0.567468 3.865603 14.242551 -1.341733 -6.660650 19.631937 0.143926 -0.648243 50.498390 -1.038023 -5.992297 0.353029 -1.511149 -0.031940 20.222767 3.684304 2.316627 18.787245 0.000006 -0.000003 10.751610 -0.479869 1.397904 0.000000 0.000001 0.000001 3.273805 0.305947 -0.580111 21.486790 11.830360 2.266131 8.162916 0.000001 -0.000001 18.399054 -3.798980 -4.940568 0.000003 0.000000 -0.000001 -13.663133 -2.112305 -56.196083 -0.100815 0.119519 2.989031 2.704965 1.608533 8.226640 1.645345 -1.734267 -0.984391 0.000000 -0.000000 0.000002 -2.876964 -7.410342 -71.944534 0.149283 -0.060122 23.703402 -1.514811 6.175835 3.964194 -1.475465 0.941131 -0.058338 -0.000000 0.000000 -0.000001 
0.481211 97.925446 -4.606374 9.019367 -6.156479 43.207165 -1.454807 -0.198840 15.089930 -1.153848 0.787770 4.095868 -7.731195 -0.960474 19.909979 -10.503879 0.331116 -37.197742 -2.184541 -1.520198 -3.618240 4.443343 -7.799382 12.075874 0.000077 -0.000022 0.000007 -0.008277 0.063342 -0.182071 0.938721 -3.750756 -11.114265 -0.994069 3.904923 -11.209424 8.688164 -18.324871 -1.392740 35.618355 -29.825323 -97.734917 8.129413 -42.239613 -2.957165 18.962646 36.982777 -43.049728 -5.882100 9.861277 0.702590 -10.936858 -0.360574 7.156196 0.000003 8.774813 -0.000001 -15.123137 16.436918 6.808370 -1.844029 2.498503 -2.507276 -10.163589 4.678940 4.621104 -20.975996 -0.000003 0.000004 -21.226250 2.451694 -3.593992 0.000000 -0.000006 -0.000000 -1.362681 2.240796 -0.746323 -21.334887 0.584909 3.008322 -13.821197 -0.000002 0.000003 -23.887129 -0.249077 -0.839480 -58.302280 2.763293 -0.673487 -0.294024 1.679685 0.833255 -14.218192 0.093213 1.300579 -34.212002 -0.287561 0.967171 -20.033180 0.964536 1.212843 0.000002 -0.000002 -0.000000 -3.440385 0.788234 0.501655 -15.928169 -3.167307 2.999704 -6.338817 -0.000000 0.000001 -18.123415 3.648176 -4.905662 -0.000004 -0.000001 -0.000002 -28.932819 24.675158 -4.289663 1.244053 -2.485993 -73.743172 -2.519781 18.448881 0.058321 -22.359280 -12.792071 -66.229851 2.243540 -5.255033 -3.180156 14.282879 -0.826593 6.952498 -0.000003 -12.690591 0.000001 15.770011 -16.311134 2.168229 1.665664 -1.955920 -2.878296 4.727793 -4.170583 4.993920 11.020512 0.000004 -0.000001 12.109032 -3.735708 -2.866778 0.000002 -0.000000 0.000000 1.291983 -1.928548 -1.498088 14.800113 0.567468 3.865604 14.242551 -1.341734 -6.660647 19.631937 0.143926 -0.648242 50.523460 -0.958526 -5.758502 0.353028 -1.511149 -0.031941 20.222769 3.684308 2.316629 18.787245 0.000005 0.000001 10.751610 -0.479867 1.397903 0.000000 -0.000000 0.000000 3.273801 0.305947 -0.580109 21.486792 11.830364 2.266131 8.162917 0.000001 0.000000 18.399052 -3.798979 -4.940566 0.000003 0.000000 -0.000001 -14.069164 -2.213459 -54.909863 -0.124781 0.028827 3.201241 2.509999 0.957136 8.289871 1.647105 -1.779153 -0.910503 0.000000 -0.000000 0.000002 -3.068252 -8.090044 -71.223923 0.184138 -0.013650 25.351404 -1.534008 5.577779 3.207898 -1.464721 0.903776 0.058820 -0.000000 -0.000000 -0.000001 
0.220538 97.947899 -4.305939 9.454260 -4.784131 41.691113 -1.500273 -0.132824 15.278480 -1.105208 0.529385 4.181960 -7.966723 -1.184073 19.569433 -10.796770 0.560738 -37.841862 -2.064135 -0.528505 -3.538367 4.544237 -7.628480 11.447662 0.000077 -0.000023 0.000005 -0.000399 0.068476 -0.192224 0.938292 -3.739138 -10.930497 -0.976374 3.907053 -11.044956 9.271799 -17.636564 -1.786288 26.029625 -36.062828 -98.763687 14.603913 -61.446823 -9.333889 31.812431 38.906601 -42.801014 -5.882099 9.861278 0.702591 -10.936862 -0.360574 7.156197 0.000002 8.774813 -0.000001 -16.749559 17.417429 5.788743 -1.844031 2.498502 -2.507276 -10.163590 4.678939 4.621105 -20.975996 -0.000003 0.000005 -21.226255 2.451693 -3.593992 0.000000 -0.000006 -0.000000 -1.362681 2.240796 -0.746323 -21.334892 0.584908 3.008322 -13.821198 -0.000003 0.000003 -23.887133 -0.249077 -0.839478 -59.690338 3.114103 -0.929080 -0.294024 1.679686 0.833255 -14.218194 0.093214 1.300580 -34.212006 -0.287562 0.967173 -20.033180 0.964536 1.212842 -0.000001 0.000000 0.000000 -3.440386 0.788233 0.501655 -15.928169 -3.167306 2.999705 -6.338816 -0.000001 0.000002 -18.123415 3.648177 -4.905659 -0.000004 0.000000 -0.000002 -24.595417 25.121582 -2.347151 8.008821 -5.949722 -74.876396 -3.985017 25.768297 -0.095606 -26.988548 -19.860554 -69.161720 2.243539 -5.255032 -3.180154 14.282877 -0.826593 6.952495 -0.000003 -12.690592 0.000001 15.739004 -15.675867 2.215153 1.665665 -1.955920 -2.878297 4.727793 -4.170583 4.993918 11.020513 0.000003 -0.000000 12.109032 -3.735711 -2.866777 0.000001 0.000001 0.000000 1.291984 -1.928548 -1.498088 14.800111 0.567469 3.865603 14.242553 -1.341733 -6.660648 19.631941 0.143926 -0.648242 50.243298 -1.082507 -5.343207 0.353028 -1.511149 -0.031940 20.222769 3.684307 2.316629 18.787245 0.000004 0.000001 10.751612 -0.479868 1.397905 -0.000000 0.000000 0.000001 3.273804 0.305947 -0.580110 21.486797 11.830366 2.266133 8.162918 0.000002 0.000001 18.399054 -3.798978 -4.940567 0.000003 0.000000 -0.000002 -14.269296 -2.192563 -53.210529 -0.144575 -0.096478 3.589411 2.287438 0.337757 7.846344 1.656337 -1.817502 -0.755565 0.000000 0.000000 0.000002 -3.283934 -8.712065 -70.009972 0.160802 0.035761 27.243481 -1.468749 4.775496 2.055002 -1.453318 0.844278 -0.008903 -0.000000 0.000000 -0.000001 
-0.079586 98.069672 -3.875314 9.692281 -3.310513 39.779064 -1.613118 -0.086492 15.392725 -1.049963 0.055397 4.239961 -8.125987 -1.463074 19.373835 -10.681576 0.909973 -37.428684 -2.070952 0.400981 -3.410554 4.442488 -7.320391 10.721173 0.000076 -0.000022 0.000005 -0.009677 0.085620 -0.174348 0.945857 -3.710149 -10.756929 -0.995719 3.908648 -10.872123 9.305670 -17.424793 -1.198094 13.181149 -39.389942 -93.542122 40.225964 -78.690628 -35.614567 41.349857 37.318123 -36.061138 -5.882100 9.861278 0.702590 -10.936858 -0.360575 7.156196 0.000001 8.774812 -0.000001 -17.252285 17.708397 5.119698 -1.844029 2.498502 -2.507275 -10.163590 4.678941 4.621104 -20.975992 -0.000004 0.000003 -21.226254 2.451693 -3.593993 0.000000 -0.000006 0.000001 -1.362680 2.240796 -0.746322 -21.334890 0.584908 3.008320 -13.821197 -0.000002 0.000002 -23.887129 -0.249076 -0.839481 -60.045063 3.284899 -1.078714 -0.294025 1.679687 0.833255 -14.218190 0.093215 1.300580 -34.212002 -0.287564 0.967170 -20.033178 0.964536 1.212841 -0.000000 -0.000000 0.000000 -3.440384 0.788233 0.501656 -15.928167 -3.167306 2.999705 -6.338817 -0.000001 0.000002 -18.123411 3.648177 -4.905661 -0.000004 -0.000000 -0.000002 -18.873131 24.707525 0.716762 15.613803 -8.872809 -76.469299 -5.105980 37.360226 -0.252730 -31.679127 -25.834360 -66.976738 2.243541 -5.255032 -3.180155 14.282877 -0.826593 6.952495 -0.000003 -12.690587 0.000002 15.905476 -15.292388 1.985579 1.665664 -1.955920 -2.878297 4.727794 -4.170584 4.993918 11.020513 0.000003 -0.000001 12.109034 -3.735710 -2.866781 0.000001 0.000000 -0.000000 1.291984 -1.928548 -1.498088 14.800111 0.567466 3.865601 14.242554 -1.341735 -6.660650 19.631939 0.143926 -0.648245 49.837204 -1.315805 -5.094064 0.353030 -1.511149 -0.031940 20.222771 3.684305 2.316626 18.787245 0.000004 -0.000002 10.751611 -0.479867 1.397903 0.000001 0.000000 0.000000 3.273802 0.305946 -0.580110 21.486790 11.830361 2.266129 8.162916 0.000002 -0.000001 18.399050 -3.798979 -4.940569 0.000003 -0.000000 -0.000001 -14.256989 -1.973525 -50.846001 -0.146083 -0.207054 3.725523 1.832933 -0.292569 7.405923 1.667208 -1.853944 -0.485484 -0.000000 -0.000000 0.000002 -3.535533 -9.070411 -68.005943 0.078520 0.042424 28.784126 -1.307817 3.901864 1.037394 -1.443779 0.830952 -0.224490 -0.000000 -0.000000 -0.000001 
-0.402973 98.333046 -3.307329 9.658289 -1.909963 37.494759 -1.769859 -0.045662 15.448328 -1.022084 -0.493576 4.121567 -8.257466 -1.830579 19.504568 -10.108249 1.350161 -35.386261 -2.105035 0.865110 -3.277431 4.127162 -6.639514 10.272475 0.000076 -0.000022 0.000006 -0.027739 0.105968 -0.146026 0.926039 -3.690135 -10.666328 -1.012107 3.926084 -10.769255 8.845899 -17.404316 0.147566 -1.946097 -37.958866 -84.536728 131.376541 -80.431717 -127.268463 44.324486 36.258144 -30.770329 -5.882101 9.861278 0.702589 -10.936858 -0.360574 7.156198 -0.000001 8.774813 -0.000001 -17.481796 17.647535 4.620941 -1.844031 2.498503 -2.507276 -10.163590 4.678940 4.621104 -20.975996 -0.000004 0.000002 -21.226255 2.451692 -3.593994 0.000001 -0.000006 -0.000000 -1.362682 2.240796 -0.746323 -21.334892 0.584909 3.008320 -13.821194 -0.000003 0.000002 -23.887125 -0.249076 -0.839481 -60.005497 3.309455 -1.373534 -0.294027 1.679686 0.833255 -14.218192 0.093214 1.300578 -34.212002 -0.287562 0.967168 -20.033176 0.964536 1.212840 0.000001 0.000000 -0.000000 -3.440386 0.788233 0.501655 -15.928164 -3.167307 2.999703 -6.338817 0.000000 0.000001 -18.123415 3.648175 -4.905662 -0.000004 0.000001 -0.000002 -13.025987 22.804365 4.180603 24.736334 -11.272908 -77.817505 -4.573537 52.342621 0.415498 -35.017723 -31.210186 -62.264683 2.243539 -5.255032 -3.180156 14.282877 -0.826594 6.952494 -0.000001 -12.690592 -0.000001 16.280109 -15.254493 1.420728 1.665665 -1.955920 -2.878296 4.727793 -4.170585 4.993918 11.020513 0.000003 -0.000002 12.109035 -3.735709 -2.866781 0.000001 -0.000000 0.000000 1.291985 -1.928547 -1.498087 14.800111 0.567467 3.865602 14.242553 -1.341737 -6.660650 19.631937 0.143926 -0.648245 49.675648 -1.466822 -5.177380 0.353029 -1.511149 -0.031939 20.222767 3.684307 2.316627 18.787245 0.000004 -0.000001 10.751612 -0.479867 1.397903 0.000001 0.000000 -0.000000 3.273804 0.305947 -0.580110 21.486790 11.830361 2.266131 8.162916 0.000002 -0.000002 18.399054 -3.798977 -4.940571 0.000003 0.000000 -0.000000 -13.997620 -1.558080 -47.659641 -0.147732 -0.321849 3.190292 1.263941 -0.908120 7.257459 1.675055 -1.906670 -0.249235 -0.000000 0.000000 0.000002 -3.680560 -9.152349 -65.093536 0.019116 0.055124 29.565828 -1.234305 3.134889 0.259471 -1.449793 0.894056 -0.515132 -0.000000 0.000000 -0.000001 
-0.793314 98.694435 -2.635196 9.301127 -0.782842 34.803738 -1.917221 -0.000292 15.421917 -1.073112 -0.968505 3.837777 -8.460372 -2.315325 20.032822 -9.265692 1.868569 -31.589640 -1.954125 0.665737 -3.180603 3.446408 -5.465551 10.496902 0.000078 -0.000023 0.000005 -0.016690 0.086989 -0.108174 0.929730 -3.714605 -10.609343 -0.985738 3.904897 -10.720012 7.905873 -17.481596 1.950199 -15.987704 -31.573235 -76.229439 157.212997 -73.512512 -153.456970 42.004112 36.813576 -29.116484 -5.882102 9.861279 0.702591 -10.936859 -0.360573 7.156198 0.000001 8.774814 -0.000000 -17.655807 17.325712 4.470570 -1.844032 2.498502 -2.507276 -10.163591 4.678941 4.621105 -20.975996 -0.000002 0.000003 -21.226255 2.451695 -3.593993 0.000000 -0.000006 -0.000001 -1.362682 2.240796 -0.746323 -21.334887 0.584911 3.008321 -13.821197 -0.000002 0.000003 -23.887129 -0.249075 -0.839481 -60.350155 3.161455 -1.564152 -0.294023 1.679687 0.833255 -14.218190 0.093215 1.300580 -34.212002 -0.287560 0.967170 -20.033180 0.964537 1.212841 0.000000 0.000001 0.000000 -3.440387 0.788233 0.501655 -15.928167 -3.167305 2.999704 -6.338817 -0.000000 0.000001 -18.123415 3.648178 -4.905661 -0.000004 0.000000 -0.000002 -8.317328 19.384199 7.223020 34.489105 -13.524719 -77.080963 -0.809426 66.948517 3.375397 -35.197079 -36.570873 -60.117260 2.243539 -5.255031 -3.180155 14.282879 -0.826592 6.952497 -0.000003 -12.690590 0.000001 16.668768 -15.498816 0.896392 1.665665 -1.955920 -2.878298 4.727795 -4.170582 4.993918 11.020513 0.000002 -0.000001 12.109035 -3.735709 -2.866779 0.000002 0.000001 -0.000000 1.291985 -1.928548 -1.498088 14.800113 0.567468 3.865603 14.242553 -1.341733 -6.660646 19.631945 0.143926 -0.648242 50.095375 -1.484615 -5.446737 0.353029 -1.511149 -0.031939 20.222773 3.684306 2.316629 18.787249 0.000006 0.000002 10.751615 -0.479867 1.397904 0.000001 0.000001 0.000000 3.273806 0.305947 -0.580111 21.486795 11.830360 2.266130 8.162917 0.000000 -0.000000 18.399059 -3.798978 -4.940567 0.000002 -0.000000 -0.000001 -13.324942 -0.887264 -44.012974 -0.150617 -0.386547 2.585420 0.656504 -1.485577 7.094776 1.678519 -1.943051 -0.190241 0.000000 0.000000 0.000002 -3.457358 -9.060578 -61.296688 0.019378 0.069287 29.458199 -1.414101 2.669366 -0.389149 -1.463670 0.976950 -0.731831 0.000000 0.000000 -0.000001 
-1.217659 99.161118 -1.894102 8.592957 0.003690 31.726351 -1.998190 -0.040742 15.260831 -1.286286 -1.173984 3.351704 -8.707919 -2.808390 20.795553 -8.278104 2.440965 -25.974779 -1.741882 -0.064394 -3.108875 2.543601 -4.257057 11.662527 0.000076 -0.000022 0.000007 0.005536 0.038097 -0.074933 0.958791 -3.769210 -10.663869 -0.967245 3.857287 -10.736380 6.492065 -17.619648 4.240911 -26.557156 -22.269936 -69.987709 165.411224 -72.317566 -162.167114 36.044094 36.623817 -30.710403 -5.882100 9.861278 0.702589 -10.936859 -0.360576 7.156198 0.000002 8.774813 -0.000002 -17.407013 16.887333 4.763453 -1.844029 2.498503 -2.507276 -10.163589 4.678939 4.621105 -20.975996 -0.000004 0.000003 -21.226255 2.451692 -3.593992 0.000000 -0.000006 -0.000000 -1.362681 2.240796 -0.746323 -21.334892 0.584908 3.008321 -13.821197 -0.000003 0.000003 -23.887131 -0.249078 -0.839480 -60.743828 2.835596 -1.371652 -0.294024 1.679686 0.833255 -14.218195 0.093214 1.300580 -34.212002 -0.287564 0.967171 -20.033180 0.964535 1.212842 -0.000001 -0.000000 -0.000000 -3.440385 0.788232 0.501655 -15.928169 -3.167306 2.999705 -6.338817 -0.000001 0.000001 -18.123413 3.648176 -4.905661 -0.000004 -0.000000 -0.000002 -5.001081 15.123982 9.814191 43.956776 -16.676899 -73.528961 12.909036 79.017044 15.079868 -31.394321 -41.431309 -62.409702 2.243540 -5.255034 -3.180155 14.282875 -0.826595 6.952495 -0.000001 -12.690590 0.000001 16.569420 -15.796433 0.804695 1.665664 -1.955920 -2.878297 4.727794 -4.170585 4.993920 11.020512 0.000002 -0.000004 12.109032 -3.735711 -2.866780 0.000001 0.000000 -0.000002 1.291984 -1.928548 -1.498089 14.800113 0.567466 3.865602 14.242553 -1.341736 -6.660649 19.631939 0.143926 -0.648243 50.625957 -1.387381 -5.655935 0.353030 -1.511150 -0.031939 20.222769 3.684304 2.316629 18.787245 0.000002 -0.000001 10.751610 -0.479868 1.397904 0.000000 0.000001 0.000002 3.273804 0.305945 -0.580110 21.486792 11.830361 2.266131 8.162918 0.000001 -0.000001 18.399050 -3.798981 -4.940568 0.000003 0.000001 -0.000002 -12.145977 -0.084840 -39.956371 -0.149856 -0.420536 1.937293 0.018881 -1.804267 7.011296 1.678611 -1.953634 -0.372554 0.000000 -0.000000 0.000002 -2.860632 -8.826326 -56.496170 0.052708 0.064843 28.082323 -1.865786 2.448732 -0.859188 -1.475543 1.019141 -0.894407 -0.000000 0.000000 -0.000001 
-1.641427 99.693230 -1.050063 7.654433 0.588186 28.445759 -2.041147 -0.177996 14.973792 -1.544846 -1.132152 2.667980 -8.869467 -3.152352 21.486889 -7.374921 3.010575 -19.460394 -1.750351 -0.925176 -3.007452 1.460618 -3.478441 13.657716 0.000076 -0.000022 0.000007 0.010396 -0.008582 -0.069563 1.013600 -3.813696 -10.720448 -1.002749 3.802827 -10.734865 5.076815 -17.409664 6.688359 -33.212532 -13.890401 -62.599022 171.674179 -77.418007 -169.011261 31.173149 32.813072 -32.726707 -5.882101 9.861278 0.702590 -10.936861 -0.360576 7.156198 -0.000000 8.774814 -0.000000 -16.544243 16.708303 5.281287 -1.844031 2.498503 -2.507276 -10.163589 4.678939 4.621103 -20.975992 -0.000004 0.000001 -21.226254 2.451693 -3.593994 0.000001 -0.000007 -0.000000 -1.362681 2.240796 -0.746323 -21.334887 0.584908 3.008320 -13.821194 -0.000004 0.000002 -23.887125 -0.249078 -0.839482 -60.688602 2.422228 -0.992201 -0.294025 1.679685 0.833255 -14.218192 0.093214 1.300579 -34.211998 -0.287564 0.967169 -20.033178 0.964535 1.212841 0.000001 0.000001 -0.000001 -3.440386 0.788233 0.501655 -15.928167 -3.167306 2.999704 -6.338818 -0.000002 0.000001 -18.123413 3.648176 -4.905662 -0.000004 0.000001 -0.000002 -3.203675 10.932502 12.086696 52.493656 -21.195757 -66.910027 77.969025 85.849411 77.455757 -24.659767 -43.980305 -67.002892 2.243540 -5.255033 -3.180156 14.282878 -0.826595 6.952495 -0.000001 -12.690591 0.000000 15.824470 -16.049879 1.297957 1.665665 -1.955920 -2.878296 4.727794 -4.170584 4.993919 11.020513 0.000001 0.000001 12.109034 -3.735712 -2.866780 -0.000000 -0.000001 0.000001 1.291984 -1.928548 -1.498088 14.800113 0.567466 3.865604 14.242553 -1.341736 -6.660648 19.631939 0.143925 -0.648243 50.656773 -1.213414 -5.876051 0.353029 -1.511149 -0.031939 20.222769 3.684303 2.316628 18.787247 0.000001 -0.000001 10.751611 -0.479869 1.397903 0.000000 0.000002 0.000000 3.273804 0.305946 -0.580110 21.486792 11.830362 2.266132 8.162918 0.000000 -0.000001 18.399057 -3.798979 -4.940571 0.000004 0.000001 -0.000002 -10.572083 0.579177 -35.767460 -0.135454 -0.393130 1.523975 -0.667199 -1.876781 6.973835 1.677070 -1.961068 -0.629995 0.000000 0.000000 0.000002 -1.997659 -8.617149 -51.036427 0.096297 0.070514 25.834002 -2.462923 2.366579 -1.055747 -1.481471 1.002500 -1.027352 -0.000000 0.000000 -0.000001 
-1.969688 100.144516 -0.177274 6.568380 1.148927 25.125109 -2.056892 -0.293103 14.544952 -1.711252 -1.033178 1.929371 -8.751485 -3.349050 21.879614 -6.828688 3.463125 -13.076364 -2.000485 -1.569377 -2.872001 0.286873 -3.203165 15.606032 0.000076 -0.000022 0.000006 0.006225 -0.039357 -0.070890 1.058960 -3.836144 -10.734821 -1.049229 3.768954 -10.702161 4.304571 -16.799854 8.803391 -37.071426 -9.266775 -51.383003 -174.673187 -85.945023 177.069168 30.857994 26.852280 -33.471634 -5.882102 9.861279 0.702590 -10.936858 -0.360571 7.156198 0.000001 8.774812 0.000000 -15.636499 16.960196 5.761302 -1.844032 2.498503 -2.507275 -10.163591 4.678940 4.621106 -20.975996 -0.000004 0.000002 -21.226254 2.451692 -3.593993 0.000000 -0.000006 -0.000000 -1.362680 2.240796 -0.746323 -21.334896 0.584909 3.008322 -13.821197 -0.000001 0.000003 -23.887131 -0.249076 -0.839480 -60.363834 2.121545 -0.797195 -0.294024 1.679685 0.833257 -14.218194 0.093214 1.300581 -34.212006 -0.287562 0.967172 -20.033180 0.964536 1.212842 -0.000002 -0.000001 -0.000000 -3.440383 0.788234 0.501657 -15.928167 -3.167305 2.999705 -6.338815 0.000000 0.000001 -18.123413 3.648178 -4.905662 -0.000004 -0.000000 -0.000002 -2.561673 7.366021 14.276925 59.438210 -26.357758 -57.735817 149.240723 81.859772 146.783646 -18.432154 -43.588013 -68.651443 2.243540 -5.255032 -3.180155 14.282878 -0.826595 6.952497 -0.000002 -12.690590 0.000001 14.862188 -16.232119 2.161016 1.665665 -1.955920 -2.878298 4.727794 -4.170583 4.993918 11.020513 0.000001 0.000000 12.109032 -3.735708 -2.866781 0.000000 0.000000 -0.000001 1.291985 -1.928547 -1.498088 14.800113 0.567467 3.865604 14.242554 -1.341734 -6.660649 19.631941 0.143925 -0.648243 49.933071 -1.013543 -6.166619 0.353029 -1.511149 -0.031940 20.222769 3.684304 2.316627 18.787249 0.000004 -0.000001 10.751609 -0.479867 1.397902 -0.000000 0.000002 -0.000001 3.273804 0.305947 -0.580109 21.486790 11.830362 2.266128 8.162917 0.000002 -0.000002 18.399054 -3.798980 -4.940567 0.000004 0.000000 -0.000002 -8.805377 1.005324 -31.663868 -0.100302 -0.305442 1.398549 -1.205583 -1.846590 6.558733 1.665912 -1.987255 -0.834699 -0.000000 0.000000 0.000002 -1.022034 -8.541190 -45.471405 0.123579 0.050451 23.443834 -2.939792 2.159113 -1.157655 -1.480061 0.982245 -1.238301 0.000000 0.000000 -0.000001 
-2.162888 100.499298 0.725475 5.467322 1.658062 21.762321 -2.067625 -0.351092 13.921806 -1.779069 -0.958399 1.176974 -8.393537 -3.524014 22.080929 -6.882672 3.827830 -7.259983 -2.345087 -1.914658 -2.711483 -0.843218 -3.116542 17.362041 0.000077 -0.000023 0.000007 0.016308 -0.062362 -0.086347 1.107849 -3.857853 -10.750697 -1.071857 3.733117 -10.689363 4.500210 -16.087399 10.352543 -39.975304 -9.258611 -36.458504 -11.977139 -84.042397 14.686390 33.892818 21.724520 -34.149277 -5.882099 9.861278 0.702588 -10.936859 -0.360577 7.156197 0.000000 8.774813 -0.000002 -15.106256 17.258268 6.033148 -1.844031 2.498503 -2.507275 -10.163591 4.678937 4.621102 -20.975998 -0.000005 0.000003 -21.226255 2.451688 -3.593992 0.000000 -0.000005 -0.000001 -1.362681 2.240798 -0.746324 -21.334896 0.584910 3.008321 -13.821197 -0.000003 0.000002 -23.887131 -0.249078 -0.839481 -59.905502 2.010028 -0.744890 -0.294025 1.679685 0.833254 -14.218195 0.093215 1.300580 -34.212006 -0.287566 0.967170 -20.033182 0.964533 1.212843 -0.000001 -0.000002 0.000001 -3.440386 0.788234 0.501656 -15.928176 -3.167309 2.999703 -6.338818 -0.000001 0.000001 -18.123413 3.648176 -4.905661 -0.000004 -0.000002 -0.000002 -2.568516 4.538906 16.373772 64.259727 -31.184162 -46.082893 165.718384 76.426987 162.991394 -14.106099 -41.101021 -62.941742 2.243540 -5.255032 -3.180154 14.282878 -0.826593 6.952496 -0.000002 -12.690590 0.000001 14.249197 -16.275572 3.274002 1.665665 -1.955919 -2.878297 4.727794 -4.170584 4.993919 11.020513 0.000001 0.000000 12.109034 -3.735710 -2.866781 -0.000000 0.000001 -0.000000 1.291985 -1.928548 -1.498087 14.800113 0.567467 3.865604 14.242554 -1.341734 -6.660646 19.631941 0.143926 -0.648244 48.610760 -0.967469 -6.397469 0.353029 -1.511149 -0.031940 20.222773 3.684306 2.316628 18.787249 0.000005 -0.000000 10.751612 -0.479868 1.397904 0.000000 -0.000001 -0.000000 3.273804 0.305947 -0.580109 21.486792 11.830362 2.266129 8.162918 0.000002 -0.000001 18.399054 -3.798981 -4.940567 0.000003 0.000000 0.000000 -7.065125 1.135766 -27.547758 -0.049585 -0.179294 1.458267 -1.481034 -1.813259 5.798842 1.645730 -2.003981 -0.838193 0.000000 0.000000 0.000002 -0.055289 -8.767437 -40.041336 0.130438 0.033657 21.379004 -3.079192 1.898627 -1.190147 -1.467940 0.988606 -1.516881 -0.000000 -0.000000 -0.000001 
-2.071088 100.730850 1.636421 4.469617 1.872612 18.617287 -2.168052 -0.361219 13.117708 -1.768180 -0.917579 0.487375 -7.961403 -3.732479 22.122055 -7.667945 4.286527 -2.190044 -2.547974 -1.980339 -2.635583 -1.916016 -2.945854 18.965277 0.000077 -0.000023 0.000005 -0.018558 -0.072314 -0.120257 1.089317 -3.843726 -10.795256 -1.116264 3.714846 -10.708621 5.734760 -15.632960 11.221313 -43.584831 -13.132582 -19.146719 -0.834579 -74.858963 4.044619 38.751503 19.773106 -36.520905 -5.882103 9.861277 0.702590 -10.936858 -0.360574 7.156198 -0.000000 8.774810 -0.000001 -14.927248 17.444258 6.147373 -1.844030 2.498503 -2.507277 -10.163589 4.678942 4.621105 -20.975992 -0.000004 0.000002 -21.226250 2.451695 -3.593995 0.000001 -0.000004 -0.000000 -1.362678 2.240798 -0.746321 -21.334894 0.584910 3.008322 -13.821195 -0.000000 0.000003 -23.887131 -0.249075 -0.839482 -59.631851 2.133728 -0.748992 -0.294023 1.679685 0.833256 -14.218192 0.093215 1.300580 -34.211998 -0.287562 0.967169 -20.033176 0.964537 1.212842 -0.000000 0.000000 0.000001 -3.440385 0.788233 0.501656 -15.928165 -3.167304 2.999705 -6.338815 -0.000001 0.000002 -18.123413 3.648180 -4.905660 -0.000004 0.000001 -0.000002 -2.789255 2.626589 18.325445 66.610840 -34.565357 -32.412010 173.569885 72.061539 172.631760 -9.603874 -35.952633 -43.529232 2.243540 -5.255033 -3.180156 14.282873 -0.826594 6.952495 -0.000002 -12.690591 0.000002 14.859648 -15.507670 4.090670 1.665666 -1.955920 -2.878296 4.727793 -4.170583 4.993919 11.020511 0.000003 -0.000001 12.109031 -3.735709 -2.866781 -0.000001 -0.000000 -0.000002 1.291984 -1.928548 -1.498089 14.800111 0.567467 3.865603 14.242553 -1.341735 -6.660651 19.631937 0.143926 -0.648245 47.241730 -1.110719 -5.985475 0.353029 -1.511149 -0.031941 20.222765 3.684305 2.316625 18.787245 0.000004 -0.000001 10.751610 -0.479868 1.397903 0.000000 -0.000000 0.000000 3.273806 0.305946 -0.580110 21.486788 11.830360 2.266129 8.162916 0.000001 -0.000001 18.399052 -3.798980 -4.940569 0.000003 0.000001 -0.000001 -5.570213 0.956541 -23.663067 0.016897 -0.001312 1.651878 -1.404330 -1.539677 4.692271 1.624170 -2.010353 -0.629680 -0.000000 0.000000 0.000002 0.711533 -9.370034 -35.239956 0.095474 0.013466 19.959890 -2.789202 1.917810 -1.284360 -1.457326 0.990167 -1.834066 0.000000 0.000000 -0.000001 
-1.902350 100.816055 2.480418 3.592581 1.696442 15.964417 -2.402982 -0.267248 12.221118 -1.650152 -1.022571 -0.089000 -7.581945 -3.888435 21.866463 -8.951382 5.060563 2.019526 -2.615942 -1.881878 -2.626691 -3.081120 -2.632206 20.487017 0.000076 -0.000023 0.000006 -0.085032 -0.036797 -0.157542 1.010973 -3.813540 -10.872162 -1.172297 3.740449 -10.791749 7.821803 -15.708920 11.697608 -48.821785 -19.281101 -2.344742 3.159683 -68.072998 0.096720 44.234692 22.141624 -41.347599 -5.882102 9.861278 0.702590 -10.936861 -0.360576 7.156196 0.000001 8.774810 -0.000001 -14.916484 17.454567 6.137521 -1.844031 2.498502 -2.507275 -10.163590 4.678941 4.621104 -20.975996 -0.000004 0.000003 -21.226255 2.451694 -3.593993 0.000000 -0.000004 -0.000000 -1.362681 2.240798 -0.746323 -21.334892 0.584907 3.008320 -13.821197 -0.000004 0.000002 -23.887131 -0.249077 -0.839482 -59.389980 2.381623 -0.858109 -0.294023 1.679687 0.833255 -14.218194 0.093213 1.300579 -34.212002 -0.287564 0.967170 -20.033180 0.964535 1.212842 0.000000 0.000001 0.000001 -3.440385 0.788233 0.501655 -15.928169 -3.167306 2.999704 -6.338817 0.000001 0.000001 -18.123415 3.648176 -4.905662 -0.000005 0.000002 -0.000002 -2.657098 1.749739 19.994938 67.170372 -35.158638 -19.700224 176.834488 68.644447 179.107025 -4.583511 -28.120457 -16.266083 2.243539 -5.255033 -3.180155 14.282878 -0.826592 6.952497 -0.000004 -12.690590 -0.000000 15.943817 -14.489262 3.314177 1.665666 -1.955920 -2.878297 4.727795 -4.170583 4.993920 11.020513 0.000004 -0.000000 12.109031 -3.735707 -2.866779 0.000001 0.000001 -0.000000 1.291985 -1.928548 -1.498088 14.800114 0.567469 3.865604 14.242553 -1.341734 -6.660648 19.631939 0.143926 -0.648242 48.534794 -0.655400 -4.779742 0.353028 -1.511150 -0.031939 20.222773 3.684307 2.316630 18.787247 0.000006 0.000001 10.751612 -0.479868 1.397905 0.000000 0.000000 0.000001 3.273807 0.305946 -0.580110 21.486795 11.830364 2.266133 8.162918 0.000002 0.000000 18.399055 -3.798978 -4.940566 0.000003 0.000000 -0.000000 -4.360003 0.621441 -20.336857 0.060143 0.145677 1.927980 -1.100080 -0.904721 3.238991 1.609396 -2.063524 -0.270723 0.000000 -0.000000 0.000002 1.365384 -10.190171 -31.279959 0.049164 -0.017404 18.912939 -2.410480 2.457633 -1.603574 -1.458253 0.968794 -2.022725 -0.000000 -0.000000 -0.000001 
-1.719948 100.893021 3.219275 2.766380 1.317189 13.772923 -2.657413 -0.224305 11.400253 -1.553395 -1.166998 -0.595104 -7.179226 -4.009894 21.500309 -10.494529 6.197484 5.280132 -2.634797 -1.872391 -2.616400 -4.185073 -2.214818 21.966452 0.000077 -0.000022 0.000006 -0.132526 -0.029405 -0.187061 0.962330 -3.806465 -10.948823 -1.226891 3.751257 -10.899021 10.325479 -16.194000 11.872094 -55.292847 -25.839617 11.637304 3.043374 -64.346420 -0.429106 49.908764 27.426205 -47.551052 -5.882102 9.861278 0.702587 -10.936858 -0.360575 7.156196 0.000000 8.774811 -0.000002 -15.191055 17.277130 5.914922 -1.844031 2.498500 -2.507277 -10.163589 4.678939 4.621103 -20.975994 -0.000002 0.000001 -21.226254 2.451696 -3.593995 -0.000002 -0.000004 0.000000 -1.362681 2.240796 -0.746323 -21.334887 0.584910 3.008318 -13.821195 -0.000002 0.000000 -23.887131 -0.249079 -0.839485 -58.884670 2.423870 -0.871314 -0.294025 1.679686 0.833255 -14.218194 0.093214 1.300579 -34.211998 -0.287563 0.967168 -20.033176 0.964537 1.212840 -0.000000 0.000000 0.000000 -3.440386 0.788233 0.501655 -15.928169 -3.167305 2.999704 -6.338817 0.000000 0.000001 -18.123413 3.648181 -4.905663 -0.000003 -0.000001 -0.000001 -1.800972 1.697455 21.165854 67.421844 -32.606098 -10.540054 176.681091 66.320496 -178.413910 -3.617949 -22.186472 -2.478341 2.243539 -5.255033 -3.180155 14.282878 -0.826591 6.952495 -0.000003 -12.690590 0.000000 16.248419 -15.479856 2.662415 1.665664 -1.955920 -2.878297 4.727794 -4.170582 4.993918 11.020514 0.000004 -0.000002 12.109035 -3.735710 -2.866779 0.000001 -0.000001 -0.000003 1.291985 -1.928547 -1.498088 14.800113 0.567470 3.865603 14.242554 -1.341734 -6.660648 19.631939 0.143927 -0.648243 49.775093 -0.332478 -4.846161 0.353029 -1.511149 -0.031939 20.222773 3.684308 2.316630 18.787247 0.000006 -0.000001 10.751612 -0.479868 1.397902 -0.000000 0.000001 -0.000001 3.273804 0.305947 -0.580111 21.486795 11.830363 2.266132 8.162918 0.000002 0.000001 18.399055 -3.798978 -4.940566 0.000002 0.000000 -0.000001 -3.283398 0.108471 -17.616428 0.081862 0.224515 2.293256 -0.804755 -0.094297 2.033057 1.604448 -2.081370 -0.040559 -0.000000 0.000000 0.000002 1.924220 -10.951660 -27.978029 0.012620 -0.054179 17.996147 -2.102492 3.185962 -1.620197 -1.462141 0.995535 -2.134648 0.000000 0.000000 -0.000001 
-1.490788 100.976524 3.856248 1.967787 0.914678 11.970945 -2.848036 -0.261780 10.616906 -1.458350 -1.373578 -1.075333 -6.675083 -4.084171 21.121769 -12.022296 7.482880 7.881765 -2.656398 -1.899879 -2.577986 -5.201204 -1.805688 23.190912 0.000076 -0.000023 0.000006 -0.140037 -0.072870 -0.224853 0.975950 -3.844592 -11.047738 -1.256246 3.720589 -11.018766 12.957647 -16.936945 11.712768 -62.349667 -32.207340 23.868719 1.256161 -62.484016 0.645191 55.485279 35.253895 -54.745964 -5.882100 9.861279 0.702590 -10.936861 -0.360573 7.156198 0.000000 8.774815 -0.000001 -15.510336 16.872782 5.644355 -1.844032 2.498503 -2.507276 -10.163590 4.678937 4.621104 -20.975996 -0.000004 0.000004 -21.226255 2.451692 -3.593992 -0.000001 -0.000005 -0.000000 -1.362679 2.240795 -0.746325 -21.334890 0.584909 3.008319 -13.821197 -0.000001 0.000002 -23.887131 -0.249080 -0.839480 -57.887379 2.320753 -0.628856 -0.294024 1.679685 0.833254 -14.218194 0.093216 1.300579 -34.211998 -0.287563 0.967171 -20.033178 0.964537 1.212842 0.000001 0.000002 -0.000001 -3.440386 0.788232 0.501656 -15.928169 -3.167304 2.999703 -6.338817 -0.000002 0.000002 -18.123415 3.648176 -4.905663 -0.000004 0.000001 -0.000002 -0.424156 2.274362 21.756735 67.574326 -27.265951 -4.145350 176.397827 65.896698 -177.407867 -6.421614 -17.177053 4.102360 2.243539 -5.255033 -3.180154 14.282875 -0.826594 6.952495 -0.000002 -12.690590 0.000002 16.881712 -16.731550 2.334613 1.665665 -1.955920 -2.878296 4.727793 -4.170584 4.993919 11.020513 0.000003 -0.000001 12.109031 -3.735710 -2.866778 0.000000 0.000000 -0.000002 1.291984 -1.928548 -1.498088 14.800114 0.567467 3.865604 14.242553 -1.341735 -6.660647 19.631939 0.143925 -0.648245 50.520046 -0.317347 -5.239746 0.353029 -1.511150 -0.031941 20.222765 3.684304 2.316627 18.787245 0.000004 -0.000000 10.751610 -0.479868 1.397903 0.000000 -0.000000 -0.000000 3.273803 0.305947 -0.580109 21.486790 11.830361 2.266132 8.162916 0.000001 0.000000 18.399054 -3.798978 -4.940567 0.000003 0.000000 -0.000002 -2.314570 -0.538585 -15.476588 0.100447 0.219594 2.819250 -0.546448 0.776141 1.059724 1.599817 -2.066157 0.052428 0.000000 0.000000 0.000002 2.361687 -11.523996 -25.059488 0.006745 -0.089946 16.892035 -1.770446 3.919148 -1.377458 -1.458953 1.037696 -2.279911 0.000000 -0.000000 -0.000001 
-1.205927 101.051941 4.344707 1.266957 0.533227 10.395391 -2.958309 -0.329890 9.890852 -1.386359 -1.565119 -1.541055 -5.925638 -4.101349 20.792049 -13.220885 8.743320 10.159459 -2.754987 -2.001849 -2.529879 -6.221206 -1.541423 24.104919 0.000075 -0.000023 0.000006 -0.142522 -0.097487 -0.239982 1.003042 -3.869720 -11.130297 -1.283395 3.677665 -11.123752 15.516399 -17.795717 11.342126 -69.677559 -38.165833 36.135361 0.038572 -61.471481 1.469758 60.480133 46.151947 -64.308762 -5.882102 9.861277 0.702589 -10.936860 -0.360577 7.156196 -0.000000 8.774813 -0.000002 -15.755944 16.414425 5.315376 -1.844031 2.498505 -2.507277 -10.163589 4.678940 4.621102 -20.975998 -0.000006 0.000002 -21.226255 2.451693 -3.593995 -0.000001 -0.000005 -0.000002 -1.362680 2.240796 -0.746324 -21.334885 0.584906 3.008319 -13.821194 -0.000003 0.000002 -23.887125 -0.249079 -0.839482 -56.550602 2.154918 -0.378148 -0.294024 1.679685 0.833253 -14.218194 0.093214 1.300579 -34.211998 -0.287565 0.967169 -20.033178 0.964533 1.212843 0.000000 0.000000 -0.000000 -3.440384 0.788234 0.501656 -15.928169 -3.167310 2.999702 -6.338815 0.000000 0.000001 -18.123413 3.648177 -4.905663 -0.000005 -0.000000 -0.000002 1.053600 3.375018 21.953276 67.229141 -19.266146 1.375747 177.887833 68.792450 -175.995514 -11.806686 -10.837710 9.110418 2.243541 -5.255033 -3.180156 14.282877 -0.826593 6.952495 -0.000002 -12.690590 -0.000001 17.029455 -17.641666 2.560328 1.665666 -1.955920 -2.878297 4.727794 -4.170585 4.993918 11.020512 0.000003 -0.000001 12.109032 -3.735710 -2.866779 -0.000000 -0.000000 0.000000 1.291983 -1.928547 -1.498088 14.800113 0.567468 3.865604 14.242553 -1.341734 -6.660650 19.631941 0.143926 -0.648242 50.824596 -0.558266 -5.514176 0.353027 -1.511149 -0.031940 20.222769 3.684307 2.316628 18.787245 0.000005 -0.000000 10.751612 -0.479868 1.397903 -0.000000 -0.000001 0.000002 3.273805 0.305946 -0.580109 21.486790 11.830364 2.266131 8.162916 0.000002 -0.000002 18.399054 -3.798980 -4.940569 0.000003 -0.000000 -0.000003 -1.530138 -1.341724 -13.773168 0.122253 0.198102 3.541781 -0.264420 1.675717 0.268836 1.594993 -2.081354 0.002658 -0.000000 0.000000 0.000002 2.589869 -11.853357 -22.338495 0.038643 -0.129265 15.535678 -1.342453 4.539883 -0.993594 -1.449533 1.058382 -2.472838 -0.000000 -0.000000 -0.000001 
-0.928487 101.048828 4.660164 0.609459 0.263134 8.930907 -2.909171 -0.363487 9.273918 -1.345403 -1.657344 -1.890270 -4.864625 -4.121069 20.528967 -13.881353 9.786692 12.304342 -2.896747 -2.193113 -2.474761 -7.296320 -1.526440 24.569384 0.000076 -0.000022 0.000006 -0.121920 -0.132568 -0.250761 1.034392 -3.889401 -11.106333 -1.273503 3.644740 -11.145171 17.969278 -18.708456 10.889364 -76.900154 -43.592422 49.229527 0.048447 -61.264820 1.281455 63.433582 60.572189 -79.985840 -5.882100 9.861278 0.702589 -10.936861 -0.360575 7.156197 0.000003 8.774816 -0.000001 -15.865398 16.234818 5.114498 -1.844031 2.498502 -2.507277 -10.163589 4.678937 4.621102 -20.975992 -0.000004 0.000003 -21.226250 2.451693 -3.593991 0.000001 -0.000006 0.000000 -1.362682 2.240797 -0.746323 -21.334887 0.584905 3.008319 -13.821195 -0.000004 0.000001 -23.887131 -0.249080 -0.839480 -55.211979 2.031154 -0.209996 -0.294024 1.679686 0.833255 -14.218190 0.093212 1.300578 -34.212002 -0.287566 0.967171 -20.033178 0.964535 1.212845 0.000001 -0.000000 0.000001 -3.440385 0.788232 0.501654 -15.928167 -3.167307 2.999704 -6.338815 -0.000001 0.000000 -18.123413 3.648175 -4.905660 -0.000004 0.000001 -0.000001 2.282592 4.936790 21.925940 66.360519 -9.342503 5.387482 -179.504242 75.641922 -174.389633 -17.259226 -4.455540 14.152804 2.243540 -5.255033 -3.180155 14.282877 -0.826596 6.952495 -0.000002 -12.690587 0.000000 16.429852 -18.134409 2.981869 1.665666 -1.955920 -2.878296 4.727793 -4.170581 4.993919 11.020512 0.000002 -0.000001 12.109033 -3.735710 -2.866781 0.000000 -0.000000 -0.000001 1.291986 -1.928549 -1.498087 14.800114 0.567468 3.865606 14.242554 -1.341736 -6.660648 19.631939 0.143925 -0.648245 50.688076 -0.742611 -5.586462 0.353028 -1.511150 -0.031940 20.222771 3.684305 2.316628 18.787247 0.000003 -0.000001 10.751611 -0.479868 1.397903 0.000001 -0.000001 0.000001 3.273805 0.305947 -0.580110 21.486790 11.830360 2.266133 8.162916 0.000001 -0.000002 18.399055 -3.798979 -4.940568 0.000003 -0.000001 -0.000001 -0.851671 -2.049275 -12.423082 0.143083 0.169989 4.491472 -0.043782 2.405859 -0.701153 1.595402 -2.114583 -0.123929 0.000000 -0.000000 0.000002 2.728811 -11.879132 -19.653967 0.083666 -0.167234 13.828026 -0.923603 4.794014 -0.747127 -1.440577 1.073310 -2.681132 0.000000 0.000000 -0.000001 
-0.675225 101.065811 4.690469 -0.008026 0.245644 7.680815 -2.714713 -0.279053 8.925891 -1.293658 -1.672777 -2.173633 -3.690219 -4.200367 20.360971 -13.810763 10.496406 14.369643 -2.990220 -2.567865 -2.432698 -8.107445 -1.835964 24.550859 0.000076 -0.000022 0.000005 -0.101115 -0.145667 -0.261431 1.059910 -3.883175 -11.010295 -1.259539 3.606232 -11.061094 20.518259 -19.549654 10.286977 -83.396500 -48.563381 63.201942 2.552690 -62.552597 -1.141354 56.649368 76.920181 -110.284225 -5.882101 9.861278 0.702591 -10.936858 -0.360574 7.156195 0.000002 8.774813 0.000001 -15.688590 16.835085 5.366155 -1.844030 2.498501 -2.507277 -10.163589 4.678940 4.621105 -20.975994 -0.000003 0.000004 -21.226255 2.451694 -3.593992 0.000001 -0.000007 0.000001 -1.362680 2.240796 -0.746324 -21.334892 0.584908 3.008318 -13.821197 -0.000003 0.000003 -23.887131 -0.249080 -0.839480 -54.799061 2.055623 -0.144321 -0.294025 1.679686 0.833256 -14.218194 0.093214 1.300578 -34.212002 -0.287562 0.967170 -20.033180 0.964535 1.212842 0.000000 -0.000002 0.000000 -3.440385 0.788233 0.501654 -15.928167 -3.167307 2.999704 -6.338815 0.000000 0.000002 -18.123413 3.648178 -4.905659 -0.000005 0.000001 -0.000003 3.021883 7.006134 21.880726 65.727386 1.394967 6.998610 -171.059784 85.766212 -166.857941 -22.075001 0.303542 18.101324 2.243542 -5.255033 -3.180155 14.282873 -0.826593 6.952495 -0.000002 -12.690592 -0.000001 15.699336 -18.381405 3.304371 1.665666 -1.955922 -2.878297 4.727792 -4.170582 4.993916 11.020511 0.000002 -0.000001 12.109033 -3.735710 -2.866781 -0.000000 0.000000 -0.000000 1.291985 -1.928547 -1.498087 14.800113 0.567466 3.865602 14.242551 -1.341735 -6.660648 19.631937 0.143925 -0.648244 50.462536 -0.784595 -5.502729 0.353029 -1.511150 -0.031941 20.222769 3.684306 2.316629 18.787245 0.000004 -0.000000 10.751611 -0.479867 1.397906 -0.000001 -0.000001 -0.000001 3.273804 0.305946 -0.580110 21.486790 11.830363 2.266130 8.162916 0.000000 -0.000001 18.399052 -3.798980 -4.940568 0.000003 0.000001 -0.000003 -0.204309 -2.710489 -11.645757 0.147061 0.156905 5.737187 0.210762 3.002179 -1.398836 1.603236 -2.130797 -0.277996 -0.000000 0.000000 0.000002 2.884034 -11.607143 -17.219763 0.103304 -0.195518 11.808763 -0.699770 4.477427 -0.136888 -1.430331 1.099307 -2.808651 0.000000 -0.000000 -0.000001 
-0.581669 101.050629 4.326768 -0.509440 0.827223 6.850011 -2.390372 -0.107642 8.833199 -1.220025 -1.622269 -2.324892 -2.540286 -4.277913 20.285006 -12.611221 10.342846 16.535295 -3.141218 -3.014547 -2.426893 -8.481206 -2.458832 24.143284 0.000077 -0.000022 0.000006 -0.078647 -0.154213 -0.266931 1.065408 -3.877585 -10.898764 -1.206035 3.585487 -10.924074 23.010912 -20.189154 9.520204 -89.484718 -52.619167 75.536865 6.315176 -64.364296 -4.904840 -17.226101 84.789841 154.829559 -5.882099 9.861279 0.702590 -10.936858 -0.360576 7.156198 0.000001 8.774815 -0.000001 -15.243122 17.750750 5.978550 -1.844030 2.498503 -2.507276 -10.163589 4.678939 4.621104 -20.975992 -0.000004 0.000004 -21.226248 2.451692 -3.593992 0.000000 -0.000006 -0.000000 -1.362680 2.240797 -0.746323 -21.334892 0.584907 3.008322 -13.821193 -0.000003 0.000002 -23.887125 -0.249078 -0.839481 -55.912651 2.193121 -0.183279 -0.294024 1.679686 0.833256 -14.218190 0.093214 1.300579 -34.212002 -0.287566 0.967172 -20.033180 0.964534 1.212844 -0.000000 -0.000001 -0.000001 -3.440386 0.788233 0.501655 -15.928167 -3.167309 2.999705 -6.338814 -0.000000 0.000001 -18.123411 3.648176 -4.905660 -0.000005 0.000000 -0.000003 3.401160 9.374356 21.714497 65.773766 11.975973 6.965006 -11.108522 81.327820 -7.625828 -26.919250 3.577806 18.698561 2.243541 -5.255033 -3.180156 14.282873 -0.826592 6.952497 -0.000003 -12.690590 -0.000001 15.106325 -18.464323 3.581400 1.665665 -1.955919 -2.878297 4.727793 -4.170582 4.993918 11.020511 0.000003 0.000000 12.109032 -3.735709 -2.866781 -0.000001 0.000001 -0.000001 1.291983 -1.928548 -1.498088 14.800111 0.567466 3.865604 14.242553 -1.341735 -6.660650 19.631935 0.143924 -0.648245 50.344765 -0.834615 -5.311773 0.353028 -1.511150 -0.031939 20.222767 3.684306 2.316629 18.787243 0.000004 -0.000000 10.751609 -0.479869 1.397905 0.000000 0.000000 -0.000001 3.273803 0.305946 -0.580110 21.486790 11.830359 2.266132 8.162914 0.000000 0.000000 18.399054 -3.798976 -4.940567 0.000003 0.000002 -0.000002 0.447408 -3.457311 -11.819315 0.157046 0.177372 7.327913 0.376531 3.293075 -1.916080 1.610912 -2.106998 -0.447876 -0.000000 0.000000 0.000002 3.134405 -11.170665 -15.446362 0.106062 -0.184415 9.740299 -0.797198 3.467756 0.569105 -1.424460 1.116614 -2.787518 -0.000000 -0.000000 -0.000001 
-0.628818 101.084915 3.771855 -0.912260 2.171805 6.459568 -1.956601 0.055321 8.966496 -1.131204 -1.497943 -2.360626 -1.492534 -4.280118 20.456074 -10.508910 9.213929 18.730509 -3.325298 -3.486917 -2.413706 -8.497639 -3.324583 23.709845 0.000076 -0.000023 0.000006 -0.032506 -0.144966 -0.266452 1.092253 -3.828875 -10.814487 -1.156846 3.572306 -10.814598 25.058189 -20.426872 8.712777 -95.577156 -55.174145 84.261406 8.049129 -65.136993 -6.650600 -55.772320 80.835388 105.095970 -5.882100 9.861279 0.702590 -10.936858 -0.360576 7.156197 0.000001 8.774815 -0.000002 -15.069111 18.215416 6.325619 -1.844031 2.498503 -2.507276 -10.163589 4.678939 4.621103 -20.975996 -0.000004 0.000003 -21.226255 2.451693 -3.593993 0.000002 -0.000006 -0.000000 -1.362681 2.240797 -0.746323 -21.334887 0.584907 3.008321 -13.821194 -0.000003 0.000002 -23.887129 -0.249078 -0.839480 -57.155243 2.294748 -0.289976 -0.294024 1.679686 0.833255 -14.218194 0.093213 1.300580 -34.212002 -0.287564 0.967172 -20.033178 0.964535 1.212843 -0.000000 0.000000 -0.000001 -3.440386 0.788232 0.501655 -15.928169 -3.167308 2.999705 -6.338817 -0.000001 0.000001 -18.123415 3.648175 -4.905661 -0.000006 0.000000 -0.000002 3.593604 11.682843 21.299746 66.124977 21.008181 5.290525 -7.288351 68.300003 -4.397348 -31.159164 4.983970 15.898833 2.243539 -5.255032 -3.180154 14.282875 -0.826593 6.952496 -0.000002 -12.690588 -0.000001 14.710920 -18.441380 3.807868 1.665664 -1.955919 -2.878298 4.727794 -4.170586 4.993919 11.020509 0.000002 -0.000002 12.109029 -3.735708 -2.866778 0.000000 0.000001 0.000001 1.291984 -1.928548 -1.498087 14.800109 0.567465 3.865602 14.242553 -1.341735 -6.660650 19.631937 0.143925 -0.648244 50.234055 -0.920339 -5.174838 0.353027 -1.511150 -0.031939 20.222767 3.684305 2.316626 18.787241 0.000004 -0.000001 10.751610 -0.479868 1.397903 -0.000000 -0.000000 -0.000001 3.273804 0.305946 -0.580109 21.486788 11.830363 2.266131 8.162915 0.000001 -0.000002 18.399050 -3.798979 -4.940568 0.000003 0.000000 -0.000003 1.084551 -4.300582 -12.689551 0.175064 0.233231 8.821836 0.432459 3.093996 -1.864658 1.616566 -2.044388 -0.602464 0.000000 0.000000 0.000002 3.443295 -10.822669 -14.270710 0.086073 -0.187541 7.768691 -1.141655 1.944061 1.541896 -1.429095 1.130013 -2.700364 0.000000 -0.000000 -0.000001 
-0.922730 101.124466 3.042535 -1.236657 4.435458 6.442940 -1.461714 0.190390 9.158911 -1.021235 -1.386940 -2.303537 -0.582277 -4.169531 20.921715 -7.428001 7.206600 21.161686 -3.399244 -4.114487 -2.439475 -8.228455 -4.269286 23.381655 0.000076 -0.000023 0.000006 0.016433 -0.139700 -0.249063 1.143675 -3.795319 -10.819654 -1.108163 3.554108 -10.793582 26.461809 -20.317877 8.185754 -101.724358 -56.075798 90.268028 7.879781 -63.941784 -6.382492 -47.659340 79.538124 111.322853 -5.882101 9.861280 0.702588 -10.936858 -0.360576 7.156196 0.000002 8.774814 -0.000002 -15.046467 18.259310 6.398194 -1.844031 2.498503 -2.507276 -10.163589 4.678940 4.621102 -20.975992 -0.000005 0.000001 -21.226255 2.451691 -3.593995 0.000003 -0.000006 -0.000000 -1.362680 2.240797 -0.746323 -21.334887 0.584907 3.008318 -13.821197 -0.000004 0.000001 -23.887131 -0.249080 -0.839481 -57.494713 2.372489 -0.410536 -0.294024 1.679686 0.833255 -14.218192 0.093214 1.300578 -34.212002 -0.287565 0.967169 -20.033180 0.964534 1.212841 0.000000 0.000000 -0.000000 -3.440385 0.788233 0.501655 -15.928169 -3.167307 2.999703 -6.338815 -0.000001 0.000000 -18.123411 3.648176 -4.905662 -0.000007 0.000001 -0.000002 3.495960 13.586987 20.603792 66.588264 27.929625 2.403822 -5.507613 56.463383 -3.103607 -34.036701 4.685666 10.804603 2.243541 -5.255033 -3.180157 14.282877 -0.826592 6.952496 -0.000003 -12.690591 -0.000001 14.492392 -18.351231 3.865077 1.665664 -1.955921 -2.878296 4.727795 -4.170585 4.993918 11.020509 0.000004 -0.000002 12.109029 -3.735708 -2.866781 -0.000001 0.000001 -0.000001 1.291986 -1.928550 -1.498089 14.800113 0.567468 3.865601 14.242554 -1.341733 -6.660650 19.631939 0.143926 -0.648246 49.967522 -1.055637 -5.170931 0.353029 -1.511149 -0.031938 20.222771 3.684305 2.316626 18.787245 0.000006 0.000001 10.751612 -0.479868 1.397903 -0.000000 -0.000001 -0.000002 3.273805 0.305947 -0.580109 21.486790 11.830364 2.266129 8.162913 0.000003 -0.000001 18.399052 -3.798978 -4.940567 0.000003 0.000000 -0.000002 1.799542 -5.270060 -14.039555 0.174758 0.272266 9.887350 0.221604 2.155611 -1.398193 1.614089 -1.973243 -0.710254 -0.000000 0.000000 0.000002 3.863846 -10.861818 -13.618717 0.080757 -0.223047 5.943298 -1.696531 0.020299 2.545188 -1.440581 1.133758 -2.605926 0.000000 -0.000000 -0.000001 
-1.362648 101.168610 2.314678 -1.417413 7.500575 6.743644 -0.970044 0.260259 9.394388 -0.904369 -1.293494 -2.228137 0.107096 -4.000868 21.623444 -3.812173 4.701519 23.357803 -3.333441 -4.917505 -2.494138 -7.859001 -5.239965 23.260092 0.000076 -0.000023 0.000006 0.043730 -0.112350 -0.249606 1.155332 -3.742198 -10.879676 -1.054594 3.554376 -10.830994 26.815754 -19.984653 8.173128 -106.627708 -54.911785 92.915550 6.905783 -60.679321 -5.174601 -13.143317 79.431183 152.579880 -5.882102 9.861279 0.702590 -10.936860 -0.360576 7.156198 0.000001 8.774815 -0.000001 -15.016562 18.003126 6.241465 -1.844031 2.498502 -2.507276 -10.163592 4.678940 4.621105 -20.975998 -0.000005 0.000005 -21.226255 2.451692 -3.593992 0.000002 -0.000006 -0.000000 -1.362681 2.240797 -0.746323 -21.334896 0.584907 3.008322 -13.821199 -0.000004 0.000003 -23.887136 -0.249079 -0.839478 -56.894154 2.361245 -0.499850 -0.294024 1.679686 0.833255 -14.218195 0.093213 1.300580 -34.212013 -0.287567 0.967173 -20.033186 0.964534 1.212845 -0.000000 0.000000 0.000000 -3.440386 0.788232 0.501655 -15.928169 -3.167308 2.999705 -6.338817 -0.000002 0.000002 -18.123417 3.648176 -4.905660 -0.000007 0.000000 -0.000002 3.352314 14.844106 19.977819 66.981812 32.598461 -1.230937 -3.984990 47.479721 -2.054401 -35.382565 3.372032 4.395811 2.243540 -5.255032 -3.180156 14.282875 -0.826592 6.952499 -0.000002 -12.690592 0.000000 14.275368 -18.160313 3.854403 1.665663 -1.955922 -2.878297 4.727794 -4.170581 4.993920 11.020512 0.000003 -0.000001 12.109032 -3.735712 -2.866777 0.000000 0.000000 -0.000001 1.291983 -1.928547 -1.498087 14.800111 0.567467 3.865605 14.242554 -1.341737 -6.660647 19.631937 0.143923 -0.648243 49.605167 -1.143493 -5.235999 0.353029 -1.511150 -0.031941 20.222767 3.684308 2.316631 18.787247 0.000002 0.000001 10.751610 -0.479868 1.397905 0.000000 -0.000002 0.000001 3.273803 0.305946 -0.580109 21.486790 11.830363 2.266131 8.162915 0.000003 -0.000001 18.399052 -3.798980 -4.940566 0.000003 0.000001 -0.000002 2.467243 -6.466704 -15.489386 0.163965 0.270703 10.124660 -0.263587 0.495111 -0.507453 1.603064 -1.923232 -0.796838 0.000000 -0.000000 0.000002 4.305918 -11.320292 -13.551843 0.065803 -0.299123 4.624158 -2.314736 -2.283365 3.359223 -1.448777 1.106087 -2.576638 -0.000000 0.000000 -0.000001 
-1.925281 101.194847 1.646880 -1.256926 11.078625 7.313262 -0.553613 0.243407 9.478559 -0.770706 -1.269404 -2.153694 0.557544 -3.810622 22.611286 -0.426469 2.252850 24.796656 -3.269766 -5.781727 -2.552889 -7.514570 -6.244329 23.303310 0.000077 -0.000021 0.000006 0.063544 -0.110396 -0.234887 1.163695 -3.712018 -10.917568 -1.038373 3.524164 -10.881166 25.755316 -19.688341 8.742517 -108.178810 -52.196735 90.520126 5.579404 -56.633396 -3.454900 24.609190 74.228867 -155.430695 -5.882100 9.861279 0.702589 -10.936858 -0.360575 7.156196 -0.000001 8.774814 -0.000001 -15.236759 17.586031 5.874075 -1.844030 2.498503 -2.507276 -10.163589 4.678940 4.621104 -20.975992 -0.000002 0.000003 -21.226254 2.451693 -3.593993 0.000002 -0.000005 -0.000000 -1.362680 2.240797 -0.746322 -21.334885 0.584909 3.008321 -13.821197 -0.000002 0.000002 -23.887129 -0.249077 -0.839482 -55.958183 2.265327 -0.518628 -0.294024 1.679686 0.833256 -14.218190 0.093214 1.300580 -34.211998 -0.287562 0.967171 -20.033180 0.964536 1.212841 0.000000 -0.000000 -0.000000 -3.440384 0.788233 0.501656 -15.928167 -3.167305 2.999704 -6.338813 -0.000001 0.000002 -18.123411 3.648177 -4.905661 -0.000007 -0.000000 -0.000002 3.458331 15.535860 19.555931 67.380463 35.022816 -5.450669 -2.602273 42.483849 -1.195501 -35.730640 2.402167 -2.735466 2.243540 -5.255033 -3.180156 14.282877 -0.826591 6.952494 -0.000003 -12.690593 0.000000 14.160933 -17.915470 3.787521 1.665665 -1.955921 -2.878296 4.727793 -4.170583 4.993918 11.020512 0.000006 -0.000001 12.109033 -3.735708 -2.866779 0.000000 -0.000001 0.000001 1.291984 -1.928546 -1.498088 14.800113 0.567469 3.865604 14.242553 -1.341734 -6.660649 19.631939 0.143929 -0.648244 49.232246 -1.196173 -5.419566 0.353028 -1.511147 -0.031942 20.222771 3.684306 2.316627 18.787245 0.000006 -0.000001 10.751611 -0.479867 1.397903 0.000000 0.000000 0.000000 3.273804 0.305947 -0.580110 21.486790 11.830363 2.266131 8.162916 0.000002 -0.000000 18.399050 -3.798978 -4.940566 0.000003 0.000000 -0.000002 2.863923 -7.926713 -16.666954 0.145746 0.215047 9.155185 -1.002123 -1.598760 0.883368 1.594354 -1.908279 -0.841570 0.000000 -0.000000 0.000002 4.586274 -12.242921 -14.296341 0.040522 -0.361048 4.364634 -2.761042 -4.767885 3.576881 -1.452324 1.065168 -2.455743 -0.000000 -0.000000 -0.000001 
-2.518861 101.214424 1.167336 -0.739523 14.725318 7.965977 -0.232135 0.127410 9.339101 -0.625839 -1.226504 -2.068471 0.709162 -3.676053 23.745480 2.128317 0.566646 25.534037 -3.268492 -6.642108 -2.532388 -7.119233 -7.247440 23.348440 0.000076 -0.000023 0.000006 0.075085 -0.103526 -0.238440 1.173235 -3.688171 -10.925567 -1.019325 3.516631 -10.902222 23.730473 -19.498846 9.732739 -106.288246 -48.857594 83.446541 4.269695 -53.366352 -1.926641 42.929012 65.104965 -118.297340 -5.882102 9.861278 0.702590 -10.936860 -0.360573 7.156198 0.000002 8.774815 -0.000001 -15.573741 17.064512 5.559906 -1.844031 2.498502 -2.507277 -10.163589 4.678941 4.621104 -20.975996 -0.000003 0.000003 -21.226254 2.451694 -3.593993 0.000000 -0.000006 0.000000 -1.362681 2.240796 -0.746323 -21.334894 0.584910 3.008321 -13.821197 -0.000002 0.000005 -23.887131 -0.249075 -0.839481 -55.473507 2.145826 -0.463655 -0.294025 1.679685 0.833257 -14.218194 0.093215 1.300581 -34.212006 -0.287560 0.967171 -20.033180 0.964537 1.212842 0.000000 0.000000 -0.000001 -3.440385 0.788234 0.501655 -15.928169 -3.167306 2.999704 -6.338816 -0.000000 0.000002 -18.123413 3.648177 -4.905660 -0.000004 -0.000001 -0.000002 4.087928 15.830027 19.423536 67.597855 34.976482 -9.382178 -1.524570 42.066685 -0.529308 -35.807999 2.471746 -9.283369 2.243541 -5.255032 -3.180156 14.282878 -0.826591 6.952496 -0.000004 -12.690590 -0.000000 14.317095 -17.790176 3.546906 1.665666 -1.955920 -2.878295 4.727794 -4.170583 4.993918 11.020513 0.000003 -0.000001 12.109032 -3.735708 -2.866778 0.000000 -0.000001 -0.000000 1.291985 -1.928548 -1.498088 14.800111 0.567470 3.865602 14.242554 -1.341734 -6.660647 19.631941 0.143928 -0.648242 48.935287 -1.196287 -5.680745 0.353028 -1.511150 -0.031940 20.222771 3.684308 2.316630 18.787245 0.000007 0.000001 10.751612 -0.479866 1.397906 0.000000 -0.000000 0.000001 3.273807 0.305946 -0.580111 21.486790 11.830360 2.266131 8.162917 -0.000000 0.000000 18.399054 -3.798977 -4.940566 0.000002 0.000000 -0.000001 2.884283 -9.535583 -17.241388 0.121989 0.173037 7.257798 -1.978333 -3.834119 2.698405 1.592545 -1.908362 -0.823928 -0.000000 0.000000 0.000002 4.618624 -13.582269 -15.593196 0.020237 -0.371177 5.273995 -2.905733 -7.105640 3.131978 -1.447959 1.083524 -2.198080 -0.000000 -0.000000 -0.000001 
-3.064151 101.234436 0.956504 -0.101737 18.191811 8.330712 0.064262 -0.017390 9.155926 -0.460998 -1.154598 -1.972877 0.761266 -3.499198 24.687773 3.635952 -0.198834 25.990648 -3.300174 -7.279277 -2.511928 -6.560837 -8.009329 23.169634 0.000077 -0.000023 0.000006 0.065470 -0.097294 -0.232049 1.169123 -3.670116 -10.895384 -1.031208 3.517226 -10.905822 21.977783 -19.200865 10.713695 -102.935432 -45.643215 73.739014 2.496017 -51.599243 -0.621490 52.418873 54.352798 -88.091599 -5.882102 9.861278 0.702588 -10.936861 -0.360575 7.156200 0.000000 8.774813 -0.000002 -15.781262 16.685694 5.474197 -1.844030 2.498504 -2.507278 -10.163591 4.678938 4.621104 -20.975994 -0.000004 0.000002 -21.226254 2.451692 -3.593992 0.000001 -0.000005 0.000001 -1.362681 2.240797 -0.746325 -21.334894 0.584910 3.008322 -13.821197 -0.000002 0.000000 -23.887131 -0.249078 -0.839482 -55.868931 2.060219 -0.471388 -0.294025 1.679687 0.833256 -14.218194 0.093214 1.300578 -34.212006 -0.287561 0.967169 -20.033182 0.964534 1.212842 0.000000 -0.000001 0.000001 -3.440386 0.788232 0.501654 -15.928171 -3.167306 2.999704 -6.338817 -0.000001 0.000000 -18.123415 3.648176 -4.905662 -0.000003 0.000003 0.000001 5.057796 15.831077 19.752977 67.447624 32.930008 -12.742150 -0.606733 44.882626 0.054963 -36.048576 3.376637 -13.338137 2.243540 -5.255033 -3.180155 14.282879 -0.826591 6.952496 -0.000003 -12.690590 -0.000000 14.450665 -17.745869 3.292986 1.665666 -1.955920 -2.878296 4.727796 -4.170582 4.993918 11.020513 0.000002 0.000001 12.109034 -3.735710 -2.866781 0.000000 -0.000001 -0.000000 1.291985 -1.928548 -1.498088 14.800114 0.567468 3.865603 14.242553 -1.341732 -6.660648 19.631941 0.143928 -0.648242 48.755417 -1.130256 -5.853949 0.353028 -1.511151 -0.031940 20.222771 3.684302 2.316629 18.787247 0.000004 0.000000 10.751611 -0.479869 1.397903 0.000000 0.000002 0.000000 3.273804 0.305948 -0.580110 21.486790 11.830360 2.266132 8.162919 -0.000001 -0.000001 18.399055 -3.798980 -4.940567 0.000003 0.000001 0.000001 2.651582 -11.007557 -17.093950 0.087833 0.155326 5.226757 -3.054073 -5.949766 4.567663 1.589820 -1.868044 -0.767487 -0.000000 0.000000 0.000002 4.510251 -15.208706 -16.771545 0.016437 -0.367568 6.961496 -2.876415 -8.941545 2.329943 -1.445097 1.171370 -1.837169 -0.000000 -0.000000 -0.000001 
-3.559413 101.216660 0.930726 0.346752 21.555458 8.224820 0.392932 -0.137156 9.127894 -0.284529 -1.008542 -1.931064 0.981177 -3.266336 25.005114 4.342692 -0.466292 26.447121 -3.170278 -7.450271 -2.520234 -5.837308 -8.429647 22.837767 0.000076 -0.000024 0.000006 0.032763 -0.087004 -0.223205 1.131697 -3.679173 -10.865013 -1.070662 3.540051 -10.916994 21.738966 -18.796974 11.076194 -100.396706 -43.007465 66.362152 2.228059 -51.478054 -0.872110 57.376244 44.037502 -66.492645 -5.882100 9.861279 0.702588 -10.936857 -0.360576 7.156195 0.000001 8.774812 -0.000003 -15.856082 16.789427 5.432564 -1.844031 2.498503 -2.507277 -10.163589 4.678941 4.621101 -20.975992 -0.000004 -0.000002 -21.226248 2.451691 -3.593995 -0.000001 -0.000006 0.000000 -1.362680 2.240797 -0.746325 -21.334887 0.584908 3.008319 -13.821197 -0.000003 0.000000 -23.887131 -0.249081 -0.839484 -56.649792 1.973750 -0.588606 -0.294024 1.679686 0.833255 -14.218192 0.093215 1.300575 -34.211998 -0.287566 0.967167 -20.033175 0.964532 1.212842 0.000002 0.000001 0.000002 -3.440384 0.788233 0.501655 -15.928165 -3.167309 2.999702 -6.338815 0.000000 0.000000 -18.123411 3.648175 -4.905664 -0.000004 0.000001 -0.000001 5.993624 15.710959 20.392967 67.030273 29.467651 -15.870065 0.066615 48.547375 0.509338 -36.859688 4.143023 -14.419038 2.243539 -5.255030 -3.180155 14.282877 -0.826594 6.952494 -0.000003 -12.690588 0.000000 14.501602 -17.730272 3.182103 1.665665 -1.955920 -2.878295 4.727794 -4.170583 4.993918 11.020513 0.000003 0.000000 12.109032 -3.735708 -2.866778 0.000000 -0.000001 -0.000000 1.291985 -1.928549 -1.498088 14.800114 0.567466 3.865602 14.242554 -1.341735 -6.660650 19.631939 0.143925 -0.648246 48.641727 -1.005864 -5.933783 0.353029 -1.511150 -0.031941 20.222769 3.684305 2.316627 18.787245 0.000004 -0.000003 10.751610 -0.479868 1.397902 -0.000000 0.000002 -0.000001 3.273803 0.305947 -0.580109 21.486790 11.830359 2.266130 8.162916 0.000002 -0.000000 18.399052 -3.798980 -4.940566 0.000002 0.000001 0.000000 2.478464 -12.211171 -16.647318 0.054532 0.151607 3.835510 -4.112501 -7.908788 6.008347 1.597742 -1.827008 -0.752090 -0.000000 0.000000 0.000002 4.404879 -16.774776 -17.357628 0.023633 -0.393821 8.798876 -2.787858 -10.661672 1.422143 -1.443178 1.253564 -1.509458 -0.000000 -0.000000 -0.000001 
-3.995255 101.210770 0.963921 0.552755 24.798922 7.921512 0.717635 -0.179931 9.140470 -0.087044 -0.803849 -1.939652 1.394137 -3.060888 24.700462 4.641119 -0.404635 26.731312 -2.936871 -7.282200 -2.586970 -4.875995 -8.676761 22.254400 0.000076 -0.000023 0.000006 -0.019815 -0.066213 -0.221621 1.051469 -3.692825 -10.899999 -1.099939 3.596458 -10.955056 22.594334 -18.370068 10.898824 -98.796280 -40.995377 62.113216 3.380718 -52.514229 -2.261365 60.556599 34.967827 -50.881329 -5.882102 9.861277 0.702590 -10.936858 -0.360574 7.156199 -0.000000 8.774813 -0.000003 -15.805048 17.066761 5.284491 -1.844031 2.498501 -2.507277 -10.163589 4.678937 4.621106 -20.975994 -0.000005 0.000002 -21.226250 2.451693 -3.593993 -0.000000 -0.000006 0.000000 -1.362680 2.240796 -0.746321 -21.334887 0.584910 3.008322 -13.821197 -0.000003 0.000001 -23.887131 -0.249077 -0.839480 -57.000149 1.952962 -0.846489 -0.294024 1.679686 0.833255 -14.218192 0.093216 1.300581 -34.212006 -0.287563 0.967170 -20.033180 0.964536 1.212842 -0.000000 0.000003 0.000000 -3.440385 0.788232 0.501655 -15.928169 -3.167306 2.999705 -6.338817 -0.000002 0.000002 -18.123415 3.648177 -4.905662 -0.000004 -0.000000 -0.000003 7.016992 15.554823 21.136925 66.487968 25.184582 -18.968800 0.558249 52.144932 0.872331 -38.197948 4.881773 -13.852448 2.243540 -5.255033 -3.180156 14.282875 -0.826592 6.952496 -0.000003 -12.690590 0.000001 14.545514 -17.742498 3.255216 1.665665 -1.955917 -2.878297 4.727795 -4.170583 4.993919 11.020511 0.000004 -0.000001 12.109032 -3.735710 -2.866780 0.000000 0.000000 0.000000 1.291984 -1.928546 -1.498088 14.800113 0.567468 3.865602 14.242553 -1.341735 -6.660648 19.631937 0.143926 -0.648243 48.806297 -0.865914 -5.829789 0.353027 -1.511151 -0.031940 20.222767 3.684306 2.316627 18.787243 0.000006 -0.000000 10.751610 -0.479868 1.397904 0.000000 0.000001 0.000000 3.273806 0.305947 -0.580112 21.486790 11.830362 2.266132 8.162916 0.000001 0.000000 18.399054 -3.798979 -4.940567 0.000002 -0.000001 -0.000002 2.516657 -13.292645 -16.439127 0.025609 0.156182 3.297802 -5.012242 -9.664028 7.093025 1.609071 -1.799826 -0.771012 0.000000 -0.000000 0.000002 4.416041 -18.188776 -17.483673 0.000964 -0.442076 10.190219 -2.664099 -12.451163 0.829404 -1.435960 1.302741 -1.298462 -0.000000 0.000000 -0.000001 
-4.369911 101.216576 1.076537 0.567573 27.754589 7.655694 1.052633 -0.168904 9.161161 0.065760 -0.517175 -1.999251 1.821011 -2.933572 23.988705 4.775693 -0.234568 26.439432 -2.775121 -6.858342 -2.680237 -3.903256 -8.815765 21.499846 0.000076 -0.000023 0.000006 -0.042669 -0.042173 -0.215318 0.991296 -3.714097 -10.942755 -1.095091 3.659076 -10.984574 23.931999 -17.872599 10.361071 -97.681694 -39.366524 59.783680 4.967321 -54.043064 -3.853244 63.989517 26.836298 -37.841583 -5.882100 9.861278 0.702589 -10.936858 -0.360576 7.156196 -0.000000 8.774813 -0.000002 -15.763578 17.366220 5.114699 -1.844031 2.498501 -2.507276 -10.163590 4.678938 4.621102 -20.975998 -0.000002 0.000001 -21.226255 2.451695 -3.593995 0.000001 -0.000007 -0.000000 -1.362680 2.240796 -0.746321 -21.334892 0.584911 3.008320 -13.821195 -0.000005 0.000003 -23.887131 -0.249077 -0.839481 -57.383606 2.028278 -1.170103 -0.294025 1.679686 0.833255 -14.218194 0.093215 1.300577 -34.212002 -0.287564 0.967166 -20.033176 0.964534 1.212839 0.000001 0.000003 -0.000001 -3.440387 0.788231 0.501654 -15.928169 -3.167307 2.999702 -6.338817 -0.000001 0.000001 -18.123413 3.648175 -4.905662 -0.000003 0.000001 -0.000001 7.979179 15.407366 21.769085 66.200653 20.912668 -21.854914 1.060992 55.090977 1.291760 -39.805424 5.894199 -12.457827 2.243539 -5.255032 -3.180153 14.282877 -0.826594 6.952496 -0.000002 -12.690591 0.000000 14.623473 -17.865099 3.390102 1.665666 -1.955922 -2.878297 4.727794 -4.170584 4.993918 11.020512 0.000002 0.000001 12.109035 -3.735710 -2.866779 0.000000 -0.000001 0.000000 1.291985 -1.928549 -1.498087 14.800111 0.567467 3.865604 14.242553 -1.341735 -6.660647 19.631939 0.143924 -0.648243 49.183804 -0.719115 -5.766022 0.353028 -1.511150 -0.031939 20.222769 3.684304 2.316629 18.787245 0.000003 0.000000 10.751610 -0.479868 1.397904 0.000002 -0.000002 -0.000000 3.273806 0.305947 -0.580110 21.486794 11.830360 2.266131 8.162917 0.000001 0.000000 18.399057 -3.798980 -4.940567 0.000002 -0.000002 -0.000001 2.739327 -14.214693 -16.741085 0.006960 0.156103 3.617503 -5.610892 -11.213120 7.769294 1.617377 -1.798073 -0.848507 0.000000 -0.000000 0.000002 4.606164 -19.471996 -17.357349 -0.025571 -0.459776 10.908253 -2.578528 -14.150589 0.508954 -1.433139 1.319314 -1.240782 0.000000 0.000000 -0.000001 
-4.673368 101.251183 1.161487 0.432045 30.030169 7.559123 1.383282 -0.106294 9.167995 0.172114 -0.251387 -2.070086 2.137964 -2.752764 23.119354 4.802664 -0.119013 25.538361 -2.746885 -6.405312 -2.747218 -3.119127 -8.891694 20.779144 0.000078 -0.000023 0.000006 -0.053418 -0.020902 -0.199873 0.953162 -3.723065 -10.979076 -1.082699 3.716836 -10.976713 25.045635 -17.484949 9.828511 -96.442307 -37.971706 57.799900 6.210397 -55.821201 -5.137919 68.165291 19.565386 -27.392633 -5.882102 9.861277 0.702590 -10.936859 -0.360574 7.156197 0.000001 8.774812 -0.000001 -15.721949 17.752203 5.155904 -1.844031 2.498504 -2.507275 -10.163589 4.678940 4.621105 -20.975994 -0.000005 0.000006 -21.226250 2.451696 -3.593990 0.000001 -0.000006 -0.000000 -1.362680 2.240797 -0.746322 -21.334894 0.584910 3.008322 -13.821197 -0.000002 0.000004 -23.887131 -0.249077 -0.839479 -58.151611 2.128089 -1.510918 -0.294025 1.679688 0.833256 -14.218194 0.093215 1.300580 -34.212006 -0.287564 0.967173 -20.033178 0.964536 1.212843 0.000001 -0.000001 -0.000000 -3.440387 0.788232 0.501656 -15.928167 -3.167307 2.999704 -6.338817 -0.000002 0.000002 -18.123413 3.648177 -4.905658 -0.000004 -0.000000 -0.000002 8.556001 15.261326 22.189056 66.421677 17.675634 -24.192265 1.475135 56.870377 1.664426 -41.191071 6.805499 -10.892322 2.243539 -5.255034 -3.180155 14.282877 -0.826591 6.952497 -0.000003 -12.690593 -0.000000 14.670783 -18.052048 3.552771 1.665665 -1.955922 -2.878295 4.727795 -4.170583 4.993917 11.020513 0.000004 0.000002 12.109033 -3.735709 -2.866778 0.000000 0.000000 0.000000 1.291986 -1.928549 -1.498087 14.800113 0.567469 3.865604 14.242551 -1.341735 -6.660645 19.631939 0.143923 -0.648241 49.696445 -0.586256 -5.740172 0.353029 -1.511150 -0.031939 20.222771 3.684307 2.316628 18.787245 0.000004 0.000001 10.751610 -0.479865 1.397905 0.000000 -0.000002 -0.000002 3.273804 0.305947 -0.580110 21.486795 11.830365 2.266136 8.162916 0.000001 0.000002 18.399055 -3.798980 -4.940565 0.000003 -0.000001 -0.000000 3.115105 -14.834774 -17.579557 -0.005208 0.127771 4.558102 -5.908202 -12.389860 8.195101 1.623626 -1.816176 -0.931251 -0.000000 0.000000 0.000002 4.954540 -20.343681 -17.181965 -0.047474 -0.492302 10.853797 -2.638976 -15.615015 0.593381 -1.432548 1.308255 -1.229741 -0.000000 -0.000000 -0.000001 
-4.929338 101.263306 1.197422 0.227808 31.472799 7.645408 1.687302 0.000558 9.193076 0.224440 -0.004144 -2.108313 2.351012 -2.549868 22.256315 4.751739 0.066747 24.114517 -2.748346 -6.197590 -2.773027 -2.619787 -8.977283 20.302387 0.000076 -0.000022 0.000006 -0.031581 -0.006029 -0.176868 0.954437 -3.735619 -10.966696 -1.040287 3.759251 -10.936853 25.420103 -17.252228 9.584900 -94.707870 -36.560654 55.268654 6.992506 -58.172733 -5.977833 72.286827 13.082730 -19.872162 -5.882101 9.861278 0.702590 -10.936860 -0.360575 7.156196 0.000000 8.774812 -0.000001 -15.610588 18.133156 5.462069 -1.844032 2.498501 -2.507275 -10.163591 4.678942 4.621104 -20.975996 -0.000003 0.000002 -21.226255 2.451696 -3.593994 0.000000 -0.000006 0.000000 -1.362681 2.240797 -0.746323 -21.334892 0.584910 3.008319 -13.821197 0.000000 0.000001 -23.887133 -0.249079 -0.839483 -59.079277 2.241868 -1.740894 -0.294025 1.679686 0.833255 -14.218194 0.093215 1.300579 -34.212006 -0.287564 0.967170 -20.033178 0.964535 1.212842 0.000000 0.000000 -0.000001 -3.440384 0.788233 0.501655 -15.928165 -3.167305 2.999702 -6.338818 0.000000 0.000000 -18.123413 3.648176 -4.905663 -0.000004 -0.000000 -0.000002 8.627629 15.255705 22.373184 67.058754 15.803570 -25.921726 1.716072 57.541054 1.902844 -42.069290 7.353285 -9.414278 2.243540 -5.255034 -3.180156 14.282873 -0.826593 6.952497 -0.000004 -12.690588 0.000001 14.758440 -18.154554 3.637104 1.665664 -1.955919 -2.878298 4.727794 -4.170585 4.993917 11.020510 0.000004 -0.000002 12.109032 -3.735712 -2.866781 0.000000 0.000001 -0.000001 1.291986 -1.928548 -1.498087 14.800111 0.567467 3.865601 14.242553 -1.341736 -6.660653 19.631933 0.143925 -0.648244 50.080284 -0.455541 -5.687730 0.353027 -1.511150 -0.031940 20.222765 3.684304 2.316629 18.787245 0.000006 0.000001 10.751610 -0.479868 1.397905 0.000000 0.000001 0.000000 3.273804 0.305945 -0.580111 21.486788 11.830362 2.266131 8.162916 0.000000 0.000000 18.399050 -3.798977 -4.940568 0.000003 0.000000 -0.000002 3.601963 -15.235638 -18.750744 -0.002926 0.082885 5.759962 -5.968939 -13.034045 8.296312 1.625951 -1.837693 -1.012441 -0.000000 0.000000 0.000002 5.387045 -20.660185 -17.103456 -0.070564 -0.511113 10.318972 -2.796927 -16.810677 0.783512 -1.434231 1.282106 -1.234852 0.000000 0.000000 -0.000001 
-5.079820 101.234581 1.075045 0.032321 32.025490 7.867217 1.934235 0.180011 9.254875 0.247542 0.153322 -2.073416 2.465026 -2.291537 21.597147 4.743056 0.303341 22.100111 -2.888936 -6.238319 -2.721649 -2.403168 -9.008800 20.147573 0.000077 -0.000023 0.000006 0.037085 -0.007060 -0.175228 1.013546 -3.757735 -10.941055 -0.965743 3.773120 -10.884533 24.818512 -17.067829 9.692117 -92.136925 -34.926384 52.091690 7.555214 -61.552704 -6.844461 75.022545 6.647693 -15.077654 -5.882102 9.861278 0.702590 -10.936860 -0.360574 7.156195 0.000001 8.774812 -0.000001 -15.527097 18.320229 5.758541 -1.844032 2.498502 -2.507275 -10.163589 4.678942 4.621102 -20.975998 -0.000004 0.000001 -21.226255 2.451694 -3.593995 -0.000000 -0.000004 -0.000001 -1.362682 2.240797 -0.746321 -21.334894 0.584911 3.008318 -13.821197 -0.000002 0.000001 -23.887133 -0.249080 -0.839484 -59.858299 2.315203 -1.871019 -0.294027 1.679686 0.833254 -14.218197 0.093216 1.300579 -34.212006 -0.287563 0.967167 -20.033178 0.964537 1.212840 0.000000 0.000000 0.000000 -3.440386 0.788233 0.501655 -15.928167 -3.167307 2.999702 -6.338817 -0.000000 -0.000001 -18.123413 3.648178 -4.905663 -0.000004 -0.000000 -0.000002 8.430666 15.477485 22.439131 67.755638 15.157902 -27.288879 1.861894 57.597473 1.982792 -42.222141 7.565269 -8.297235 2.243541 -5.255032 -3.180154 14.282878 -0.826592 6.952497 -0.000004 -12.690588 0.000001 14.738025 -18.117672 3.643713 1.665664 -1.955919 -2.878294 4.727796 -4.170582 4.993918 11.020512 0.000004 -0.000001 12.109034 -3.735709 -2.866778 0.000000 0.000000 0.000000 1.291986 -1.928547 -1.498088 14.800114 0.567470 3.865604 14.242553 -1.341731 -6.660646 19.631939 0.143927 -0.648241 50.158428 -0.356542 -5.599656 0.353028 -1.511150 -0.031939 20.222771 3.684309 2.316629 18.787247 0.000006 0.000001 10.751612 -0.479869 1.397903 0.000000 0.000000 0.000000 3.273804 0.305949 -0.580110 21.486792 11.830367 2.266132 8.162916 0.000002 0.000001 18.399055 -3.798979 -4.940566 0.000003 -0.000001 -0.000001 4.083541 -15.552415 -20.012938 0.007323 0.043752 6.941232 -5.730790 -13.040170 8.108452 1.625313 -1.843382 -1.111773 -0.000000 0.000000 0.000002 5.735465 -20.442234 -17.399370 -0.096850 -0.550388 10.000811 -2.933318 -17.679663 0.926160 -1.437408 1.277817 -1.234612 0.000000 0.000000 -0.000001 
-5.186545 101.113525 0.785274 0.061549 31.764460 8.342948 1.990834 0.311693 9.314465 0.216545 0.309272 -2.008890 2.531673 -1.984407 21.347500 4.802049 0.417032 19.605516 -3.162531 -6.398017 -2.626476 -2.346177 -9.020031 20.209326 0.000077 -0.000022 0.000006 0.076538 -0.016075 -0.189857 1.049378 -3.770358 -10.853776 -0.910789 3.764093 -10.783305 23.192869 -16.868725 10.069359 -88.533684 -33.377583 48.859692 8.346512 -65.630646 -7.948325 75.346954 0.651340 -12.798804 -5.882104 9.861279 0.702589 -10.936858 -0.360573 7.156197 0.000001 8.774815 -0.000001 -15.511963 18.346188 5.862592 -1.844031 2.498502 -2.507273 -10.163589 4.678942 4.621102 -20.975996 -0.000003 0.000001 -21.226255 2.451692 -3.593995 -0.000000 -0.000005 0.000000 -1.362681 2.240797 -0.746321 -21.334894 0.584910 3.008320 -13.821198 -0.000001 0.000003 -23.887133 -0.249078 -0.839482 -60.304852 2.331520 -2.002693 -0.294025 1.679687 0.833254 -14.218195 0.093214 1.300578 -34.212013 -0.287563 0.967167 -20.033178 0.964535 1.212838 -0.000001 0.000000 0.000001 -3.440387 0.788233 0.501654 -15.928169 -3.167306 2.999702 -6.338818 -0.000001 0.000000 -18.123415 3.648176 -4.905665 -0.000003 -0.000002 -0.000002 8.459774 16.082775 22.441681 67.880974 15.171803 -28.609154 2.088971 57.827061 2.157782 -41.682861 7.342908 -7.618585 2.243539 -5.255033 -3.180153 14.282877 -0.826593 6.952495 -0.000003 -12.690590 0.000002 14.702101 -17.989382 3.588834 1.665666 -1.955920 -2.878297 4.727794 -4.170582 4.993919 11.020513 0.000005 -0.000001 12.109034 -3.735707 -2.866778 0.000001 0.000002 -0.000001 1.291983 -1.928547 -1.498086 14.800114 0.567468 3.865604 14.242554 -1.341732 -6.660647 19.631939 0.143927 -0.648241 50.012863 -0.232942 -5.562680 0.353028 -1.511150 -0.031939 20.222767 3.684307 2.316629 18.787245 0.000005 -0.000001 10.751609 -0.479867 1.397904 0.000000 -0.000001 -0.000001 3.273803 0.305949 -0.580110 21.486795 11.830364 2.266129 8.162917 0.000000 -0.000001 18.399054 -3.798979 -4.940567 0.000003 0.000000 -0.000002 4.358540 -15.862204 -21.167162 0.036901 0.042711 7.701561 -5.248358 -12.516819 7.641348 1.616174 -1.832714 -1.100549 -0.000000 -0.000000 0.000002 5.905001 -20.120535 -18.424397 -0.119709 -0.589686 10.525370 -3.015321 -17.958811 0.589429 -1.438752 1.293227 -1.122877 -0.000000 0.000000 -0.000001 
-5.189587 100.891968 0.341671 0.354137 31.038351 9.023240 1.796336 0.348453 9.327621 0.209743 0.385919 -1.982790 2.599642 -1.654244 21.561317 5.117597 0.306681 17.224850 -3.559971 -6.471791 -2.553039 -2.319461 -9.068529 20.422945 0.000076 -0.000023 0.000006 0.069484 -0.012778 -0.183476 1.048595 -3.764048 -10.772493 -0.931414 3.759943 -10.718994 21.135565 -16.600260 10.484190 -84.778084 -32.558464 46.604179 9.567419 -68.594254 -9.232559 73.071220 -2.284189 -12.579790 -5.882102 9.861280 0.702589 -10.936858 -0.360576 7.156197 0.000002 8.774811 -0.000001 -15.234895 18.219944 5.919074 -1.844032 2.498502 -2.507277 -10.163590 4.678939 4.621103 -20.975994 -0.000004 -0.000000 -21.226254 2.451691 -3.593997 0.000000 -0.000006 0.000000 -1.362681 2.240796 -0.746324 -21.334887 0.584909 3.008318 -13.821197 -0.000003 -0.000000 -23.887129 -0.249077 -0.839484 -60.029179 2.336086 -1.983814 -0.294024 1.679686 0.833255 -14.218194 0.093218 1.300577 -34.211998 -0.287562 0.967164 -20.033176 0.964534 1.212839 0.000000 0.000000 0.000000 -3.440384 0.788234 0.501655 -15.928165 -3.167305 2.999702 -6.338818 -0.000001 0.000001 -18.123415 3.648175 -4.905663 -0.000004 -0.000002 -0.000001 9.360090 17.171385 22.621189 66.548325 15.484709 -29.981100 2.277626 58.137363 2.246783 -40.498272 6.745074 -8.351825 2.243540 -5.255033 -3.180155 14.282877 -0.826593 6.952495 -0.000003 -12.690590 0.000000 14.830758 -17.885324 3.484758 1.665665 -1.955922 -2.878296 4.727793 -4.170582 4.993917 11.020511 0.000005 -0.000003 12.109033 -3.735708 -2.866779 0.000000 0.000002 0.000000 1.291985 -1.928548 -1.498089 14.800114 0.567467 3.865604 14.242553 -1.341734 -6.660650 19.631937 0.143927 -0.648246 50.006363 -0.166129 -5.649867 0.353028 -1.511151 -0.031938 20.222769 3.684304 2.316625 18.787247 0.000006 -0.000002 10.751610 -0.479867 1.397903 -0.000000 -0.000001 0.000001 3.273804 0.305946 -0.580111 21.486788 11.830362 2.266128 8.162916 0.000003 -0.000000 18.399055 -3.798978 -4.940567 0.000003 -0.000001 -0.000001 4.337703 -16.224321 -22.130026 0.078288 0.104336 7.970914 -4.806522 -11.706351 7.018855 1.601604 -1.818315 -1.020167 0.000000 -0.000000 0.000002 5.868136 -20.154474 -20.264154 -0.142098 -0.556205 12.285657 -3.022542 -17.477448 -0.315137 -1.440853 1.270047 -0.842465 -0.000000 -0.000000 -0.000001 
-5.176863 100.691795 -0.139802 0.672412 30.103722 9.411922 1.513136 0.263191 9.231006 0.232067 0.457733 -1.961551 2.691433 -1.295754 22.183828 5.716095 -0.053832 15.586203 -3.926491 -6.505359 -2.536884 -2.195919 -9.186512 20.738258 0.000077 -0.000023 0.000005 0.070391 -0.007795 -0.184197 1.070034 -3.761747 -10.744638 -0.948139 3.770236 -10.708639 19.864500 -16.291731 10.634862 -82.203896 -32.603283 45.956074 9.992046 -68.557076 -9.597016 70.130226 -0.236450 -14.155677 -5.882102 9.861279 0.702590 -10.936859 -0.360574 7.156198 0.000000 8.774815 -0.000000 -14.729733 18.042849 6.141518 -1.844031 2.498504 -2.507275 -10.163589 4.678940 4.621104 -20.975998 -0.000004 0.000002 -21.226255 2.451690 -3.593995 0.000000 -0.000007 -0.000001 -1.362681 2.240797 -0.746324 -21.334894 0.584910 3.008319 -13.821195 -0.000003 0.000001 -23.887131 -0.249076 -0.839482 -59.234894 2.384688 -1.867573 -0.294026 1.679685 0.833255 -14.218194 0.093216 1.300579 -34.211998 -0.287563 0.967167 -20.033180 0.964535 1.212841 0.000001 0.000000 0.000000 -3.440386 0.788234 0.501656 -15.928169 -3.167308 2.999705 -6.338817 -0.000002 0.000002 -18.123415 3.648178 -4.905662 -0.000004 -0.000001 -0.000002 11.294024 18.407825 23.053577 63.713448 15.921287 -31.027143 2.735623 57.767509 2.551114 -38.555344 5.540833 -11.018959 2.243537 -5.255032 -3.180155 14.282873 -0.826591 6.952496 -0.000002 -12.690591 -0.000000 15.185257 -17.870918 3.274144 1.665664 -1.955920 -2.878297 4.727794 -4.170587 4.993918 11.020509 0.000005 -0.000001 12.109029 -3.735710 -2.866779 -0.000000 0.000000 0.000002 1.291985 -1.928549 -1.498088 14.800114 0.567468 3.865606 14.242553 -1.341734 -6.660649 19.631939 0.143927 -0.648241 50.223061 -0.266277 -5.787331 0.353029 -1.511148 -0.031940 20.222769 3.684305 2.316630 18.787243 0.000005 0.000001 10.751609 -0.479866 1.397905 -0.000001 -0.000001 -0.000002 3.273805 0.305945 -0.580110 21.486788 11.830366 2.266134 8.162915 0.000001 0.000002 18.399050 -3.798980 -4.940564 0.000003 -0.000002 -0.000000 4.187536 -16.548368 -22.561874 0.095101 0.201800 7.892003 -4.751617 -10.891703 6.634082 1.595033 -1.833748 -0.873055 -0.000000 -0.000000 0.000002 5.698887 -20.219917 -21.915730 -0.154655 -0.460418 14.279386 -3.136491 -16.509418 -0.973954 -1.446307 1.250175 -0.504967 0.000000 0.000000 -0.000001 
-5.070588 100.666916 -0.508147 0.726070 28.747591 9.114799 1.355538 0.196665 9.063324 0.278583 0.508918 -2.001477 2.706011 -0.924413 22.978693 6.560027 -0.602091 15.234852 -4.147821 -6.680300 -2.553004 -2.154497 -9.250668 21.306557 0.000078 -0.000023 0.000005 0.071486 0.006957 -0.196626 1.100754 -3.741054 -10.758624 -0.974341 3.775554 -10.775872 19.910143 -15.847947 10.825009 -80.360191 -33.276630 47.220711 8.777967 -66.004669 -8.416613 66.875877 5.034439 -17.362961 -5.882100 9.861277 0.702589 -10.936858 -0.360575 7.156196 0.000001 8.774812 -0.000002 -14.466673 17.911268 6.324353 -1.844031 2.498503 -2.507275 -10.163589 4.678937 4.621104 -20.975994 -0.000003 0.000002 -21.226250 2.451694 -3.593995 0.000000 -0.000008 -0.000000 -1.362680 2.240796 -0.746322 -21.334892 0.584906 3.008320 -13.821197 -0.000004 0.000002 -23.887129 -0.249079 -0.839481 -58.412178 2.457630 -1.896672 -0.294027 1.679688 0.833255 -14.218192 0.093214 1.300579 -34.211998 -0.287565 0.967170 -20.033175 0.964534 1.212841 -0.000001 0.000001 -0.000001 -3.440385 0.788232 0.501655 -15.928169 -3.167306 2.999703 -6.338816 -0.000002 0.000002 -18.123413 3.648172 -4.905662 -0.000005 0.000002 -0.000001 13.351689 19.397732 23.676256 60.666893 16.794018 -30.610144 3.038814 56.678570 2.938953 -35.668816 3.350147 -15.195131 2.243541 -5.255032 -3.180154 14.282877 -0.826594 6.952496 -0.000001 -12.690591 -0.000002 15.380326 -17.803701 2.992808 1.665664 -1.955919 -2.878299 4.727796 -4.170582 4.993918 11.020513 0.000002 0.000001 12.109034 -3.735710 -2.866781 -0.000001 -0.000000 -0.000001 1.291985 -1.928548 -1.498088 14.800113 0.567466 3.865602 14.242553 -1.341737 -6.660649 19.631939 0.143927 -0.648244 50.126011 -0.507171 -5.956363 0.353028 -1.511150 -0.031939 20.222769 3.684305 2.316627 18.787247 0.000004 -0.000000 10.751613 -0.479869 1.397903 -0.000000 0.000001 -0.000002 3.273804 0.305947 -0.580109 21.486790 11.830361 2.266129 8.162916 -0.000001 -0.000000 18.399052 -3.798980 -4.940568 0.000002 0.000000 -0.000002 3.974185 -16.394121 -22.122025 0.056387 0.207232 7.704194 -4.939559 -10.037843 6.641046 1.599476 -1.871118 -0.821046 0.000000 -0.000000 0.000002 5.423454 -19.737528 -22.242643 -0.166823 -0.361348 15.094533 -3.242328 -15.263107 -0.708706 -1.452819 1.271322 -0.256966 -0.000000 -0.000000 -0.000001 
-4.785803 100.737915 -0.613670 0.468227 26.798971 8.082198 1.339823 0.303349 8.773511 0.292057 0.534072 -2.169083 2.672968 -0.701565 23.388697 7.488166 -1.257230 16.541794 -4.295388 -7.072196 -2.578072 -2.682277 -9.190890 22.123283 0.000076 -0.000023 0.000006 0.009559 0.044244 -0.184253 1.060785 -3.676128 -10.734463 -1.055996 3.779628 -10.772429 20.205862 -15.141994 11.248234 -77.496391 -33.602459 48.938499 5.413671 -62.700203 -5.372116 61.808228 8.843956 -19.761189 -5.882099 9.861276 0.702589 -10.936861 -0.360578 7.156197 0.000000 8.774815 -0.000002 -14.775966 17.999680 6.204451 -1.844031 2.498502 -2.507275 -10.163590 4.678941 4.621103 -20.975994 -0.000004 0.000003 -21.226255 2.451694 -3.593992 -0.000000 -0.000007 0.000000 -1.362680 2.240797 -0.746323 -21.334890 0.584909 3.008322 -13.821197 -0.000002 0.000002 -23.887133 -0.249079 -0.839480 -58.138744 2.449144 -2.081339 -0.294024 1.679685 0.833255 -14.218192 0.093213 1.300580 -34.212002 -0.287564 0.967172 -20.033180 0.964536 1.212844 0.000000 -0.000000 0.000001 -3.440386 0.788231 0.501655 -15.928171 -3.167307 2.999705 -6.338818 0.000001 0.000002 -18.123415 3.648178 -4.905660 -0.000004 0.000001 -0.000002 14.024498 19.635693 24.071606 59.933704 18.292637 -28.349579 3.086508 55.544041 2.866212 -33.662270 2.071103 -20.235662 2.243540 -5.255031 -3.180154 14.282878 -0.826595 6.952495 -0.000002 -12.690593 -0.000000 15.186668 -17.577234 2.918877 1.665665 -1.955919 -2.878296 4.727795 -4.170586 4.993918 11.020513 0.000002 0.000001 12.109031 -3.735709 -2.866777 -0.000000 0.000001 -0.000001 1.291984 -1.928551 -1.498088 14.800117 0.567466 3.865603 14.242554 -1.341734 -6.660646 19.631941 0.143924 -0.648244 49.918987 -0.735721 -6.105699 0.353028 -1.511148 -0.031940 20.222773 3.684303 2.316628 18.787249 0.000003 0.000000 10.751610 -0.479870 1.397904 0.000001 0.000001 0.000002 3.273805 0.305947 -0.580110 21.486794 11.830360 2.266132 8.162917 0.000003 -0.000000 18.399054 -3.798979 -4.940568 0.000002 0.000000 -0.000001 3.727267 -15.790462 -20.790359 0.003376 0.106409 7.710267 -5.134022 -8.765866 6.330392 1.606958 -1.852874 -0.817503 0.000000 0.000000 0.000002 5.033320 -18.568747 -20.953197 -0.172358 -0.296929 14.463767 -3.149448 -13.898754 -0.071450 -1.457544 1.287908 -0.057622 0.000000 0.000000 -0.000001 
-4.347046 100.792984 -0.527334 0.000134 24.278772 6.892024 1.402929 0.448587 8.365733 0.234955 0.497961 -2.436894 2.641001 -0.477656 22.875929 8.448434 -2.224391 18.733591 -4.420797 -7.680768 -2.621788 -3.845293 -8.980426 22.705112 0.000077 -0.000023 0.000006 0.002169 0.046015 -0.190054 1.040943 -3.664740 -10.686069 -1.041537 3.770271 -10.730594 19.778193 -14.371863 12.194310 -71.980858 -32.484528 49.477623 2.815283 -61.187496 -3.074253 57.258358 8.774818 -19.177496 -5.882102 9.861278 0.702589 -10.936859 -0.360574 7.156196 0.000002 8.774811 0.000001 -15.253483 18.203648 6.062064 -1.844032 2.498503 -2.507276 -10.163589 4.678938 4.621104 -20.975996 -0.000005 0.000005 -21.226255 2.451692 -3.593993 0.000000 -0.000007 -0.000001 -1.362682 2.240796 -0.746323 -21.334892 0.584908 3.008320 -13.821195 -0.000003 0.000004 -23.887131 -0.249079 -0.839480 -58.356846 2.451648 -2.158941 -0.294024 1.679685 0.833255 -14.218194 0.093215 1.300578 -34.212002 -0.287564 0.967169 -20.033176 0.964534 1.212842 -0.000000 0.000000 -0.000000 -3.440384 0.788234 0.501657 -15.928165 -3.167305 2.999702 -6.338817 -0.000001 0.000001 -18.123413 3.648175 -4.905662 -0.000003 0.000001 -0.000003 13.093224 18.752890 24.230299 62.738644 19.557684 -25.072771 3.331916 56.625313 2.812727 -34.432377 2.399021 -27.081799 2.243540 -5.255034 -3.180155 14.282877 -0.826593 6.952495 -0.000003 -12.690588 -0.000000 15.064147 -17.029785 2.892089 1.665664 -1.955917 -2.878297 4.727793 -4.170581 4.993918 11.020512 0.000003 -0.000001 12.109033 -3.735711 -2.866780 0.000000 0.000001 0.000000 1.291985 -1.928549 -1.498088 14.800113 0.567469 3.865602 14.242553 -1.341732 -6.660649 19.631939 0.143928 -0.648243 49.633816 -0.762097 -6.205704 0.353029 -1.511152 -0.031939 20.222767 3.684307 2.316627 18.787245 0.000006 0.000001 10.751611 -0.479869 1.397903 0.000001 0.000001 0.000001 3.273804 0.305947 -0.580110 21.486792 11.830364 2.266131 8.162916 0.000002 0.000000 18.399054 -3.798979 -4.940567 0.000003 0.000000 0.000000 3.543368 -14.746748 -19.362074 -0.004313 -0.029989 8.231504 -4.924644 -7.448580 5.306817 1.620809 -1.832184 -0.871548 0.000000 -0.000000 0.000002 4.716030 -16.713964 -19.074492 -0.182107 -0.266818 13.099458 -3.312016 -12.736343 0.651117 -1.455691 1.281937 -0.134166 0.000000 0.000000 -0.000001 
-3.933200 100.841545 -0.207852 -0.535834 21.494513 5.837970 1.488730 0.558675 7.726832 0.118109 0.385797 -2.772194 2.627142 -0.307936 21.757505 9.311709 -3.307471 20.668531 -4.578950 -8.033045 -2.686845 -4.970212 -8.925323 22.227722 0.000077 -0.000023 0.000007 0.036722 0.022279 -0.187585 1.035481 -3.704907 -10.667048 -0.973571 3.758722 -10.717949 18.438948 -13.306964 13.514292 -64.321518 -29.773588 48.505127 1.226847 -61.617920 -1.484943 54.148197 6.392546 -16.139534 -5.882099 9.861279 0.702590 -10.936858 -0.360576 7.156197 0.000001 8.774815 -0.000003 -15.775653 18.257843 5.837076 -1.844031 2.498503 -2.507277 -10.163589 4.678942 4.621105 -20.975992 -0.000005 0.000000 -21.226248 2.451691 -3.593995 0.000000 -0.000007 -0.000002 -1.362680 2.240796 -0.746323 -21.334887 0.584905 3.008319 -13.821193 -0.000006 0.000001 -23.887129 -0.249082 -0.839481 -58.715744 2.489853 -2.192550 -0.294025 1.679686 0.833255 -14.218190 0.093212 1.300580 -34.211998 -0.287565 0.967171 -20.033178 0.964533 1.212842 -0.000000 0.000001 0.000002 -3.440385 0.788234 0.501655 -15.928165 -3.167308 2.999705 -6.338815 -0.000002 0.000000 -18.123411 3.648173 -4.905660 -0.000005 0.000001 -0.000000 11.571910 17.084160 24.498756 67.590286 19.455889 -21.272751 3.403087 59.940567 2.796219 -36.922115 4.059527 -34.930534 2.243540 -5.255031 -3.180156 14.282877 -0.826594 6.952496 -0.000001 -12.690590 0.000000 15.333046 -16.817425 2.813862 1.665665 -1.955919 -2.878297 4.727795 -4.170584 4.993919 11.020512 0.000004 -0.000001 12.109034 -3.735710 -2.866780 0.000000 -0.000002 -0.000000 1.291985 -1.928549 -1.498088 14.800114 0.567469 3.865603 14.242554 -1.341735 -6.660650 19.631941 0.143925 -0.648246 49.802288 -0.603266 -6.422860 0.353029 -1.511150 -0.031939 20.222769 3.684303 2.316628 18.787245 0.000004 -0.000001 10.751611 -0.479869 1.397903 -0.000001 0.000003 -0.000000 3.273804 0.305947 -0.580110 21.486790 11.830359 2.266131 8.162916 0.000003 0.000000 18.399052 -3.798980 -4.940569 0.000002 0.000000 -0.000001 3.538234 -13.583473 -18.040997 0.021823 -0.107950 9.020533 -4.517014 -5.985362 3.907858 1.631199 -1.855263 -1.013119 0.000000 -0.000000 0.000002 4.638688 -14.765785 -17.034924 -0.167214 -0.223746 11.291127 -3.774119 -11.602192 1.413117 -1.447862 1.234456 -0.387373 0.000000 0.000000 -0.000001 
-3.503774 100.862793 0.406876 -1.130450 18.564184 4.901375 1.586689 0.603120 6.921038 0.014171 0.171318 -3.186290 2.691709 -0.176319 20.332737 10.213660 -4.482691 21.719534 -4.722026 -7.969135 -2.774832 -5.739537 -9.079714 20.861330 0.000077 -0.000022 0.000004 0.051270 0.003975 -0.180821 1.001520 -3.765470 -10.682708 -0.909144 3.779872 -10.716041 16.751719 -11.894952 14.856299 -56.190125 -25.762831 46.889313 0.455325 -62.631882 -0.263376 52.013371 3.247812 -11.794810 -5.882102 9.861278 0.702589 -10.936858 -0.360574 7.156198 -0.000001 8.774813 -0.000002 -16.365486 18.138308 5.585267 -1.844032 2.498503 -2.507276 -10.163592 4.678941 4.621103 -20.975998 -0.000004 0.000001 -21.226255 2.451694 -3.593995 0.000001 -0.000005 -0.000000 -1.362683 2.240797 -0.746323 -21.334894 0.584910 3.008316 -13.821197 -0.000003 0.000000 -23.887133 -0.249079 -0.839481 -59.042988 2.537060 -2.174156 -0.294026 1.679688 0.833255 -14.218194 0.093216 1.300578 -34.212002 -0.287566 0.967166 -20.033178 0.964533 1.212838 -0.000001 0.000000 -0.000000 -3.440385 0.788232 0.501655 -15.928165 -3.167308 2.999702 -6.338818 -0.000001 0.000002 -18.123413 3.648175 -4.905662 -0.000004 0.000001 -0.000001 10.265040 15.067395 24.974108 72.886284 17.070623 -17.889750 3.377420 65.354774 2.931255 -39.875645 6.772532 -41.500496 2.243539 -5.255032 -3.180157 14.282875 -0.826593 6.952496 -0.000002 -12.690593 -0.000000 15.689171 -16.898109 2.697398 1.665665 -1.955920 -2.878298 4.727793 -4.170584 4.993918 11.020512 0.000004 -0.000002 12.109031 -3.735706 -2.866778 -0.000001 0.000000 0.000001 1.291982 -1.928546 -1.498088 14.800114 0.567471 3.865603 14.242553 -1.341735 -6.660651 19.631935 0.143925 -0.648245 50.268333 -0.245697 -6.689221 0.353028 -1.511149 -0.031940 20.222765 3.684305 2.316628 18.787243 0.000005 -0.000001 10.751610 -0.479867 1.397903 -0.000001 -0.000001 0.000001 3.273803 0.305948 -0.580110 21.486788 11.830364 2.266131 8.162916 0.000002 0.000001 18.399050 -3.798978 -4.940569 0.000002 0.000000 -0.000001 3.728621 -12.661138 -16.840952 0.046083 -0.105759 10.224489 -3.924189 -4.098735 2.055627 1.631229 -1.896018 -0.997641 0.000000 -0.000000 0.000002 4.745496 -12.914311 -14.960200 -0.136193 -0.197215 9.516098 -4.175198 -10.390282 1.969677 -1.440301 1.190382 -0.492058 -0.000000 -0.000000 -0.000001 
-3.061233 100.887383 1.118791 -1.688091 15.439078 4.065795 1.598081 0.564369 6.066720 -0.065392 -0.057909 -3.635452 2.838539 -0.072632 18.850073 11.374218 -5.626432 21.677929 -4.757538 -7.832819 -2.823626 -6.135230 -9.493798 19.024088 0.000077 -0.000022 0.000006 0.041823 0.005256 -0.155225 0.942627 -3.812333 -10.744824 -0.872445 3.827167 -10.682816 15.436614 -10.348406 16.109663 -49.723862 -20.956057 44.863396 0.556791 -63.389118 0.402911 50.836399 0.145202 -8.041975 -5.882101 9.861279 0.702590 -10.936862 -0.360576 7.156199 0.000001 8.774815 -0.000003 -16.870468 18.049339 5.435942 -1.844031 2.498503 -2.507276 -10.163592 4.678938 4.621104 -20.975996 -0.000003 0.000003 -21.226255 2.451693 -3.593992 0.000000 -0.000006 -0.000002 -1.362680 2.240797 -0.746323 -21.334887 0.584906 3.008322 -13.821197 -0.000003 0.000003 -23.887131 -0.249077 -0.839479 -59.491219 2.586548 -2.180250 -0.294025 1.679688 0.833256 -14.218194 0.093215 1.300581 -34.212002 -0.287565 0.967172 -20.033178 0.964536 1.212843 0.000000 0.000001 0.000000 -3.440384 0.788232 0.501655 -15.928169 -3.167306 2.999706 -6.338820 -0.000001 0.000000 -18.123413 3.648176 -4.905660 -0.000003 -0.000000 -0.000001 9.273707 12.936378 25.547075 77.474190 12.356517 -15.856631 3.573478 71.918526 3.367929 -41.885361 9.357420 -44.509140 2.243540 -5.255031 -3.180156 14.282877 -0.826592 6.952498 -0.000002 -12.690587 0.000000 15.955283 -16.995733 2.565862 1.665663 -1.955920 -2.878296 4.727795 -4.170580 4.993919 11.020510 0.000003 -0.000001 12.109032 -3.735709 -2.866778 -0.000000 0.000002 0.000000 1.291986 -1.928546 -1.498088 14.800113 0.567467 3.865605 14.242553 -1.341733 -6.660647 19.631939 0.143926 -0.648241 50.478565 0.118125 -6.888338 0.353030 -1.511149 -0.031941 20.222767 3.684306 2.316628 18.787245 0.000005 0.000001 10.751610 -0.479870 1.397905 -0.000000 0.000001 0.000001 3.273804 0.305947 -0.580110 21.486792 11.830362 2.266132 8.162917 0.000002 0.000001 18.399052 -3.798978 -4.940566 0.000003 -0.000000 0.000000 3.905704 -11.762857 -15.589390 0.062280 -0.053839 11.417394 -3.319641 -1.980429 0.320357 1.636948 -1.940169 -0.817864 -0.000000 0.000000 0.000002 4.887308 -11.152797 -12.998441 -0.108089 -0.173606 7.955458 -4.379028 -9.184907 2.495715 -1.436608 1.147960 -0.525701 0.000000 0.000000 -0.000001 
-2.658996 100.909332 1.929459 -2.077270 12.237014 3.358892 1.505086 0.446629 5.230088 -0.120892 -0.258339 -4.044833 2.971197 -0.116712 17.455572 12.856963 -6.710645 20.815763 -4.693250 -8.006002 -2.823985 -6.188188 -10.133316 16.797857 0.000077 -0.000023 0.000004 0.024801 0.019318 -0.147844 0.876174 -3.832493 -10.772264 -0.838906 3.872085 -10.649908 14.589209 -8.932476 17.161564 -45.771877 -15.835105 42.331898 1.091308 -63.809978 0.572536 50.507671 -2.082797 -6.845590 -5.882101 9.861279 0.702589 -10.936859 -0.360575 7.156196 -0.000002 8.774812 -0.000002 -17.118776 18.056238 5.432845 -1.844030 2.498501 -2.507273 -10.163589 4.678939 4.621103 -20.975994 -0.000003 0.000004 -21.226250 2.451694 -3.593992 0.000000 -0.000006 -0.000001 -1.362680 2.240796 -0.746322 -21.334887 0.584909 3.008320 -13.821195 -0.000002 0.000002 -23.887129 -0.249077 -0.839479 -59.857201 2.585814 -2.249642 -0.294025 1.679686 0.833255 -14.218190 0.093214 1.300579 -34.212006 -0.287563 0.967172 -20.033176 0.964535 1.212842 -0.000000 -0.000001 0.000000 -3.440386 0.788232 0.501656 -15.928169 -3.167306 2.999704 -6.338816 -0.000001 0.000000 -18.123413 3.648176 -4.905661 -0.000004 0.000000 -0.000002 8.316637 10.946254 26.041468 80.928093 6.135499 -15.548131 4.756022 78.303780 4.797188 -42.437775 10.750039 -44.495625 2.243538 -5.255032 -3.180155 14.282878 -0.826593 6.952496 -0.000003 -12.690588 0.000001 16.008871 -17.069452 2.535526 1.665664 -1.955920 -2.878295 4.727795 -4.170582 4.993918 11.020513 0.000002 -0.000001 12.109031 -3.735709 -2.866779 0.000000 0.000001 0.000000 1.291985 -1.928547 -1.498087 14.800114 0.567468 3.865605 14.242553 -1.341736 -6.660646 19.631939 0.143924 -0.648242 50.434483 0.242488 -6.989683 0.353032 -1.511149 -0.031939 20.222769 3.684303 2.316628 18.787245 0.000003 0.000000 10.751611 -0.479868 1.397906 -0.000001 0.000001 0.000002 3.273803 0.305947 -0.580111 21.486794 11.830361 2.266131 8.162916 0.000001 -0.000001 18.399054 -3.798979 -4.940566 0.000003 0.000000 -0.000001 3.923287 -10.794176 -14.142685 0.074483 -0.006581 12.254307 -2.880126 0.052027 -1.212345 1.641786 -1.991066 -0.582068 0.000000 -0.000000 0.000002 4.949136 -9.597939 -11.281288 -0.088724 -0.145654 6.845213 -4.464602 -8.006496 2.814256 -1.433774 1.103441 -0.557699 0.000000 0.000000 -0.000001 
-2.253085 100.913857 2.687726 -2.262857 8.860133 2.813278 1.330717 0.345373 4.482594 -0.165175 -0.479461 -4.385273 3.031998 -0.262960 16.211079 14.698260 -7.729989 19.446745 -4.620864 -8.632606 -2.779983 -5.867994 -11.006792 13.955496 0.000077 -0.000023 0.000007 0.017457 0.031187 -0.107381 0.828950 -3.818665 -10.748582 -0.801787 3.892865 -10.566408 13.815377 -7.551208 18.131920 -43.533184 -10.735377 39.070965 1.473520 -64.151199 0.577653 50.545689 -3.606644 -7.715764 -5.882099 9.861276 0.702590 -10.936858 -0.360575 7.156198 0.000002 8.774813 -0.000001 -17.149839 18.209669 5.592851 -1.844030 2.498503 -2.507276 -10.163589 4.678940 4.621103 -20.975996 -0.000002 0.000001 -21.226255 2.451693 -3.593995 0.000000 -0.000006 -0.000002 -1.362680 2.240796 -0.746324 -21.334892 0.584908 3.008320 -13.821197 -0.000002 0.000002 -23.887131 -0.249079 -0.839482 -59.932487 2.563654 -2.226455 -0.294027 1.679686 0.833255 -14.218192 0.093214 1.300579 -34.212002 -0.287562 0.967167 -20.033178 0.964535 1.212839 0.000000 -0.000000 0.000000 -3.440387 0.788233 0.501654 -15.928169 -3.167304 2.999703 -6.338817 -0.000000 0.000002 -18.123415 3.648176 -4.905663 -0.000005 -0.000000 -0.000001 7.173135 9.262822 26.288393 83.306404 -0.818313 -16.493664 8.342237 83.929848 8.596774 -41.984047 10.922601 -43.128597 2.243538 -5.255033 -3.180156 14.282875 -0.826592 6.952495 -0.000002 -12.690591 0.000001 15.834932 -17.072222 2.616386 1.665663 -1.955920 -2.878296 4.727793 -4.170584 4.993918 11.020510 0.000002 -0.000003 12.109030 -3.735709 -2.866780 0.000000 0.000002 0.000000 1.291984 -1.928546 -1.498088 14.800114 0.567469 3.865602 14.242554 -1.341735 -6.660651 19.631937 0.143926 -0.648244 50.224670 0.201934 -6.988751 0.353028 -1.511149 -0.031940 20.222765 3.684307 2.316627 18.787243 0.000005 -0.000001 10.751610 -0.479867 1.397903 0.000001 -0.000000 0.000001 3.273804 0.305947 -0.580111 21.486788 11.830362 2.266130 8.162916 0.000002 -0.000001 18.399050 -3.798979 -4.940568 0.000003 -0.000000 -0.000000 3.699177 -9.553968 -12.622266 0.073656 0.005714 12.701933 -2.599754 1.982294 -2.434021 1.651821 -2.044979 -0.332409 0.000000 -0.000000 0.000002 4.848434 -8.046683 -9.988979 -0.073243 -0.094672 6.252681 -4.428603 -6.817170 2.883606 -1.433686 1.057395 -0.533500 -0.000000 -0.000000 -0.000001 
-1.793887 100.905441 3.393276 -2.267828 5.194389 2.400952 1.098404 0.239869 3.835131 -0.206210 -0.709833 -4.675115 2.975955 -0.493605 15.107593 17.053143 -8.790729 17.680397 -4.622373 -9.790861 -2.706351 -5.278174 -12.233471 10.532675 0.000077 -0.000023 0.000007 0.046070 0.025163 -0.113054 0.828852 -3.809099 -10.688999 -0.738193 3.879509 -10.486937 12.862995 -6.138253 19.079414 -42.370640 -5.433084 35.140507 2.041094 -64.911919 0.143458 50.699661 -4.695573 -9.501619 -5.882101 9.861278 0.702591 -10.936858 -0.360575 7.156196 0.000001 8.774816 -0.000001 -17.016129 18.377459 5.877240 -1.844032 2.498505 -2.507275 -10.163589 4.678939 4.621104 -20.975994 -0.000003 0.000003 -21.226250 2.451692 -3.593993 0.000000 -0.000005 -0.000002 -1.362681 2.240796 -0.746324 -21.334890 0.584910 3.008319 -13.821197 -0.000002 0.000003 -23.887131 -0.249078 -0.839481 -59.785538 2.475166 -2.128978 -0.294025 1.679687 0.833256 -14.218190 0.093215 1.300580 -34.211998 -0.287563 0.967170 -20.033176 0.964536 1.212842 0.000000 0.000000 0.000001 -3.440386 0.788233 0.501655 -15.928165 -3.167307 2.999703 -6.338819 -0.000001 0.000002 -18.123413 3.648177 -4.905662 -0.000003 -0.000000 -0.000003 5.669597 7.948847 26.257750 84.842873 -7.993332 -18.290922 37.925625 88.599319 38.187588 -40.946056 9.857531 -41.134415 2.243537 -5.255032 -3.180155 14.282877 -0.826591 6.952497 -0.000002 -12.690590 -0.000001 15.650233 -17.100294 2.795130 1.665664 -1.955919 -2.878297 4.727793 -4.170583 4.993919 11.020508 0.000004 -0.000000 12.109031 -3.735710 -2.866778 0.000001 0.000001 0.000000 1.291983 -1.928549 -1.498088 14.800111 0.567469 3.865605 14.242550 -1.341733 -6.660647 19.631937 0.143927 -0.648239 50.141254 0.029089 -6.806495 0.353029 -1.511150 -0.031939 20.222767 3.684309 2.316629 18.787245 0.000006 0.000002 10.751609 -0.479868 1.397904 -0.000000 -0.000000 0.000000 3.273804 0.305947 -0.580110 21.486790 11.830365 2.266132 8.162916 0.000002 0.000001 18.399050 -3.798979 -4.940565 0.000003 0.000000 -0.000000 3.230455 -8.123866 -11.032143 0.070019 -0.011031 12.773248 -2.292254 4.089285 -3.420715 1.664928 -2.090053 -0.143570 -0.000000 -0.000000 0.000002 4.581018 -6.394813 -9.165519 -0.071897 -0.031203 6.241172 -4.263465 -5.540623 2.699710 -1.428515 1.016936 -0.433621 -0.000000 -0.000000 -0.000001 
-1.435151 100.839867 3.995718 -2.145506 1.348009 2.062304 0.841657 0.078723 3.323733 -0.247292 -0.883673 -4.916781 2.818663 -0.728242 14.143003 19.717117 -9.989956 15.899487 -4.638301 -11.370958 -2.647506 -4.451379 -13.796483 6.855365 0.000078 -0.000022 0.000005 0.102641 -0.018287 -0.077378 0.864933 -3.840747 -10.596452 -0.675688 3.817691 -10.392223 11.817931 -4.832016 19.968151 -42.003662 -0.131266 30.784403 2.620868 -66.321716 -0.472658 50.699966 -5.356464 -11.689064 -5.882100 9.861278 0.702590 -10.936861 -0.360576 7.156196 0.000001 8.774816 -0.000001 -16.667135 18.488001 6.147390 -1.844031 2.498503 -2.507276 -10.163590 4.678941 4.621103 -20.975998 -0.000006 0.000003 -21.226255 2.451692 -3.593993 0.000000 -0.000006 -0.000000 -1.362682 2.240797 -0.746322 -21.334887 0.584907 3.008320 -13.821197 -0.000004 0.000002 -23.887131 -0.249079 -0.839480 -59.486729 2.383174 -2.039313 -0.294023 1.679686 0.833256 -14.218194 0.093214 1.300578 -34.212006 -0.287566 0.967169 -20.033180 0.964533 1.212842 0.000000 0.000000 0.000002 -3.440386 0.788233 0.501655 -15.928167 -3.167308 2.999703 -6.338818 -0.000001 0.000001 -18.123411 3.648176 -4.905662 -0.000005 0.000000 -0.000003 3.795577 7.060599 26.020651 85.705284 -14.394447 -20.239807 163.545578 87.356026 163.500793 -39.659767 7.832107 -39.183125 2.243538 -5.255032 -3.180155 14.282875 -0.826592 6.952495 -0.000003 -12.690593 -0.000001 15.501119 -17.145327 2.995690 1.665665 -1.955921 -2.878296 4.727796 -4.170583 4.993918 11.020513 0.000004 -0.000002 12.109033 -3.735710 -2.866780 0.000001 -0.000000 0.000000 1.291983 -1.928548 -1.498088 14.800111 0.567469 3.865603 14.242553 -1.341734 -6.660648 19.631939 0.143926 -0.648243 50.102615 -0.191007 -6.557173 0.353030 -1.511150 -0.031940 20.222773 3.684308 2.316628 18.787247 0.000005 0.000000 10.751609 -0.479868 1.397904 -0.000000 0.000001 -0.000000 3.273799 0.305947 -0.580111 21.486790 11.830363 2.266131 8.162916 0.000002 0.000000 18.399052 -3.798978 -4.940567 0.000003 0.000000 -0.000001 2.679060 -6.687434 -9.444505 0.068706 -0.051575 12.521432 -2.051942 6.326293 -4.366877 1.684063 -2.127529 -0.038539 -0.000000 0.000000 0.000002 4.260983 -4.787161 -8.727738 -0.080933 0.038666 6.626376 -4.030112 -4.131835 2.173997 -1.427776 0.987738 -0.276465 -0.000000 0.000000 -0.000001 
-1.137851 100.783279 4.528068 -2.004056 -2.540142 1.746854 0.612608 -0.089483 2.943627 -0.278833 -0.975441 -5.104770 2.602587 -0.920366 13.373427 22.419821 -11.355977 14.384835 -4.685609 -13.170419 -2.549941 -3.423702 -15.670946 3.370153 0.000078 -0.000024 0.000007 0.163707 -0.103436 -0.084767 0.926025 -3.912921 -10.566381 -0.619056 3.711303 -10.361826 10.851370 -3.766136 20.789133 -42.292507 4.859612 26.484697 3.171070 -68.550491 -1.187737 50.445759 -5.609333 -13.525975 -5.882100 9.861277 0.702590 -10.936859 -0.360577 7.156196 0.000001 8.774814 -0.000001 -16.220161 18.439234 6.363740 -1.844031 2.498502 -2.507275 -10.163589 4.678941 4.621102 -20.975998 -0.000004 0.000002 -21.226255 2.451694 -3.593994 0.000000 -0.000006 0.000000 -1.362681 2.240796 -0.746322 -21.334887 0.584907 3.008320 -13.821197 -0.000003 0.000004 -23.887133 -0.249078 -0.839479 -59.081985 2.334147 -1.906402 -0.294024 1.679688 0.833255 -14.218194 0.093215 1.300579 -34.212013 -0.287562 0.967169 -20.033180 0.964535 1.212841 -0.000000 0.000000 0.000001 -3.440385 0.788234 0.501655 -15.928169 -3.167307 2.999703 -6.338818 -0.000001 0.000000 -18.123413 3.648177 -4.905661 -0.000004 0.000001 -0.000003 1.700400 6.633781 25.625269 86.213371 -19.315853 -22.076244 172.771896 85.125725 172.060913 -38.307804 5.477179 -37.850365 2.243539 -5.255032 -3.180155 14.282875 -0.826595 6.952495 -0.000002 -12.690588 0.000001 15.493841 -17.166611 3.097811 1.665664 -1.955919 -2.878296 4.727793 -4.170583 4.993919 11.020514 0.000003 -0.000001 12.109032 -3.735708 -2.866777 0.000000 0.000000 0.000000 1.291985 -1.928548 -1.498088 14.800114 0.567468 3.865604 14.242554 -1.341732 -6.660648 19.631935 0.143927 -0.648244 49.990929 -0.380512 -6.318984 0.353030 -1.511148 -0.031940 20.222769 3.684306 2.316627 18.787245 0.000005 0.000000 10.751611 -0.479870 1.397904 -0.000000 0.000002 -0.000000 3.273805 0.305947 -0.580110 21.486794 11.830362 2.266131 8.162918 0.000002 -0.000000 18.399054 -3.798979 -4.940566 0.000003 -0.000000 -0.000001 2.132613 -5.330381 -7.864944 0.072904 -0.094956 12.032572 -1.820224 8.611663 -5.083987 1.705509 -2.162858 -0.003545 0.000000 -0.000000 0.000002 3.973457 -3.317745 -8.532008 -0.093395 0.079687 7.242629 -3.745176 -2.500592 1.693911 -1.429385 0.975946 -0.153135 0.000000 0.000000 -0.000001 
-0.939373 100.738098 4.922735 -1.946488 -6.500635 1.436360 0.465833 -0.243717 2.640503 -0.306999 -0.980473 -5.252439 2.380671 -1.107172 12.723429 24.815088 -12.790320 13.397725 -4.788539 -14.898368 -2.472852 -2.267780 -17.499094 0.465551 0.000077 -0.000022 0.000004 0.213869 -0.198109 -0.061094 0.995759 -4.013071 -10.545814 -0.573491 3.612252 -10.371204 9.989573 -2.899603 21.534464 -43.239952 9.469771 22.388914 3.780169 -71.348923 -2.145322 49.921665 -5.830831 -14.428134 -5.882102 9.861279 0.702590 -10.936857 -0.360573 7.156196 0.000001 8.774813 -0.000002 -15.880071 18.366016 6.465421 -1.844030 2.498501 -2.507276 -10.163591 4.678941 4.621104 -20.975994 -0.000002 0.000002 -21.226255 2.451692 -3.593995 -0.000002 -0.000005 -0.000002 -1.362681 2.240797 -0.746322 -21.334887 0.584910 3.008320 -13.821197 -0.000002 0.000001 -23.887131 -0.249076 -0.839483 -58.779507 2.357441 -1.756148 -0.294024 1.679684 0.833255 -14.218190 0.093216 1.300580 -34.211998 -0.287561 0.967166 -20.033176 0.964536 1.212839 -0.000000 0.000000 0.000000 -3.440386 0.788232 0.501655 -15.928165 -3.167304 2.999704 -6.338818 0.000001 0.000001 -18.123415 3.648177 -4.905662 -0.000003 0.000002 -0.000001 -0.447744 6.742001 25.080391 86.648262 -22.624804 -23.738783 173.679153 84.138824 172.302628 -37.187775 3.124748 -36.852757 2.243540 -5.255033 -3.180155 14.282875 -0.826595 6.952495 -0.000002 -12.690587 -0.000001 15.649332 -17.306007 3.083975 1.665664 -1.955920 -2.878296 4.727794 -4.170582 4.993917 11.020513 0.000002 -0.000001 12.109035 -3.735709 -2.866778 -0.000001 0.000000 0.000000 1.291984 -1.928548 -1.498089 14.800111 0.567468 3.865603 14.242556 -1.341735 -6.660648 19.631939 0.143925 -0.648244 49.946793 -0.550698 -6.140288 0.353028 -1.511150 -0.031940 20.222771 3.684304 2.316628 18.787247 0.000005 -0.000000 10.751610 -0.479866 1.397904 0.000000 -0.000001 0.000000 3.273805 0.305947 -0.580110 21.486790 11.830363 2.266131 8.162917 0.000002 -0.000000 18.399054 -3.798980 -4.940567 0.000003 -0.000000 -0.000001 1.736269 -4.109058 -6.368453 0.077837 -0.109437 11.446077 -1.632850 10.977422 -5.634802 1.727053 -2.198705 -0.072323 -0.000000 0.000000 0.000002 3.840627 -1.978009 -8.461545 -0.098106 0.101755 7.870807 -3.536477 -0.695866 1.448738 -1.430446 0.950398 -0.189600 0.000000 0.000000 -0.000001 
-0.813228 100.663399 5.233294 -1.925930 -10.385949 1.137733 0.367129 -0.357982 2.359228 -0.330328 -0.936915 -5.370009 2.189972 -1.213450 12.178928 26.543270 -14.144445 13.127872 -4.983767 -16.201973 -2.402113 -1.313332 -18.741175 -1.347497 0.000077 -0.000024 0.000005 0.234702 -0.265745 -0.061898 1.038125 -4.058141 -10.614832 -0.572530 3.541890 -10.487324 9.167091 -2.139541 22.148052 -44.431267 13.290670 19.152504 4.613447 -74.179016 -3.384931 49.283287 -6.312521 -14.601040 -5.882101 9.861279 0.702590 -10.936860 -0.360573 7.156197 -0.000001 8.774813 -0.000001 -15.683654 18.289661 6.529559 -1.844030 2.498503 -2.507275 -10.163589 4.678940 4.621103 -20.975994 -0.000002 0.000003 -21.226255 2.451696 -3.593993 0.000001 -0.000007 -0.000000 -1.362679 2.240797 -0.746321 -21.334892 0.584909 3.008321 -13.821197 -0.000002 0.000002 -23.887133 -0.249076 -0.839481 -58.744297 2.382601 -1.595640 -0.294024 1.679686 0.833255 -14.218194 0.093214 1.300579 -34.212013 -0.287563 0.967170 -20.033178 0.964536 1.212840 -0.000001 0.000000 -0.000000 -3.440385 0.788232 0.501655 -15.928169 -3.167305 2.999703 -6.338816 -0.000001 0.000002 -18.123413 3.648178 -4.905658 -0.000005 0.000001 -0.000003 -2.207121 7.155453 24.493433 86.963593 -24.453644 -24.968754 171.972809 84.196632 170.099838 -36.322273 1.357785 -35.852901 2.243540 -5.255032 -3.180156 14.282875 -0.826592 6.952496 -0.000004 -12.690590 0.000001 15.822428 -17.486290 3.001575 1.665664 -1.955919 -2.878297 4.727793 -4.170584 4.993918 11.020511 0.000005 -0.000001 12.109032 -3.735708 -2.866779 0.000001 0.000001 -0.000001 1.291984 -1.928548 -1.498089 14.800114 0.567469 3.865604 14.242554 -1.341733 -6.660648 19.631941 0.143928 -0.648242 49.887894 -0.642801 -6.037540 0.353027 -1.511150 -0.031940 20.222771 3.684309 2.316628 18.787245 0.000005 0.000002 10.751610 -0.479866 1.397905 0.000001 0.000001 0.000000 3.273804 0.305947 -0.580111 21.486795 11.830364 2.266131 8.162916 0.000003 0.000001 18.399054 -3.798977 -4.940566 0.000003 -0.000000 -0.000001 1.416848 -3.052871 -4.984480 0.083063 -0.107363 10.869953 -1.493672 13.398610 -6.211565 1.739796 -2.217317 -0.230144 -0.000000 0.000000 0.000002 3.792602 -0.733907 -8.415846 -0.084396 0.127459 8.409396 -3.397094 1.131658 1.193707 -1.430297 0.913283 -0.326759 -0.000000 -0.000000 -0.000001 
-0.761528 100.558151 5.530025 -1.915374 -14.174751 0.868107 0.264569 -0.385178 2.022474 -0.354808 -0.877383 -5.490679 2.052295 -1.266442 11.774267 27.643734 -15.382507 13.420462 -5.211627 -17.085262 -2.342505 -0.650120 -19.640182 -2.299232 0.000077 -0.000021 0.000007 0.222806 -0.247810 -0.029913 1.046560 -4.035640 -10.654399 -0.607140 3.560610 -10.579418 8.248760 -1.421943 22.587143 -45.623863 16.335825 16.585857 5.664159 -76.846687 -4.715538 48.466110 -7.271742 -14.099970 -5.882102 9.861278 0.702590 -10.936857 -0.360573 7.156196 -0.000001 8.774814 -0.000000 -15.572320 18.215122 6.539769 -1.844031 2.498503 -2.507275 -10.163589 4.678940 4.621102 -20.975994 -0.000005 -0.000000 -21.226255 2.451693 -3.593995 0.000002 -0.000007 -0.000000 -1.362681 2.240796 -0.746323 -21.334892 0.584907 3.008318 -13.821197 -0.000002 0.000001 -23.887131 -0.249080 -0.839482 -58.877014 2.406931 -1.473609 -0.294024 1.679685 0.833254 -14.218194 0.093216 1.300577 -34.212006 -0.287564 0.967167 -20.033176 0.964534 1.212841 -0.000001 0.000001 -0.000000 -3.440385 0.788232 0.501654 -15.928165 -3.167306 2.999702 -6.338817 -0.000001 0.000000 -18.123413 3.648175 -4.905661 -0.000005 0.000002 -0.000003 -3.266590 7.641548 23.849672 86.845100 -25.128794 -25.587856 168.250610 85.231323 166.260406 -35.807156 0.121980 -34.717846 2.243540 -5.255033 -3.180156 14.282875 -0.826597 6.952495 -0.000001 -12.690587 0.000000 15.925715 -17.630550 2.952252 1.665664 -1.955920 -2.878296 4.727794 -4.170584 4.993918 11.020512 0.000002 -0.000001 12.109035 -3.735709 -2.866780 0.000001 0.000000 -0.000001 1.291984 -1.928548 -1.498088 14.800111 0.567467 3.865602 14.242554 -1.341735 -6.660649 19.631941 0.143924 -0.648244 49.864590 -0.704225 -5.988249 0.353030 -1.511150 -0.031940 20.222769 3.684306 2.316628 18.787245 0.000005 -0.000002 10.751610 -0.479867 1.397903 0.000000 -0.000001 0.000000 3.273804 0.305947 -0.580111 21.486788 11.830361 2.266129 8.162917 0.000002 0.000000 18.399050 -3.798980 -4.940568 0.000003 0.000000 -0.000001 1.135761 -2.085505 -3.738336 0.096906 -0.101552 10.302647 -1.385286 15.869801 -6.813189 1.744821 -2.224756 -0.400141 0.000000 -0.000000 0.000002 3.796365 0.528041 -8.359331 -0.059415 0.155118 8.859690 -3.218876 2.897351 0.851322 -1.425071 0.881597 -0.507373 -0.000000 0.000000 -0.000001 
-0.761434 100.438400 5.790904 -1.894958 -17.881548 0.585206 0.128703 -0.385426 1.630323 -0.397015 -0.801728 -5.631338 1.964108 -1.328570 11.515408 28.330814 -16.531033 14.157966 -5.440624 -17.854811 -2.268566 -0.245541 -20.403841 -2.656965 0.000077 -0.000022 0.000005 0.206621 -0.204135 -0.007434 1.051673 -4.002010 -10.718531 -0.642334 3.589751 -10.693940 7.199779 -0.730327 22.815725 -46.734901 18.815781 14.421825 6.571014 -79.251595 -5.846524 47.337612 -8.651290 -12.890354 -5.882100 9.861279 0.702591 -10.936858 -0.360577 7.156198 0.000002 8.774817 -0.000001 -15.638195 18.207888 6.502989 -1.844031 2.498503 -2.507276 -10.163589 4.678940 4.621105 -20.975994 -0.000005 0.000002 -21.226255 2.451690 -3.593994 0.000002 -0.000006 -0.000001 -1.362680 2.240796 -0.746322 -21.334894 0.584907 3.008320 -13.821195 -0.000003 0.000002 -23.887133 -0.249078 -0.839480 -59.195042 2.443970 -1.414181 -0.294025 1.679686 0.833257 -14.218195 0.093212 1.300579 -34.212002 -0.287567 0.967171 -20.033180 0.964534 1.212844 0.000000 0.000001 0.000000 -3.440386 0.788231 0.501654 -15.928167 -3.167307 2.999704 -6.338817 -0.000001 0.000002 -18.123411 3.648175 -4.905662 -0.000006 0.000001 -0.000002 -3.618027 8.019690 23.162235 86.334023 -24.901880 -25.722193 159.177719 86.954124 157.367584 -35.539661 -0.687133 -33.462246 2.243539 -5.255033 -3.180155 14.282878 -0.826594 6.952495 -0.000003 -12.690590 -0.000001 15.952568 -17.709549 2.909026 1.665666 -1.955918 -2.878296 4.727794 -4.170582 4.993917 11.020510 0.000003 -0.000001 12.109033 -3.735708 -2.866780 0.000000 0.000000 0.000001 1.291984 -1.928548 -1.498089 14.800114 0.567470 3.865603 14.242554 -1.341735 -6.660647 19.631941 0.143924 -0.648243 49.820572 -0.752003 -6.007461 0.353028 -1.511149 -0.031939 20.222773 3.684307 2.316628 18.787247 0.000005 -0.000000 10.751611 -0.479868 1.397905 0.000001 0.000001 0.000000 3.273804 0.305946 -0.580111 21.486795 11.830364 2.266131 8.162918 0.000002 0.000000 18.399057 -3.798977 -4.940567 0.000002 0.000001 -0.000001 0.903212 -1.161300 -2.457518 0.099770 -0.077993 9.723415 -1.363802 18.352379 -7.428733 1.742951 -2.230421 -0.506238 -0.000000 -0.000000 0.000002 3.827330 1.719537 -8.336292 -0.033410 0.170291 9.374670 -2.935912 4.718875 0.475426 -1.422668 0.862278 -0.634608 0.000000 0.000000 -0.000001 
-0.815118 100.300026 6.028777 -1.828676 -21.228701 0.243157 -0.062176 -0.339882 1.200630 -0.450358 -0.783699 -5.765089 1.947593 -1.411867 11.359463 28.723436 -17.588575 15.119108 -5.782443 -18.543209 -2.151966 -0.114574 -21.245665 -2.513245 0.000077 -0.000023 0.000006 0.192071 -0.169997 -0.001880 1.042009 -3.967792 -10.771452 -0.663991 3.628387 -10.770936 6.093462 -0.204578 22.886040 -47.703293 20.617937 12.646403 6.568399 -80.974907 -5.924536 45.890736 -10.157129 -11.245731 -5.882100 9.861278 0.702590 -10.936861 -0.360577 7.156196 -0.000000 8.774815 -0.000002 -15.705418 18.168131 6.454963 -1.844031 2.498503 -2.507277 -10.163589 4.678940 4.621103 -20.975996 -0.000004 0.000002 -21.226255 2.451693 -3.593992 0.000001 -0.000008 -0.000002 -1.362680 2.240797 -0.746324 -21.334890 0.584909 3.008320 -13.821198 -0.000002 0.000001 -23.887135 -0.249078 -0.839481 -59.516537 2.480266 -1.409759 -0.294024 1.679687 0.833255 -14.218194 0.093216 1.300580 -34.212002 -0.287564 0.967170 -20.033178 0.964534 1.212842 -0.000000 0.000001 -0.000000 -3.440385 0.788233 0.501656 -15.928167 -3.167306 2.999703 -6.338815 -0.000002 0.000001 -18.123411 3.648176 -4.905661 -0.000006 0.000001 -0.000002 -3.151204 8.142557 22.479389 85.298164 -24.107765 -25.679390 121.031303 88.640442 119.668106 -35.580898 -1.177055 -32.032021 2.243540 -5.255033 -3.180156 14.282873 -0.826595 6.952495 -0.000001 -12.690591 0.000001 16.007463 -17.792645 2.866263 1.665665 -1.955921 -2.878295 4.727794 -4.170584 4.993918 11.020511 0.000004 -0.000001 12.109034 -3.735712 -2.866778 -0.000002 -0.000000 0.000000 1.291985 -1.928547 -1.498088 14.800111 0.567467 3.865602 14.242553 -1.341737 -6.660648 19.631939 0.143924 -0.648245 49.798523 -0.781755 -6.077889 0.353029 -1.511149 -0.031939 20.222769 3.684306 2.316628 18.787245 0.000003 -0.000002 10.751610 -0.479868 1.397903 0.000002 0.000001 0.000001 3.273804 0.305947 -0.580110 21.486788 11.830360 2.266130 8.162916 0.000001 -0.000001 18.399054 -3.798980 -4.940570 0.000004 0.000000 -0.000001 0.648011 -0.297093 -1.283064 0.096828 -0.092906 9.302757 -1.379122 20.731939 -8.034466 1.742223 -2.235856 -0.588946 -0.000000 0.000000 0.000002 3.846793 2.730307 -8.341091 -0.009781 0.180212 10.069041 -2.614979 6.506832 -0.022111 -1.420299 0.875030 -0.753450 -0.000000 -0.000000 -0.000001 
-0.873778 100.139847 6.240350 -1.734520 -23.986853 -0.155263 -0.292581 -0.285600 0.816275 -0.492838 -0.824502 -5.905680 2.004285 -1.540394 11.297382 28.941460 -18.499413 16.127409 -6.162483 -19.181326 -2.025632 -0.233352 -22.156839 -2.082242 0.000077 -0.000023 0.000005 0.175986 -0.135948 0.003874 1.032998 -3.927345 -10.770015 -0.674978 3.659077 -10.806737 5.158592 0.102150 22.862238 -48.498703 21.753065 11.501503 5.206453 -81.866089 -4.498687 44.364624 -11.486703 -9.610963 -5.882100 9.861278 0.702591 -10.936860 -0.360574 7.156197 0.000003 8.774812 -0.000001 -15.765059 18.170025 6.373711 -1.844031 2.498503 -2.507277 -10.163589 4.678938 4.621105 -20.975998 -0.000005 0.000003 -21.226255 2.451692 -3.593992 0.000001 -0.000006 -0.000001 -1.362680 2.240797 -0.746322 -21.334887 0.584908 3.008321 -13.821194 -0.000003 0.000004 -23.887125 -0.249080 -0.839480 -59.773148 2.538271 -1.460844 -0.294025 1.679686 0.833255 -14.218190 0.093214 1.300579 -34.212002 -0.287564 0.967170 -20.033176 0.964533 1.212843 0.000000 0.000001 0.000000 -3.440386 0.788233 0.501655 -15.928165 -3.167306 2.999704 -6.338816 -0.000001 0.000002 -18.123411 3.648177 -4.905660 -0.000006 0.000001 -0.000002 -2.186813 8.117741 21.841822 83.977219 -23.221012 -25.715805 43.867432 88.248993 42.935425 -35.922451 -1.346013 -30.711803 2.243539 -5.255034 -3.180155 14.282878 -0.826592 6.952496 -0.000002 -12.690588 -0.000001 16.043217 -17.842278 2.822674 1.665665 -1.955920 -2.878295 4.727794 -4.170582 4.993918 11.020513 0.000003 -0.000001 12.109033 -3.735710 -2.866778 0.000000 0.000000 0.000000 1.291983 -1.928547 -1.498089 14.800114 0.567470 3.865602 14.242553 -1.341735 -6.660648 19.631941 0.143926 -0.648243 49.706528 -0.791614 -6.157483 0.353028 -1.511148 -0.031941 20.222769 3.684306 2.316629 18.787247 0.000005 0.000000 10.751613 -0.479868 1.397903 -0.000002 0.000000 0.000000 3.273804 0.305946 -0.580110 21.486794 11.830361 2.266131 8.162919 0.000001 -0.000000 18.399052 -3.798980 -4.940568 0.000005 -0.000000 -0.000000 0.320495 0.424440 -0.562484 0.091109 -0.111962 9.756584 -1.503976 22.781900 -8.804971 1.739920 -2.229137 -0.601208 -0.000000 -0.000000 0.000002 3.844581 3.479763 -8.425389 0.004346 0.185384 11.049316 -2.340230 8.156212 -0.671269 -1.416363 0.901834 -0.852065 0.000000 -0.000000 -0.000001 
-0.943290 99.970238 6.452292 -1.602916 -26.191933 -0.623469 -0.535332 -0.267088 0.477458 -0.529180 -0.860869 -6.005164 2.110597 -1.756355 11.255372 29.076046 -19.358324 17.028852 -6.535796 -19.770815 -1.914721 -0.554449 -23.021215 -1.495958 0.000077 -0.000023 0.000006 0.179762 -0.128843 -0.023156 1.021608 -3.913291 -10.788902 -0.662307 3.661444 -10.845160 4.526686 0.168164 22.794994 -49.246517 22.373199 10.989252 3.559073 -81.934982 -2.744443 43.088295 -12.496216 -8.263659 -5.882102 9.861279 0.702591 -10.936858 -0.360574 7.156196 0.000001 8.774813 -0.000001 -15.835533 18.182671 6.316436 -1.844031 2.498502 -2.507276 -10.163589 4.678940 4.621103 -20.975994 -0.000003 0.000004 -21.226255 2.451693 -3.593993 -0.000002 -0.000006 -0.000002 -1.362681 2.240797 -0.746323 -21.334894 0.584909 3.008321 -13.821197 -0.000001 0.000002 -23.887135 -0.249077 -0.839481 -60.018188 2.595987 -1.511120 -0.294024 1.679686 0.833255 -14.218194 0.093215 1.300579 -34.212006 -0.287560 0.967168 -20.033178 0.964536 1.212840 0.000000 0.000000 0.000000 -3.440385 0.788232 0.501654 -15.928169 -3.167305 2.999703 -6.338818 -0.000000 -0.000001 -18.123413 3.648177 -4.905662 -0.000004 -0.000000 -0.000002 -1.122645 8.011219 21.275955 82.689407 -22.422474 -25.884779 24.884621 86.872246 24.251081 -36.377983 -1.199104 -29.466541 2.243540 -5.255033 -3.180156 14.282875 -0.826593 6.952497 -0.000003 -12.690590 -0.000001 16.062227 -17.906759 2.784500 1.665664 -1.955920 -2.878297 4.727793 -4.170582 4.993919 11.020511 0.000004 -0.000000 12.109032 -3.735710 -2.866779 -0.000002 -0.000001 -0.000001 1.291984 -1.928548 -1.498087 14.800113 0.567468 3.865605 14.242551 -1.341735 -6.660648 19.631935 0.143925 -0.648242 49.592091 -0.829653 -6.200057 0.353028 -1.511148 -0.031940 20.222767 3.684306 2.316629 18.787245 0.000004 0.000001 10.751611 -0.479870 1.397905 -0.000001 0.000000 0.000001 3.273804 0.305945 -0.580111 21.486790 11.830363 2.266132 8.162915 0.000002 0.000001 18.399050 -3.798978 -4.940566 0.000006 0.000000 -0.000001 0.044966 1.000866 0.051293 0.082179 -0.154358 10.286638 -1.765109 24.499908 -9.573954 1.738183 -2.219963 -0.592157 -0.000000 0.000000 0.000002 3.805631 3.849912 -8.571702 0.020369 0.193482 12.329344 -2.180462 9.707577 -1.437673 -1.410235 0.937314 -0.942193 0.000000 0.000000 -0.000001 
-1.122043 99.836563 6.559824 -1.415079 -27.808714 -1.136369 -0.771398 -0.291518 0.193930 -0.567924 -0.926981 -6.066915 2.208813 -1.980364 11.191234 29.256014 -20.191063 17.638805 -6.881038 -20.373463 -1.807073 -0.909816 -23.860638 -1.109198 0.000077 -0.000023 0.000008 0.188021 -0.134693 -0.011129 1.011392 -3.911351 -10.779700 -0.638536 3.648078 -10.831405 4.266343 0.040043 22.683199 -49.899921 22.727322 11.129436 2.047365 -81.369301 -1.043010 42.357780 -13.149184 -7.480235 -5.882101 9.861278 0.702592 -10.936860 -0.360575 7.156196 0.000001 8.774813 -0.000001 -15.908597 18.215254 6.257286 -1.844031 2.498502 -2.507274 -10.163589 4.678940 4.621105 -20.975996 -0.000003 0.000004 -21.226254 2.451693 -3.593993 -0.000000 -0.000006 0.000001 -1.362680 2.240796 -0.746322 -21.334887 0.584909 3.008319 -13.821194 -0.000002 0.000003 -23.887131 -0.249078 -0.839481 -60.211952 2.636643 -1.573351 -0.294024 1.679686 0.833255 -14.218192 0.093214 1.300578 -34.212006 -0.287564 0.967168 -20.033178 0.964535 1.212841 -0.000000 0.000000 -0.000000 -3.440385 0.788232 0.501654 -15.928167 -3.167306 2.999701 -6.338819 0.000000 0.000002 -18.123413 3.648175 -4.905662 -0.000005 0.000001 -0.000001 -0.264616 7.824599 20.747131 81.664322 -21.840303 -25.843464 17.933578 85.714714 17.447411 -36.858879 -0.848002 -28.330061 2.243540 -5.255031 -3.180155 14.282877 -0.826594 6.952495 -0.000002 -12.690588 0.000000 16.054459 -17.950922 2.765180 1.665665 -1.955919 -2.878296 4.727793 -4.170583 4.993920 11.020511 0.000002 -0.000001 12.109032 -3.735712 -2.866779 -0.000000 0.000000 -0.000001 1.291985 -1.928548 -1.498088 14.800114 0.567467 3.865603 14.242553 -1.341736 -6.660649 19.631935 0.143925 -0.648246 49.511997 -0.885875 -6.228530 0.353029 -1.511148 -0.031941 20.222767 3.684303 2.316628 18.787245 0.000004 -0.000001 10.751610 -0.479868 1.397904 0.000000 0.000001 0.000000 3.273804 0.305946 -0.580110 21.486790 11.830360 2.266130 8.162918 0.000002 -0.000000 18.399054 -3.798978 -4.940567 0.000003 0.000001 -0.000001 -0.147336 1.457350 0.722775 0.082191 -0.175205 10.507571 -2.028011 25.707884 -10.071247 1.734867 -2.195761 -0.604969 -0.000000 0.000000 0.000002 3.795345 3.877161 -8.635327 0.037000 0.238586 13.475250 -2.134835 11.059424 -2.033084 -1.407505 0.986425 -0.994846 0.000000 0.000000 -0.000001 
-1.292104 99.757744 6.604065 -1.262224 -28.936150 -1.600337 -0.930111 -0.328166 -0.044945 -0.579730 -1.003753 -6.122622 2.297290 -2.199176 11.102350 29.386553 -20.799868 17.918631 -7.129740 -20.984638 -1.686552 -1.229868 -24.588120 -1.052933 0.000077 -0.000022 0.000007 0.198652 -0.145793 -0.037964 1.014157 -3.911137 -10.770618 -0.616651 3.625583 -10.816622 4.173851 -0.182269 22.610619 -50.451157 22.925285 11.572662 1.386181 -80.533936 -0.209484 42.258606 -13.371473 -7.111996 -5.882099 9.861278 0.702589 -10.936858 -0.360576 7.156198 0.000001 8.774814 -0.000001 -15.941488 18.213987 6.252535 -1.844031 2.498503 -2.507277 -10.163589 4.678940 4.621105 -20.975994 -0.000002 0.000004 -21.226254 2.451693 -3.593992 -0.000001 -0.000006 0.000001 -1.362681 2.240797 -0.746323 -21.334887 0.584909 3.008321 -13.821198 -0.000002 0.000003 -23.887131 -0.249079 -0.839480 -60.338310 2.652624 -1.632208 -0.294024 1.679686 0.833254 -14.218194 0.093214 1.300578 -34.212006 -0.287563 0.967171 -20.033178 0.964535 1.212843 0.000000 -0.000000 0.000000 -3.440384 0.788232 0.501655 -15.928169 -3.167306 2.999704 -6.338818 -0.000001 0.000000 -18.123415 3.648177 -4.905660 -0.000005 0.000001 -0.000001 0.316960 7.628036 20.274706 80.975960 -21.616829 -25.564064 14.474111 84.770554 14.042149 -37.422707 -0.417932 -27.111753 2.243540 -5.255032 -3.180153 14.282877 -0.826594 6.952495 -0.000003 -12.690590 0.000001 16.089857 -18.008152 2.794231 1.665665 -1.955920 -2.878297 4.727795 -4.170583 4.993918 11.020513 0.000002 -0.000001 12.109034 -3.735708 -2.866779 0.000001 -0.000001 -0.000000 1.291984 -1.928548 -1.498087 14.800114 0.567468 3.865605 14.242554 -1.341735 -6.660648 19.631941 0.143925 -0.648242 49.614616 -0.992382 -6.195387 0.353029 -1.511149 -0.031941 20.222773 3.684307 2.316628 18.787245 0.000005 0.000001 10.751612 -0.479868 1.397903 -0.000001 0.000001 0.000000 3.273804 0.305947 -0.580111 21.486795 11.830360 2.266131 8.162918 0.000002 -0.000000 18.399050 -3.798978 -4.940566 0.000003 -0.000001 -0.000000 -0.244224 1.845438 1.416797 0.076378 -0.192790 10.395856 -2.181626 26.470005 -10.276175 1.729965 -2.169880 -0.713620 -0.000000 0.000000 0.000002 3.889235 3.801846 -8.565240 0.051513 0.278857 14.202216 -2.179359 12.060698 -2.284991 -1.406402 1.040407 -1.024987 0.000000 -0.000000 -0.000001 
-1.474015 99.729172 6.589889 -1.185629 -29.680656 -1.936830 -0.977836 -0.379034 -0.269250 -0.579845 -1.007490 -6.157273 2.377096 -2.465821 10.923072 29.363665 -21.049013 17.955572 -7.282570 -21.587708 -1.570768 -1.442889 -25.157391 -1.322346 0.000077 -0.000023 0.000006 0.208852 -0.151711 -0.015784 1.014643 -3.910270 -10.747580 -0.600216 3.612561 -10.786868 4.166968 -0.360435 22.518898 -50.931232 23.147346 12.054165 1.190441 -79.680382 0.050956 42.678333 -13.335602 -7.168906 -5.882100 9.861278 0.702591 -10.936858 -0.360575 7.156199 0.000002 8.774815 -0.000000 -15.965759 18.190207 6.247722 -1.844031 2.498502 -2.507277 -10.163589 4.678940 4.621103 -20.975992 -0.000005 0.000004 -21.226254 2.451690 -3.593993 0.000000 -0.000006 0.000000 -1.362680 2.240796 -0.746322 -21.334892 0.584908 3.008321 -13.821195 -0.000003 0.000003 -23.887129 -0.249080 -0.839481 -60.392986 2.640322 -1.720837 -0.294024 1.679686 0.833255 -14.218194 0.093214 1.300579 -34.211998 -0.287566 0.967170 -20.033178 0.964534 1.212843 0.000000 -0.000001 -0.000000 -3.440386 0.788233 0.501656 -15.928167 -3.167308 2.999704 -6.338818 -0.000002 0.000001 -18.123407 3.648175 -4.905660 -0.000006 0.000001 -0.000001 0.603996 7.489541 19.841125 80.628761 -21.591448 -25.068201 11.934317 83.859016 11.596320 -38.041679 0.120533 -25.695297 2.243539 -5.255033 -3.180155 14.282878 -0.826593 6.952496 -0.000003 -12.690592 -0.000001 16.177973 -18.080112 2.822774 1.665665 -1.955918 -2.878297 4.727795 -4.170584 4.993919 11.020512 0.000003 -0.000001 12.109032 -3.735709 -2.866777 -0.000001 0.000000 -0.000000 1.291984 -1.928547 -1.498088 14.800113 0.567467 3.865606 14.242553 -1.341736 -6.660647 19.631939 0.143925 -0.648242 49.784725 -1.131655 -6.157079 0.353029 -1.511149 -0.031940 20.222769 3.684306 2.316630 18.787245 0.000005 0.000001 10.751609 -0.479866 1.397905 0.000000 0.000001 0.000000 3.273804 0.305946 -0.580109 21.486792 11.830362 2.266130 8.162918 0.000002 0.000001 18.399050 -3.798979 -4.940566 0.000003 0.000000 -0.000000 -0.181094 2.210480 1.992323 0.066189 -0.199548 10.076053 -2.255005 26.842640 -10.257515 1.728561 -2.164275 -0.864579 0.000000 0.000000 0.000002 3.945804 3.736290 -8.307117 0.061879 0.302512 14.398494 -2.045725 12.692110 -2.328471 -1.404351 1.062242 -1.064169 0.000000 -0.000000 -0.000001 
-1.688556 99.739410 6.598313 -1.132958 -30.172428 -2.132218 -0.964752 -0.419295 -0.456178 -0.566130 -1.032485 -6.213070 2.456925 -2.649029 10.727667 29.228931 -20.970556 17.771910 -7.289703 -22.046160 -1.505850 -1.561182 -25.587238 -1.895669 0.000077 -0.000022 0.000006 0.206361 -0.149994 -0.014924 1.014529 -3.903843 -10.703812 -0.601792 3.606817 -10.747963 4.125731 -0.472874 22.409908 -51.322159 23.442024 12.450242 1.446511 -79.032394 -0.191499 43.174908 -13.083874 -7.666272 -5.882102 9.861278 0.702591 -10.936860 -0.360574 7.156197 0.000001 8.774812 -0.000001 -15.902539 18.102938 6.282362 -1.844031 2.498502 -2.507275 -10.163592 4.678941 4.621103 -20.976000 -0.000003 0.000004 -21.226257 2.451693 -3.593994 -0.000002 -0.000006 0.000000 -1.362681 2.240796 -0.746323 -21.334898 0.584909 3.008320 -13.821197 -0.000001 0.000003 -23.887135 -0.249078 -0.839481 -60.348694 2.607995 -1.747009 -0.294025 1.679686 0.833255 -14.218195 0.093216 1.300578 -34.212006 -0.287563 0.967171 -20.033180 0.964534 1.212841 0.000000 -0.000000 -0.000000 -3.440386 0.788233 0.501656 -15.928171 -3.167306 2.999702 -6.338819 -0.000001 0.000002 -18.123417 3.648175 -4.905661 -0.000005 0.000001 -0.000002 0.733216 7.413657 19.457897 80.478363 -21.696745 -24.435562 9.536269 82.987083 9.284204 -38.580765 0.842004 -24.268396 2.243540 -5.255032 -3.180154 14.282877 -0.826593 6.952493 -0.000002 -12.690588 0.000000 16.275749 -18.122803 2.829792 1.665665 -1.955920 -2.878296 4.727793 -4.170583 4.993918 11.020513 0.000003 -0.000003 12.109035 -3.735708 -2.866779 -0.000001 0.000000 -0.000000 1.291985 -1.928546 -1.498088 14.800114 0.567468 3.865602 14.242556 -1.341733 -6.660650 19.631939 0.143927 -0.648246 49.840569 -1.250172 -6.128949 0.353029 -1.511148 -0.031941 20.222773 3.684305 2.316625 18.787247 0.000005 -0.000003 10.751614 -0.479867 1.397903 -0.000002 0.000001 -0.000000 3.273804 0.305949 -0.580111 21.486790 11.830360 2.266125 8.162917 0.000002 -0.000002 18.399052 -3.798977 -4.940568 0.000003 0.000000 -0.000000 -0.106863 2.489388 2.649744 0.060436 -0.186644 9.422075 -2.323509 26.998749 -10.091841 1.728171 -2.172195 -0.987506 -0.000000 0.000000 0.000002 4.009675 3.727043 -8.037698 0.060739 0.313617 14.342653 -1.869019 13.082388 -2.237924 -1.404303 1.071110 -1.113645 0.000000 -0.000000 -0.000001 
-1.841597 99.752083 6.562719 -1.082757 -30.412502 -2.212540 -0.906558 -0.448713 -0.610988 -0.544826 -1.023229 -6.268064 2.523150 -2.803679 10.565540 29.075100 -20.623722 17.418087 -7.216239 -22.385252 -1.493015 -1.544914 -25.890194 -2.642575 0.000077 -0.000023 0.000005 0.195507 -0.141620 -0.021836 1.009612 -3.891272 -10.689424 -0.619311 3.610940 -10.720850 4.053185 -0.505892 22.288912 -51.660622 23.732025 12.740493 1.794484 -78.536377 -0.559679 43.687183 -12.806709 -8.423080 -5.882101 9.861278 0.702590 -10.936858 -0.360575 7.156198 0.000001 8.774815 0.000000 -15.834934 18.005064 6.354430 -1.844031 2.498503 -2.507276 -10.163589 4.678940 4.621104 -20.975996 -0.000004 0.000004 -21.226248 2.451692 -3.593993 0.000000 -0.000006 0.000000 -1.362681 2.240797 -0.746324 -21.334890 0.584908 3.008320 -13.821197 -0.000002 0.000003 -23.887131 -0.249078 -0.839481 -60.322430 2.583198 -1.744922 -0.294024 1.679686 0.833254 -14.218194 0.093214 1.300579 -34.212006 -0.287564 0.967170 -20.033180 0.964536 1.212842 0.000000 -0.000001 0.000000 -3.440386 0.788233 0.501655 -15.928167 -3.167306 2.999702 -6.338817 -0.000001 0.000001 -18.123411 3.648176 -4.905659 -0.000005 0.000001 -0.000001 0.748143 7.353038 19.159702 80.595398 -21.752512 -23.858463 7.390888 82.012764 7.235011 -39.185143 1.759859 -22.813202 2.243540 -5.255033 -3.180155 14.282877 -0.826594 6.952493 -0.000001 -12.690590 -0.000001 16.348930 -18.120317 2.825006 1.665665 -1.955919 -2.878296 4.727793 -4.170584 4.993918 11.020513 0.000003 -0.000002 12.109032 -3.735711 -2.866780 0.000001 -0.000001 -0.000000 1.291985 -1.928549 -1.498087 14.800114 0.567467 3.865603 14.242553 -1.341737 -6.660647 19.631939 0.143924 -0.648243 49.879410 -1.307597 -6.121574 0.353029 -1.511148 -0.031939 20.222771 3.684305 2.316628 18.787247 0.000004 -0.000001 10.751611 -0.479867 1.397903 0.000000 0.000000 0.000000 3.273804 0.305947 -0.580110 21.486792 11.830363 2.266131 8.162918 0.000001 -0.000001 18.399054 -3.798980 -4.940569 0.000003 0.000000 -0.000001 -0.024694 2.694021 3.039049 0.056845 -0.184222 8.973499 -2.473613 27.045744 -9.984056 1.726064 -2.190386 -1.063271 -0.000000 -0.000000 0.000002 4.063550 3.692279 -7.853711 0.056631 0.320662 14.201674 -1.625830 13.268361 -2.143233 -1.401814 1.070473 -1.116851 -0.000000 -0.000000 -0.000001 
-1.981716 99.780449 6.552283 -1.017224 -30.475115 -2.226658 -0.825339 -0.451730 -0.724228 -0.511252 -1.003601 -6.310496 2.584393 -2.923385 10.433068 28.880285 -20.147190 16.996849 -7.108734 -22.500086 -1.512321 -1.408041 -26.060202 -3.499769 0.000077 -0.000023 0.000006 0.181662 -0.125751 -0.023951 1.005082 -3.869243 -10.649128 -0.643723 3.617469 -10.682219 3.964921 -0.500456 22.170595 -51.992634 23.970211 12.873069 2.006971 -78.179581 -0.829090 44.120983 -12.537035 -9.234935 -5.882102 9.861279 0.702591 -10.936859 -0.360575 7.156198 -0.000000 8.774815 -0.000001 -15.766654 17.926767 6.436383 -1.844031 2.498503 -2.507275 -10.163589 4.678940 4.621105 -20.975996 -0.000002 0.000006 -21.226254 2.451696 -3.593992 -0.000001 -0.000006 0.000000 -1.362681 2.240797 -0.746324 -21.334887 0.584910 3.008323 -13.821193 -0.000001 0.000003 -23.887133 -0.249076 -0.839480 -60.269039 2.565744 -1.732652 -0.294024 1.679687 0.833256 -14.218194 0.093215 1.300581 -34.212006 -0.287560 0.967172 -20.033180 0.964538 1.212841 -0.000000 -0.000001 0.000000 -3.440386 0.788233 0.501655 -15.928167 -3.167306 2.999705 -6.338817 -0.000001 0.000002 -18.123415 3.648178 -4.905660 -0.000007 0.000002 -0.000002 0.714678 7.312596 18.980875 80.839630 -21.635223 -23.282009 5.464036 80.826447 5.343633 -39.936367 2.821701 -21.332943 2.243539 -5.255031 -3.180153 14.282879 -0.826594 6.952496 -0.000004 -12.690592 0.000002 16.441114 -18.093267 2.787620 1.665664 -1.955920 -2.878295 4.727795 -4.170584 4.993919 11.020513 0.000005 -0.000000 12.109032 -3.735709 -2.866776 0.000000 -0.000001 0.000000 1.291984 -1.928547 -1.498085 14.800113 0.567470 3.865603 14.242553 -1.341733 -6.660645 19.631939 0.143926 -0.648241 49.977692 -1.351120 -6.100331 0.353029 -1.511150 -0.031940 20.222771 3.684306 2.316627 18.787245 0.000006 0.000001 10.751612 -0.479868 1.397905 0.000000 -0.000001 0.000000 3.273804 0.305947 -0.580110 21.486794 11.830362 2.266130 8.162917 0.000002 0.000000 18.399057 -3.798980 -4.940566 0.000003 -0.000000 -0.000001 0.046330 2.820838 3.389115 0.053066 -0.179906 8.327343 -2.529978 27.034294 -9.740907 1.724960 -2.199776 -1.122835 -0.000000 0.000000 0.000002 4.087476 3.644459 -7.760093 0.047606 0.297671 14.041443 -1.410916 13.347515 -1.999266 -1.401615 1.049264 -1.134127 0.000000 0.000000 -0.000001 
-2.123874 99.808952 6.502381 -0.921041 -30.292868 -2.210849 -0.740502 -0.485467 -0.818801 -0.475469 -0.941906 -6.317393 2.633438 -3.047005 10.335944 28.666647 -19.590105 16.683462 -6.947596 -22.411089 -1.604682 -1.168657 -26.011467 -4.360103 0.000077 -0.000022 0.000006 0.164777 -0.107965 -0.020856 0.995333 -3.852904 -10.635716 -0.667673 3.635578 -10.654924 3.857405 -0.443875 22.045856 -52.266861 24.054695 12.960708 2.095259 -77.788216 -0.945849 44.530270 -12.333364 -10.000856 -5.882101 9.861279 0.702589 -10.936858 -0.360575 7.156197 0.000001 8.774812 -0.000001 -15.715402 17.897720 6.488047 -1.844031 2.498502 -2.507277 -10.163589 4.678941 4.621104 -20.975992 -0.000004 0.000004 -21.226248 2.451692 -3.593993 -0.000001 -0.000007 0.000000 -1.362680 2.240797 -0.746323 -21.334887 0.584908 3.008320 -13.821195 -0.000003 0.000003 -23.887125 -0.249078 -0.839481 -60.234581 2.539997 -1.712400 -0.294024 1.679686 0.833255 -14.218190 0.093214 1.300579 -34.211998 -0.287563 0.967173 -20.033178 0.964535 1.212842 -0.000000 0.000000 -0.000000 -3.440385 0.788232 0.501656 -15.928167 -3.167306 2.999703 -6.338817 -0.000001 0.000002 -18.123413 3.648175 -4.905661 -0.000005 0.000001 -0.000003 0.674456 7.273759 18.928297 81.281364 -21.331182 -22.809175 3.699086 79.421669 3.701308 -40.706032 3.821524 -19.954514 2.243540 -5.255033 -3.180153 14.282877 -0.826595 6.952497 -0.000003 -12.690590 0.000002 16.502449 -18.073471 2.751894 1.665665 -1.955921 -2.878297 4.727794 -4.170584 4.993917 11.020514 0.000003 0.000000 12.109035 -3.735713 -2.866779 0.000000 0.000000 0.000000 1.291985 -1.928548 -1.498089 14.800113 0.567467 3.865602 14.242554 -1.341735 -6.660648 19.631939 0.143927 -0.648243 50.075504 -1.349324 -6.086449 0.353029 -1.511148 -0.031940 20.222769 3.684307 2.316627 18.787249 0.000004 -0.000002 10.751612 -0.479870 1.397904 0.000000 -0.000002 0.000000 3.273804 0.305948 -0.580109 21.486790 11.830364 2.266129 8.162916 0.000001 -0.000001 18.399052 -3.798980 -4.940568 0.000002 -0.000001 -0.000001 0.083771 2.827286 3.599833 0.049208 -0.160876 7.767274 -2.600334 26.944679 -9.494533 1.725328 -2.201414 -1.148183 -0.000000 0.000000 0.000002 4.064868 3.494408 -7.713229 0.039755 0.282297 13.848601 -1.240291 13.276222 -1.900631 -1.397310 1.021645 -1.136419 -0.000000 -0.000000 -0.000001 
-2.310110 99.834869 6.426459 -0.787728 -29.934013 -2.236032 -0.650091 -0.429140 -0.854873 -0.439157 -0.978259 -6.356202 2.647372 -3.106451 10.335340 28.408024 -19.084507 16.540659 -6.743556 -22.015656 -1.749210 -0.875371 -25.731976 -5.111323 0.000077 -0.000023 0.000005 0.142768 -0.079679 -0.036834 0.978691 -3.826895 -10.644711 -0.697267 3.667542 -10.662372 3.732051 -0.370159 21.923119 -52.378578 23.967955 13.145221 2.227901 -77.409431 -1.132487 44.782032 -12.101733 -10.658874 -5.882099 9.861276 0.702590 -10.936859 -0.360576 7.156198 0.000001 8.774814 -0.000003 -15.660597 17.901283 6.518435 -1.844030 2.498503 -2.507276 -10.163589 4.678939 4.621106 -20.975992 -0.000003 0.000005 -21.226250 2.451692 -3.593993 0.000000 -0.000006 -0.000002 -1.362679 2.240796 -0.746323 -21.334890 0.584908 3.008321 -13.821197 -0.000003 0.000002 -23.887131 -0.249078 -0.839480 -60.229950 2.535220 -1.709002 -0.294024 1.679686 0.833256 -14.218194 0.093214 1.300580 -34.211998 -0.287565 0.967171 -20.033178 0.964534 1.212844 -0.000000 0.000000 -0.000000 -3.440386 0.788233 0.501655 -15.928169 -3.167307 2.999705 -6.338817 -0.000001 0.000002 -18.123413 3.648174 -4.905662 -0.000004 -0.000001 -0.000002 0.670671 7.166423 18.979959 81.731689 -20.889170 -22.374863 2.233541 77.782272 2.313551 -41.561325 4.698177 -18.786312 2.243539 -5.255033 -3.180155 14.282875 -0.826593 6.952497 -0.000001 -12.690590 -0.000002 16.487465 -18.072256 2.721919 1.665664 -1.955919 -2.878297 4.727795 -4.170583 4.993918 11.020513 0.000001 0.000000 12.109033 -3.735710 -2.866781 0.000000 0.000000 0.000000 1.291985 -1.928548 -1.498088 14.800114 0.567469 3.865604 14.242554 -1.341735 -6.660650 19.631939 0.143927 -0.648243 50.147003 -1.293201 -6.092120 0.353029 -1.511150 -0.031940 20.222767 3.684304 2.316629 18.787249 0.000004 0.000001 10.751613 -0.479869 1.397905 -0.000001 0.000000 0.000001 3.273804 0.305946 -0.580110 21.486790 11.830361 2.266134 8.162916 0.000002 0.000000 18.399052 -3.798979 -4.940567 0.000003 -0.000001 -0.000001 0.077429 2.771731 3.815099 0.039782 -0.158186 7.185420 -2.638418 26.802706 -9.208941 1.723592 -2.209985 -1.128224 0.000000 -0.000000 0.000002 4.086518 3.273113 -7.691325 0.030534 0.265582 13.734351 -1.257828 13.118610 -1.827377 -1.396273 1.012537 -1.152689 0.000000 -0.000000 -0.000001 
-2.461897 99.823334 6.337457 -0.618490 -29.343208 -2.355522 -0.567254 -0.429181 -0.881638 -0.413549 -0.998253 -6.352109 2.658706 -3.122922 10.391404 28.065598 -18.642605 16.685310 -6.461823 -21.468544 -1.933899 -0.524884 -25.103365 -5.735753 0.000077 -0.000023 0.000007 0.127022 -0.056649 -0.027550 0.963516 -3.809372 -10.666791 -0.713930 3.696175 -10.674160 3.537248 -0.324951 21.874134 -52.310387 23.615089 13.277603 2.106207 -76.955612 -0.924231 44.968067 -11.857470 -11.267251 -5.882102 9.861277 0.702591 -10.936860 -0.360573 7.156198 0.000000 8.774812 0.000000 -15.569697 17.897705 6.551149 -1.844031 2.498502 -2.507276 -10.163589 4.678939 4.621103 -20.975994 -0.000003 0.000001 -21.226255 2.451693 -3.593994 -0.000001 -0.000006 0.000000 -1.362681 2.240796 -0.746323 -21.334896 0.584910 3.008320 -13.821197 -0.000001 0.000001 -23.887133 -0.249078 -0.839483 -60.165440 2.537293 -1.692224 -0.294025 1.679686 0.833256 -14.218194 0.093215 1.300579 -34.212009 -0.287560 0.967167 -20.033180 0.964535 1.212840 -0.000000 0.000000 0.000000 -3.440386 0.788232 0.501656 -15.928167 -3.167305 2.999703 -6.338817 -0.000001 0.000000 -18.123411 3.648177 -4.905662 -0.000005 0.000000 -0.000003 0.652318 6.928433 19.107584 82.315048 -20.339062 -22.070295 1.205556 75.945007 1.326627 -42.466148 5.380157 -17.832319 2.243540 -5.255033 -3.180155 14.282877 -0.826596 6.952496 -0.000002 -12.690590 0.000002 16.387318 -18.041594 2.752174 1.665665 -1.955919 -2.878297 4.727795 -4.170583 4.993919 11.020513 0.000002 -0.000002 12.109033 -3.735710 -2.866781 0.000000 -0.000001 -0.000000 1.291984 -1.928547 -1.498087 14.800114 0.567467 3.865602 14.242554 -1.341736 -6.660648 19.631939 0.143925 -0.648245 50.147068 -1.241313 -6.069295 0.353029 -1.511150 -0.031940 20.222771 3.684305 2.316626 18.787247 0.000005 -0.000001 10.751610 -0.479867 1.397903 -0.000001 -0.000001 -0.000001 3.273804 0.305946 -0.580110 21.486792 11.830362 2.266128 8.162916 0.000002 -0.000001 18.399054 -3.798979 -4.940569 0.000003 -0.000001 -0.000002 0.040554 2.547045 3.789566 0.036383 -0.142163 7.178158 -2.804085 26.591551 -9.175686 1.723421 -2.216712 -1.077818 -0.000000 -0.000000 0.000002 4.014870 2.918939 -7.610488 0.030804 0.283657 13.706589 -1.321535 12.861940 -2.012359 -1.394769 0.996700 -1.153570 -0.000000 -0.000000 -0.000001 
-2.630505 99.787598 6.251106 -0.440282 -28.550549 -2.584625 -0.484350 -0.403065 -0.872893 -0.401429 -1.041773 -6.354239 2.649964 -3.170084 10.509329 27.626768 -18.367664 17.169378 -6.180207 -20.670710 -2.119091 -0.212646 -24.197138 -6.197829 0.000077 -0.000022 0.000004 0.112004 -0.031631 -0.036702 0.942195 -3.786749 -10.686346 -0.722640 3.721453 -10.695837 3.270721 -0.231810 21.882942 -51.989643 22.998402 13.486791 1.918879 -76.494614 -0.606757 44.968773 -11.605515 -11.711398 -5.882101 9.861276 0.702591 -10.936860 -0.360576 7.156198 -0.000000 8.774811 -0.000001 -15.531246 17.920593 6.563075 -1.844030 2.498502 -2.507275 -10.163590 4.678937 4.621101 -20.975998 -0.000005 0.000005 -21.226255 2.451692 -3.593990 0.000000 -0.000006 -0.000002 -1.362680 2.240796 -0.746323 -21.334898 0.584908 3.008319 -13.821197 -0.000003 0.000003 -23.887136 -0.249078 -0.839480 -60.166656 2.573825 -1.687660 -0.294024 1.679686 0.833257 -14.218194 0.093213 1.300578 -34.212013 -0.287564 0.967173 -20.033180 0.964535 1.212841 0.000000 0.000000 0.000000 -3.440386 0.788232 0.501655 -15.928171 -3.167307 2.999705 -6.338817 -0.000002 0.000001 -18.123415 3.648175 -4.905660 -0.000004 -0.000000 -0.000002 0.619270 6.625725 19.304644 83.065559 -19.758360 -21.986279 0.466244 73.999870 0.602371 -43.488571 5.863553 -17.215910 2.243539 -5.255033 -3.180155 14.282877 -0.826593 6.952497 -0.000002 -12.690590 0.000001 16.327223 -18.055819 2.781591 1.665665 -1.955921 -2.878296 4.727793 -4.170584 4.993917 11.020511 0.000001 -0.000002 12.109032 -3.735711 -2.866780 0.000000 -0.000001 0.000002 1.291985 -1.928547 -1.498089 14.800113 0.567468 3.865603 14.242553 -1.341734 -6.660648 19.631937 0.143925 -0.648242 50.179527 -1.206228 -6.055731 0.353029 -1.511149 -0.031939 20.222767 3.684306 2.316629 18.787245 0.000005 0.000001 10.751610 -0.479865 1.397904 -0.000001 0.000002 -0.000000 3.273804 0.305946 -0.580110 21.486790 11.830364 2.266130 8.162916 0.000003 -0.000001 18.399054 -3.798978 -4.940567 0.000003 0.000000 -0.000002 -0.009953 2.191851 3.705456 0.026831 -0.125208 7.482770 -2.972654 26.325571 -9.263430 1.723904 -2.219642 -0.986025 0.000000 -0.000000 0.000002 3.938466 2.547938 -7.451271 0.029695 0.292386 13.791337 -1.460230 12.486609 -2.337145 -1.390906 0.994670 -1.120728 -0.000000 -0.000000 -0.000001 
-2.794939 99.730507 6.158492 -0.270864 -27.624165 -2.937595 -0.412421 -0.407847 -0.861960 -0.389325 -1.071540 -6.321141 2.631730 -3.221521 10.643465 27.072571 -18.285007 18.016903 -5.875491 -19.703650 -2.317463 0.000291 -22.987349 -6.531271 0.000077 -0.000023 0.000007 0.096902 -0.008795 -0.020915 0.917094 -3.766207 -10.698750 -0.729344 3.749190 -10.709980 2.877740 -0.118023 21.898787 -51.385540 22.192230 13.725601 1.702226 -75.980812 -0.205021 44.717842 -11.390475 -12.026609 -5.882102 9.861279 0.702590 -10.936859 -0.360573 7.156196 -0.000001 8.774814 0.000000 -15.440515 17.944696 6.560822 -1.844031 2.498503 -2.507277 -10.163589 4.678939 4.621103 -20.975994 -0.000003 0.000002 -21.226254 2.451694 -3.593993 -0.000001 -0.000006 -0.000001 -1.362681 2.240796 -0.746324 -21.334887 0.584910 3.008319 -13.821197 -0.000002 0.000001 -23.887133 -0.249078 -0.839482 -60.153378 2.569064 -1.686514 -0.294025 1.679686 0.833255 -14.218194 0.093215 1.300579 -34.212006 -0.287562 0.967169 -20.033180 0.964537 1.212841 0.000000 0.000000 0.000000 -3.440385 0.788233 0.501655 -15.928167 -3.167305 2.999704 -6.338817 -0.000001 0.000001 -18.123415 3.648178 -4.905662 -0.000006 0.000000 -0.000003 0.563402 6.193552 19.553225 83.853386 -19.251646 -22.042803 -0.106081 72.118843 0.056695 -44.585197 6.131134 -16.951120 2.243540 -5.255033 -3.180155 14.282875 -0.826594 6.952495 -0.000002 -12.690593 0.000000 16.284376 -18.037556 2.800544 1.665664 -1.955920 -2.878297 4.727793 -4.170585 4.993918 11.020509 0.000004 -0.000002 12.109033 -3.735711 -2.866780 -0.000000 -0.000001 0.000000 1.291984 -1.928547 -1.498087 14.800111 0.567467 3.865601 14.242554 -1.341737 -6.660649 19.631937 0.143924 -0.648247 50.128525 -1.169602 -6.079001 0.353029 -1.511148 -0.031939 20.222767 3.684304 2.316626 18.787245 0.000005 -0.000002 10.751609 -0.479867 1.397902 -0.000000 -0.000001 0.000001 3.273804 0.305947 -0.580112 21.486788 11.830361 2.266129 8.162914 0.000001 -0.000003 18.399052 -3.798980 -4.940570 0.000003 0.000000 -0.000001 0.008007 1.698421 3.587058 0.026024 -0.120602 8.051888 -3.234725 25.994053 -9.454599 1.722324 -2.212189 -0.867653 0.000000 -0.000000 0.000002 3.866737 2.207374 -7.167902 0.027065 0.292286 13.916080 -1.623946 11.969708 -2.744939 -1.389322 0.995333 -1.045083 -0.000000 -0.000000 -0.000001 
-2.939026 99.673859 6.105090 -0.115332 -26.557798 -3.367559 -0.357720 -0.406238 -0.889627 -0.377393 -1.139220 -6.288803 2.594226 -3.277871 10.799811 26.458860 -18.380438 19.191843 -5.596212 -18.562279 -2.479001 0.028051 -21.574421 -6.704425 0.000077 -0.000023 0.000006 0.086418 0.005535 -0.004558 0.890263 -3.761415 -10.716769 -0.721419 3.767986 -10.717170 2.382240 0.068438 21.904854 -50.495380 21.217657 14.022484 1.654284 -75.399117 0.009977 44.181519 -11.239776 -12.219563 -5.882102 9.861279 0.702589 -10.936857 -0.360575 7.156197 -0.000001 8.774813 -0.000002 -15.361088 17.951982 6.570385 -1.844031 2.498502 -2.507277 -10.163589 4.678939 4.621104 -20.975996 -0.000002 0.000004 -21.226254 2.451694 -3.593992 -0.000001 -0.000006 -0.000001 -1.362681 2.240796 -0.746323 -21.334892 0.584909 3.008320 -13.821197 -0.000002 0.000000 -23.887133 -0.249079 -0.839481 -60.174843 2.553993 -1.676634 -0.294024 1.679685 0.833257 -14.218190 0.093215 1.300579 -34.211998 -0.287564 0.967169 -20.033173 0.964537 1.212841 -0.000000 0.000001 -0.000000 -3.440385 0.788233 0.501654 -15.928165 -3.167306 2.999706 -6.338818 -0.000001 0.000001 -18.123411 3.648175 -4.905661 -0.000004 -0.000000 -0.000003 0.492825 5.605370 19.764835 84.693703 -18.859890 -22.243944 -0.502563 70.253510 -0.370970 -45.803429 6.161899 -17.167570 2.243540 -5.255033 -3.180153 14.282875 -0.826593 6.952496 -0.000001 -12.690592 -0.000001 16.294149 -17.987429 2.834395 1.665664 -1.955919 -2.878296 4.727793 -4.170583 4.993917 11.020512 0.000004 -0.000003 12.109033 -3.735713 -2.866777 -0.000000 -0.000001 0.000001 1.291984 -1.928547 -1.498085 14.800113 0.567469 3.865601 14.242553 -1.341737 -6.660650 19.631939 0.143925 -0.648243 50.044231 -1.157353 -6.140965 0.353029 -1.511150 -0.031939 20.222769 3.684304 2.316628 18.787245 0.000004 -0.000002 10.751610 -0.479867 1.397902 -0.000001 0.000002 0.000001 3.273803 0.305947 -0.580109 21.486792 11.830365 2.266132 8.162915 0.000003 -0.000001 18.399054 -3.798980 -4.940570 0.000004 0.000001 -0.000002 -0.045036 1.099662 3.646269 0.027448 -0.128622 8.504543 -3.363133 25.533592 -9.577696 1.718257 -2.189369 -0.753877 0.000000 -0.000000 0.000002 3.775693 1.932939 -6.773033 0.028644 0.277107 14.054313 -1.802552 11.215714 -3.178521 -1.390193 1.004538 -0.957337 0.000000 -0.000000 -0.000001 
-3.070483 99.642151 6.080359 0.014005 -25.415304 -3.806701 -0.329359 -0.404245 -0.965956 -0.361887 -1.234355 -6.283207 2.549798 -3.333701 10.927308 25.801367 -18.624466 20.664886 -5.345857 -17.366766 -2.645072 -0.149589 -20.025343 -6.562784 0.000077 -0.000022 0.000005 0.081327 0.005165 -0.000522 0.871200 -3.768033 -10.747739 -0.714434 3.777462 -10.731204 1.904771 0.328052 21.923117 -49.434418 20.233318 14.354572 1.565734 -74.810692 0.258803 43.522209 -11.034864 -12.325780 -5.882101 9.861278 0.702589 -10.936860 -0.360576 7.156198 0.000001 8.774814 -0.000001 -15.310859 17.997284 6.583209 -1.844031 2.498502 -2.507277 -10.163589 4.678938 4.621102 -20.975996 -0.000005 0.000003 -21.226255 2.451692 -3.593993 -0.000002 -0.000006 0.000001 -1.362681 2.240796 -0.746322 -21.334887 0.584908 3.008322 -13.821198 -0.000003 0.000001 -23.887133 -0.249077 -0.839480 -60.164783 2.550443 -1.670637 -0.294024 1.679686 0.833254 -14.218194 0.093214 1.300579 -34.212002 -0.287566 0.967171 -20.033178 0.964535 1.212844 -0.000000 0.000000 0.000000 -3.440386 0.788232 0.501655 -15.928167 -3.167307 2.999705 -6.338817 -0.000001 0.000001 -18.123415 3.648176 -4.905662 -0.000004 -0.000000 -0.000003 0.367310 4.929476 19.928957 85.514534 -18.645346 -22.609804 -0.498110 68.430237 -0.440312 -47.052742 5.999790 -17.813959 2.243539 -5.255031 -3.180153 14.282877 -0.826591 6.952496 -0.000004 -12.690592 0.000000 16.315453 -17.951271 2.842654 1.665664 -1.955919 -2.878296 4.727793 -4.170583 4.993920 11.020512 0.000005 -0.000001 12.109032 -3.735709 -2.866778 -0.000000 -0.000001 0.000001 1.291984 -1.928547 -1.498089 14.800113 0.567470 3.865603 14.242551 -1.341732 -6.660645 19.631937 0.143927 -0.648241 49.986061 -1.136841 -6.202562 0.353028 -1.511149 -0.031941 20.222771 3.684307 2.316629 18.787247 0.000004 -0.000000 10.751610 -0.479867 1.397904 0.000000 0.000000 0.000000 3.273804 0.305949 -0.580111 21.486792 11.830362 2.266129 8.162916 0.000002 0.000001 18.399054 -3.798978 -4.940565 0.000003 0.000001 0.000000 -0.158628 0.459000 3.919857 0.031359 -0.131550 8.578067 -3.295106 25.008017 -9.498302 1.713392 -2.150294 -0.708324 0.000000 -0.000000 0.000002 3.694791 1.802132 -6.310867 0.015425 0.213400 14.144187 -2.002591 10.343382 -3.508957 -1.393279 1.030639 -0.888333 0.000000 0.000000 -0.000001 
-3.227442 99.616516 6.018012 0.104805 -24.288076 -4.193339 -0.307993 -0.415068 -1.098214 -0.344324 -1.300064 -6.281848 2.479267 -3.446696 10.996855 25.207407 -18.936018 22.109533 -5.141720 -16.314518 -2.769601 -0.471277 -18.583498 -6.318899 0.000077 -0.000022 0.000008 0.082866 -0.008220 0.009938 0.860495 -3.786376 -10.771660 -0.699466 3.769332 -10.747211 1.544302 0.562811 21.960892 -48.477409 19.345701 14.653542 1.736141 -74.148026 0.294660 42.921753 -10.721282 -12.278771 -5.882101 9.861278 0.702590 -10.936862 -0.360575 7.156198 0.000001 8.774814 0.000001 -15.307414 18.061249 6.613430 -1.844031 2.498502 -2.507275 -10.163590 4.678941 4.621105 -20.975996 -0.000003 0.000003 -21.226250 2.451692 -3.593992 -0.000001 -0.000006 0.000000 -1.362680 2.240796 -0.746323 -21.334896 0.584910 3.008319 -13.821195 -0.000003 0.000001 -23.887133 -0.249078 -0.839481 -60.150063 2.561847 -1.678099 -0.294024 1.679686 0.833257 -14.218194 0.093214 1.300577 -34.212002 -0.287563 0.967168 -20.033178 0.964536 1.212841 -0.000000 0.000001 -0.000000 -3.440385 0.788232 0.501655 -15.928169 -3.167305 2.999703 -6.338817 -0.000000 0.000001 -18.123415 3.648175 -4.905662 -0.000007 -0.000001 -0.000001 0.151849 4.310537 20.019197 86.368034 -18.577856 -22.994839 -0.373410 66.737350 -0.435121 -48.127018 5.792367 -18.529654 2.243540 -5.255032 -3.180155 14.282877 -0.826595 6.952495 -0.000002 -12.690590 0.000000 16.355188 -17.950357 2.833758 1.665665 -1.955920 -2.878295 4.727792 -4.170583 4.993918 11.020512 0.000004 -0.000003 12.109032 -3.735709 -2.866780 0.000000 -0.000001 0.000000 1.291984 -1.928547 -1.498087 14.800111 0.567468 3.865601 14.242554 -1.341735 -6.660648 19.631939 0.143926 -0.648245 49.940254 -1.153230 -6.232831 0.353028 -1.511149 -0.031941 20.222771 3.684307 2.316626 18.787245 0.000004 -0.000002 10.751611 -0.479868 1.397904 -0.000001 0.000000 0.000000 3.273804 0.305948 -0.580109 21.486790 11.830363 2.266129 8.162916 0.000002 0.000000 18.399054 -3.798979 -4.940568 0.000004 0.000000 0.000000 -0.157909 -0.162035 4.116168 0.031174 -0.127886 8.708544 -3.290031 24.477245 -9.419760 1.710934 -2.117254 -0.697171 -0.000000 0.000000 0.000002 3.681182 1.770120 -5.902782 0.006967 0.157895 14.232999 -2.257467 9.356223 -3.751713 -1.397024 1.062250 -0.841095 0.000000 -0.000000 -0.000001 
-3.331554 99.613342 5.943061 0.168640 -23.284229 -4.518046 -0.285956 -0.401531 -1.211767 -0.340066 -1.399812 -6.303392 2.403199 -3.521849 11.018978 24.705189 -19.222719 23.281193 -4.997920 -15.476653 -2.878288 -0.755648 -17.494781 -6.059427 0.000077 -0.000021 0.000007 0.086707 -0.014995 0.033350 0.857267 -3.797757 -10.798324 -0.690574 3.774821 -10.755056 1.298923 0.729406 21.975451 -47.620174 18.666046 14.969337 1.853936 -73.503784 0.224623 42.516212 -10.370199 -12.143663 -5.882101 9.861279 0.702590 -10.936859 -0.360575 7.156198 0.000001 8.774813 -0.000000 -15.335956 18.097466 6.628629 -1.844031 2.498501 -2.507277 -10.163589 4.678939 4.621104 -20.975998 -0.000004 0.000002 -21.226255 2.451692 -3.593993 -0.000002 -0.000006 0.000001 -1.362681 2.240797 -0.746324 -21.334887 0.584909 3.008319 -13.821197 -0.000004 0.000001 -23.887129 -0.249078 -0.839483 -60.126255 2.549995 -1.693166 -0.294025 1.679687 0.833255 -14.218192 0.093214 1.300579 -34.211998 -0.287564 0.967168 -20.033180 0.964533 1.212840 -0.000000 0.000000 -0.000000 -3.440385 0.788232 0.501654 -15.928169 -3.167305 2.999704 -6.338818 -0.000000 0.000002 -18.123413 3.648177 -4.905662 -0.000007 0.000000 -0.000002 -0.109446 3.809894 20.067043 87.165192 -18.539326 -23.257769 -0.244662 65.125259 -0.368670 -48.976109 5.572545 -19.219986 2.243540 -5.255033 -3.180155 14.282877 -0.826593 6.952497 -0.000002 -12.690592 0.000000 16.393490 -17.981205 2.827234 1.665665 -1.955920 -2.878298 4.727794 -4.170584 4.993918 11.020511 0.000005 -0.000001 12.109033 -3.735710 -2.866780 0.000000 -0.000002 -0.000000 1.291984 -1.928549 -1.498087 14.800111 0.567469 3.865605 14.242553 -1.341735 -6.660647 19.631939 0.143925 -0.648243 49.955399 -1.207698 -6.227578 0.353027 -1.511149 -0.031941 20.222771 3.684307 2.316628 18.787245 0.000006 -0.000001 10.751610 -0.479867 1.397904 0.000000 0.000001 0.000000 3.273803 0.305947 -0.580109 21.486792 11.830361 2.266131 8.162916 0.000001 0.000000 18.399055 -3.798977 -4.940567 0.000003 0.000000 0.000000 -0.127818 -0.693099 4.361084 0.025805 -0.105811 8.632640 -3.224152 23.996302 -9.220992 1.708595 -2.100525 -0.726596 0.000000 -0.000000 0.000002 3.678454 1.885014 -5.506598 -0.003730 0.104331 14.173789 -2.467677 8.389222 -3.841754 -1.398990 1.073964 -0.790764 -0.000000 -0.000000 -0.000001 
-3.473892 99.591408 5.848129 0.226586 -22.372976 -4.797924 -0.276754 -0.399825 -1.293029 -0.349731 -1.468862 -6.314658 2.303290 -3.610389 10.994263 24.347841 -19.424057 24.106413 -4.901200 -14.903207 -2.958800 -0.966130 -16.711521 -5.840469 0.000076 -0.000023 0.000006 0.087344 -0.017314 0.045276 0.858317 -3.809131 -10.821898 -0.688250 3.767822 -10.777658 1.115385 0.833910 21.945471 -46.854767 18.164371 15.329987 2.149925 -72.844063 -0.062486 42.177757 -10.036316 -12.096656 -5.882102 9.861279 0.702590 -10.936859 -0.360575 7.156198 0.000002 8.774813 -0.000002 -15.341386 18.108124 6.617391 -1.844031 2.498503 -2.507275 -10.163590 4.678941 4.621104 -20.975996 -0.000002 0.000003 -21.226255 2.451694 -3.593996 -0.000001 -0.000006 -0.000001 -1.362681 2.240797 -0.746325 -21.334894 0.584911 3.008322 -13.821198 0.000001 0.000002 -23.887133 -0.249075 -0.839481 -60.063545 2.516655 -1.698725 -0.294024 1.679686 0.833256 -14.218194 0.093216 1.300580 -34.212006 -0.287560 0.967169 -20.033178 0.964536 1.212840 0.000000 0.000002 0.000000 -3.440386 0.788233 0.501653 -15.928169 -3.167304 2.999705 -6.338817 0.000000 0.000001 -18.123417 3.648178 -4.905662 -0.000008 0.000001 -0.000002 -0.354697 3.366025 20.070566 87.779907 -18.487610 -23.331179 -0.202360 63.509972 -0.392046 -49.598907 5.455857 -19.693100 2.243540 -5.255030 -3.180156 14.282875 -0.826594 6.952495 -0.000004 -12.690592 0.000000 16.389990 -18.023802 2.833845 1.665664 -1.955920 -2.878296 4.727793 -4.170583 4.993920 11.020511 0.000005 -0.000003 12.109030 -3.735707 -2.866780 0.000000 -0.000001 -0.000000 1.291983 -1.928547 -1.498090 14.800114 0.567468 3.865604 14.242553 -1.341734 -6.660649 19.631937 0.143927 -0.648244 49.946724 -1.258837 -6.225333 0.353029 -1.511148 -0.031940 20.222767 3.684309 2.316627 18.787245 0.000005 0.000001 10.751609 -0.479869 1.397906 -0.000002 0.000001 -0.000001 3.273803 0.305947 -0.580107 21.486788 11.830361 2.266132 8.162913 0.000002 -0.000002 18.399054 -3.798980 -4.940566 0.000003 0.000000 0.000000 -0.100715 -1.143165 4.411607 0.022140 -0.114002 8.855317 -3.258535 23.526566 -9.192118 1.708990 -2.093840 -0.742941 0.000000 -0.000000 0.000002 3.722401 2.041182 -5.235582 -0.003941 0.109346 14.258041 -2.693097 7.438461 -3.971100 -1.400916 1.079084 -0.736972 0.000000 -0.000000 -0.000001 
-3.604825 99.586235 5.782156 0.285699 -21.544859 -5.052766 -0.277199 -0.410832 -1.343753 -0.369951 -1.564918 -6.353248 2.180438 -3.641233 10.981333 24.138466 -19.599829 24.618023 -4.840731 -14.484336 -3.005730 -1.168764 -16.147110 -5.718840 0.000077 -0.000021 0.000007 0.105544 -0.044828 0.042816 0.876519 -3.838500 -10.847086 -0.671403 3.739959 -10.795297 0.981338 0.856835 21.909191 -46.201756 17.779976 15.669416 2.335936 -72.139519 -0.300861 41.861713 -9.771763 -12.156819 -5.882098 9.861279 0.702587 -10.936860 -0.360576 7.156197 0.000001 8.774814 -0.000001 -15.310985 18.142960 6.639348 -1.844030 2.498502 -2.507275 -10.163588 4.678939 4.621102 -20.975992 -0.000006 0.000002 -21.226248 2.451690 -3.593994 0.000000 -0.000006 -0.000001 -1.362680 2.240796 -0.746323 -21.334887 0.584906 3.008319 -13.821195 -0.000003 0.000003 -23.887129 -0.249081 -0.839481 -60.028793 2.506634 -1.720388 -0.294025 1.679686 0.833257 -14.218192 0.093213 1.300579 -34.211998 -0.287568 0.967171 -20.033176 0.964533 1.212843 0.000000 0.000001 0.000000 -3.440385 0.788232 0.501655 -15.928167 -3.167309 2.999702 -6.338817 -0.000002 0.000002 -18.123411 3.648174 -4.905661 -0.000008 0.000002 -0.000001 -0.578144 2.944496 20.068962 88.258057 -18.335440 -23.223734 -0.206584 61.863178 -0.438210 -50.184074 5.312212 -20.015234 2.243540 -5.255033 -3.180157 14.282877 -0.826591 6.952497 -0.000002 -12.690591 -0.000003 16.392305 -18.035206 2.844953 1.665664 -1.955920 -2.878296 4.727794 -4.170582 4.993918 11.020513 0.000005 -0.000001 12.109031 -3.735709 -2.866779 0.000001 -0.000002 -0.000000 1.291984 -1.928548 -1.498090 14.800114 0.567467 3.865606 14.242553 -1.341734 -6.660648 19.631937 0.143926 -0.648243 49.990944 -1.242611 -6.218614 0.353029 -1.511149 -0.031939 20.222771 3.684307 2.316628 18.787247 0.000004 -0.000001 10.751610 -0.479867 1.397904 -0.000001 0.000000 -0.000000 3.273805 0.305947 -0.580112 21.486795 11.830363 2.266134 8.162917 0.000002 -0.000001 18.399054 -3.798980 -4.940567 0.000002 0.000000 -0.000001 -0.067538 -1.507456 4.565617 0.018337 -0.122838 8.786563 -3.269588 23.084541 -9.045665 1.707793 -2.095278 -0.732962 0.000000 -0.000000 0.000002 3.762568 2.260602 -4.921582 -0.017056 0.096941 14.218842 -2.912024 6.583441 -4.034526 -1.402150 1.075812 -0.703559 0.000000 -0.000000 -0.000001 
-3.734953 99.559563 5.671737 0.332075 -20.789156 -5.258153 -0.277348 -0.438706 -1.398601 -0.394104 -1.600475 -6.353121 2.034117 -3.750443 10.921625 24.003431 -19.610579 24.821327 -4.820569 -14.243936 -3.033181 -1.318324 -15.750267 -5.586815 0.000077 -0.000021 0.000007 0.120626 -0.085245 0.028011 0.894408 -3.881738 -10.873723 -0.653746 3.707833 -10.820790 0.894793 0.840112 21.848679 -45.705170 17.445704 15.937611 2.372805 -71.385841 -0.406246 41.610260 -9.544909 -12.228764 -5.882101 9.861278 0.702591 -10.936860 -0.360576 7.156198 0.000001 8.774812 -0.000003 -15.386488 18.210922 6.621705 -1.844031 2.498503 -2.507275 -10.163589 4.678939 4.621106 -20.975998 -0.000002 0.000003 -21.226255 2.451694 -3.593993 0.000000 -0.000006 -0.000001 -1.362681 2.240796 -0.746324 -21.334892 0.584910 3.008325 -13.821197 -0.000001 0.000002 -23.887131 -0.249075 -0.839480 -60.075054 2.499930 -1.741891 -0.294025 1.679686 0.833256 -14.218194 0.093215 1.300580 -34.212006 -0.287560 0.967173 -20.033180 0.964538 1.212842 0.000000 0.000002 -0.000001 -3.440386 0.788232 0.501656 -15.928171 -3.167306 2.999708 -6.338817 -0.000001 0.000003 -18.123413 3.648176 -4.905660 -0.000007 0.000001 -0.000001 -0.812103 2.592017 20.042418 88.609955 -18.116705 -23.079082 -0.182106 60.252068 -0.438351 -50.705738 5.244458 -20.140543 2.243540 -5.255033 -3.180156 14.282875 -0.826591 6.952498 -0.000003 -12.690590 0.000001 16.456390 -18.047417 2.782728 1.665664 -1.955919 -2.878299 4.727793 -4.170583 4.993918 11.020511 0.000004 -0.000002 12.109034 -3.735711 -2.866780 0.000001 -0.000003 -0.000000 1.291985 -1.928549 -1.498088 14.800111 0.567467 3.865605 14.242551 -1.341734 -6.660649 19.631939 0.143926 -0.648245 50.063545 -1.230916 -6.238494 0.353029 -1.511149 -0.031942 20.222771 3.684305 2.316630 18.787245 0.000005 0.000000 10.751610 -0.479870 1.397906 -0.000001 0.000000 -0.000002 3.273804 0.305947 -0.580111 21.486792 11.830364 2.266130 8.162915 0.000002 0.000000 18.399054 -3.798979 -4.940569 0.000001 0.000001 -0.000001 -0.013794 -1.847770 4.455052 0.011156 -0.105598 9.147799 -3.409018 22.660019 -9.106676 1.709832 -2.095642 -0.757841 0.000000 -0.000000 0.000002 3.834042 2.542138 -4.775547 -0.027266 0.094459 14.353937 -3.162788 5.695088 -4.137750 -1.403595 1.078357 -0.677844 -0.000000 -0.000000 -0.000001 
-3.844800 99.558189 5.575314 0.370283 -20.120667 -5.446771 -0.278967 -0.451719 -1.427453 -0.417284 -1.667552 -6.378350 1.861693 -3.846740 10.858799 23.898836 -19.544497 24.827179 -4.786225 -14.105454 -3.044329 -1.432633 -15.523033 -5.463855 0.000077 -0.000023 0.000006 0.134147 -0.114666 0.019738 0.905820 -3.915245 -10.902342 -0.641493 3.678031 -10.840915 0.837439 0.780913 21.791985 -45.312290 17.248999 16.202457 2.456706 -70.771278 -0.487072 41.333981 -9.373080 -12.258023 -5.882102 9.861278 0.702589 -10.936860 -0.360575 7.156196 0.000002 8.774812 -0.000002 -15.422130 18.300915 6.630434 -1.844031 2.498502 -2.507276 -10.163591 4.678939 4.621104 -20.975994 -0.000004 0.000002 -21.226255 2.451691 -3.593992 0.000000 -0.000006 -0.000002 -1.362680 2.240795 -0.746322 -21.334887 0.584908 3.008321 -13.821197 -0.000004 0.000004 -23.887125 -0.249079 -0.839480 -60.160625 2.527916 -1.749866 -0.294025 1.679685 0.833256 -14.218190 0.093214 1.300580 -34.212006 -0.287565 0.967171 -20.033178 0.964534 1.212843 0.000000 0.000001 0.000000 -3.440386 0.788232 0.501655 -15.928169 -3.167306 2.999705 -6.338817 -0.000001 0.000002 -18.123413 3.648176 -4.905661 -0.000006 0.000002 -0.000001 -1.048160 2.296300 20.004751 88.887505 -17.912359 -22.822054 -0.208867 58.785400 -0.530559 -51.244080 5.232854 -20.115580 2.243540 -5.255033 -3.180156 14.282878 -0.826595 6.952498 -0.000001 -12.690588 -0.000001 16.512888 -18.065331 2.748177 1.665664 -1.955919 -2.878296 4.727794 -4.170583 4.993919 11.020512 0.000006 -0.000002 12.109032 -3.735712 -2.866777 0.000001 -0.000002 0.000001 1.291985 -1.928548 -1.498087 14.800117 0.567468 3.865606 14.242553 -1.341737 -6.660646 19.631939 0.143924 -0.648242 50.213768 -1.214677 -6.222394 0.353028 -1.511150 -0.031941 20.222773 3.684305 2.316630 18.787247 0.000006 0.000000 10.751610 -0.479868 1.397904 -0.000000 0.000000 -0.000002 3.273804 0.305947 -0.580108 21.486795 11.830361 2.266134 8.162917 0.000002 0.000000 18.399057 -3.798979 -4.940566 0.000002 0.000000 -0.000002 0.040868 -2.166437 4.509074 -0.001547 -0.106834 9.138703 -3.500390 22.365715 -8.999040 1.709361 -2.099125 -0.825245 0.000000 -0.000000 0.000002 3.906197 2.911897 -4.541504 -0.044954 0.055256 14.276904 -3.395892 4.856040 -4.119540 -1.406928 1.076608 -0.682865 -0.000000 0.000000 -0.000001 
-3.958637 99.568153 5.457761 0.390380 -19.510027 -5.615154 -0.290536 -0.467873 -1.468004 -0.443466 -1.744334 -6.392594 1.678531 -3.942557 10.811733 23.873377 -19.396505 24.633659 -4.788318 -14.034051 -3.057735 -1.517765 -15.471422 -5.342431 0.000077 -0.000021 0.000006 0.135642 -0.128826 0.019508 0.908796 -3.923830 -10.910157 -0.640826 3.669162 -10.854172 0.793683 0.729001 21.767857 -44.999218 17.060040 16.467636 2.549331 -70.243805 -0.573626 41.160313 -9.275650 -12.410834 -5.882102 9.861278 0.702590 -10.936860 -0.360574 7.156198 0.000003 8.774815 -0.000001 -15.427460 18.354963 6.634508 -1.844031 2.498503 -2.507275 -10.163590 4.678940 4.621105 -20.975996 -0.000004 0.000001 -21.226254 2.451691 -3.593994 -0.000001 -0.000006 -0.000001 -1.362681 2.240797 -0.746321 -21.334890 0.584911 3.008320 -13.821197 -0.000002 0.000002 -23.887131 -0.249078 -0.839482 -60.252155 2.518333 -1.758002 -0.294024 1.679686 0.833256 -14.218194 0.093215 1.300579 -34.212006 -0.287562 0.967169 -20.033180 0.964535 1.212841 0.000000 0.000001 -0.000002 -3.440386 0.788233 0.501654 -15.928167 -3.167305 2.999703 -6.338817 -0.000001 0.000002 -18.123411 3.648176 -4.905662 -0.000006 0.000002 -0.000001 -1.319969 2.089127 19.938826 89.178978 -17.726990 -22.636431 -0.164673 57.451176 -0.516566 -51.786381 5.271917 -19.939697 2.243540 -5.255032 -3.180156 14.282877 -0.826595 6.952497 -0.000002 -12.690590 0.000000 16.588079 -18.100052 2.702972 1.665665 -1.955920 -2.878295 4.727794 -4.170582 4.993918 11.020511 0.000006 -0.000002 12.109033 -3.735708 -2.866780 0.000001 -0.000002 0.000001 1.291983 -1.928545 -1.498086 14.800113 0.567466 3.865601 14.242554 -1.341737 -6.660649 19.631939 0.143923 -0.648245 50.275475 -1.183404 -6.217681 0.353027 -1.511148 -0.031941 20.222769 3.684305 2.316627 18.787245 0.000006 -0.000002 10.751612 -0.479869 1.397904 -0.000001 0.000001 -0.000001 3.273804 0.305947 -0.580111 21.486790 11.830360 2.266131 8.162916 0.000003 0.000000 18.399052 -3.798979 -4.940570 0.000002 -0.000000 -0.000003 0.120843 -2.453288 4.601910 -0.007800 -0.095516 9.028652 -3.562230 22.111401 -8.830461 1.707718 -2.096552 -0.917962 0.000000 -0.000000 0.000002 4.000156 3.231291 -4.276846 -0.052173 0.040268 14.072136 -3.609691 4.173394 -4.007851 -1.408458 1.070255 -0.729349 -0.000000 0.000000 -0.000001 
-4.032027 99.573151 5.301422 0.405955 -18.991724 -5.788041 -0.313732 -0.472263 -1.512711 -0.467068 -1.824609 -6.409094 1.485204 -4.029914 10.780217 23.856573 -19.221916 24.355593 -4.811335 -14.002419 -3.053699 -1.580030 -15.475714 -5.224814 0.000076 -0.000022 0.000006 0.131968 -0.129565 0.013401 0.906021 -3.928656 -10.906097 -0.648882 3.661779 -10.852279 0.749143 0.666002 21.749849 -44.755077 16.931467 16.700764 2.688035 -69.837509 -0.704370 41.037594 -9.276146 -12.724865 -5.882101 9.861279 0.702590 -10.936858 -0.360575 7.156198 0.000002 8.774810 -0.000001 -15.413680 18.366091 6.652591 -1.844031 2.498503 -2.507275 -10.163589 4.678940 4.621102 -20.975996 -0.000003 0.000002 -21.226255 2.451692 -3.593993 0.000001 -0.000006 -0.000002 -1.362680 2.240797 -0.746322 -21.334888 0.584909 3.008320 -13.821197 -0.000003 0.000002 -23.887133 -0.249078 -0.839481 -60.309734 2.488920 -1.761554 -0.294024 1.679685 0.833255 -14.218194 0.093214 1.300578 -34.212006 -0.287565 0.967169 -20.033180 0.964535 1.212842 0.000000 0.000002 0.000000 -3.440386 0.788233 0.501656 -15.928167 -3.167306 2.999704 -6.338817 -0.000002 0.000001 -18.123413 3.648175 -4.905662 -0.000006 0.000002 -0.000001 -1.605963 1.912605 19.884260 89.378395 -17.595190 -22.364056 -0.211376 56.289154 -0.515170 -52.342381 5.276965 -19.714750 2.243541 -5.255032 -3.180156 14.282875 -0.826596 6.952495 -0.000002 -12.690586 0.000002 16.632587 -18.119852 2.658481 1.665665 -1.955921 -2.878297 4.727793 -4.170584 4.993919 11.020509 0.000003 -0.000001 12.109033 -3.735711 -2.866784 0.000001 -0.000002 -0.000000 1.291983 -1.928547 -1.498086 14.800111 0.567464 3.865601 14.242553 -1.341735 -6.660652 19.631937 0.143924 -0.648246 50.321217 -1.123008 -6.243131 0.353029 -1.511150 -0.031939 20.222763 3.684304 2.316627 18.787245 0.000004 -0.000003 10.751607 -0.479868 1.397903 -0.000001 0.000002 -0.000002 3.273804 0.305948 -0.580112 21.486790 11.830361 2.266128 8.162915 0.000002 -0.000002 18.399050 -3.798979 -4.940569 0.000003 0.000000 -0.000003 0.207251 -2.642637 4.641553 -0.008465 -0.089692 9.049755 -3.639147 21.877132 -8.702909 1.704651 -2.095188 -0.964734 0.000000 -0.000000 0.000002 4.082550 3.554149 -4.066883 -0.055141 0.024901 13.910195 -3.748602 3.593918 -3.869238 -1.408610 1.066318 -0.785586 -0.000000 -0.000000 -0.000001 
-4.152421 99.575401 5.167562 0.417138 -18.579233 -5.976544 -0.345256 -0.487739 -1.549056 -0.485016 -1.847026 -6.413349 1.300436 -4.147192 10.764264 23.810373 -19.002199 24.054972 -4.810975 -14.030841 -3.036095 -1.667949 -15.481470 -5.108709 0.000077 -0.000023 0.000006 0.123531 -0.124126 0.007382 0.895014 -3.925136 -10.905714 -0.653994 3.674063 -10.844889 0.690517 0.607665 21.781078 -44.571587 16.778898 16.810274 2.530328 -69.606865 -0.584596 40.944160 -9.325628 -12.882739 -5.882102 9.861279 0.702590 -10.936857 -0.360575 7.156196 -0.000000 8.774810 -0.000000 -15.410239 18.362961 6.646533 -1.844031 2.498502 -2.507275 -10.163589 4.678941 4.621104 -20.975996 -0.000003 0.000002 -21.226254 2.451692 -3.593994 -0.000001 -0.000006 -0.000001 -1.362681 2.240796 -0.746323 -21.334894 0.584909 3.008320 -13.821197 -0.000003 0.000003 -23.887133 -0.249078 -0.839483 -60.360039 2.472523 -1.737779 -0.294024 1.679685 0.833255 -14.218195 0.093216 1.300578 -34.212002 -0.287565 0.967168 -20.033180 0.964535 1.212841 -0.000000 0.000001 -0.000001 -3.440386 0.788232 0.501655 -15.928169 -3.167306 2.999703 -6.338817 -0.000001 0.000001 -18.123413 3.648176 -4.905661 -0.000005 0.000001 -0.000001 -1.903422 1.774684 19.813768 89.503098 -17.537275 -22.168699 -0.243963 55.278008 -0.498652 -52.857914 5.241070 -19.463226 2.243541 -5.255033 -3.180155 14.282877 -0.826594 6.952497 -0.000002 -12.690591 0.000000 16.634760 -18.116957 2.654114 1.665665 -1.955920 -2.878297 4.727793 -4.170584 4.993918 11.020511 0.000004 -0.000001 12.109033 -3.735709 -2.866778 0.000002 -0.000002 -0.000001 1.291984 -1.928547 -1.498090 14.800114 0.567466 3.865604 14.242553 -1.341736 -6.660646 19.631941 0.143926 -0.648244 50.335232 -1.060535 -6.265365 0.353028 -1.511151 -0.031938 20.222767 3.684306 2.316629 18.787245 0.000005 -0.000002 10.751608 -0.479867 1.397904 -0.000001 0.000002 -0.000001 3.273803 0.305948 -0.580110 21.486790 11.830363 2.266130 8.162916 0.000003 -0.000001 18.399052 -3.798980 -4.940567 0.000003 -0.000000 -0.000003 0.291051 -2.728162 4.749959 -0.002176 -0.111763 8.995376 -3.670084 21.626925 -8.564756 1.704250 -2.098302 -0.989889 0.000000 -0.000000 0.000002 4.202883 3.869385 -3.809572 -0.061611 0.006232 13.726628 -3.852792 3.106172 -3.730526 -1.407920 1.065141 -0.822227 0.000000 0.000000 -0.000001 
-4.234304 99.572365 5.075021 0.438458 -18.245852 -6.192366 -0.386683 -0.484620 -1.563688 -0.515705 -1.924322 -6.429977 1.126161 -4.215218 10.777129 23.793285 -18.812674 23.780018 -4.873141 -14.025918 -3.029507 -1.777493 -15.502838 -4.965997 0.000077 -0.000022 0.000006 0.117091 -0.119185 0.008895 0.886630 -3.913567 -10.901984 -0.661401 3.683191 -10.855885 0.645242 0.521352 21.801914 -44.345490 16.716703 16.956703 2.228099 -69.587280 -0.360279 40.822815 -9.367311 -12.789169 -5.882100 9.861278 0.702588 -10.936855 -0.360576 7.156198 0.000003 8.774813 -0.000001 -15.408837 18.318352 6.622374 -1.844031 2.498502 -2.507275 -10.163589 4.678938 4.621102 -20.975992 -0.000004 0.000002 -21.226255 2.451691 -3.593994 0.000001 -0.000006 -0.000003 -1.362680 2.240795 -0.746323 -21.334892 0.584907 3.008321 -13.821194 -0.000003 0.000003 -23.887129 -0.249077 -0.839480 -60.384190 2.443500 -1.723422 -0.294025 1.679687 0.833255 -14.218190 0.093215 1.300579 -34.211998 -0.287563 0.967169 -20.033178 0.964535 1.212843 0.000000 0.000000 -0.000001 -3.440385 0.788232 0.501655 -15.928167 -3.167306 2.999704 -6.338816 -0.000001 0.000001 -18.123411 3.648176 -4.905661 -0.000006 0.000001 -0.000001 -2.196356 1.637671 19.767368 89.532089 -17.522999 -21.951273 -0.250725 54.317951 -0.462463 -53.405685 5.189019 -19.131788 2.243539 -5.255033 -3.180156 14.282875 -0.826591 6.952496 -0.000003 -12.690587 -0.000002 16.624817 -18.109503 2.706796 1.665663 -1.955920 -2.878296 4.727793 -4.170583 4.993918 11.020511 0.000005 0.000000 12.109033 -3.735711 -2.866778 0.000001 -0.000001 -0.000001 1.291984 -1.928548 -1.498086 14.800113 0.567470 3.865602 14.242553 -1.341735 -6.660646 19.631937 0.143927 -0.648241 50.360432 -1.027649 -6.265436 0.353029 -1.511150 -0.031941 20.222771 3.684307 2.316633 18.787245 0.000008 0.000001 10.751610 -0.479868 1.397906 -0.000002 0.000001 -0.000001 3.273805 0.305947 -0.580110 21.486792 11.830367 2.266133 8.162916 0.000003 0.000000 18.399052 -3.798977 -4.940565 0.000003 -0.000002 -0.000002 0.375261 -2.747199 4.918269 -0.014498 -0.123624 8.912597 -3.713394 21.431707 -8.444757 1.702137 -2.104411 -0.991163 0.000000 -0.000000 0.000002 4.285451 4.176985 -3.549437 -0.068136 -0.018573 13.618242 -3.917410 2.746110 -3.645994 -1.407751 1.071708 -0.870619 0.000000 0.000000 -0.000001 
-4.320593 99.563599 5.010181 0.483691 -18.004389 -6.418563 -0.432887 -0.487726 -1.569206 -0.542526 -1.978689 -6.431017 0.959531 -4.296573 10.784297 23.741941 -18.590462 23.514112 -4.932880 -14.054459 -3.027407 -1.943890 -15.481753 -4.782264 0.000077 -0.000022 0.000006 0.113640 -0.113051 0.002373 0.877301 -3.903674 -10.906939 -0.664292 3.690632 -10.865616 0.603148 0.406281 21.858549 -44.094772 16.600803 17.197855 1.973242 -69.545021 -0.191619 40.691635 -9.368475 -12.524729 -5.882101 9.861278 0.702591 -10.936861 -0.360575 7.156197 0.000002 8.774813 -0.000002 -15.398395 18.288664 6.606208 -1.844030 2.498502 -2.507275 -10.163590 4.678940 4.621104 -20.975996 -0.000003 0.000004 -21.226255 2.451693 -3.593994 -0.000001 -0.000007 -0.000002 -1.362681 2.240796 -0.746323 -21.334892 0.584908 3.008321 -13.821199 -0.000002 0.000003 -23.887133 -0.249078 -0.839482 -60.371075 2.439880 -1.705516 -0.294025 1.679686 0.833255 -14.218194 0.093213 1.300578 -34.212006 -0.287564 0.967169 -20.033180 0.964535 1.212844 0.000000 0.000001 0.000000 -3.440386 0.788233 0.501656 -15.928167 -3.167307 2.999705 -6.338818 -0.000002 0.000002 -18.123413 3.648177 -4.905662 -0.000006 0.000002 -0.000001 -2.485226 1.532242 19.749180 89.525612 -17.514519 -21.889030 -0.209720 53.551678 -0.438962 -53.891430 5.221475 -18.678814 2.243537 -5.255031 -3.180155 14.282881 -0.826593 6.952497 -0.000004 -12.690588 -0.000001 16.589188 -18.084131 2.722483 1.665664 -1.955919 -2.878297 4.727794 -4.170582 4.993917 11.020512 0.000005 -0.000000 12.109033 -3.735710 -2.866778 0.000001 -0.000002 -0.000000 1.291983 -1.928546 -1.498085 14.800114 0.567469 3.865603 14.242551 -1.341733 -6.660646 19.631939 0.143925 -0.648242 50.311687 -0.970790 -6.283151 0.353029 -1.511150 -0.031941 20.222771 3.684305 2.316630 18.787247 0.000005 0.000000 10.751613 -0.479869 1.397903 -0.000000 0.000000 0.000001 3.273804 0.305946 -0.580110 21.486794 11.830361 2.266131 8.162917 0.000001 0.000000 18.399057 -3.798976 -4.940567 0.000002 0.000000 -0.000001 0.431649 -2.720619 5.129701 -0.023920 -0.130980 8.779897 -3.760247 21.299442 -8.331105 1.697534 -2.105211 -1.006403 0.000000 -0.000000 0.000002 4.346267 4.461605 -3.313786 -0.074735 -0.038126 13.594090 -3.953395 2.474349 -3.616728 -1.408028 1.086472 -0.885476 0.000000 0.000000 -0.000001 
-4.453083 99.539009 4.961746 0.549766 -17.885359 -6.640900 -0.474130 -0.497571 -1.562365 -0.560531 -2.017994 -6.425351 0.809904 -4.373510 10.778858 23.591030 -18.311878 23.289469 -4.990306 -14.105805 -2.999436 -2.122737 -15.380054 -4.589001 0.000077 -0.000022 0.000006 0.108376 -0.114244 0.003305 0.871612 -3.921538 -10.918059 -0.659783 3.690675 -10.874654 0.555244 0.312144 21.927750 -43.780792 16.517101 17.563883 1.501151 -69.565857 0.213281 40.646439 -9.370604 -12.066200 -5.882102 9.861280 0.702589 -10.936861 -0.360574 7.156198 -0.000000 8.774812 -0.000001 -15.446963 18.293718 6.552934 -1.844031 2.498503 -2.507275 -10.163591 4.678940 4.621105 -20.975998 -0.000001 0.000002 -21.226257 2.451695 -3.593992 -0.000001 -0.000007 -0.000002 -1.362681 2.240796 -0.746321 -21.334890 0.584910 3.008322 -13.821198 -0.000001 0.000003 -23.887133 -0.249074 -0.839480 -60.382530 2.454368 -1.721719 -0.294025 1.679687 0.833256 -14.218195 0.093216 1.300581 -34.212006 -0.287562 0.967169 -20.033184 0.964535 1.212842 0.000001 0.000002 -0.000001 -3.440386 0.788233 0.501654 -15.928169 -3.167306 2.999703 -6.338818 -0.000000 0.000001 -18.123417 3.648179 -4.905661 -0.000007 0.000002 -0.000001 -2.746229 1.443213 19.759647 89.403328 -17.519321 -21.875872 -0.215461 53.026756 -0.454374 -54.250706 5.184562 -18.154882 2.243540 -5.255032 -3.180154 14.282875 -0.826590 6.952495 -0.000004 -12.690591 0.000000 16.555759 -18.034370 2.769691 1.665665 -1.955917 -2.878297 4.727792 -4.170584 4.993918 11.020510 0.000005 -0.000003 12.109032 -3.735707 -2.866777 0.000000 0.000000 -0.000001 1.291984 -1.928547 -1.498089 14.800113 0.567469 3.865602 14.242554 -1.341731 -6.660649 19.631939 0.143928 -0.648245 50.285473 -0.955862 -6.265212 0.353028 -1.511149 -0.031941 20.222767 3.684310 2.316629 18.787243 0.000008 -0.000003 10.751609 -0.479867 1.397902 -0.000001 0.000000 0.000001 3.273805 0.305946 -0.580110 21.486790 11.830363 2.266129 8.162916 0.000003 -0.000002 18.399052 -3.798977 -4.940566 0.000003 -0.000001 -0.000003 0.456854 -2.644530 5.423461 -0.032481 -0.107469 8.742579 -3.848432 21.174496 -8.340678 1.696375 -2.097164 -1.056407 -0.000000 0.000000 0.000002 4.420620 4.726681 -3.147339 -0.084671 -0.052472 13.715646 -4.045173 2.336610 -3.671984 -1.407873 1.091485 -0.922663 0.000000 0.000000 -0.000001 
-4.559871 99.514565 4.948427 0.627261 -17.952005 -6.853932 -0.501201 -0.450461 -1.554082 -0.583640 -2.104295 -6.440903 0.690599 -4.423547 10.807720 23.344633 -17.950840 23.065546 -5.029877 -14.025850 -2.988549 -2.339119 -15.299676 -4.368859 0.000077 -0.000023 0.000005 0.108003 -0.115987 0.016641 0.862466 -3.919405 -10.921055 -0.659255 3.693454 -10.881632 0.479884 0.227120 22.012411 -43.478928 16.471138 18.061241 1.192067 -69.666618 0.431903 40.643200 -9.341644 -11.463532 -5.882102 9.861278 0.702588 -10.936855 -0.360576 7.156196 0.000001 8.774812 0.000000 -15.470637 18.266584 6.521430 -1.844031 2.498502 -2.507276 -10.163589 4.678939 4.621102 -20.975992 -0.000004 0.000002 -21.226254 2.451693 -3.593993 -0.000001 -0.000006 0.000000 -1.362680 2.240797 -0.746323 -21.334887 0.584908 3.008319 -13.821194 -0.000001 0.000003 -23.887129 -0.249077 -0.839481 -60.381081 2.463679 -1.693801 -0.294025 1.679687 0.833255 -14.218190 0.093214 1.300579 -34.211998 -0.287563 0.967170 -20.033176 0.964534 1.212842 0.000000 0.000000 -0.000000 -3.440386 0.788233 0.501656 -15.928165 -3.167306 2.999703 -6.338815 -0.000001 0.000002 -18.123411 3.648175 -4.905662 -0.000006 0.000002 -0.000002 -2.929107 1.399564 19.786417 89.112061 -17.525026 -21.849356 -0.205700 52.707794 -0.449220 -54.525600 5.224828 -17.558517 2.243541 -5.255033 -3.180156 14.282877 -0.826594 6.952495 -0.000000 -12.690587 0.000000 16.500460 -17.984072 2.802194 1.665665 -1.955921 -2.878296 4.727794 -4.170582 4.993918 11.020513 0.000005 -0.000003 12.109031 -3.735710 -2.866779 -0.000000 0.000000 -0.000001 1.291985 -1.928547 -1.498086 14.800111 0.567468 3.865601 14.242553 -1.341735 -6.660648 19.631937 0.143927 -0.648243 50.194561 -0.927065 -6.278134 0.353029 -1.511148 -0.031941 20.222769 3.684307 2.316627 18.787245 0.000005 -0.000003 10.751611 -0.479867 1.397903 -0.000000 -0.000001 0.000001 3.273805 0.305947 -0.580109 21.486790 11.830363 2.266128 8.162916 0.000002 -0.000002 18.399052 -3.798976 -4.940568 0.000002 -0.000000 -0.000002 0.482664 -2.424484 5.716222 -0.028407 -0.096992 8.605155 -3.904463 21.108208 -8.307949 1.692981 -2.088035 -1.082376 0.000000 -0.000000 0.000002 4.476618 5.054567 -3.003841 -0.092883 -0.061138 13.873075 -4.105775 2.347493 -3.747390 -1.407042 1.113601 -0.964480 0.000000 0.000000 -0.000001 
-4.631959 99.468147 4.958968 0.704574 -18.140326 -7.020411 -0.512447 -0.435395 -1.573901 -0.593968 -2.167328 -6.454576 0.607027 -4.462579 10.815000 22.976110 -17.539368 22.846521 -5.053631 -13.888363 -2.990846 -2.592191 -15.094169 -4.167603 0.000077 -0.000023 0.000005 0.108379 -0.128628 0.018098 0.855570 -3.929340 -10.921126 -0.648756 3.691230 -10.884427 0.378038 0.194686 22.056078 -43.140743 16.473040 18.679459 0.904098 -69.767509 0.652682 40.747238 -9.266922 -10.932852 -5.882100 9.861278 0.702589 -10.936858 -0.360577 7.156196 0.000001 8.774814 0.000000 -15.530406 18.272377 6.471265 -1.844031 2.498502 -2.507277 -10.163590 4.678938 4.621103 -20.975994 -0.000005 0.000004 -21.226254 2.451692 -3.593993 -0.000001 -0.000006 0.000000 -1.362680 2.240796 -0.746323 -21.334890 0.584907 3.008322 -13.821197 -0.000003 0.000001 -23.887129 -0.249080 -0.839480 -60.416271 2.491543 -1.705109 -0.294025 1.679686 0.833255 -14.218194 0.093214 1.300578 -34.211998 -0.287566 0.967171 -20.033176 0.964534 1.212843 0.000000 0.000001 -0.000000 -3.440384 0.788232 0.501656 -15.928171 -3.167307 2.999704 -6.338817 -0.000001 0.000001 -18.123413 3.648175 -4.905662 -0.000006 0.000001 -0.000002 -3.060650 1.366371 19.797735 88.715225 -17.601006 -21.785959 -0.289905 52.654404 -0.530285 -54.673542 5.306631 -16.850344 2.243540 -5.255033 -3.180157 14.282877 -0.826593 6.952496 -0.000004 -12.690590 -0.000001 16.450792 -17.901350 2.798138 1.665666 -1.955920 -2.878297 4.727794 -4.170584 4.993921 11.020513 0.000004 -0.000001 12.109033 -3.735710 -2.866779 -0.000000 -0.000000 -0.000001 1.291984 -1.928549 -1.498088 14.800114 0.567467 3.865604 14.242553 -1.341736 -6.660649 19.631937 0.143926 -0.648244 50.068684 -0.847700 -6.276399 0.353029 -1.511150 -0.031941 20.222769 3.684306 2.316628 18.787243 0.000006 0.000001 10.751611 -0.479868 1.397904 -0.000002 0.000000 -0.000001 3.273804 0.305947 -0.580111 21.486792 11.830366 2.266134 8.162916 0.000000 0.000001 18.399050 -3.798980 -4.940568 0.000002 -0.000001 -0.000003 0.489087 -2.163761 5.814166 -0.027090 -0.073160 8.816788 -3.975437 21.077127 -8.452111 1.691946 -2.066210 -1.114054 0.000000 -0.000000 0.000002 4.502885 5.346936 -3.024609 -0.091668 -0.057141 14.263595 -4.137292 2.458384 -3.941641 -1.407166 1.140580 -0.990068 0.000000 0.000000 -0.000001 
-4.725878 99.410011 4.974519 0.784007 -18.478390 -7.131227 -0.510917 -0.427949 -1.610934 -0.604693 -2.182500 -6.461016 0.547023 -4.521816 10.799038 22.479422 -16.943661 22.619562 -5.021497 -13.690027 -3.003309 -2.874518 -14.822788 -4.014856 0.000077 -0.000021 0.000006 0.101797 -0.118181 0.031391 0.842444 -3.927752 -10.910876 -0.643602 3.691420 -10.876869 0.228008 0.182836 22.098763 -42.808674 16.560680 19.348757 0.831147 -69.841667 0.694005 40.904751 -9.146628 -10.517523 -5.882100 9.861279 0.702590 -10.936860 -0.360575 7.156197 0.000002 8.774813 -0.000000 -15.542662 18.308636 6.450212 -1.844031 2.498502 -2.507276 -10.163590 4.678939 4.621103 -20.975994 -0.000006 0.000005 -21.226254 2.451692 -3.593991 0.000000 -0.000006 -0.000002 -1.362679 2.240796 -0.746322 -21.334892 0.584907 3.008320 -13.821198 -0.000002 0.000004 -23.887133 -0.249079 -0.839478 -60.486156 2.526044 -1.727916 -0.294025 1.679687 0.833256 -14.218192 0.093213 1.300581 -34.212002 -0.287566 0.967174 -20.033180 0.964536 1.212844 -0.000000 0.000002 -0.000000 -3.440385 0.788233 0.501655 -15.928169 -3.167307 2.999704 -6.338817 -0.000001 0.000002 -18.123415 3.648176 -4.905660 -0.000006 0.000001 -0.000001 -3.106156 1.343584 19.770523 88.182945 -17.753149 -21.774723 -0.276935 52.792465 -0.520261 -54.660858 5.529123 -15.952888 2.243540 -5.255033 -3.180157 14.282877 -0.826594 6.952497 -0.000003 -12.690590 -0.000001 16.351042 -17.886530 2.850857 1.665665 -1.955919 -2.878295 4.727795 -4.170582 4.993921 11.020513 0.000004 -0.000001 12.109032 -3.735708 -2.866778 0.000000 -0.000000 -0.000001 1.291984 -1.928549 -1.498088 14.800113 0.567466 3.865603 14.242551 -1.341736 -6.660645 19.631939 0.143926 -0.648244 49.961201 -0.816912 -6.291399 0.353028 -1.511149 -0.031938 20.222769 3.684307 2.316629 18.787247 0.000007 0.000003 10.751610 -0.479867 1.397907 -0.000000 -0.000000 0.000001 3.273804 0.305946 -0.580111 21.486792 11.830363 2.266130 8.162916 0.000001 0.000001 18.399055 -3.798980 -4.940567 0.000002 0.000000 -0.000002 0.524684 -1.799865 5.806614 -0.029055 -0.051000 9.177661 -4.078998 21.105766 -8.687003 1.694333 -2.056502 -1.147505 0.000000 0.000000 0.000002 4.549280 5.671446 -3.157445 -0.084762 -0.022337 14.757244 -4.182136 2.613535 -4.176105 -1.402783 1.144378 -1.038312 -0.000000 -0.000000 -0.000001 
-4.846576 99.369377 4.978805 0.846962 -18.918934 -7.167988 -0.500100 -0.408328 -1.654655 -0.608875 -2.226772 -6.477939 0.517197 -4.576799 10.764569 21.887037 -16.135822 22.276066 -4.952454 -13.413344 -3.028760 -3.208116 -14.467110 -3.965021 0.000077 -0.000024 0.000006 0.097703 -0.107412 0.050171 0.828689 -3.917870 -10.885842 -0.645662 3.699950 -10.864573 0.027212 0.197712 22.162861 -42.525585 16.692900 20.000019 0.817052 -69.940430 0.700521 41.120720 -8.942679 -10.059610 -5.882102 9.861279 0.702590 -10.936858 -0.360575 7.156197 0.000001 8.774815 -0.000000 -15.558707 18.290945 6.424527 -1.844031 2.498503 -2.507276 -10.163590 4.678941 4.621107 -20.975996 -0.000004 0.000007 -21.226248 2.451696 -3.593992 -0.000001 -0.000006 0.000000 -1.362681 2.240796 -0.746322 -21.334887 0.584909 3.008322 -13.821197 -0.000001 0.000004 -23.887129 -0.249075 -0.839480 -60.631523 2.511291 -1.701106 -0.294025 1.679686 0.833254 -14.218194 0.093215 1.300580 -34.211998 -0.287561 0.967171 -20.033180 0.964537 1.212842 0.000000 0.000002 0.000000 -3.440385 0.788232 0.501656 -15.928171 -3.167306 2.999704 -6.338817 0.000000 0.000001 -18.123415 3.648178 -4.905662 -0.000007 0.000001 -0.000002 -3.020726 1.319768 19.680124 87.475227 -17.947746 -21.777077 -0.236380 53.021473 -0.489861 -54.547905 5.895435 -14.825000 2.243538 -5.255033 -3.180155 14.282875 -0.826593 6.952496 -0.000005 -12.690586 0.000001 16.275801 -17.850708 2.883098 1.665664 -1.955918 -2.878297 4.727793 -4.170582 4.993919 11.020511 0.000005 -0.000000 12.109029 -3.735708 -2.866777 -0.000000 0.000000 -0.000001 1.291985 -1.928547 -1.498087 14.800113 0.567471 3.865603 14.242551 -1.341734 -6.660648 19.631933 0.143928 -0.648242 49.920753 -0.809680 -6.267303 0.353028 -1.511149 -0.031940 20.222765 3.684309 2.316629 18.787241 0.000008 0.000002 10.751610 -0.479866 1.397907 -0.000001 -0.000000 0.000001 3.273803 0.305946 -0.580110 21.486788 11.830362 2.266130 8.162916 0.000002 -0.000001 18.399046 -3.798977 -4.940567 0.000002 -0.000000 -0.000002 0.611848 -1.364887 5.826632 -0.039620 -0.053062 9.351547 -4.177649 21.178619 -8.843202 1.694372 -2.050904 -1.184842 0.000000 0.000000 0.000002 4.627708 5.996886 -3.289755 -0.075353 0.012585 15.082782 -4.229232 2.867280 -4.308921 -1.398990 1.149888 -1.044834 0.000000 0.000000 -0.000001 
-5.003304 99.336906 5.027901 0.886992 -19.406708 -7.094676 -0.475637 -0.408041 -1.710449 -0.606410 -2.252743 -6.482581 0.492344 -4.657036 10.692569 21.184624 -15.087916 21.737923 -4.838707 -13.062606 -3.070174 -3.530146 -13.986332 -4.041778 0.000077 -0.000022 0.000006 0.091217 -0.102617 0.051117 0.818874 -3.922059 -10.872572 -0.640846 3.696393 -10.863088 -0.221174 0.190323 22.204304 -42.262619 16.929911 20.586952 0.900171 -69.921486 0.620246 41.384293 -8.757029 -9.637914 -5.882102 9.861279 0.702590 -10.936862 -0.360573 7.156197 0.000002 8.774812 -0.000000 -15.573484 18.321154 6.429092 -1.844032 2.498502 -2.507275 -10.163590 4.678940 4.621102 -20.975998 -0.000003 0.000002 -21.226255 2.451693 -3.593994 0.000000 -0.000006 0.000000 -1.362681 2.240796 -0.746324 -21.334892 0.584910 3.008320 -13.821197 -0.000001 0.000003 -23.887131 -0.249077 -0.839483 -60.773994 2.493151 -1.642604 -0.294025 1.679686 0.833254 -14.218194 0.093216 1.300580 -34.212006 -0.287563 0.967168 -20.033180 0.964536 1.212840 0.000000 0.000002 0.000000 -3.440386 0.788234 0.501655 -15.928167 -3.167305 2.999702 -6.338818 -0.000001 -0.000000 -18.123417 3.648178 -4.905662 -0.000006 -0.000000 -0.000002 -2.747614 1.246801 19.527992 86.575745 -18.246265 -21.738834 -0.173648 53.384068 -0.436250 -54.335491 6.389241 -13.428182 2.243539 -5.255033 -3.180157 14.282875 -0.826591 6.952495 -0.000004 -12.690586 0.000000 16.147100 -17.829157 2.943595 1.665664 -1.955920 -2.878297 4.727793 -4.170581 4.993918 11.020512 0.000003 -0.000001 12.109033 -3.735706 -2.866779 0.000001 -0.000001 -0.000000 1.291983 -1.928548 -1.498087 14.800113 0.567468 3.865601 14.242553 -1.341733 -6.660653 19.631939 0.143929 -0.648245 49.907028 -0.775368 -6.221135 0.353028 -1.511151 -0.031939 20.222769 3.684307 2.316627 18.787245 0.000007 -0.000001 10.751611 -0.479865 1.397904 -0.000000 0.000000 0.000001 3.273805 0.305947 -0.580110 21.486792 11.830364 2.266132 8.162916 0.000003 0.000000 18.399048 -3.798976 -4.940566 0.000002 0.000000 -0.000001 0.763048 -0.821954 5.809227 -0.055085 -0.057671 9.460156 -4.308521 21.233511 -9.004951 1.694566 -2.057597 -1.198425 -0.000000 0.000000 0.000002 4.736174 6.306466 -3.465872 -0.071439 0.043909 15.339696 -4.301227 3.179572 -4.431081 -1.394551 1.144034 -1.024846 0.000000 0.000000 -0.000001 
-5.143056 99.336395 5.124804 0.890034 -19.917053 -6.866505 -0.440147 -0.430966 -1.751190 -0.587283 -2.249999 -6.485837 0.498051 -4.806370 10.580137 20.357489 -13.692916 20.906307 -4.644249 -12.624806 -3.116943 -3.906602 -13.293568 -4.333712 0.000076 -0.000021 0.000006 0.083858 -0.110441 0.041527 0.801150 -3.909991 -10.839054 -0.643117 3.709980 -10.852995 -0.502184 0.198745 22.229256 -42.077251 17.245197 21.149534 1.034624 -69.704964 0.482285 41.657330 -8.578933 -9.276585 -5.882100 9.861278 0.702590 -10.936858 -0.360577 7.156197 0.000002 8.774815 -0.000001 -15.612447 18.296967 6.408987 -1.844031 2.498502 -2.507278 -10.163589 4.678940 4.621103 -20.975992 -0.000005 0.000004 -21.226255 2.451692 -3.593991 0.000000 -0.000004 0.000000 -1.362681 2.240797 -0.746322 -21.334887 0.584908 3.008321 -13.821195 -0.000002 0.000004 -23.887125 -0.249078 -0.839480 -60.906487 2.466669 -1.576037 -0.294024 1.679686 0.833255 -14.218192 0.093215 1.300579 -34.211998 -0.287564 0.967172 -20.033176 0.964535 1.212843 0.000000 0.000001 0.000000 -3.440386 0.788232 0.501655 -15.928167 -3.167307 2.999704 -6.338817 -0.000001 0.000002 -18.123411 3.648177 -4.905660 -0.000006 0.000001 -0.000000 -2.250685 1.141146 19.286772 85.412788 -18.594580 -21.672281 -0.225119 53.799469 -0.387223 -54.000340 6.994794 -11.820225 2.243539 -5.255033 -3.180155 14.282877 -0.826593 6.952494 -0.000003 -12.690591 -0.000001 15.984211 -17.814066 2.989107 1.665665 -1.955920 -2.878296 4.727792 -4.170583 4.993921 11.020509 0.000002 -0.000001 12.109031 -3.735708 -2.866777 0.000001 0.000000 0.000000 1.291985 -1.928547 -1.498087 14.800111 0.567468 3.865605 14.242553 -1.341733 -6.660649 19.631939 0.143926 -0.648244 49.823334 -0.781283 -6.197536 0.353028 -1.511149 -0.031939 20.222769 3.684307 2.316629 18.787245 0.000004 0.000001 10.751610 -0.479869 1.397903 -0.000001 -0.000000 0.000000 3.273804 0.305947 -0.580109 21.486790 11.830366 2.266131 8.162916 0.000002 0.000000 18.399052 -3.798978 -4.940565 0.000002 0.000000 0.000000 0.941682 -0.208062 5.796573 -0.068949 -0.085828 9.301782 -4.374756 21.303236 -9.048665 1.695606 -2.065339 -1.172363 0.000000 -0.000000 0.000002 4.842487 6.609839 -3.662149 -0.069801 0.070977 15.374574 -4.340977 3.545607 -4.456245 -1.390607 1.129248 -0.995701 0.000000 0.000000 -0.000001 
-5.282485 99.373245 5.290099 0.848922 -20.464083 -6.459539 -0.375881 -0.477359 -1.785074 -0.543557 -2.214848 -6.464375 0.553738 -4.995234 10.402541 19.287157 -11.957082 19.695641 -4.380265 -11.961021 -3.195791 -4.280082 -12.321451 -4.856628 0.000077 -0.000022 0.000004 0.075863 -0.099150 0.039893 0.785634 -3.894602 -10.800656 -0.643635 3.711591 -10.827704 -0.805125 0.174376 22.201105 -41.996166 17.700310 21.679783 1.191135 -69.282562 0.267631 41.882778 -8.440171 -9.094040 -5.882102 9.861278 0.702590 -10.936859 -0.360573 7.156196 0.000001 8.774811 -0.000000 -15.709992 18.276903 6.400095 -1.844031 2.498502 -2.507275 -10.163589 4.678940 4.621105 -20.975998 -0.000002 0.000003 -21.226250 2.451693 -3.593993 0.000000 -0.000006 -0.000001 -1.362681 2.240796 -0.746323 -21.334890 0.584909 3.008318 -13.821198 -0.000001 0.000002 -23.887133 -0.249077 -0.839482 -61.014500 2.505739 -1.505306 -0.294024 1.679686 0.833256 -14.218195 0.093215 1.300579 -34.212009 -0.287561 0.967166 -20.033178 0.964534 1.212839 0.000000 0.000000 0.000000 -3.440387 0.788232 0.501655 -15.928167 -3.167305 2.999703 -6.338817 -0.000001 0.000002 -18.123415 3.648177 -4.905661 -0.000005 0.000001 -0.000002 -1.526617 0.969035 19.007160 83.995857 -19.082960 -21.814497 -0.248108 54.558300 -0.285074 -53.486717 7.828112 -9.960373 2.243540 -5.255035 -3.180155 14.282877 -0.826593 6.952494 -0.000001 -12.690590 -0.000002 15.901890 -17.763021 2.976259 1.665666 -1.955920 -2.878295 4.727794 -4.170584 4.993917 11.020513 0.000003 -0.000001 12.109035 -3.735712 -2.866779 0.000001 -0.000001 -0.000000 1.291985 -1.928547 -1.498089 14.800113 0.567467 3.865599 14.242553 -1.341735 -6.660650 19.631939 0.143926 -0.648244 49.791061 -0.802062 -6.206601 0.353029 -1.511150 -0.031939 20.222771 3.684304 2.316625 18.787247 0.000004 -0.000001 10.751610 -0.479866 1.397904 -0.000000 -0.000000 -0.000001 3.273804 0.305946 -0.580110 21.486790 11.830362 2.266126 8.162916 0.000001 -0.000001 18.399054 -3.798977 -4.940571 0.000003 0.000000 -0.000001 1.156711 0.516107 5.840014 -0.063774 -0.124354 8.759886 -4.380251 21.373678 -8.935990 1.698280 -2.073763 -1.120664 -0.000000 0.000000 0.000002 4.963471 6.955206 -3.859909 -0.077137 0.088323 15.137288 -4.327603 3.950069 -4.366933 -1.390244 1.110514 -0.971661 -0.000000 -0.000000 -0.000001 
-5.418496 99.439964 5.402863 0.741138 -20.997065 -5.873006 -0.262549 -0.511631 -1.789803 -0.488386 -2.247515 -6.464464 0.692249 -5.191977 10.216713 17.988123 -9.946319 18.193132 -4.027189 -11.011509 -3.268280 -4.638219 -11.004518 -5.719259 0.000077 -0.000023 0.000005 0.057788 -0.084605 0.010762 0.766016 -3.877825 -10.769315 -0.657055 3.720083 -10.815232 -1.038564 0.122980 22.162422 -42.155350 18.270191 22.193249 1.560557 -68.596527 -0.116341 42.051926 -8.298374 -9.167082 -5.882100 9.861279 0.702588 -10.936860 -0.360576 7.156197 0.000002 8.774814 -0.000002 -15.849911 18.268986 6.370114 -1.844032 2.498503 -2.507276 -10.163589 4.678938 4.621103 -20.975994 -0.000005 0.000002 -21.226244 2.451691 -3.593994 0.000000 -0.000006 -0.000001 -1.362680 2.240797 -0.746323 -21.334885 0.584906 3.008318 -13.821197 -0.000004 0.000003 -23.887125 -0.249080 -0.839481 -61.122383 2.551725 -1.432895 -0.294024 1.679686 0.833254 -14.218194 0.093214 1.300580 -34.211998 -0.287566 0.967168 -20.033176 0.964533 1.212841 0.000000 0.000000 0.000000 -3.440386 0.788232 0.501655 -15.928167 -3.167307 2.999705 -6.338818 -0.000001 0.000003 -18.123413 3.648175 -4.905662 -0.000006 -0.000000 -0.000001 -0.617481 0.851174 18.773838 82.510132 -19.596144 -22.481874 -0.192056 55.640182 -0.100779 -52.999390 8.905422 -8.159636 2.243541 -5.255032 -3.180155 14.282877 -0.826593 6.952495 -0.000001 -12.690591 -0.000002 15.940515 -17.739023 2.906526 1.665664 -1.955920 -2.878296 4.727795 -4.170582 4.993917 11.020514 0.000003 0.000000 12.109035 -3.735712 -2.866778 0.000000 -0.000001 -0.000001 1.291984 -1.928548 -1.498088 14.800114 0.567468 3.865602 14.242554 -1.341736 -6.660645 19.631941 0.143923 -0.648243 49.775463 -0.814962 -6.215473 0.353029 -1.511148 -0.031939 20.222773 3.684308 2.316627 18.787247 0.000004 -0.000001 10.751610 -0.479866 1.397904 -0.000000 -0.000000 0.000001 3.273805 0.305946 -0.580110 21.486794 11.830361 2.266132 8.162917 0.000002 -0.000001 18.399055 -3.798978 -4.940566 0.000003 0.000000 -0.000002 1.440845 1.256230 5.720512 -0.051992 -0.152897 8.137053 -4.343227 21.419863 -8.719591 1.701829 -2.071223 -1.083439 0.000000 -0.000000 0.000002 5.122585 7.271491 -4.123580 -0.083854 0.102326 14.618820 -4.270062 4.443432 -4.083343 -1.390169 1.086105 -0.972482 0.000000 0.000000 -0.000001 
-5.574969 99.509399 5.501526 0.584262 -21.501245 -5.190235 -0.134598 -0.589987 -1.779757 -0.423677 -2.263643 -6.431847 0.921513 -5.421146 10.028826 16.585270 -7.939165 16.605679 -3.631220 -9.836056 -3.353773 -4.940052 -9.435941 -6.846055 0.000077 -0.000023 0.000006 0.040014 -0.044859 -0.000900 0.752655 -3.832360 -10.739181 -0.679674 3.736830 -10.794188 -1.124382 -0.011883 22.202532 -42.623829 18.851482 22.584211 1.891239 -67.651886 -0.362940 42.193501 -8.001907 -9.578221 -5.882101 9.861279 0.702589 -10.936858 -0.360576 7.156199 0.000002 8.774814 -0.000000 -16.025738 18.307928 6.333828 -1.844031 2.498503 -2.507276 -10.163590 4.678939 4.621104 -20.975994 -0.000004 0.000004 -21.226255 2.451692 -3.593994 -0.000000 -0.000006 0.000001 -1.362680 2.240796 -0.746322 -21.334894 0.584908 3.008321 -13.821197 -0.000003 0.000004 -23.887131 -0.249079 -0.839481 -61.162682 2.596643 -1.366895 -0.294024 1.679686 0.833256 -14.218194 0.093214 1.300579 -34.212006 -0.287565 0.967170 -20.033180 0.964534 1.212842 -0.000000 0.000000 -0.000000 -3.440386 0.788233 0.501656 -15.928169 -3.167307 2.999703 -6.338817 -0.000001 0.000001 -18.123415 3.648176 -4.905662 -0.000006 0.000001 -0.000002 0.353115 0.751870 18.642614 81.100800 -20.044390 -23.688162 -0.140772 57.081573 0.114274 -52.450104 10.081819 -6.661547 2.243540 -5.255033 -3.180154 14.282877 -0.826596 6.952497 -0.000001 -12.690591 0.000001 16.078222 -17.731503 2.860106 1.665664 -1.955921 -2.878296 4.727792 -4.170585 4.993919 11.020512 0.000002 -0.000001 12.109031 -3.735711 -2.866779 -0.000000 -0.000001 -0.000001 1.291984 -1.928547 -1.498087 14.800113 0.567466 3.865602 14.242553 -1.341735 -6.660649 19.631939 0.143926 -0.648245 49.839802 -0.805018 -6.170596 0.353029 -1.511149 -0.031940 20.222769 3.684304 2.316626 18.787245 0.000004 -0.000002 10.751610 -0.479866 1.397902 0.000000 0.000000 0.000000 3.273805 0.305947 -0.580111 21.486788 11.830365 2.266129 8.162917 0.000000 -0.000001 18.399054 -3.798979 -4.940570 0.000003 0.000000 -0.000002 1.758351 1.927015 5.455523 -0.028866 -0.160759 7.635468 -4.347552 21.451681 -8.547899 1.704933 -2.077061 -1.105238 0.000000 -0.000000 0.000002 5.313396 7.524004 -4.427921 -0.088328 0.080877 14.004016 -4.282856 4.928285 -3.750728 -1.391821 1.041648 -1.024197 -0.000000 -0.000000 -0.000001 
-5.770160 99.528763 5.603913 0.461651 -21.981365 -4.590608 -0.033076 -0.639718 -1.726367 -0.381554 -2.334697 -6.404374 1.183820 -5.535094 9.932617 15.291708 -6.278262 15.255162 -3.213575 -8.572830 -3.448464 -5.211108 -7.799594 -7.941543 0.000077 -0.000021 0.000006 0.030319 -0.028952 -0.002266 0.753412 -3.805090 -10.728071 -0.695754 3.760524 -10.785748 -1.035079 -0.285558 22.255192 -43.224163 19.418777 22.942450 2.127041 -66.534386 -0.485461 42.252972 -7.553278 -10.160986 -5.882100 9.861278 0.702589 -10.936858 -0.360576 7.156196 0.000002 8.774814 -0.000002 -16.128269 18.346422 6.282513 -1.844033 2.498503 -2.507276 -10.163589 4.678938 4.621103 -20.975998 -0.000002 0.000005 -21.226255 2.451693 -3.593992 -0.000001 -0.000005 0.000000 -1.362680 2.240796 -0.746323 -21.334890 0.584909 3.008322 -13.821197 -0.000001 0.000004 -23.887133 -0.249077 -0.839480 -61.082748 2.582105 -1.317399 -0.294024 1.679687 0.833255 -14.218195 0.093215 1.300579 -34.212002 -0.287562 0.967171 -20.033176 0.964536 1.212842 -0.000000 0.000000 -0.000000 -3.440386 0.788233 0.501656 -15.928169 -3.167306 2.999704 -6.338817 -0.000001 0.000002 -18.123413 3.648175 -4.905661 -0.000005 0.000002 -0.000001 1.238129 0.675865 18.587200 79.845673 -20.531458 -25.118624 -0.000142 58.679489 0.308904 -51.807270 11.138825 -5.496196 2.243539 -5.255032 -3.180154 14.282877 -0.826592 6.952497 -0.000002 -12.690592 -0.000001 16.211414 -17.715719 2.822355 1.665664 -1.955919 -2.878295 4.727792 -4.170582 4.993918 11.020512 0.000003 -0.000002 12.109032 -3.735710 -2.866781 -0.000000 0.000000 -0.000002 1.291983 -1.928545 -1.498087 14.800113 0.567468 3.865603 14.242554 -1.341735 -6.660648 19.631935 0.143925 -0.648243 49.899872 -0.773410 -6.104503 0.353029 -1.511147 -0.031939 20.222767 3.684309 2.316629 18.787241 0.000005 0.000001 10.751610 -0.479868 1.397905 0.000000 -0.000000 0.000000 3.273804 0.305946 -0.580110 21.486792 11.830364 2.266130 8.162916 0.000001 0.000000 18.399052 -3.798978 -4.940570 0.000003 0.000000 -0.000001 2.040529 2.510358 5.004071 -0.016323 -0.167745 7.706850 -4.512932 21.468744 -8.683925 1.706458 -2.083756 -1.173359 -0.000000 0.000000 0.000002 5.486518 7.676001 -4.838346 -0.087001 0.041071 13.791968 -4.368066 5.412020 -3.650880 -1.392939 1.003598 -1.094431 -0.000000 -0.000000 -0.000001 
-5.945057 99.484543 5.720604 0.413184 -22.432350 -4.168858 0.027803 -0.693196 -1.629848 -0.348056 -2.377937 -6.359861 1.419907 -5.617380 9.893271 14.163788 -5.004414 14.354849 -2.804695 -7.311038 -3.538016 -5.467792 -6.186255 -8.923100 0.000077 -0.000023 0.000006 0.022653 -0.029282 -0.001393 0.746342 -3.802386 -10.721690 -0.708358 3.752722 -10.767779 -0.863315 -0.634203 22.300573 -43.774719 19.860571 23.328754 2.088171 -65.194260 -0.299828 42.232559 -6.973046 -10.795904 -5.882101 9.861278 0.702590 -10.936858 -0.360575 7.156196 -0.000001 8.774813 -0.000000 -16.269026 18.425962 6.182275 -1.844032 2.498502 -2.507277 -10.163589 4.678940 4.621103 -20.975992 -0.000002 0.000003 -21.226250 2.451693 -3.593994 -0.000000 -0.000006 0.000002 -1.362680 2.240797 -0.746323 -21.334887 0.584909 3.008320 -13.821195 -0.000002 0.000002 -23.887129 -0.249077 -0.839483 -60.999622 2.572585 -1.285303 -0.294024 1.679686 0.833255 -14.218190 0.093216 1.300579 -34.211998 -0.287562 0.967169 -20.033176 0.964536 1.212843 -0.000000 -0.000000 0.000000 -3.440385 0.788234 0.501656 -15.928165 -3.167305 2.999705 -6.338815 -0.000000 0.000002 -18.123411 3.648175 -4.905660 -0.000005 0.000001 -0.000001 1.939453 0.604333 18.532118 78.684731 -21.004759 -26.359062 0.151312 60.196743 0.518025 -50.933483 11.869205 -4.233612 2.243541 -5.255032 -3.180155 14.282875 -0.826595 6.952494 -0.000000 -12.690590 0.000002 16.249273 -17.720905 2.825914 1.665664 -1.955920 -2.878296 4.727794 -4.170582 4.993918 11.020512 0.000002 -0.000002 12.109033 -3.735710 -2.866780 -0.000000 0.000000 -0.000003 1.291985 -1.928547 -1.498092 14.800114 0.567466 3.865602 14.242556 -1.341734 -6.660649 19.631939 0.143927 -0.648243 49.958698 -0.736945 -6.037869 0.353029 -1.511148 -0.031941 20.222769 3.684306 2.316627 18.787247 0.000005 -0.000004 10.751611 -0.479868 1.397902 0.000001 0.000000 0.000001 3.273803 0.305946 -0.580111 21.486790 11.830360 2.266130 8.162916 0.000001 0.000001 18.399052 -3.798979 -4.940567 0.000003 0.000000 0.000000 2.224771 3.009566 4.401289 -0.022435 -0.151402 8.432470 -4.782248 21.427164 -9.152838 1.707602 -2.085642 -1.181307 -0.000000 0.000000 0.000002 5.582910 7.707300 -5.373542 -0.078199 0.031922 14.183185 -4.488176 5.831916 -3.890341 -1.393802 0.979291 -1.128366 -0.000000 -0.000000 -0.000001 
-6.222332 99.382912 5.864305 0.480431 -22.846878 -3.976780 0.041135 -0.706391 -1.519585 -0.344143 -2.466082 -6.330298 1.600524 -5.622042 9.969718 13.165984 -4.107567 14.007964 -2.436809 -6.105265 -3.623377 -5.668446 -4.754066 -9.667427 0.000077 -0.000022 0.000006 0.025912 -0.029595 0.008763 0.747001 -3.809248 -10.714609 -0.700792 3.753003 -10.740870 -0.709774 -0.972103 22.365641 -44.139343 20.078535 23.659126 1.930578 -63.709911 -0.055907 42.037762 -6.458067 -11.337688 -5.882101 9.861278 0.702589 -10.936859 -0.360575 7.156197 -0.000000 8.774813 -0.000001 -16.395245 18.448317 6.106973 -1.844031 2.498503 -2.507277 -10.163589 4.678940 4.621106 -20.975994 -0.000003 0.000003 -21.226250 2.451692 -3.593993 -0.000000 -0.000006 0.000002 -1.362680 2.240797 -0.746324 -21.334894 0.584908 3.008321 -13.821197 -0.000002 0.000003 -23.887129 -0.249078 -0.839481 -60.873585 2.530192 -1.284614 -0.294024 1.679685 0.833255 -14.218194 0.093214 1.300578 -34.212013 -0.287564 0.967169 -20.033178 0.964535 1.212842 -0.000000 -0.000000 0.000000 -3.440384 0.788232 0.501655 -15.928169 -3.167307 2.999704 -6.338817 -0.000001 0.000001 -18.123413 3.648174 -4.905662 -0.000005 0.000000 -0.000002 2.508921 0.507078 18.494684 77.408234 -21.377033 -27.272207 0.383315 61.335716 0.684988 -49.763565 12.355347 -2.717535 2.243539 -5.255033 -3.180154 14.282878 -0.826595 6.952496 -0.000002 -12.690593 0.000001 16.079571 -17.659197 2.897621 1.665664 -1.955920 -2.878295 4.727794 -4.170585 4.993919 11.020511 0.000002 0.000000 12.109032 -3.735713 -2.866778 0.000001 -0.000001 -0.000001 1.291985 -1.928549 -1.498085 14.800111 0.567465 3.865604 14.242553 -1.341735 -6.660649 19.631937 0.143924 -0.648243 49.869598 -0.731934 -6.008837 0.353028 -1.511150 -0.031941 20.222771 3.684304 2.316629 18.787245 0.000003 0.000000 10.751610 -0.479869 1.397903 0.000000 -0.000001 -0.000000 3.273804 0.305948 -0.580109 21.486788 11.830362 2.266130 8.162918 0.000000 0.000000 18.399055 -3.798981 -4.940570 0.000004 -0.000000 -0.000000 2.355277 3.437837 3.969083 -0.047889 -0.123843 9.299922 -5.182125 21.368490 -9.768022 1.707246 -2.091176 -1.100291 -0.000000 0.000000 0.000002 5.651800 7.612672 -5.890922 -0.069162 0.059448 15.047685 -4.652492 6.294420 -4.426711 -1.394726 0.971362 -1.082559 0.000000 0.000000 -0.000001 
-6.516301 99.253860 6.035839 0.645939 -23.172674 -3.948673 0.030737 -0.742539 -1.429014 -0.351439 -2.543373 -6.311051 1.727478 -5.616670 10.108840 12.156993 -3.495974 14.173589 -2.096274 -4.963856 -3.682054 -5.844426 -3.484520 -10.080470 0.000077 -0.000023 0.000006 0.027943 -0.011175 0.020074 0.737588 -3.777665 -10.705697 -0.688908 3.760017 -10.712103 -0.646086 -1.240238 22.368441 -44.343643 20.043056 23.976339 1.631071 -62.042389 0.359635 41.749901 -6.035470 -11.692286 -5.882100 9.861278 0.702589 -10.936858 -0.360576 7.156196 0.000002 8.774814 -0.000002 -16.503651 18.421242 6.071394 -1.844030 2.498502 -2.507276 -10.163590 4.678939 4.621103 -20.975998 -0.000003 0.000004 -21.226254 2.451694 -3.593993 0.000000 -0.000006 0.000000 -1.362682 2.240796 -0.746324 -21.334887 0.584908 3.008318 -13.821198 -0.000003 0.000003 -23.887135 -0.249078 -0.839481 -60.797573 2.512048 -1.263617 -0.294023 1.679686 0.833256 -14.218190 0.093214 1.300578 -34.211998 -0.287565 0.967170 -20.033178 0.964534 1.212842 -0.000000 0.000000 0.000000 -3.440386 0.788233 0.501655 -15.928173 -3.167306 2.999704 -6.338817 -0.000001 0.000002 -18.123411 3.648176 -4.905661 -0.000004 -0.000000 -0.000003 3.002493 0.341173 18.431540 75.982460 -21.652203 -27.898781 0.600575 62.201805 0.808411 -48.520386 12.660643 -0.908047 2.243541 -5.255031 -3.180156 14.282877 -0.826593 6.952496 -0.000004 -12.690588 0.000002 15.867396 -17.598984 2.971340 1.665665 -1.955917 -2.878296 4.727794 -4.170583 4.993918 11.020513 0.000005 -0.000000 12.109033 -3.735709 -2.866782 0.000001 -0.000001 -0.000002 1.291984 -1.928547 -1.498087 14.800114 0.567468 3.865602 14.242554 -1.341733 -6.660653 19.631939 0.143927 -0.648246 49.702465 -0.713369 -6.041530 0.353029 -1.511150 -0.031940 20.222771 3.684306 2.316626 18.787249 0.000006 0.000001 10.751611 -0.479866 1.397904 -0.000000 0.000000 0.000002 3.273804 0.305947 -0.580111 21.486790 11.830362 2.266131 8.162917 0.000000 0.000001 18.399055 -3.798978 -4.940568 0.000003 -0.000001 -0.000000 2.366310 3.703007 3.735959 -0.061659 -0.116933 10.056612 -5.523896 21.398300 -10.350842 1.702321 -2.097381 -1.026617 -0.000000 0.000000 0.000002 5.641334 7.431343 -6.363196 -0.068758 0.074446 16.154167 -4.805388 6.757643 -5.129544 -1.396058 0.985833 -1.032029 0.000000 0.000000 -0.000001 
-6.792791 99.136444 6.228463 0.877287 -23.385403 -3.997073 0.019837 -0.758655 -1.390906 -0.342714 -2.622731 -6.273499 1.803589 -5.636655 10.219630 11.101039 -2.936977 14.753720 -1.806513 -3.966104 -3.724191 -6.029452 -2.289890 -10.124425 0.000077 -0.000023 0.000006 0.032317 -0.031186 0.021641 0.728609 -3.804263 -10.696698 -0.672863 3.745020 -10.693853 -0.688381 -1.396374 22.399445 -44.521873 19.656946 24.165438 1.296574 -60.140079 0.738654 41.337593 -5.746941 -12.046761 -5.882101 9.861279 0.702590 -10.936858 -0.360576 7.156196 0.000001 8.774813 -0.000001 -16.576256 18.399570 6.024303 -1.844032 2.498502 -2.507275 -10.163591 4.678939 4.621103 -20.975994 -0.000005 0.000003 -21.226255 2.451692 -3.593993 0.000001 -0.000006 0.000001 -1.362681 2.240797 -0.746322 -21.334894 0.584909 3.008322 -13.821197 -0.000003 0.000002 -23.887131 -0.249079 -0.839481 -60.775280 2.546277 -1.266058 -0.294026 1.679686 0.833255 -14.218190 0.093214 1.300580 -34.212006 -0.287564 0.967171 -20.033178 0.964535 1.212842 0.000000 0.000000 0.000001 -3.440385 0.788232 0.501656 -15.928169 -3.167305 2.999704 -6.338813 -0.000002 0.000002 -18.123413 3.648176 -4.905662 -0.000004 -0.000000 -0.000002 3.464619 0.127559 18.342398 74.338409 -21.973064 -28.357872 0.864066 62.882576 0.986099 -47.254173 12.744116 1.044694 2.243539 -5.255033 -3.180155 14.282875 -0.826592 6.952497 -0.000003 -12.690590 -0.000001 15.714040 -17.547073 3.019990 1.665664 -1.955920 -2.878296 4.727793 -4.170582 4.993917 11.020512 0.000005 0.000000 12.109031 -3.735706 -2.866780 0.000002 0.000000 -0.000001 1.291983 -1.928547 -1.498088 14.800111 0.567470 3.865602 14.242554 -1.341734 -6.660650 19.631939 0.143925 -0.648242 49.545563 -0.725483 -6.104505 0.353028 -1.511149 -0.031939 20.222767 3.684307 2.316630 18.787245 0.000007 0.000000 10.751609 -0.479866 1.397905 -0.000000 0.000000 0.000001 3.273805 0.305948 -0.580112 21.486794 11.830363 2.266132 8.162916 0.000002 0.000001 18.399048 -3.798977 -4.940566 0.000003 0.000000 -0.000002 2.278019 3.834939 3.729597 -0.067271 -0.103813 10.442480 -5.758008 21.449287 -10.761423 1.699287 -2.084923 -0.973914 -0.000000 0.000000 0.000002 5.544113 7.216833 -6.733226 -0.064916 0.068035 17.189999 -4.910430 7.137347 -5.820910 -1.397786 0.989514 -1.059556 -0.000000 -0.000000 -0.000001 
-7.019672 99.029907 6.412994 1.138709 -23.431084 -4.081807 0.025939 -0.768768 -1.387993 -0.317394 -2.697470 -6.260139 1.858619 -5.655825 10.332447 9.957119 -2.409303 15.620953 -1.581766 -3.012133 -3.744030 -6.245233 -1.193821 -9.939281 0.000077 -0.000022 0.000006 0.031957 -0.031007 0.017737 0.724226 -3.785529 -10.690856 -0.661028 3.733926 -10.679245 -0.856967 -1.478529 22.448269 -44.616203 19.143982 24.426497 1.142678 -58.161495 0.994315 40.871334 -5.379202 -12.483160 -5.882102 9.861278 0.702593 -10.936861 -0.360573 7.156199 -0.000001 8.774814 -0.000000 -16.601984 18.401960 5.994286 -1.844032 2.498503 -2.507277 -10.163589 4.678939 4.621105 -20.975994 -0.000002 0.000004 -21.226254 2.451695 -3.593992 0.000001 -0.000006 0.000001 -1.362682 2.240795 -0.746322 -21.334887 0.584910 3.008321 -13.821197 -0.000000 0.000002 -23.887131 -0.249076 -0.839483 -60.742722 2.597038 -1.303867 -0.294027 1.679686 0.833255 -14.218190 0.093216 1.300580 -34.212006 -0.287561 0.967169 -20.033176 0.964537 1.212840 -0.000000 -0.000000 0.000000 -3.440387 0.788233 0.501655 -15.928165 -3.167305 2.999704 -6.338817 -0.000001 0.000001 -18.123417 3.648178 -4.905660 -0.000003 -0.000000 -0.000003 3.896871 -0.092417 18.265505 72.546280 -22.459732 -28.797506 1.250812 63.521912 1.273147 -46.037083 12.568615 2.932384 2.243540 -5.255033 -3.180154 14.282877 -0.826593 6.952494 -0.000002 -12.690588 0.000001 15.585494 -17.530741 3.058830 1.665665 -1.955920 -2.878296 4.727794 -4.170583 4.993918 11.020512 0.000003 -0.000001 12.109033 -3.735710 -2.866779 0.000001 0.000001 0.000000 1.291985 -1.928547 -1.498089 14.800113 0.567467 3.865601 14.242553 -1.341734 -6.660647 19.631941 0.143926 -0.648243 49.386654 -0.762304 -6.177826 0.353030 -1.511150 -0.031940 20.222771 3.684304 2.316629 18.787247 0.000006 -0.000001 10.751608 -0.479866 1.397905 0.000001 0.000000 0.000001 3.273804 0.305946 -0.580110 21.486792 11.830362 2.266129 8.162918 0.000002 -0.000001 18.399054 -3.798979 -4.940569 0.000004 0.000001 -0.000001 2.126498 3.889956 3.765765 -0.063299 -0.079042 10.705803 -5.867518 21.421755 -11.046003 1.697318 -2.073511 -0.970745 -0.000000 0.000000 0.000002 5.376818 6.955077 -7.055395 -0.056072 0.061749 18.156002 -5.004907 7.339162 -6.483386 -1.400098 0.999713 -1.077403 -0.000000 -0.000000 -0.000001 
-7.255565 98.924706 6.596764 1.420386 -23.264799 -4.194947 0.048789 -0.772191 -1.407242 -0.273300 -2.774830 -6.263552 1.877965 -5.689828 10.462866 8.744405 -1.861689 16.661913 -1.367986 -2.122718 -3.758688 -6.492319 -0.132830 -9.620692 0.000077 -0.000023 0.000006 0.033211 -0.030772 0.015376 0.717307 -3.782653 -10.679062 -0.655535 3.713243 -10.664042 -1.090442 -1.482533 22.532280 -44.614315 18.616980 24.690937 1.136666 -56.176437 1.119651 40.386414 -4.950685 -13.061301 -5.882102 9.861278 0.702590 -10.936857 -0.360574 7.156196 0.000001 8.774813 -0.000001 -16.564030 18.394398 6.005738 -1.844029 2.498503 -2.507275 -10.163589 4.678939 4.621104 -20.975994 -0.000001 0.000002 -21.226250 2.451693 -3.593995 -0.000000 -0.000006 0.000001 -1.362680 2.240797 -0.746324 -21.334894 0.584910 3.008320 -13.821197 -0.000002 0.000001 -23.887131 -0.249076 -0.839482 -60.802185 2.637886 -1.332924 -0.294025 1.679687 0.833255 -14.218194 0.093215 1.300579 -34.211998 -0.287562 0.967168 -20.033176 0.964535 1.212841 -0.000000 -0.000000 0.000000 -3.440388 0.788233 0.501655 -15.928165 -3.167305 2.999703 -6.338815 -0.000001 0.000002 -18.123411 3.648176 -4.905662 -0.000003 0.000000 -0.000003 4.325127 -0.345661 18.294483 70.595551 -23.046543 -29.302824 1.748607 63.988815 1.692269 -44.764763 12.061600 4.767759 2.243540 -5.255033 -3.180156 14.282875 -0.826592 6.952497 -0.000003 -12.690587 -0.000000 15.425303 -17.547415 3.121816 1.665665 -1.955920 -2.878298 4.727794 -4.170582 4.993918 11.020512 0.000005 -0.000002 12.109031 -3.735708 -2.866779 -0.000000 -0.000000 0.000001 1.291984 -1.928548 -1.498089 14.800113 0.567469 3.865603 14.242553 -1.341733 -6.660648 19.631939 0.143926 -0.648243 49.217129 -0.752405 -6.236515 0.353029 -1.511151 -0.031941 20.222765 3.684307 2.316628 18.787243 0.000005 0.000001 10.751611 -0.479868 1.397906 0.000001 0.000000 0.000002 3.273804 0.305947 -0.580111 21.486790 11.830362 2.266129 8.162916 0.000002 0.000001 18.399050 -3.798977 -4.940568 0.000001 0.000001 -0.000002 1.962874 3.886557 3.814219 -0.051500 -0.072129 10.930800 -5.910439 21.255867 -11.260931 1.696394 -2.057516 -1.012668 -0.000000 0.000000 0.000002 5.183385 6.595795 -7.323494 -0.050200 0.047665 19.077597 -5.125093 7.397496 -7.151064 -1.400681 0.990969 -1.100221 -0.000000 -0.000000 -0.000001 
-7.477392 98.814926 6.754255 1.706593 -22.902451 -4.323400 0.074953 -0.768673 -1.439831 -0.218687 -2.824963 -6.282169 1.886973 -5.696357 10.612575 7.540556 -1.334464 17.832693 -1.214254 -1.326705 -3.784755 -6.760980 0.783328 -9.234632 0.000077 -0.000023 0.000006 0.034809 -0.030613 0.018702 0.714046 -3.780191 -10.665542 -0.644993 3.707694 -10.654200 -1.378849 -1.473905 22.664997 -44.437904 18.204876 24.882555 1.154740 -54.329502 1.223411 39.791183 -4.454717 -13.736841 -5.882098 9.861277 0.702589 -10.936856 -0.360576 7.156196 -0.000000 8.774812 -0.000002 -16.477619 18.386084 6.043044 -1.844030 2.498503 -2.507276 -10.163589 4.678938 4.621102 -20.975990 -0.000006 0.000003 -21.226248 2.451690 -3.593993 0.000000 -0.000006 -0.000001 -1.362680 2.240798 -0.746324 -21.334887 0.584907 3.008319 -13.821194 -0.000004 0.000001 -23.887123 -0.249081 -0.839481 -60.832176 2.644888 -1.347474 -0.294022 1.679685 0.833255 -14.218190 0.093215 1.300577 -34.212002 -0.287568 0.967169 -20.033175 0.964533 1.212843 -0.000000 -0.000000 0.000001 -3.440384 0.788231 0.501655 -15.928164 -3.167307 2.999704 -6.338817 -0.000002 0.000001 -18.123411 3.648174 -4.905661 -0.000003 -0.000000 -0.000002 4.781460 -0.687676 18.382740 68.397057 -23.784786 -29.794462 2.460529 64.181435 2.272958 -43.458000 11.181279 6.622374 2.243540 -5.255033 -3.180155 14.282877 -0.826595 6.952495 -0.000002 -12.690587 -0.000001 15.324798 -17.542505 3.218027 1.665665 -1.955918 -2.878296 4.727794 -4.170585 4.993918 11.020513 0.000003 -0.000001 12.109035 -3.735712 -2.866779 -0.000001 0.000000 0.000001 1.291985 -1.928547 -1.498088 14.800113 0.567468 3.865603 14.242554 -1.341735 -6.660646 19.631941 0.143923 -0.648243 49.126476 -0.758138 -6.291869 0.353029 -1.511150 -0.031940 20.222767 3.684305 2.316628 18.787247 0.000003 -0.000000 10.751611 -0.479869 1.397904 0.000000 0.000000 0.000002 3.273804 0.305948 -0.580110 21.486792 11.830363 2.266133 8.162917 0.000002 0.000001 18.399054 -3.798980 -4.940568 0.000002 0.000001 -0.000001 1.801147 3.818864 3.776593 -0.049996 -0.071667 11.267647 -5.922239 20.951618 -11.475946 1.695472 -2.046513 -1.041958 -0.000000 0.000000 0.000002 4.969440 6.158402 -7.585005 -0.038875 0.040949 19.993898 -5.277065 7.258735 -7.821208 -1.403059 0.985894 -1.056780 -0.000000 -0.000000 -0.000001 
-7.665742 98.730919 6.899031 1.991392 -22.277922 -4.459857 0.107262 -0.796829 -1.487159 -0.163038 -2.816770 -6.279227 1.889038 -5.704901 10.765613 6.313450 -0.795217 19.077717 -1.074396 -0.626652 -3.821627 -7.040234 1.573236 -8.776835 0.000077 -0.000023 0.000006 0.037725 -0.042918 0.021186 0.705403 -3.784561 -10.657615 -0.636752 3.701416 -10.652119 -1.699646 -1.471582 22.858942 -44.137871 17.823112 24.973007 1.090132 -52.445782 1.322896 39.098976 -3.861704 -14.575582 -5.882099 9.861278 0.702591 -10.936858 -0.360575 7.156197 0.000003 8.774812 -0.000001 -16.431505 18.359264 6.067288 -1.844032 2.498502 -2.507276 -10.163592 4.678938 4.621104 -20.976000 -0.000006 0.000003 -21.226250 2.451690 -3.593992 0.000000 -0.000006 -0.000001 -1.362681 2.240795 -0.746322 -21.334887 0.584905 3.008319 -13.821195 -0.000004 0.000002 -23.887131 -0.249080 -0.839480 -60.792416 2.615560 -1.385853 -0.294023 1.679688 0.833255 -14.218194 0.093213 1.300578 -34.211998 -0.287567 0.967171 -20.033180 0.964534 1.212843 0.000000 0.000000 0.000000 -3.440384 0.788231 0.501655 -15.928169 -3.167308 2.999704 -6.338817 -0.000001 0.000001 -18.123415 3.648175 -4.905660 -0.000004 0.000000 -0.000003 5.340338 -1.169582 18.520082 65.861732 -24.578739 -30.058847 3.029032 63.854656 2.664163 -42.000622 9.851476 8.721431 2.243541 -5.255032 -3.180155 14.282878 -0.826593 6.952495 -0.000002 -12.690590 0.000000 15.263242 -17.587858 3.315814 1.665665 -1.955921 -2.878296 4.727795 -4.170583 4.993917 11.020513 0.000003 -0.000001 12.109035 -3.735709 -2.866780 -0.000001 0.000001 0.000001 1.291984 -1.928547 -1.498086 14.800113 0.567469 3.865603 14.242554 -1.341735 -6.660649 19.631935 0.143927 -0.648246 49.036884 -0.719375 -6.347019 0.353028 -1.511151 -0.031940 20.222769 3.684306 2.316628 18.787247 0.000006 -0.000001 10.751610 -0.479867 1.397904 -0.000001 -0.000000 0.000001 3.273804 0.305947 -0.580111 21.486795 11.830362 2.266130 8.162921 0.000001 -0.000002 18.399054 -3.798979 -4.940568 0.000004 0.000000 -0.000001 1.620785 3.651762 3.782236 -0.038131 -0.058694 11.429650 -5.819529 20.525976 -11.523429 1.697058 -2.044293 -1.093358 -0.000000 0.000000 0.000002 4.723041 5.600814 -7.748772 -0.044396 0.021552 20.726286 -5.447529 6.994889 -8.416489 -1.406038 0.965059 -1.018826 -0.000000 -0.000000 -0.000001 
-7.804235 98.674377 7.068419 2.268864 -21.376245 -4.589221 0.130705 -0.805431 -1.518509 -0.112856 -2.762757 -6.292395 1.879325 -5.726867 10.929090 5.087353 -0.203428 20.355427 -0.927712 -0.020460 -3.864575 -7.329009 2.170327 -8.275981 0.000077 -0.000021 0.000006 0.036978 -0.061086 0.024975 0.700768 -3.805986 -10.665027 -0.629537 3.680778 -10.666177 -1.960621 -1.480610 23.030167 -43.763885 17.527023 24.920738 0.960859 -50.408562 1.408366 38.184574 -3.136241 -15.663701 -5.882102 9.861275 0.702590 -10.936861 -0.360575 7.156196 0.000001 8.774814 -0.000001 -16.425697 18.303169 6.108016 -1.844031 2.498503 -2.507275 -10.163591 4.678940 4.621102 -20.975998 -0.000004 0.000002 -21.226254 2.451692 -3.593994 0.000000 -0.000006 0.000001 -1.362680 2.240797 -0.746324 -21.334896 0.584907 3.008320 -13.821199 -0.000004 0.000003 -23.887136 -0.249078 -0.839481 -60.701450 2.559557 -1.356903 -0.294025 1.679686 0.833255 -14.218194 0.093215 1.300578 -34.212006 -0.287564 0.967169 -20.033178 0.964534 1.212842 0.000000 -0.000000 0.000000 -3.440384 0.788233 0.501653 -15.928167 -3.167307 2.999702 -6.338818 -0.000001 0.000001 -18.123415 3.648175 -4.905662 -0.000003 -0.000000 -0.000002 6.012754 -1.723690 18.696426 63.002625 -25.267647 -30.085670 3.590623 62.694153 2.968898 -40.342499 7.984408 11.363314 2.243541 -5.255032 -3.180156 14.282877 -0.826593 6.952495 -0.000001 -12.690590 -0.000001 15.363258 -17.642944 3.374205 1.665664 -1.955920 -2.878298 4.727794 -4.170583 4.993919 11.020510 0.000004 -0.000001 12.109034 -3.735711 -2.866778 -0.000000 -0.000000 0.000001 1.291984 -1.928549 -1.498087 14.800114 0.567468 3.865603 14.242553 -1.341734 -6.660648 19.631941 0.143925 -0.648244 49.011002 -0.651883 -6.409549 0.353028 -1.511149 -0.031940 20.222771 3.684306 2.316628 18.787245 0.000004 -0.000000 10.751613 -0.479867 1.397905 0.000000 0.000001 0.000000 3.273806 0.305946 -0.580112 21.486790 11.830361 2.266129 8.162918 0.000002 0.000001 18.399052 -3.798977 -4.940568 0.000003 -0.000001 -0.000000 1.410636 3.361550 3.843779 -0.033349 -0.039378 11.403293 -5.628228 20.010742 -11.432780 1.698241 -2.052711 -1.170602 -0.000000 0.000000 0.000002 4.426247 4.952717 -7.813609 -0.044825 0.007958 21.292013 -5.566084 6.540746 -8.952930 -1.411250 0.933546 -1.012133 0.000000 0.000000 -0.000001 
-7.916516 98.677467 7.252014 2.495746 -20.183910 -4.667610 0.150499 -0.815509 -1.554178 -0.085048 -2.686456 -6.280698 1.876807 -5.758607 11.055545 3.964836 0.443941 21.534815 -0.794973 0.400919 -3.901397 -7.568011 2.631249 -7.824134 0.000077 -0.000022 0.000006 0.039217 -0.079948 0.029487 0.696528 -3.827916 -10.677708 -0.623511 3.668592 -10.680956 -2.156117 -1.438451 23.112110 -43.368347 17.288401 24.646252 0.727612 -48.200844 1.510688 36.932213 -2.380445 -16.953184 -5.882101 9.861277 0.702589 -10.936858 -0.360574 7.156197 -0.000000 8.774814 -0.000001 -16.461901 18.283926 6.103943 -1.844032 2.498503 -2.507277 -10.163589 4.678940 4.621103 -20.975994 -0.000003 0.000003 -21.226254 2.451694 -3.593995 0.000000 -0.000006 -0.000002 -1.362680 2.240797 -0.746323 -21.334890 0.584909 3.008320 -13.821197 -0.000002 0.000003 -23.887129 -0.249077 -0.839481 -60.487183 2.475283 -1.299217 -0.294025 1.679686 0.833255 -14.218195 0.093215 1.300580 -34.212006 -0.287563 0.967169 -20.033178 0.964535 1.212841 -0.000000 0.000000 0.000000 -3.440387 0.788232 0.501655 -15.928165 -3.167307 2.999704 -6.338819 -0.000001 0.000001 -18.123415 3.648178 -4.905661 -0.000004 -0.000000 -0.000003 6.780274 -2.227195 18.830282 60.037975 -25.595736 -29.599401 3.825001 60.421898 2.942675 -38.411720 5.700702 14.385427 2.243540 -5.255033 -3.180155 14.282875 -0.826594 6.952495 -0.000001 -12.690591 0.000001 15.658087 -17.705612 3.352194 1.665665 -1.955919 -2.878297 4.727794 -4.170584 4.993918 11.020510 0.000004 -0.000001 12.109031 -3.735709 -2.866779 -0.000000 0.000000 0.000001 1.291985 -1.928548 -1.498088 14.800107 0.567468 3.865602 14.242554 -1.341735 -6.660649 19.631937 0.143926 -0.648244 49.064545 -0.567470 -6.447286 0.353028 -1.511150 -0.031940 20.222767 3.684305 2.316628 18.787245 0.000003 -0.000002 10.751609 -0.479868 1.397904 0.000001 0.000000 0.000002 3.273805 0.305947 -0.580110 21.486788 11.830362 2.266130 8.162912 0.000002 0.000001 18.399050 -3.798979 -4.940566 0.000003 -0.000000 -0.000000 1.225458 2.931985 4.056684 -0.029408 -0.009943 10.928657 -5.332401 19.406763 -11.064767 1.695473 -2.074708 -1.268599 -0.000000 0.000000 0.000002 4.139737 4.228080 -7.689213 -0.045219 -0.001105 21.451683 -5.611011 5.916846 -9.296913 -1.416254 0.896727 -1.060185 -0.000000 -0.000000 -0.000001 
-7.941903 98.694000 7.338640 2.678868 -18.743412 -4.703765 0.153155 -0.799930 -1.563736 -0.084697 -2.583709 -6.264701 1.864712 -5.771073 11.154551 3.002218 1.013124 22.508152 -0.689387 0.675596 -3.933630 -7.721350 2.906358 -7.442756 0.000077 -0.000021 0.000006 0.043704 -0.110492 0.032132 0.693814 -3.857095 -10.680317 -0.612062 3.632489 -10.687124 -2.260772 -1.450745 23.080439 -43.155113 17.033653 24.118185 0.495692 -45.694820 1.580847 35.318020 -1.556637 -18.460171 -5.882100 9.861279 0.702590 -10.936858 -0.360577 7.156197 -0.000000 8.774814 -0.000002 -16.418003 18.264963 6.139469 -1.844031 2.498501 -2.507276 -10.163589 4.678938 4.621103 -20.975998 -0.000006 0.000001 -21.226254 2.451690 -3.593995 0.000000 -0.000005 -0.000000 -1.362681 2.240797 -0.746323 -21.334890 0.584907 3.008317 -13.821197 -0.000005 0.000001 -23.887131 -0.249081 -0.839482 -60.256344 2.392341 -1.177529 -0.294023 1.679687 0.833254 -14.218190 0.093213 1.300577 -34.211998 -0.287569 0.967167 -20.033176 0.964531 1.212841 0.000000 0.000000 0.000000 -3.440385 0.788231 0.501655 -15.928167 -3.167307 2.999702 -6.338816 -0.000001 0.000000 -18.123413 3.648174 -4.905663 -0.000005 0.000000 -0.000002 7.544995 -2.554623 18.861570 57.205124 -25.185429 -28.478912 3.733080 56.828175 2.673768 -36.094711 2.965667 17.723038 2.243541 -5.255032 -3.180155 14.282878 -0.826593 6.952495 -0.000002 -12.690590 -0.000001 16.136335 -17.658888 3.146034 1.665666 -1.955920 -2.878296 4.727795 -4.170584 4.993919 11.020511 0.000003 -0.000001 12.109035 -3.735712 -2.866779 0.000001 0.000001 0.000000 1.291985 -1.928548 -1.498088 14.800113 0.567467 3.865602 14.242553 -1.341735 -6.660648 19.631939 0.143926 -0.648241 49.017220 -0.448728 -6.480604 0.353029 -1.511151 -0.031940 20.222769 3.684307 2.316629 18.787245 0.000004 -0.000000 10.751614 -0.479868 1.397904 0.000000 0.000000 0.000001 3.273806 0.305947 -0.580110 21.486794 11.830365 2.266133 8.162919 0.000001 0.000000 18.399055 -3.798979 -4.940568 0.000003 0.000000 -0.000001 1.059248 2.451815 4.028367 -0.035580 0.005804 10.666785 -5.023940 18.699757 -10.692324 1.692902 -2.093490 -1.341371 -0.000000 0.000000 0.000002 3.839866 3.418936 -7.619082 -0.037232 -0.002430 21.539846 -5.536222 5.197057 -9.528518 -1.419292 0.841872 -1.138984 0.000000 0.000000 -0.000001 
-7.891814 98.722832 7.325866 2.807834 -17.123325 -4.690246 0.149527 -0.723268 -1.551641 -0.127730 -2.528206 -6.241405 1.849858 -5.712489 11.239981 2.235485 1.512797 23.168318 -0.628364 0.826201 -3.966108 -7.749869 3.053951 -7.121053 0.000077 -0.000021 0.000006 0.049534 -0.122800 0.035865 0.694425 -3.865649 -10.686809 -0.600420 3.618944 -10.700418 -2.294609 -1.497983 22.950823 -43.109951 16.765162 23.317015 0.350535 -43.058960 1.572305 33.367245 -0.716204 -20.262907 -5.882102 9.861278 0.702590 -10.936862 -0.360573 7.156196 0.000000 8.774811 0.000000 -16.285936 18.272051 6.231870 -1.844031 2.498502 -2.507276 -10.163590 4.678938 4.621105 -20.975994 -0.000001 0.000001 -21.226255 2.451694 -3.593995 0.000000 -0.000006 -0.000001 -1.362683 2.240795 -0.746323 -21.334892 0.584911 3.008320 -13.821197 -0.000002 0.000002 -23.887133 -0.249077 -0.839480 -60.105949 2.351129 -1.032441 -0.294026 1.679685 0.833255 -14.218194 0.093215 1.300579 -34.212002 -0.287561 0.967169 -20.033180 0.964537 1.212841 -0.000000 0.000000 0.000002 -3.440386 0.788233 0.501655 -15.928171 -3.167304 2.999705 -6.338819 -0.000001 0.000001 -18.123415 3.648178 -4.905662 -0.000004 -0.000000 -0.000002 8.362942 -2.686109 18.821764 54.470943 -23.699593 -26.496105 3.307718 52.129539 2.168834 -33.201515 -0.004470 21.115620 2.243540 -5.255033 -3.180155 14.282873 -0.826593 6.952496 -0.000004 -12.690591 -0.000000 16.631256 -17.384031 2.830564 1.665664 -1.955919 -2.878297 4.727795 -4.170583 4.993918 11.020513 0.000003 0.000000 12.109030 -3.735708 -2.866779 0.000001 0.000001 -0.000000 1.291984 -1.928548 -1.498088 14.800113 0.567469 3.865605 14.242553 -1.341734 -6.660650 19.631939 0.143926 -0.648244 48.804504 -0.318904 -6.495865 0.353028 -1.511150 -0.031940 20.222769 3.684306 2.316628 18.787247 0.000005 -0.000001 10.751610 -0.479867 1.397904 -0.000000 0.000000 0.000000 3.273803 0.305946 -0.580110 21.486788 11.830361 2.266130 8.162915 0.000002 -0.000000 18.399052 -3.798979 -4.940567 0.000003 -0.000000 -0.000001 0.937495 1.974234 3.753010 -0.055267 0.028000 10.640034 -4.725987 17.843637 -10.337006 1.690566 -2.110093 -1.369947 -0.000000 -0.000000 0.000002 3.551529 2.542476 -7.607014 -0.020186 0.020524 21.552773 -5.388865 4.426293 -9.645995 -1.420462 0.795288 -1.213354 -0.000000 -0.000000 -0.000001 
-7.755277 98.732475 7.287380 2.875354 -15.378038 -4.634104 0.136959 -0.630690 -1.518913 -0.188943 -2.428931 -6.215209 1.839090 -5.587554 11.300859 1.610784 1.879466 23.405254 -0.618700 0.922958 -3.965972 -7.610804 3.129696 -6.884789 0.000077 -0.000022 0.000006 0.050706 -0.112168 0.043087 0.680778 -3.837880 -10.658622 -0.587184 3.627247 -10.679675 -2.368788 -1.616533 22.742006 -43.259811 16.398659 22.238935 0.488595 -40.305199 1.427430 30.989855 0.185378 -22.242466 -5.882100 9.861278 0.702590 -10.936860 -0.360577 7.156197 -0.000001 8.774813 -0.000003 -16.202888 18.253723 6.318821 -1.844032 2.498504 -2.507277 -10.163589 4.678942 4.621103 -20.975998 -0.000005 0.000002 -21.226250 2.451691 -3.593992 0.000000 -0.000006 -0.000002 -1.362681 2.240795 -0.746323 -21.334894 0.584908 3.008319 -13.821198 -0.000004 0.000001 -23.887129 -0.249079 -0.839482 -60.112328 2.380893 -0.934675 -0.294025 1.679687 0.833255 -14.218194 0.093213 1.300579 -34.211998 -0.287566 0.967168 -20.033176 0.964534 1.212843 0.000000 0.000000 -0.000001 -3.440385 0.788232 0.501654 -15.928167 -3.167308 2.999702 -6.338817 -0.000002 0.000001 -18.123415 3.648176 -4.905659 -0.000004 -0.000000 -0.000002 9.257791 -2.554979 18.664263 51.956566 -21.059553 -23.760197 2.596146 46.809078 1.613930 -30.003647 -2.757100 23.827541 2.243541 -5.255033 -3.180156 14.282877 -0.826594 6.952495 -0.000001 -12.690591 -0.000001 16.948254 -16.960766 2.487903 1.665665 -1.955921 -2.878297 4.727793 -4.170583 4.993918 11.020509 0.000004 -0.000001 12.109030 -3.735710 -2.866780 0.000001 0.000001 -0.000000 1.291984 -1.928548 -1.498088 14.800114 0.567467 3.865604 14.242553 -1.341734 -6.660650 19.631937 0.143926 -0.648243 48.510296 -0.238515 -6.436491 0.353029 -1.511150 -0.031940 20.222771 3.684305 2.316629 18.787245 0.000003 -0.000000 10.751610 -0.479867 1.397904 0.000000 -0.000000 -0.000000 3.273804 0.305947 -0.580111 21.486792 11.830363 2.266132 8.162916 0.000001 0.000000 18.399055 -3.798979 -4.940568 0.000003 0.000000 -0.000000 0.836282 1.500515 3.173856 -0.080101 0.045414 11.088815 -4.375486 16.877758 -10.155725 1.693060 -2.106170 -1.355339 -0.000000 0.000000 0.000002 3.266373 1.605342 -7.692565 0.003281 0.057912 21.679806 -5.146705 3.583270 -9.795602 -1.420462 0.762409 -1.192454 -0.000000 0.000000 -0.000001 
-7.525947 98.753349 7.200690 2.846989 -13.581716 -4.546780 0.148881 -0.534788 -1.476643 -0.246390 -2.322059 -6.196150 1.865585 -5.341539 11.350184 1.041004 2.153338 23.218884 -0.659870 0.997921 -3.965284 -7.314190 3.149343 -6.727055 0.000077 -0.000022 0.000006 0.038576 -0.061367 0.046766 0.652893 -3.789722 -10.625397 -0.578373 3.671659 -10.656827 -2.514281 -1.769348 22.384510 -43.488018 15.905890 20.827909 0.711602 -37.569618 1.255768 28.466600 0.959084 -23.956223 -5.882100 9.861278 0.702590 -10.936861 -0.360576 7.156196 0.000002 8.774815 -0.000001 -16.205956 18.135162 6.300014 -1.844030 2.498504 -2.507277 -10.163591 4.678939 4.621103 -20.975996 -0.000003 0.000001 -21.226255 2.451692 -3.593993 0.000000 -0.000006 -0.000001 -1.362681 2.240796 -0.746323 -21.334894 0.584909 3.008318 -13.821197 -0.000004 0.000001 -23.887133 -0.249081 -0.839482 -60.165855 2.380024 -0.959137 -0.294024 1.679686 0.833254 -14.218194 0.093215 1.300579 -34.212006 -0.287564 0.967166 -20.033180 0.964533 1.212840 -0.000000 -0.000000 0.000001 -3.440387 0.788234 0.501655 -15.928167 -3.167306 2.999703 -6.338817 -0.000002 0.000000 -18.123413 3.648175 -4.905663 -0.000004 0.000000 -0.000002 10.181883 -2.119585 18.506439 49.746735 -17.582361 -20.588446 1.826479 41.848896 1.104768 -27.373392 -4.626287 25.268259 2.243540 -5.255033 -3.180154 14.282879 -0.826592 6.952495 -0.000002 -12.690591 -0.000000 17.091280 -16.654554 2.307313 1.665665 -1.955920 -2.878296 4.727796 -4.170582 4.993918 11.020514 0.000003 0.000001 12.109034 -3.735709 -2.866779 0.000001 -0.000000 0.000000 1.291985 -1.928548 -1.498088 14.800114 0.567467 3.865604 14.242553 -1.341735 -6.660648 19.631941 0.143923 -0.648243 48.383434 -0.282986 -6.385173 0.353027 -1.511149 -0.031940 20.222773 3.684307 2.316628 18.787247 0.000006 0.000000 10.751612 -0.479868 1.397905 0.000000 0.000000 -0.000000 3.273806 0.305947 -0.580110 21.486801 11.830363 2.266132 8.162918 0.000002 -0.000000 18.399054 -3.798979 -4.940568 0.000003 0.000000 -0.000001 0.760303 0.976182 2.464267 -0.090512 0.028612 11.688756 -3.837996 15.954933 -9.972641 1.699581 -2.095730 -1.339592 -0.000000 -0.000000 0.000002 3.026820 0.661540 -7.764752 0.019117 0.082549 21.695415 -4.852074 2.681133 -9.851493 -1.423138 0.777804 -1.118810 0.000000 0.000000 -0.000001 
-7.286504 98.849266 7.050015 2.686781 -11.738976 -4.411780 0.191591 -0.487951 -1.479884 -0.276007 -2.158593 -6.175764 1.958628 -4.984279 11.365014 0.528235 2.352483 22.526558 -0.699044 1.004723 -3.959810 -6.888608 3.164526 -6.736397 0.000077 -0.000022 0.000006 0.023632 -0.004678 0.039939 0.620820 -3.735046 -10.603467 -0.575677 3.724286 -10.636395 -2.694083 -2.016106 21.811295 -43.816875 15.244652 19.112650 0.859905 -34.860691 1.107234 26.313492 1.489025 -25.295916 -5.882102 9.861278 0.702588 -10.936858 -0.360575 7.156197 -0.000000 8.774810 -0.000002 -16.307156 17.971069 6.210143 -1.844030 2.498503 -2.507277 -10.163589 4.678939 4.621103 -20.975994 -0.000005 0.000002 -21.226255 2.451692 -3.593994 0.000001 -0.000006 -0.000001 -1.362682 2.240798 -0.746324 -21.334890 0.584907 3.008318 -13.821198 -0.000003 0.000002 -23.887133 -0.249080 -0.839482 -60.193348 2.377470 -1.113163 -0.294025 1.679687 0.833256 -14.218192 0.093215 1.300578 -34.212006 -0.287566 0.967166 -20.033180 0.964533 1.212842 0.000000 0.000000 -0.000002 -3.440385 0.788235 0.501654 -15.928171 -3.167306 2.999702 -6.338817 -0.000002 0.000000 -18.123413 3.648175 -4.905662 -0.000004 0.000000 -0.000002 11.134513 -1.310987 18.328733 47.772259 -13.843244 -17.573217 1.321700 37.916153 0.838731 -26.086967 -5.423549 25.393637 2.243539 -5.255032 -3.180156 14.282877 -0.826592 6.952495 -0.000000 -12.690590 0.000001 17.158216 -16.604761 2.254669 1.665666 -1.955920 -2.878296 4.727796 -4.170582 4.993918 11.020514 0.000003 0.000000 12.109032 -3.735710 -2.866779 0.000001 0.000000 0.000000 1.291983 -1.928549 -1.498088 14.800113 0.567468 3.865603 14.242553 -1.341734 -6.660648 19.631939 0.143925 -0.648242 48.544079 -0.413029 -6.351956 0.353027 -1.511149 -0.031940 20.222771 3.684306 2.316628 18.787247 0.000005 0.000001 10.751611 -0.479867 1.397904 0.000000 0.000000 0.000000 3.273805 0.305947 -0.580110 21.486795 11.830362 2.266131 8.162916 0.000002 -0.000000 18.399055 -3.798978 -4.940567 0.000003 -0.000000 -0.000001 0.772600 0.279740 1.917904 -0.069979 -0.020560 11.810074 -3.047490 15.202955 -9.493383 1.707846 -2.057260 -1.412650 -0.000000 -0.000000 0.000002 2.912692 -0.317309 -7.601712 0.043154 0.083716 21.118679 -4.502464 1.749410 -9.569945 -1.428853 0.838321 -1.070825 -0.000000 0.000000 -0.000001 
-6.939229 98.996040 6.957178 2.421000 -9.880144 -4.253532 0.265603 -0.451436 -1.561608 -0.277202 -1.899018 -6.169823 2.071044 -4.600136 11.317593 0.107370 2.513214 21.268131 -0.747966 0.959392 -3.938081 -6.370662 3.273303 -6.996686 0.000077 -0.000023 0.000006 0.012335 0.039489 0.039346 0.609170 -3.687420 -10.578060 -0.586056 3.765411 -10.613630 -2.787794 -2.349630 21.084623 -44.323025 14.156109 17.097895 0.906538 -31.594452 0.906555 24.514618 1.744007 -26.361588 -5.882100 9.861278 0.702589 -10.936857 -0.360576 7.156197 0.000001 8.774812 -0.000001 -16.387047 17.835913 6.105975 -1.844030 2.498501 -2.507275 -10.163589 4.678940 4.621103 -20.975992 -0.000004 0.000002 -21.226248 2.451692 -3.593992 0.000000 -0.000006 -0.000002 -1.362681 2.240798 -0.746323 -21.334892 0.584907 3.008320 -13.821197 -0.000004 0.000003 -23.887129 -0.249081 -0.839481 -60.044544 2.339776 -1.252558 -0.294025 1.679688 0.833255 -14.218190 0.093213 1.300578 -34.212006 -0.287565 0.967171 -20.033176 0.964535 1.212844 -0.000000 -0.000000 0.000000 -3.440386 0.788231 0.501655 -15.928165 -3.167306 2.999703 -6.338816 -0.000003 0.000000 -18.123411 3.648175 -4.905661 -0.000004 -0.000000 -0.000003 11.952758 0.018388 18.182329 45.992466 -10.077883 -14.937109 0.876276 35.066006 0.741189 -26.630987 -5.093791 24.256441 2.243539 -5.255033 -3.180156 14.282877 -0.826593 6.952496 -0.000001 -12.690591 0.000001 17.235865 -16.901455 2.226226 1.665664 -1.955920 -2.878297 4.727794 -4.170582 4.993918 11.020512 0.000002 -0.000001 12.109029 -3.735710 -2.866779 -0.000001 0.000000 0.000000 1.291984 -1.928547 -1.498088 14.800111 0.567468 3.865603 14.242554 -1.341735 -6.660648 19.631937 0.143925 -0.648243 48.971325 -0.517041 -6.408266 0.353030 -1.511149 -0.031939 20.222769 3.684305 2.316628 18.787245 0.000004 -0.000001 10.751610 -0.479868 1.397904 0.000000 0.000000 0.000000 3.273805 0.305947 -0.580110 21.486782 11.830360 2.266130 8.162915 0.000001 -0.000000 18.399052 -3.798980 -4.940567 0.000003 -0.000000 -0.000001 0.786880 -0.529857 1.547432 -0.025328 -0.061898 11.600319 -2.098283 14.608295 -8.818689 1.718193 -2.012205 -1.581542 0.000000 -0.000000 0.000002 2.828860 -1.189631 -7.219312 0.076039 0.045941 20.141253 -4.024275 0.711514 -9.112248 -1.437289 0.905839 -1.066662 0.000000 0.000000 -0.000001 
-6.547327 99.222336 6.833118 2.166784 -8.042884 -4.154526 0.324954 -0.390830 -1.633415 -0.273111 -1.624080 -6.176673 2.099483 -4.185882 11.165047 -0.117721 2.690467 19.504759 -0.783229 0.875315 -3.934016 -5.765519 3.504092 -7.502449 0.000077 -0.000023 0.000006 0.013505 0.048106 0.032156 0.627540 -3.686093 -10.562615 -0.601259 3.774490 -10.598673 -2.673727 -2.736055 20.339655 -44.939617 12.575639 14.991237 0.838947 -27.685308 0.698938 23.019156 2.104653 -27.468555 -5.882100 9.861278 0.702590 -10.936857 -0.360575 7.156196 -0.000001 8.774812 -0.000000 -16.360956 17.747610 6.074633 -1.844031 2.498501 -2.507275 -10.163589 4.678939 4.621104 -20.975992 -0.000005 0.000004 -21.226250 2.451692 -3.593992 0.000001 -0.000006 -0.000001 -1.362681 2.240796 -0.746323 -21.334890 0.584907 3.008321 -13.821197 -0.000003 0.000003 -23.887125 -0.249079 -0.839481 -59.885437 2.312366 -1.366210 -0.294025 1.679686 0.833255 -14.218194 0.093213 1.300579 -34.211998 -0.287566 0.967171 -20.033178 0.964534 1.212842 -0.000000 0.000000 -0.000001 -3.440385 0.788231 0.501656 -15.928165 -3.167307 2.999703 -6.338815 0.000000 0.000002 -18.123413 3.648176 -4.905661 -0.000005 0.000001 -0.000003 12.545156 1.845756 18.126102 44.338509 -6.616644 -13.185893 0.638621 33.252495 0.840258 -29.004379 -3.689007 22.406752 2.243542 -5.255032 -3.180155 14.282877 -0.826594 6.952495 -0.000002 -12.690590 0.000001 17.113976 -17.359158 2.279204 1.665665 -1.955919 -2.878297 4.727794 -4.170584 4.993919 11.020513 0.000002 -0.000002 12.109032 -3.735710 -2.866780 0.000001 0.000000 -0.000000 1.291984 -1.928547 -1.498088 14.800114 0.567467 3.865602 14.242553 -1.341734 -6.660649 19.631939 0.143926 -0.648243 49.405712 -0.581801 -6.535658 0.353029 -1.511149 -0.031940 20.222767 3.684305 2.316627 18.787247 0.000004 -0.000001 10.751611 -0.479868 1.397904 -0.000000 0.000000 0.000000 3.273804 0.305947 -0.580110 21.486792 11.830361 2.266130 8.162917 0.000001 -0.000000 18.399054 -3.798980 -4.940567 0.000004 0.000000 -0.000000 0.769858 -1.291056 1.655387 0.024623 -0.071238 10.486669 -1.109006 14.065046 -7.719924 1.730301 -1.977559 -1.892525 -0.000000 -0.000000 0.000002 2.734940 -1.787644 -6.522583 0.095771 -0.002096 18.592602 -3.589829 -0.437964 -8.334193 -1.448863 0.955986 -1.127538 -0.000000 0.000000 -0.000001 
-6.120377 99.389275 6.682824 1.991848 -6.301367 -4.081665 0.341504 -0.260439 -1.737965 -0.316467 -1.389243 -6.194994 2.122646 -3.550452 11.003440 -0.318307 2.902379 17.363396 -0.687565 0.633858 -3.887441 -5.112621 3.509543 -8.328122 0.000077 -0.000023 0.000006 0.022129 0.045458 0.016285 0.651062 -3.689318 -10.578645 -0.609573 3.778590 -10.603375 -2.432799 -3.332751 19.577776 -45.348526 10.594782 13.005007 0.677262 -23.289913 0.461303 21.628048 2.601224 -28.929052 -5.882101 9.861279 0.702590 -10.936859 -0.360575 7.156197 0.000001 8.774815 -0.000001 -16.346687 17.848734 5.971054 -1.844032 2.498503 -2.507275 -10.163590 4.678941 4.621104 -20.975996 -0.000004 0.000003 -21.226254 2.451693 -3.593992 0.000000 -0.000006 -0.000000 -1.362680 2.240797 -0.746323 -21.334892 0.584908 3.008321 -13.821197 -0.000003 0.000001 -23.887131 -0.249079 -0.839481 -59.657230 2.301512 -1.633221 -0.294024 1.679686 0.833255 -14.218195 0.093215 1.300579 -34.211998 -0.287565 0.967168 -20.033178 0.964534 1.212841 -0.000000 -0.000000 0.000001 -3.440386 0.788233 0.501655 -15.928169 -3.167305 2.999703 -6.338815 0.000001 0.000001 -18.123413 3.648175 -4.905661 -0.000003 0.000000 -0.000001 12.689529 3.836057 18.184799 43.034576 -3.832267 -13.168237 0.529980 32.549335 0.960031 -32.574612 -1.733404 20.408621 2.243539 -5.255032 -3.180155 14.282878 -0.826594 6.952497 -0.000001 -12.690588 0.000001 16.678143 -17.649155 2.330518 1.665664 -1.955919 -2.878297 4.727796 -4.170583 4.993920 11.020512 0.000003 0.000001 12.109032 -3.735709 -2.866778 0.000002 -0.000000 -0.000000 1.291984 -1.928548 -1.498088 14.800114 0.567467 3.865605 14.242551 -1.341734 -6.660647 19.631939 0.143925 -0.648242 49.519741 -0.575014 -6.523960 0.353028 -1.511149 -0.031940 20.222771 3.684305 2.316629 18.787247 0.000004 0.000001 10.751610 -0.479869 1.397905 0.000001 -0.000000 -0.000000 3.273805 0.305947 -0.580111 21.486792 11.830362 2.266132 8.162916 0.000001 -0.000000 18.399052 -3.798980 -4.940566 0.000003 0.000000 -0.000001 0.669112 -1.920127 1.585486 0.082401 0.013701 9.761206 -0.268091 13.462635 -6.909384 1.738356 -2.011332 -2.214769 0.000000 -0.000000 0.000002 2.563119 -2.196244 -6.046589 0.102975 -0.057081 17.478447 -3.284932 -1.504918 -7.746061 -1.441978 0.960921 -1.263333 0.000000 0.000000 -0.000001 
-5.703961 99.642548 6.572765 1.762447 -4.322920 -4.194622 0.337064 -0.239556 -1.777870 -0.290345 -0.940462 -6.177948 1.882368 -3.182052 10.895462 -0.224737 2.968405 14.809275 -0.603242 0.960594 -3.928029 -4.553085 3.451016 -8.959908 0.000077 -0.000022 0.000006 0.018729 0.038834 -0.004405 0.665144 -3.687829 -10.566792 -0.630484 3.761828 -10.589837 -2.390029 -3.803075 18.992813 -45.032845 8.257236 11.453490 0.927190 -18.948589 0.331080 20.301537 3.621631 -30.651073 -5.882099 9.861279 0.702590 -10.936855 -0.360575 7.156196 -0.000001 8.774814 -0.000001 -16.035648 18.072321 6.342670 -1.844030 2.498503 -2.507276 -10.163585 4.678940 4.621105 -20.975994 -0.000004 0.000002 -21.226246 2.451692 -3.593993 0.000000 -0.000006 -0.000000 -1.362679 2.240796 -0.746322 -21.334887 0.584907 3.008321 -13.821192 -0.000004 0.000002 -23.887125 -0.249079 -0.839480 -59.705078 2.246940 -1.360444 -0.294024 1.679686 0.833256 -14.218189 0.093215 1.300579 -34.211998 -0.287565 0.967171 -20.033173 0.964536 1.212843 0.000000 0.000000 0.000000 -3.440385 0.788233 0.501655 -15.928164 -3.167308 2.999704 -6.338815 -0.000002 0.000001 -18.123411 3.648175 -4.905660 -0.000003 0.000000 -0.000002 12.667884 6.145667 18.239454 41.558990 -1.693659 -14.174448 0.434960 32.130997 0.944351 -36.326302 0.096048 18.747093 2.243539 -5.255033 -3.180155 14.282873 -0.826594 6.952495 -0.000003 -12.690593 0.000000 16.257992 -18.110891 2.549916 1.665665 -1.955920 -2.878296 4.727792 -4.170586 4.993918 11.020509 0.000002 -0.000001 12.109028 -3.735711 -2.866781 0.000001 0.000000 0.000000 1.291984 -1.928548 -1.498088 14.800107 0.567468 3.865602 14.242546 -1.341737 -6.660650 19.631935 0.143926 -0.648244 49.824986 -0.642328 -6.690589 0.353028 -1.511150 -0.031940 20.222761 3.684305 2.316627 18.787239 0.000002 -0.000001 10.751608 -0.479869 1.397905 0.000000 -0.000000 -0.000000 3.273804 0.305946 -0.580110 21.486788 11.830363 2.266132 8.162916 0.000003 0.000001 18.399050 -3.798980 -4.940567 0.000003 0.000000 -0.000003 0.645428 -2.610163 2.461582 0.046836 -0.044439 7.560553 -0.547857 12.898950 -5.595829 1.717846 -2.038401 -2.055972 -0.000000 -0.000000 0.000002 2.451857 -2.491934 -4.849377 0.080834 -0.173521 15.423065 -3.306053 -2.674971 -6.728486 -1.459931 0.948908 -1.380937 0.000000 0.000000 -0.000001 
-5.288626 99.764091 6.462379 1.609034 -2.327579 -4.252464 0.259017 -0.104186 -1.885176 -0.337179 -0.645281 -6.236910 1.622064 -2.710246 10.882548 -0.150236 3.123773 12.245603 -0.531415 0.858756 -3.900483 -3.903606 3.162942 -9.557633 0.000077 -0.000022 0.000006 0.018018 0.018731 -0.028353 0.666158 -3.716060 -10.579450 -0.633817 3.751100 -10.588285 -2.930900 -4.444361 18.554897 -43.825768 6.122377 10.403810 1.066658 -15.498680 0.174459 19.418177 4.515206 -32.296707 -5.882102 9.861279 0.702590 -10.936859 -0.360575 7.156197 -0.000001 8.774813 -0.000002 -15.953798 18.233335 6.477789 -1.844031 2.498502 -2.507276 -10.163589 4.678940 4.621104 -20.975994 -0.000004 0.000002 -21.226254 2.451693 -3.593993 -0.000000 -0.000006 -0.000001 -1.362680 2.240797 -0.746323 -21.334887 0.584909 3.008320 -13.821198 -0.000002 0.000002 -23.887133 -0.249078 -0.839481 -59.829700 2.289642 -1.268486 -0.294026 1.679686 0.833255 -14.218194 0.093215 1.300579 -34.212002 -0.287563 0.967169 -20.033178 0.964535 1.212842 0.000000 0.000000 -0.000000 -3.440384 0.788232 0.501655 -15.928171 -3.167306 2.999704 -6.338817 -0.000001 0.000001 -18.123413 3.648176 -4.905661 -0.000004 0.000000 -0.000002 12.266356 8.054786 18.097374 40.338444 -0.452273 -15.978848 0.486557 32.229572 0.912479 -38.855171 1.508150 17.067190 2.243539 -5.255032 -3.180155 14.282875 -0.826593 6.952497 -0.000002 -12.690588 0.000001 15.881154 -18.238869 2.756698 1.665664 -1.955919 -2.878297 4.727792 -4.170582 4.993919 11.020511 0.000003 -0.000001 12.109029 -3.735708 -2.866778 0.000001 -0.000000 -0.000000 1.291983 -1.928547 -1.498088 14.800111 0.567468 3.865605 14.242550 -1.341733 -6.660648 19.631937 0.143926 -0.648242 49.783104 -0.666144 -6.761864 0.353030 -1.511150 -0.031940 20.222767 3.684305 2.316629 18.787245 0.000003 0.000001 10.751610 -0.479868 1.397904 0.000002 0.000000 0.000000 3.273803 0.305947 -0.580110 21.486792 11.830363 2.266132 8.162919 0.000003 0.000000 18.399050 -3.798978 -4.940566 0.000003 -0.000001 -0.000001 0.555747 -3.142527 2.538931 0.046009 -0.041684 6.850686 -0.785408 11.978655 -5.066541 1.704543 -2.045543 -1.912281 -0.000000 0.000000 0.000002 2.260192 -2.956233 -4.223586 0.074235 -0.191821 14.411897 -3.130812 -3.785355 -6.250240 -1.456606 0.927666 -1.488742 0.000000 0.000000 -0.000001 
-4.941861 99.857452 6.419420 1.469818 -0.249171 -4.277906 0.124380 0.009317 -2.010383 -0.394500 -0.404898 -6.285352 1.227252 -2.369262 10.914399 0.066153 3.236075 10.054473 -0.572748 0.680563 -3.866605 -3.261926 2.657497 -10.124142 0.000077 -0.000023 0.000006 0.019075 0.018053 -0.046031 0.665630 -3.716117 -10.559790 -0.632066 3.747722 -10.559965 -3.626704 -4.980370 18.279358 -42.144711 4.199156 9.899689 1.108202 -13.096202 0.110106 18.619843 5.274472 -33.180637 -5.882102 9.861279 0.702589 -10.936858 -0.360575 7.156197 -0.000001 8.774814 -0.000002 -15.889321 18.274839 6.526674 -1.844031 2.498503 -2.507276 -10.163589 4.678940 4.621104 -20.975994 -0.000004 0.000003 -21.226254 2.451692 -3.593993 0.000000 -0.000006 -0.000000 -1.362680 2.240796 -0.746323 -21.334887 0.584908 3.008320 -13.821197 -0.000003 0.000002 -23.887131 -0.249078 -0.839481 -59.784279 2.302795 -1.214462 -0.294023 1.679686 0.833255 -14.218194 0.093214 1.300579 -34.212002 -0.287564 0.967170 -20.033178 0.964535 1.212841 -0.000000 -0.000000 -0.000000 -3.440387 0.788233 0.501655 -15.928169 -3.167305 2.999704 -6.338819 -0.000001 0.000001 -18.123415 3.648177 -4.905661 -0.000003 -0.000000 -0.000002 11.757089 9.493397 17.894733 39.419155 -0.039023 -18.066566 0.579010 32.748295 0.813052 -40.138988 2.596582 15.302963 2.243539 -5.255033 -3.180155 14.282875 -0.826593 6.952496 -0.000004 -12.690592 -0.000000 15.628882 -18.275255 2.958583 1.665664 -1.955920 -2.878297 4.727793 -4.170583 4.993918 11.020512 0.000003 0.000000 12.109028 -3.735709 -2.866779 0.000001 0.000000 -0.000000 1.291984 -1.928547 -1.498088 14.800113 0.567469 3.865605 14.242553 -1.341734 -6.660648 19.631937 0.143925 -0.648242 49.614372 -0.726520 -6.718971 0.353030 -1.511148 -0.031940 20.222767 3.684309 2.316629 18.787243 0.000004 0.000001 10.751607 -0.479867 1.397906 0.000001 0.000001 0.000001 3.273803 0.305947 -0.580110 21.486790 11.830365 2.266134 8.162915 0.000001 -0.000000 18.399052 -3.798981 -4.940567 0.000003 -0.000001 -0.000001 0.528993 -3.478772 2.510504 0.021024 -0.061112 6.351830 -1.030817 10.671353 -4.661013 1.693973 -2.058068 -1.794888 0.000000 -0.000000 0.000002 2.084661 -3.505467 -3.644915 0.076597 -0.202935 13.550550 -3.089291 -4.798516 -5.900602 -1.449051 0.922923 -1.554791 0.000000 0.000000 -0.000001 
-4.595874 99.930717 6.438456 1.310523 1.777778 -4.241424 -0.031812 0.094132 -2.141721 -0.452584 -0.227383 -6.316762 0.787273 -2.152324 10.935976 0.343571 3.302814 8.319995 -0.705570 0.438366 -3.815750 -2.677420 2.019606 -10.661424 0.000077 -0.000023 0.000006 0.021060 0.020491 -0.051624 0.658969 -3.711792 -10.524248 -0.623012 3.749329 -10.520439 -4.275342 -5.410957 18.084217 -40.453037 2.600259 9.606058 1.066496 -11.678822 0.080212 17.924652 5.690320 -33.365402 -5.882102 9.861279 0.702589 -10.936858 -0.360574 7.156197 -0.000003 8.774813 -0.000001 -15.869324 18.244389 6.509526 -1.844033 2.498503 -2.507276 -10.163591 4.678941 4.621104 -20.975996 -0.000002 0.000001 -21.226254 2.451694 -3.593995 0.000000 -0.000006 -0.000000 -1.362680 2.240797 -0.746323 -21.334892 0.584910 3.008320 -13.821194 -0.000001 0.000002 -23.887131 -0.249076 -0.839482 -59.695004 2.304927 -1.213238 -0.294023 1.679686 0.833255 -14.218197 0.093216 1.300579 -34.212009 -0.287560 0.967168 -20.033182 0.964536 1.212840 -0.000000 0.000000 -0.000000 -3.440385 0.788233 0.501655 -15.928167 -3.167305 2.999704 -6.338813 -0.000002 0.000001 -18.123415 3.648178 -4.905662 -0.000004 0.000000 -0.000002 11.066756 10.390424 17.550999 38.995148 -0.272914 -20.228727 0.622389 33.415844 0.698627 -40.420277 3.464505 13.518660 2.243540 -5.255033 -3.180156 14.282877 -0.826592 6.952497 -0.000003 -12.690592 -0.000001 15.444258 -18.205553 3.059384 1.665665 -1.955919 -2.878296 4.727793 -4.170584 4.993918 11.020510 0.000004 -0.000001 12.109029 -3.735709 -2.866780 0.000001 -0.000001 -0.000000 1.291984 -1.928548 -1.498088 14.800111 0.567468 3.865604 14.242553 -1.341734 -6.660648 19.631935 0.143926 -0.648242 49.309204 -0.811677 -6.668362 0.353028 -1.511150 -0.031940 20.222771 3.684307 2.316629 18.787243 0.000005 0.000001 10.751610 -0.479868 1.397904 0.000001 0.000001 0.000001 3.273803 0.305946 -0.580110 21.486792 11.830366 2.266133 8.162916 0.000002 -0.000001 18.399050 -3.798977 -4.940569 0.000002 0.000000 -0.000001 0.552102 -3.627877 2.284608 -0.011166 -0.104928 6.197293 -1.224262 9.175387 -4.419136 1.683991 -2.041695 -1.728122 0.000000 -0.000000 0.000002 1.946065 -3.995991 -3.141796 0.071763 -0.217381 12.794089 -3.110865 -5.766483 -5.629214 -1.440468 0.953734 -1.618833 -0.000000 -0.000000 -0.000001 
-4.275559 100.006660 6.530675 1.141518 3.615228 -4.175826 -0.197943 0.154362 -2.253741 -0.506943 -0.079142 -6.349315 0.312519 -2.043837 10.946112 0.593562 3.344088 7.007829 -0.844894 0.138676 -3.763890 -2.149280 1.431875 -11.123709 0.000077 -0.000023 0.000005 0.022697 0.020288 -0.046338 0.651780 -3.708762 -10.505257 -0.613424 3.754562 -10.498443 -4.728192 -5.710719 17.925512 -38.936211 1.341621 9.401840 1.014969 -10.998880 0.054346 17.419975 5.822560 -33.428123 -5.882102 9.861278 0.702590 -10.936859 -0.360575 7.156196 -0.000002 8.774814 -0.000001 -15.867872 18.176441 6.473926 -1.844030 2.498502 -2.507275 -10.163589 4.678940 4.621104 -20.975994 -0.000004 0.000002 -21.226255 2.451693 -3.593992 0.000000 -0.000006 -0.000001 -1.362680 2.240796 -0.746322 -21.334896 0.584908 3.008319 -13.821198 -0.000003 0.000002 -23.887133 -0.249078 -0.839481 -59.635464 2.316949 -1.243047 -0.294025 1.679686 0.833256 -14.218192 0.093214 1.300579 -34.212006 -0.287564 0.967169 -20.033180 0.964535 1.212841 0.000000 -0.000000 0.000000 -3.440385 0.788232 0.501655 -15.928167 -3.167306 2.999703 -6.338817 -0.000002 0.000001 -18.123415 3.648175 -4.905661 -0.000005 -0.000000 -0.000002 10.278862 10.872662 17.124697 38.910221 -0.930301 -22.261955 0.662437 33.958893 0.649353 -40.230572 3.968968 11.936707 2.243540 -5.255032 -3.180155 14.282877 -0.826594 6.952496 -0.000004 -12.690590 -0.000000 15.360671 -18.091951 3.098508 1.665665 -1.955921 -2.878297 4.727794 -4.170584 4.993919 11.020511 0.000002 -0.000002 12.109034 -3.735711 -2.866780 0.000000 -0.000000 0.000000 1.291984 -1.928549 -1.498087 14.800111 0.567467 3.865602 14.242553 -1.341735 -6.660648 19.631939 0.143924 -0.648244 49.087708 -0.870113 -6.597682 0.353029 -1.511151 -0.031940 20.222771 3.684308 2.316627 18.787247 0.000005 -0.000001 10.751610 -0.479869 1.397903 -0.000001 0.000002 0.000001 3.273804 0.305947 -0.580110 21.486790 11.830363 2.266130 8.162916 0.000000 -0.000002 18.399055 -3.798977 -4.940569 -0.000000 0.000001 -0.000000 0.605724 -3.667208 2.184040 -0.042097 -0.152544 5.878928 -1.323501 7.754671 -4.137166 1.670232 -2.001951 -1.701225 -0.000000 0.000000 0.000002 1.861282 -4.350431 -2.573381 0.058993 -0.240324 11.914028 -3.150505 -6.586689 -5.325538 -1.432929 0.996380 -1.701105 -0.000000 0.000000 -0.000001 
-3.961627 100.074768 6.585847 0.971589 5.090941 -4.117957 -0.359355 0.198629 -2.356632 -0.542743 0.045983 -6.378204 -0.154204 -1.996191 10.960054 0.784686 3.314916 6.205049 -0.919121 -0.121735 -3.720729 -1.679862 0.954779 -11.518222 0.000077 -0.000023 0.000006 0.021878 0.018352 -0.039425 0.642026 -3.708703 -10.482376 -0.604538 3.756348 -10.472269 -4.971052 -5.862355 17.751875 -37.575500 0.462370 9.157273 1.009975 -10.797257 0.008819 17.130674 5.764759 -33.505669 -5.882102 9.861278 0.702590 -10.936858 -0.360575 7.156197 -0.000003 8.774813 -0.000001 -15.861865 18.103556 6.452661 -1.844030 2.498503 -2.507277 -10.163590 4.678939 4.621104 -20.975996 -0.000004 0.000002 -21.226254 2.451692 -3.593993 0.000001 -0.000006 -0.000000 -1.362681 2.240797 -0.746323 -21.334887 0.584908 3.008321 -13.821194 -0.000003 0.000002 -23.887133 -0.249078 -0.839480 -59.630234 2.346238 -1.274037 -0.294026 1.679686 0.833255 -14.218195 0.093214 1.300579 -34.212006 -0.287563 0.967171 -20.033180 0.964536 1.212842 0.000000 0.000000 -0.000000 -3.440385 0.788232 0.501656 -15.928167 -3.167307 2.999704 -6.338816 -0.000001 0.000002 -18.123413 3.648177 -4.905661 -0.000005 -0.000000 -0.000002 9.579982 11.049209 16.772989 38.939777 -1.812108 -24.089502 0.618127 34.140415 0.632313 -39.812298 4.120245 10.335766 2.243539 -5.255033 -3.180155 14.282873 -0.826591 6.952495 -0.000002 -12.690591 -0.000001 15.344069 -17.987604 3.113083 1.665665 -1.955919 -2.878297 4.727793 -4.170582 4.993918 11.020512 0.000004 -0.000001 12.109034 -3.735709 -2.866781 -0.000001 -0.000001 0.000000 1.291985 -1.928547 -1.498088 14.800116 0.567470 3.865605 14.242553 -1.341734 -6.660648 19.631941 0.143925 -0.648242 49.048115 -0.911775 -6.516128 0.353029 -1.511148 -0.031941 20.222767 3.684307 2.316628 18.787245 0.000006 0.000000 10.751611 -0.479868 1.397905 -0.000000 -0.000001 -0.000000 3.273804 0.305947 -0.580109 21.486792 11.830365 2.266133 8.162916 0.000002 -0.000000 18.399054 -3.798979 -4.940568 0.000003 -0.000001 -0.000002 0.658578 -3.661983 2.086856 -0.070516 -0.177415 5.638379 -1.366157 6.577312 -3.901676 1.660810 -1.969206 -1.712291 -0.000000 0.000000 0.000002 1.802539 -4.547088 -2.058244 0.056306 -0.265469 11.051881 -3.205724 -7.222989 -4.982568 -1.426283 1.036543 -1.829907 0.000000 0.000000 -0.000001 
-3.702284 100.114731 6.674486 0.786755 6.096533 -4.114558 -0.492386 0.201319 -2.450140 -0.570931 0.173963 -6.410039 -0.569927 -1.970199 11.005110 0.882171 3.248023 5.902854 -0.933318 -0.281985 -3.710398 -1.228598 0.599166 -11.833135 0.000077 -0.000022 0.000006 0.021283 0.025466 -0.022215 0.636179 -3.706257 -10.474562 -0.599933 3.751270 -10.459130 -5.101243 -5.883596 17.577965 -36.111423 -0.071254 8.685386 0.959107 -10.820688 -0.037059 16.890787 5.755691 -33.522720 -5.882102 9.861278 0.702589 -10.936858 -0.360576 7.156197 0.000000 8.774814 -0.000001 -15.832366 18.043013 6.458132 -1.844030 2.498502 -2.507277 -10.163589 4.678939 4.621104 -20.975998 -0.000005 0.000003 -21.226254 2.451692 -3.593993 -0.000000 -0.000006 0.000000 -1.362680 2.240796 -0.746323 -21.334890 0.584907 3.008319 -13.821197 -0.000004 0.000002 -23.887131 -0.249079 -0.839480 -59.680058 2.368855 -1.274184 -0.294023 1.679686 0.833255 -14.218194 0.093213 1.300578 -34.212006 -0.287565 0.967170 -20.033176 0.964534 1.212842 -0.000000 0.000001 0.000000 -3.440386 0.788232 0.501655 -15.928169 -3.167307 2.999703 -6.338818 -0.000002 0.000001 -18.123411 3.648175 -4.905661 -0.000005 -0.000000 -0.000003 9.004417 11.086526 16.520901 38.813717 -2.746683 -25.667116 0.486007 33.728802 0.621536 -39.130276 3.837988 8.533483 2.243539 -5.255031 -3.180155 14.282878 -0.826593 6.952496 -0.000002 -12.690587 0.000001 15.441217 -17.912397 3.040410 1.665665 -1.955919 -2.878295 4.727793 -4.170583 4.993918 11.020511 0.000003 -0.000002 12.109032 -3.735710 -2.866781 -0.000000 -0.000001 0.000000 1.291985 -1.928547 -1.498089 14.800114 0.567469 3.865603 14.242554 -1.341733 -6.660648 19.631939 0.143926 -0.648243 49.143051 -0.922029 -6.430297 0.353029 -1.511149 -0.031941 20.222769 3.684309 2.316629 18.787245 0.000004 0.000000 10.751610 -0.479867 1.397905 -0.000001 0.000001 -0.000000 3.273805 0.305949 -0.580111 21.486788 11.830359 2.266130 8.162916 0.000001 -0.000001 18.399054 -3.798981 -4.940567 0.000003 -0.000001 -0.000002 0.735908 -3.630539 1.957633 -0.083370 -0.175513 5.736109 -1.403750 5.672582 -3.901191 1.653193 -1.934875 -1.749589 -0.000000 0.000000 0.000002 1.807748 -4.646509 -1.570665 0.054690 -0.303176 10.326905 -3.279032 -7.592799 -4.715365 -1.421088 1.070147 -1.946828 0.000000 0.000000 -0.000001 
-3.457308 100.148079 6.791755 0.590215 6.621717 -4.171725 -0.594113 0.222381 -2.556741 -0.593331 0.259238 -6.466800 -0.915653 -1.918840 11.079218 0.910887 3.153303 5.994176 -0.903317 -0.346754 -3.732650 -0.777484 0.335691 -11.980318 0.000077 -0.000022 0.000006 0.019700 0.032824 -0.004977 0.625254 -3.695139 -10.470274 -0.592739 3.763344 -10.470079 -5.150204 -5.799767 17.410578 -34.429359 -0.367527 8.104234 0.896823 -10.827054 -0.082170 16.481586 5.863157 -33.529613 -5.882102 9.861278 0.702589 -10.936858 -0.360575 7.156196 -0.000000 8.774816 -0.000001 -15.781746 17.952816 6.485610 -1.844031 2.498503 -2.507275 -10.163589 4.678940 4.621105 -20.975992 -0.000005 0.000002 -21.226254 2.451692 -3.593993 -0.000000 -0.000006 -0.000001 -1.362682 2.240796 -0.746324 -21.334894 0.584909 3.008319 -13.821194 -0.000003 0.000002 -23.887129 -0.249078 -0.839482 -59.787830 2.413050 -1.283677 -0.294024 1.679686 0.833255 -14.218192 0.093214 1.300578 -34.212002 -0.287564 0.967168 -20.033178 0.964535 1.212841 0.000000 -0.000000 0.000000 -3.440384 0.788233 0.501656 -15.928167 -3.167306 2.999703 -6.338817 -0.000001 0.000000 -18.123415 3.648175 -4.905662 -0.000005 0.000000 -0.000003 8.540927 11.048545 16.334639 38.356140 -3.611593 -27.014702 0.300663 32.588036 0.582905 -38.045471 3.127102 6.537621 2.243540 -5.255033 -3.180155 14.282877 -0.826596 6.952497 -0.000002 -12.690591 0.000001 15.597667 -17.882679 2.945127 1.665665 -1.955919 -2.878297 4.727793 -4.170584 4.993920 11.020511 0.000003 0.000000 12.109028 -3.735712 -2.866779 0.000001 -0.000000 0.000000 1.291984 -1.928547 -1.498088 14.800113 0.567467 3.865604 14.242553 -1.341736 -6.660648 19.631935 0.143924 -0.648242 49.250465 -0.953098 -6.355733 0.353029 -1.511151 -0.031939 20.222771 3.684306 2.316629 18.787243 0.000004 0.000001 10.751610 -0.479869 1.397905 0.000000 0.000001 -0.000001 3.273804 0.305946 -0.580110 21.486788 11.830362 2.266132 8.162916 0.000002 -0.000000 18.399054 -3.798982 -4.940567 0.000003 -0.000002 -0.000001 0.817208 -3.576093 2.008081 -0.089358 -0.162453 5.778122 -1.368790 5.119563 -3.955933 1.646970 -1.914229 -1.809793 -0.000000 0.000000 0.000002 1.840652 -4.664120 -1.010965 0.060916 -0.320178 9.544649 -3.367105 -7.674617 -4.421860 -1.418066 1.076324 -2.100110 0.000000 0.000000 -0.000001 
-3.269607 100.140785 6.903251 0.362832 6.641919 -4.302363 -0.646867 0.221831 -2.679051 -0.608011 0.345781 -6.531765 -1.154718 -1.874783 11.177590 0.849224 3.065525 6.430859 -0.847932 -0.334267 -3.772480 -0.305909 0.184215 -11.978709 0.000077 -0.000023 0.000006 0.016183 0.026581 0.015938 0.612160 -3.692267 -10.465882 -0.588321 3.755284 -10.465832 -5.162929 -5.629052 17.236805 -32.331776 -0.406915 7.480823 0.727522 -10.692454 -0.106549 15.631578 6.155568 -33.622955 -5.882099 9.861278 0.702591 -10.936857 -0.360575 7.156196 -0.000002 8.774814 -0.000001 -15.707457 17.787102 6.515225 -1.844031 2.498502 -2.507275 -10.163588 4.678940 4.621104 -20.975994 -0.000005 0.000001 -21.226254 2.451692 -3.593994 -0.000000 -0.000006 -0.000000 -1.362680 2.240796 -0.746323 -21.334887 0.584908 3.008319 -13.821197 -0.000004 0.000001 -23.887131 -0.249079 -0.839482 -59.851662 2.454299 -1.285908 -0.294023 1.679686 0.833257 -14.218192 0.093214 1.300579 -34.212006 -0.287565 0.967169 -20.033175 0.964534 1.212841 0.000000 -0.000000 -0.000000 -3.440386 0.788232 0.501654 -15.928167 -3.167306 2.999703 -6.338818 -0.000002 0.000001 -18.123411 3.648175 -4.905661 -0.000005 0.000000 -0.000002 8.185011 11.014192 16.239790 37.325214 -4.206575 -28.257071 0.124222 30.568380 0.527891 -36.403732 2.082077 4.542949 2.243539 -5.255033 -3.180153 14.282878 -0.826594 6.952496 -0.000001 -12.690590 0.000000 15.807818 -17.887737 2.784620 1.665665 -1.955920 -2.878295 4.727794 -4.170584 4.993918 11.020513 0.000003 -0.000002 12.109032 -3.735710 -2.866780 0.000001 -0.000001 0.000001 1.291984 -1.928547 -1.498088 14.800114 0.567468 3.865603 14.242553 -1.341735 -6.660648 19.631939 0.143924 -0.648244 49.382874 -0.964585 -6.355315 0.353029 -1.511149 -0.031940 20.222771 3.684305 2.316627 18.787247 0.000004 -0.000001 10.751610 -0.479870 1.397903 -0.000001 -0.000001 -0.000001 3.273804 0.305947 -0.580111 21.486792 11.830362 2.266128 8.162919 0.000003 -0.000003 18.399055 -3.798977 -4.940569 0.000003 0.000000 -0.000001 0.947528 -3.456044 1.848142 -0.096956 -0.158838 6.493441 -1.293270 4.912745 -4.367496 1.645177 -1.896495 -1.882139 -0.000000 0.000000 0.000002 1.948064 -4.601745 -0.573103 0.074713 -0.333252 9.073922 -3.416040 -7.487910 -4.272166 -1.414860 1.074102 -2.269996 -0.000000 0.000000 -0.000001 
-3.117092 100.105225 7.077515 0.123360 6.156305 -4.502834 -0.661217 0.217348 -2.800292 -0.615519 0.374329 -6.610950 -1.253836 -1.761091 11.275949 0.719080 2.994030 7.148271 -0.773192 -0.276731 -3.814764 0.153986 0.163951 -11.787954 0.000077 -0.000022 0.000006 0.013264 0.020247 0.032733 0.598307 -3.695460 -10.448926 -0.578089 3.740699 -10.462999 -5.089358 -5.502899 17.089003 -29.792358 -0.135340 6.884241 0.458792 -10.210608 -0.122545 14.130078 6.634335 -33.802002 -5.882101 9.861279 0.702590 -10.936858 -0.360574 7.156196 0.000003 8.774812 0.000001 -15.614591 17.574419 6.568295 -1.844030 2.498502 -2.507275 -10.163589 4.678940 4.621103 -20.975996 -0.000004 0.000001 -21.226255 2.451692 -3.593993 -0.000000 -0.000005 -0.000001 -1.362680 2.240796 -0.746321 -21.334887 0.584909 3.008320 -13.821197 -0.000003 0.000001 -23.887131 -0.249079 -0.839482 -59.865429 2.483098 -1.283468 -0.294023 1.679686 0.833255 -14.218192 0.093215 1.300579 -34.212002 -0.287564 0.967167 -20.033180 0.964535 1.212840 -0.000000 -0.000000 0.000000 -3.440386 0.788233 0.501654 -15.928169 -3.167306 2.999702 -6.338817 -0.000002 0.000001 -18.123415 3.648177 -4.905661 -0.000004 -0.000000 -0.000002 7.920330 11.005836 16.210733 35.495792 -4.417414 -29.474369 0.058698 27.718395 0.496220 -34.223301 0.696157 2.729812 2.243540 -5.255031 -3.180155 14.282877 -0.826594 6.952496 -0.000003 -12.690590 0.000002 16.001850 -17.866999 2.621273 1.665665 -1.955921 -2.878297 4.727795 -4.170583 4.993918 11.020512 0.000004 -0.000001 12.109034 -3.735711 -2.866778 0.000000 -0.000001 0.000001 1.291985 -1.928547 -1.498087 14.800113 0.567467 3.865604 14.242554 -1.341734 -6.660649 19.631939 0.143925 -0.648244 49.432117 -0.947468 -6.399928 0.353029 -1.511150 -0.031941 20.222771 3.684305 2.316628 18.787247 0.000006 -0.000002 10.751610 -0.479868 1.397904 -0.000002 0.000001 0.000000 3.273804 0.305947 -0.580110 21.486790 11.830361 2.266130 8.162917 0.000000 -0.000001 18.399052 -3.798981 -4.940567 0.000002 0.000001 -0.000001 1.119010 -3.217280 1.745578 -0.115592 -0.148528 7.445018 -1.195020 5.018117 -4.974364 1.648519 -1.880386 -1.943856 0.000000 0.000000 0.000002 2.100632 -4.406488 -0.164241 0.102086 -0.341625 8.821495 -3.371639 -7.005299 -4.264657 -1.413705 1.067853 -2.364576 0.000000 0.000000 -0.000001 
-2.969470 100.049866 7.295053 -0.110759 5.247360 -4.759441 -0.660013 0.215211 -2.900990 -0.617575 0.344351 -6.684384 -1.218226 -1.628174 11.355623 0.529849 2.910808 8.002819 -0.658710 -0.117873 -3.848675 0.623207 0.206271 -11.438178 0.000077 -0.000023 0.000006 0.010369 0.015540 0.043236 0.582038 -3.699731 -10.451440 -0.569357 3.731769 -10.465623 -4.837018 -5.488762 16.910015 -26.652254 0.486445 6.550752 0.072696 -9.193795 -0.112165 11.707699 7.206535 -34.221581 -5.882102 9.861279 0.702588 -10.936862 -0.360574 7.156196 0.000001 8.774813 -0.000002 -15.427608 17.330099 6.686033 -1.844031 2.498503 -2.507274 -10.163591 4.678940 4.621104 -20.975998 -0.000003 0.000003 -21.226255 2.451693 -3.593993 0.000000 -0.000005 -0.000000 -1.362681 2.240797 -0.746323 -21.334894 0.584908 3.008321 -13.821197 -0.000002 0.000003 -23.887131 -0.249077 -0.839480 -59.819798 2.492336 -1.230084 -0.294025 1.679686 0.833255 -14.218195 0.093215 1.300579 -34.211998 -0.287562 0.967171 -20.033180 0.964536 1.212842 -0.000000 0.000000 0.000000 -3.440386 0.788233 0.501657 -15.928167 -3.167306 2.999704 -6.338814 -0.000002 0.000001 -18.123413 3.648177 -4.905661 -0.000004 -0.000000 -0.000003 7.662885 11.078272 16.174286 32.683071 -4.202721 -30.439808 0.022354 24.193192 0.453664 -31.540583 -1.001708 1.391423 2.243540 -5.255033 -3.180155 14.282877 -0.826593 6.952495 -0.000003 -12.690590 0.000000 16.099848 -17.789948 2.469036 1.665666 -1.955920 -2.878296 4.727794 -4.170583 4.993919 11.020511 0.000003 -0.000001 12.109033 -3.735708 -2.866779 0.000000 -0.000000 0.000000 1.291985 -1.928547 -1.498088 14.800114 0.567468 3.865602 14.242556 -1.341733 -6.660649 19.631939 0.143925 -0.648245 49.336861 -0.860628 -6.496445 0.353029 -1.511150 -0.031939 20.222771 3.684306 2.316626 18.787245 0.000005 -0.000002 10.751609 -0.479867 1.397903 -0.000002 -0.000001 0.000000 3.273804 0.305947 -0.580110 21.486794 11.830361 2.266128 8.162917 0.000001 -0.000002 18.399052 -3.798978 -4.940569 0.000003 0.000001 -0.000002 1.302837 -2.797185 1.798303 -0.137297 -0.156892 8.396966 -1.095236 5.372383 -5.662222 1.651900 -1.857145 -1.954157 0.000000 -0.000000 0.000002 2.267719 -4.101961 0.204248 0.125814 -0.338291 8.778955 -3.234644 -6.319137 -4.371224 -1.417419 1.065184 -2.368991 0.000000 0.000000 -0.000001 
-2.828964 99.980286 7.523391 -0.340341 4.030103 -5.030738 -0.660969 0.205447 -2.997787 -0.618854 0.274141 -6.745374 -1.089664 -1.513440 11.409071 0.361876 2.831874 8.908313 -0.509878 0.114881 -3.875789 1.067259 0.313865 -11.051541 0.000077 -0.000023 0.000006 0.012636 0.027562 0.042993 0.578808 -3.686751 -10.453681 -0.560445 3.738384 -10.470220 -4.206392 -5.687873 16.690113 -22.823750 1.626062 6.565807 -0.534733 -7.779548 -0.083240 8.269571 7.666824 -34.698952 -5.882100 9.861279 0.702590 -10.936858 -0.360574 7.156198 0.000001 8.774814 -0.000000 -15.215730 17.087864 6.793913 -1.844031 2.498502 -2.507275 -10.163590 4.678940 4.621104 -20.975994 -0.000005 0.000002 -21.226254 2.451691 -3.593993 -0.000000 -0.000006 0.000001 -1.362681 2.240796 -0.746323 -21.334890 0.584908 3.008321 -13.821194 -0.000003 0.000003 -23.887129 -0.249079 -0.839480 -59.759624 2.500038 -1.261392 -0.294025 1.679686 0.833256 -14.218190 0.093215 1.300579 -34.212002 -0.287564 0.967169 -20.033180 0.964535 1.212842 -0.000000 -0.000001 0.000000 -3.440384 0.788233 0.501654 -15.928165 -3.167305 2.999704 -6.338819 -0.000001 0.000001 -18.123413 3.648175 -4.905661 -0.000005 0.000000 -0.000003 7.271078 11.297482 16.147015 28.904327 -3.694372 -31.081856 0.116569 20.481470 0.406836 -28.448168 -2.776539 0.592365 2.243539 -5.255032 -3.180155 14.282873 -0.826594 6.952498 -0.000003 -12.690590 0.000002 16.091869 -17.719849 2.376528 1.665664 -1.955919 -2.878298 4.727793 -4.170584 4.993920 11.020511 0.000003 -0.000001 12.109034 -3.735708 -2.866779 0.000000 0.000000 0.000000 1.291984 -1.928548 -1.498086 14.800113 0.567467 3.865605 14.242553 -1.341734 -6.660648 19.631937 0.143924 -0.648243 49.226864 -0.786978 -6.611775 0.353029 -1.511149 -0.031939 20.222765 3.684305 2.316628 18.787243 0.000004 0.000000 10.751609 -0.479868 1.397904 -0.000002 -0.000001 0.000000 3.273804 0.305947 -0.580110 21.486788 11.830360 2.266129 8.162916 0.000002 0.000000 18.399050 -3.798981 -4.940566 0.000002 0.000001 -0.000001 1.500864 -2.203570 1.954799 -0.150700 -0.174894 9.300865 -1.029977 5.930532 -6.384822 1.658454 -1.844472 -1.955875 -0.000000 0.000000 0.000002 2.468239 -3.619480 0.481907 0.133736 -0.347219 8.931010 -3.093416 -5.564268 -4.543554 -1.420319 1.076965 -2.346821 0.000000 0.000000 -0.000001 
-2.652590 99.925865 7.747386 -0.569264 2.686444 -5.272870 -0.638720 0.185975 -3.045732 -0.629362 0.188417 -6.765894 -0.925778 -1.438962 11.365904 0.266069 2.753984 9.682725 -0.331924 0.358020 -3.888443 1.392232 0.521272 -10.629167 0.000077 -0.000023 0.000006 0.013870 0.030690 0.020076 0.577791 -3.679862 -10.471485 -0.557225 3.743690 -10.488461 -3.104418 -6.065392 16.428295 -18.658962 3.331488 6.886199 -1.269097 -6.533334 -0.032384 4.232437 7.624525 -35.259926 -5.882101 9.861279 0.702590 -10.936861 -0.360575 7.156196 -0.000000 8.774813 -0.000001 -14.954492 16.968210 6.950796 -1.844031 2.498503 -2.507277 -10.163589 4.678940 4.621103 -20.975998 -0.000003 0.000003 -21.226250 2.451693 -3.593994 0.000000 -0.000006 -0.000001 -1.362679 2.240797 -0.746323 -21.334892 0.584909 3.008321 -13.821198 -0.000002 0.000002 -23.887131 -0.249077 -0.839481 -59.721428 2.536947 -1.289530 -0.294024 1.679686 0.833255 -14.218194 0.093214 1.300578 -34.212006 -0.287564 0.967170 -20.033178 0.964535 1.212841 0.000000 0.000000 0.000000 -3.440384 0.788232 0.501655 -15.928171 -3.167306 2.999705 -6.338818 -0.000001 0.000000 -18.123415 3.648177 -4.905661 -0.000005 -0.000000 -0.000002 6.648525 11.659068 16.097281 24.490047 -3.213827 -31.361624 0.239054 17.337263 0.345110 -24.879488 -4.491081 0.344364 2.243540 -5.255033 -3.180156 14.282878 -0.826593 6.952495 -0.000002 -12.690591 0.000001 16.131067 -17.673925 2.336363 1.665665 -1.955920 -2.878294 4.727794 -4.170583 4.993919 11.020512 0.000003 -0.000001 12.109034 -3.735711 -2.866779 0.000001 -0.000000 0.000001 1.291985 -1.928548 -1.498088 14.800114 0.567468 3.865603 14.242553 -1.341736 -6.660648 19.631939 0.143925 -0.648243 49.268936 -0.724655 -6.694763 0.353029 -1.511149 -0.031939 20.222771 3.684306 2.316627 18.787247 0.000005 -0.000001 10.751612 -0.479867 1.397904 -0.000002 -0.000000 -0.000000 3.273804 0.305946 -0.580109 21.486794 11.830363 2.266132 8.162917 0.000003 -0.000001 18.399055 -3.798979 -4.940568 0.000003 0.000000 -0.000001 1.683613 -1.548637 2.279673 -0.150542 -0.155346 9.864864 -0.979171 6.519753 -6.981278 1.664006 -1.843546 -1.954032 -0.000000 -0.000000 0.000002 2.673583 -2.964860 0.795030 0.134052 -0.349152 8.935598 -3.009816 -4.970335 -4.606134 -1.428336 1.099732 -2.323610 0.000000 0.000000 -0.000001 
-2.451138 99.904564 7.954070 -0.784072 1.334358 -5.426525 -0.578060 0.160106 -3.056336 -0.630460 0.109275 -6.765271 -0.750594 -1.376879 11.232577 0.243582 2.688683 10.240872 -0.167134 0.584689 -3.886327 1.604131 0.739572 -10.218677 0.000077 -0.000023 0.000006 0.012946 0.011470 0.013412 0.572859 -3.701290 -10.469239 -0.554384 3.725906 -10.503435 -1.759509 -6.463689 16.082090 -14.498729 5.367016 7.649011 -2.075988 -5.877555 0.000557 0.378523 7.015380 -35.733650 -5.882102 9.861279 0.702589 -10.936860 -0.360575 7.156198 0.000001 8.774813 -0.000001 -14.827534 16.988838 7.030256 -1.844031 2.498503 -2.507276 -10.163590 4.678940 4.621104 -20.975998 -0.000003 0.000004 -21.226255 2.451693 -3.593993 0.000001 -0.000006 -0.000000 -1.362680 2.240796 -0.746323 -21.334892 0.584909 3.008322 -13.821197 -0.000003 0.000003 -23.887131 -0.249077 -0.839481 -59.815701 2.593223 -1.335505 -0.294026 1.679687 0.833256 -14.218194 0.093215 1.300580 -34.212006 -0.287563 0.967170 -20.033180 0.964535 1.212842 -0.000000 0.000000 -0.000000 -3.440386 0.788233 0.501657 -15.928169 -3.167306 2.999704 -6.338817 -0.000001 0.000001 -18.123415 3.648177 -4.905662 -0.000005 0.000000 -0.000002 5.887096 12.078543 16.007898 19.791101 -3.048863 -31.292793 0.430307 15.274247 0.273734 -21.103071 -6.030413 0.612320 2.243540 -5.255033 -3.180156 14.282877 -0.826594 6.952496 -0.000004 -12.690590 0.000001 16.278227 -17.764038 2.329228 1.665665 -1.955920 -2.878297 4.727794 -4.170583 4.993918 11.020511 0.000003 -0.000001 12.109033 -3.735709 -2.866778 0.000001 -0.000000 0.000001 1.291984 -1.928548 -1.498088 14.800111 0.567468 3.865603 14.242554 -1.341734 -6.660648 19.631941 0.143926 -0.648243 49.450096 -0.713043 -6.708674 0.353029 -1.511150 -0.031940 20.222769 3.684306 2.316628 18.787245 0.000003 0.000000 10.751610 -0.479867 1.397904 -0.000002 0.000001 0.000001 3.273804 0.305947 -0.580110 21.486790 11.830363 2.266130 8.162917 0.000003 -0.000000 18.399052 -3.798980 -4.940567 0.000002 0.000000 -0.000001 1.834718 -0.897629 2.722530 -0.144990 -0.136137 9.995719 -0.902007 7.117655 -7.363496 1.667638 -1.850857 -1.991738 -0.000000 0.000000 0.000002 2.864120 -2.188622 1.161152 0.138356 -0.342293 8.623748 -3.014405 -4.557917 -4.478050 -1.437511 1.099571 -2.335465 0.000000 0.000000 -0.000001 
-2.289042 99.909081 8.178409 -0.950785 0.104512 -5.434422 -0.485543 0.121355 -3.058527 -0.632209 0.058480 -6.736283 -0.575742 -1.308788 10.995069 0.271109 2.626363 10.544433 -0.058104 0.745212 -3.874423 1.744084 0.936087 -9.821726 0.000077 -0.000023 0.000006 0.009226 -0.025127 0.003230 0.568043 -3.739192 -10.484221 -0.557260 3.691758 -10.509645 -0.413467 -6.807661 15.695572 -10.575942 7.491561 8.739721 -2.699665 -5.808713 0.032613 -2.925152 5.975932 -36.175415 -5.882102 9.861279 0.702589 -10.936858 -0.360574 7.156197 0.000001 8.774814 -0.000001 -14.860918 17.096098 7.019484 -1.844031 2.498502 -2.507276 -10.163589 4.678941 4.621104 -20.975998 -0.000004 0.000003 -21.226255 2.451693 -3.593993 0.000000 -0.000006 -0.000001 -1.362682 2.240797 -0.746323 -21.334890 0.584908 3.008319 -13.821197 -0.000003 0.000002 -23.887133 -0.249079 -0.839481 -59.948555 2.678611 -1.363541 -0.294024 1.679686 0.833254 -14.218190 0.093214 1.300579 -34.212006 -0.287563 0.967171 -20.033178 0.964535 1.212842 0.000000 0.000000 0.000000 -3.440385 0.788233 0.501655 -15.928171 -3.167306 2.999704 -6.338818 -0.000001 0.000001 -18.123411 3.648175 -4.905661 -0.000005 -0.000000 -0.000002 5.031344 12.457104 15.790572 15.176464 -3.353855 -31.060980 0.605499 14.280906 0.185051 -17.412493 -7.243673 1.301007 2.243539 -5.255032 -3.180155 14.282875 -0.826593 6.952495 -0.000004 -12.690591 0.000001 16.459026 -17.913437 2.340409 1.665664 -1.955920 -2.878297 4.727793 -4.170583 4.993918 11.020509 0.000004 -0.000001 12.109029 -3.735710 -2.866778 -0.000000 -0.000000 0.000001 1.291984 -1.928548 -1.498087 14.800114 0.567469 3.865603 14.242553 -1.341735 -6.660648 19.631937 0.143926 -0.648244 49.743328 -0.719303 -6.707473 0.353028 -1.511149 -0.031942 20.222765 3.684307 2.316627 18.787243 0.000005 -0.000000 10.751612 -0.479868 1.397904 -0.000001 0.000000 0.000000 3.273804 0.305946 -0.580109 21.486792 11.830364 2.266132 8.162917 0.000004 -0.000001 18.399054 -3.798977 -4.940567 0.000002 0.000000 -0.000001 1.948239 -0.341709 3.176645 -0.133921 -0.098066 9.779217 -0.831466 7.621769 -7.566266 1.670515 -1.863761 -1.972424 0.000000 -0.000000 0.000002 3.026668 -1.466877 1.471557 0.141251 -0.288858 8.148038 -3.044694 -4.300630 -4.274382 -1.444636 1.061194 -2.325413 0.000000 0.000000 -0.000001 
-2.124831 99.913193 8.382545 -1.065751 -0.956712 -5.323895 -0.376107 0.105477 -3.038089 -0.619967 -0.007967 -6.729062 -0.423034 -1.256967 10.758978 0.297626 2.594582 10.614597 0.026930 0.854443 -3.859606 1.855720 1.054780 -9.513680 0.000077 -0.000023 0.000006 0.006486 -0.059164 -0.012376 0.563082 -3.775392 -10.506358 -0.557677 3.659920 -10.524875 0.811545 -7.047397 15.314564 -7.092471 9.523432 10.079900 -2.949835 -6.119780 0.038275 -5.604981 4.942117 -36.510704 -5.882101 9.861278 0.702590 -10.936860 -0.360575 7.156197 0.000002 8.774813 -0.000001 -15.050415 17.250753 6.943758 -1.844031 2.498503 -2.507276 -10.163589 4.678939 4.621104 -20.975992 -0.000003 0.000004 -21.226254 2.451693 -3.593992 -0.000000 -0.000006 0.000000 -1.362681 2.240797 -0.746322 -21.334887 0.584908 3.008321 -13.821197 -0.000003 0.000003 -23.887131 -0.249078 -0.839481 -60.112007 2.751031 -1.399856 -0.294024 1.679686 0.833256 -14.218195 0.093215 1.300579 -34.211998 -0.287564 0.967170 -20.033178 0.964535 1.212842 0.000000 0.000001 0.000000 -3.440384 0.788232 0.501655 -15.928169 -3.167307 2.999703 -6.338820 -0.000001 0.000000 -18.123415 3.648176 -4.905662 -0.000005 0.000000 -0.000002 4.145653 12.750613 15.509079 10.901582 -4.018335 -30.820206 0.724170 14.164410 0.107673 -14.161731 -8.226188 2.153571 2.243540 -5.255032 -3.180154 14.282877 -0.826594 6.952497 -0.000004 -12.690588 0.000001 16.677519 -18.049665 2.310705 1.665665 -1.955920 -2.878297 4.727795 -4.170583 4.993918 11.020512 0.000003 -0.000001 12.109035 -3.735709 -2.866780 -0.000000 -0.000000 0.000001 1.291984 -1.928547 -1.498087 14.800114 0.567468 3.865603 14.242553 -1.341735 -6.660648 19.631941 0.143925 -0.648243 50.061855 -0.754013 -6.731232 0.353029 -1.511150 -0.031940 20.222769 3.684307 2.316627 18.787245 0.000005 -0.000000 10.751610 -0.479869 1.397903 -0.000001 0.000000 0.000000 3.273804 0.305947 -0.580110 21.486792 11.830362 2.266131 8.162916 0.000003 0.000001 18.399055 -3.798977 -4.940567 0.000003 0.000002 -0.000001 1.987018 0.138430 3.447817 -0.118526 -0.088196 9.594622 -0.793840 8.039480 -7.743299 1.672195 -1.871303 -1.932990 0.000000 -0.000000 0.000002 3.126477 -0.798445 1.531508 0.144379 -0.230910 7.919372 -3.014581 -4.120749 -4.177958 -1.452411 1.014178 -2.354875 0.000000 0.000000 -0.000001 
-1.938709 99.947289 8.603973 -1.145089 -1.746733 -5.124703 -0.269836 0.073960 -3.042624 -0.612247 -0.030685 -6.724630 -0.278287 -1.237683 10.532056 0.342483 2.535622 10.524512 0.049740 0.882195 -3.843502 1.952749 1.036738 -9.283839 0.000077 -0.000023 0.000006 0.003531 -0.077810 -0.015984 0.562053 -3.799125 -10.524938 -0.562730 3.649966 -10.533256 1.876004 -7.171685 14.959088 -4.130317 11.235363 11.176440 -2.900073 -6.518466 0.050055 -7.648941 4.265346 -36.710606 -5.882102 9.861279 0.702589 -10.936860 -0.360574 7.156198 0.000000 8.774813 0.000000 -15.216465 17.391027 6.910126 -1.844031 2.498503 -2.507276 -10.163590 4.678940 4.621105 -20.975994 -0.000003 0.000002 -21.226255 2.451693 -3.593995 0.000000 -0.000006 0.000001 -1.362680 2.240796 -0.746323 -21.334892 0.584909 3.008320 -13.821197 -0.000003 0.000002 -23.887131 -0.249077 -0.839482 -60.278221 2.846466 -1.400734 -0.294024 1.679686 0.833255 -14.218192 0.093214 1.300579 -34.212013 -0.287563 0.967169 -20.033180 0.964535 1.212842 -0.000000 0.000000 0.000000 -3.440385 0.788233 0.501655 -15.928167 -3.167306 2.999703 -6.338817 -0.000001 0.000001 -18.123415 3.648177 -4.905661 -0.000005 0.000000 -0.000002 3.271266 12.902209 15.171214 7.287944 -4.926928 -30.802492 0.689124 14.568101 0.038942 -11.526275 -9.061662 3.045888 2.243540 -5.255033 -3.180156 14.282877 -0.826593 6.952496 -0.000003 -12.690590 0.000001 16.829933 -18.161283 2.348978 1.665665 -1.955920 -2.878297 4.727793 -4.170583 4.993919 11.020511 0.000003 0.000000 12.109032 -3.735709 -2.866779 0.000001 -0.000000 -0.000001 1.291984 -1.928548 -1.498089 14.800114 0.567468 3.865604 14.242553 -1.341733 -6.660650 19.631939 0.143926 -0.648243 50.386055 -0.814604 -6.711521 0.353028 -1.511149 -0.031940 20.222769 3.684306 2.316627 18.787247 0.000004 0.000001 10.751612 -0.479869 1.397904 -0.000003 0.000000 0.000000 3.273804 0.305947 -0.580109 21.486792 11.830361 2.266130 8.162916 0.000001 0.000001 18.399055 -3.798979 -4.940567 0.000002 -0.000002 -0.000000 1.967275 0.542749 3.790392 -0.104181 -0.083076 9.012863 -0.787056 8.295808 -7.722305 1.673787 -1.882367 -1.876663 -0.000000 0.000000 0.000002 3.135255 -0.345110 1.664552 0.139339 -0.181328 7.397039 -2.882109 -3.910352 -3.977047 -1.455233 0.976142 -2.373141 0.000000 0.000000 -0.000001 
-1.725498 99.966904 8.790358 -1.186372 -2.303659 -4.925893 -0.187889 0.051743 -3.044293 -0.595982 -0.042504 -6.711469 -0.152913 -1.265880 10.342430 0.391166 2.499098 10.389328 0.039277 0.887326 -3.825517 2.030409 0.950082 -9.122722 0.000077 -0.000023 0.000006 0.002443 -0.081867 -0.017857 0.567938 -3.809734 -10.558284 -0.570626 3.652473 -10.559467 2.749954 -7.233982 14.688557 -1.809848 12.678012 11.800840 -2.620101 -6.957204 0.034270 -9.063247 4.030137 -36.790031 -5.882100 9.861279 0.702589 -10.936861 -0.360574 7.156196 -0.000000 8.774816 -0.000001 -15.327954 17.513266 6.920404 -1.844031 2.498502 -2.507275 -10.163589 4.678939 4.621105 -20.975994 -0.000004 0.000002 -21.226255 2.451693 -3.593993 0.000000 -0.000006 -0.000000 -1.362679 2.240797 -0.746322 -21.334892 0.584909 3.008320 -13.821198 -0.000002 0.000002 -23.887133 -0.249078 -0.839481 -60.351669 2.920735 -1.407676 -0.294024 1.679686 0.833255 -14.218194 0.093214 1.300579 -34.211998 -0.287564 0.967169 -20.033176 0.964535 1.212841 -0.000000 0.000000 0.000000 -3.440385 0.788233 0.501655 -15.928165 -3.167306 2.999704 -6.338817 -0.000001 0.000000 -18.123413 3.648176 -4.905661 -0.000005 0.000000 -0.000003 2.456904 12.965865 14.803854 4.559456 -5.839918 -30.955740 0.478437 15.170122 -0.006695 -9.618946 -9.849613 3.849633 2.243540 -5.255032 -3.180154 14.282877 -0.826594 6.952495 -0.000003 -12.690590 0.000001 16.971638 -18.218496 2.409166 1.665665 -1.955920 -2.878298 4.727794 -4.170583 4.993918 11.020512 0.000002 -0.000002 12.109034 -3.735710 -2.866780 0.000001 -0.000000 -0.000000 1.291985 -1.928548 -1.498090 14.800113 0.567467 3.865603 14.242553 -1.341734 -6.660650 19.631941 0.143927 -0.648245 50.763248 -0.860721 -6.637632 0.353029 -1.511150 -0.031939 20.222773 3.684305 2.316628 18.787245 0.000004 0.000000 10.751610 -0.479868 1.397903 -0.000001 0.000000 0.000000 3.273805 0.305947 -0.580111 21.486790 11.830361 2.266129 8.162917 0.000001 0.000000 18.399054 -3.798979 -4.940567 0.000003 0.000001 -0.000002 1.881217 0.846567 3.977367 -0.097438 -0.090411 8.619580 -0.790883 8.415936 -7.741397 1.678479 -1.880052 -1.840037 0.000000 0.000000 0.000002 3.077730 -0.034422 1.631869 0.126969 -0.142335 7.195268 -2.688719 -3.760324 -3.932013 -1.456782 0.949997 -2.387607 0.000000 0.000000 -0.000001 
-1.488356 99.995239 8.936100 -1.198465 -2.680001 -4.735102 -0.129450 0.023666 -3.047604 -0.584308 -0.019945 -6.706455 -0.054012 -1.312724 10.209177 0.450458 2.454945 10.220945 0.006059 0.839446 -3.810358 2.086362 0.872711 -8.988029 0.000077 -0.000022 0.000006 0.002261 -0.079075 -0.016208 0.574408 -3.810786 -10.583902 -0.577374 3.657497 -10.578213 3.450341 -7.240476 14.482491 -0.106814 13.822250 11.865528 -2.173393 -7.339437 0.003266 -9.936773 4.168475 -36.955059 -5.882102 9.861278 0.702590 -10.936860 -0.360575 7.156198 0.000000 8.774815 -0.000001 -15.409582 17.620413 6.954918 -1.844031 2.498503 -2.507274 -10.163589 4.678939 4.621104 -20.975998 -0.000003 0.000003 -21.226255 2.451693 -3.593992 0.000000 -0.000006 -0.000000 -1.362681 2.240796 -0.746322 -21.334892 0.584908 3.008320 -13.821197 -0.000002 0.000002 -23.887133 -0.249078 -0.839480 -60.411495 2.964437 -1.381375 -0.294024 1.679686 0.833255 -14.218194 0.093214 1.300579 -34.212013 -0.287564 0.967170 -20.033180 0.964534 1.212843 -0.000000 0.000001 -0.000000 -3.440386 0.788233 0.501654 -15.928167 -3.167306 2.999703 -6.338817 -0.000001 0.000001 -18.123415 3.648177 -4.905661 -0.000006 0.000001 -0.000002 1.782336 12.987222 14.511065 2.754249 -6.629968 -31.277927 0.207380 15.742301 -0.071492 -8.368739 -10.534492 4.526687 2.243540 -5.255033 -3.180156 14.282877 -0.826593 6.952495 -0.000002 -12.690591 -0.000000 17.061348 -18.216686 2.471638 1.665664 -1.955920 -2.878296 4.727794 -4.170583 4.993918 11.020513 0.000003 -0.000002 12.109033 -3.735710 -2.866780 0.000001 -0.000000 -0.000000 1.291984 -1.928548 -1.498088 14.800111 0.567468 3.865602 14.242553 -1.341734 -6.660648 19.631939 0.143926 -0.648243 51.026134 -0.885185 -6.574371 0.353028 -1.511149 -0.031940 20.222767 3.684307 2.316628 18.787245 0.000005 0.000001 10.751611 -0.479868 1.397904 -0.000002 0.000000 0.000000 3.273804 0.305947 -0.580111 21.486792 11.830363 2.266130 8.162916 0.000002 -0.000001 18.399054 -3.798980 -4.940567 0.000003 0.000001 -0.000001 1.745905 1.071063 4.185811 -0.091397 -0.088502 8.091537 -0.777307 8.491060 -7.720221 1.680608 -1.880193 -1.812007 -0.000000 0.000000 0.000002 2.955431 0.131773 1.615118 0.114161 -0.117132 6.948700 -2.518183 -3.639021 -3.856162 -1.459727 0.938552 -2.390841 0.000000 0.000000 -0.000001 
-1.264893 100.005516 9.092638 -1.188644 -2.882743 -4.594424 -0.104125 0.001124 -3.031228 -0.579694 0.019218 -6.689162 0.020627 -1.393332 10.109984 0.505424 2.398962 10.062714 -0.001975 0.775389 -3.800157 2.096549 0.817341 -8.884199 0.000077 -0.000022 0.000006 0.002913 -0.068961 -0.012727 0.581543 -3.802554 -10.601936 -0.581666 3.670135 -10.580729 4.012043 -7.217902 14.329951 1.156390 14.717580 11.579441 -1.722432 -7.722308 -0.037400 -10.367698 4.521227 -37.150211 -5.882101 9.861278 0.702591 -10.936861 -0.360573 7.156197 0.000002 8.774813 0.000000 -15.520950 17.688869 6.956545 -1.844031 2.498502 -2.507275 -10.163590 4.678940 4.621104 -20.975994 -0.000004 0.000002 -21.226255 2.451692 -3.593994 -0.000000 -0.000006 0.000000 -1.362680 2.240796 -0.746321 -21.334887 0.584909 3.008320 -13.821197 -0.000002 0.000001 -23.887131 -0.249078 -0.839482 -60.404839 2.998267 -1.390930 -0.294025 1.679685 0.833257 -14.218194 0.093215 1.300578 -34.211998 -0.287563 0.967168 -20.033178 0.964535 1.212840 0.000000 0.000001 0.000000 -3.440385 0.788233 0.501655 -15.928169 -3.167305 2.999703 -6.338817 -0.000001 0.000001 -18.123411 3.648176 -4.905662 -0.000006 0.000000 -0.000001 1.270206 12.975818 14.290009 1.715698 -7.224073 -31.704504 -0.050325 16.163931 -0.086640 -7.512330 -11.100350 4.976456 2.243539 -5.255032 -3.180155 14.282875 -0.826593 6.952497 -0.000003 -12.690588 0.000001 17.120153 -18.195154 2.487877 1.665665 -1.955920 -2.878298 4.727795 -4.170583 4.993919 11.020513 0.000003 0.000000 12.109035 -3.735710 -2.866779 0.000000 0.000000 -0.000001 1.291985 -1.928548 -1.498087 14.800113 0.567467 3.865603 14.242554 -1.341734 -6.660649 19.631937 0.143925 -0.648243 51.181080 -0.918840 -6.499664 0.353028 -1.511149 -0.031941 20.222769 3.684306 2.316630 18.787247 0.000005 0.000001 10.751613 -0.479866 1.397905 -0.000002 0.000000 0.000000 3.273804 0.305947 -0.580111 21.486792 11.830363 2.266133 8.162917 0.000001 0.000000 18.399052 -3.798980 -4.940566 0.000003 0.000001 -0.000001 1.600172 1.240849 4.341185 -0.091965 -0.090573 7.738314 -0.762613 8.503349 -7.633388 1.685335 -1.879392 -1.794975 -0.000000 0.000000 0.000002 2.812618 0.192571 1.550354 0.101180 -0.104243 6.937782 -2.381500 -3.563996 -3.921498 -1.463791 0.939219 -2.367560 0.000000 0.000000 -0.000001 
-1.081026 100.006317 9.239546 -1.166051 -2.998160 -4.494079 -0.101403 0.005948 -2.984851 -0.594256 0.020783 -6.679777 0.083392 -1.431624 10.037230 0.559206 2.321195 9.904886 -0.017105 0.751896 -3.801112 2.082744 0.785733 -8.784226 0.000077 -0.000022 0.000006 0.004730 -0.046468 -0.010817 0.589949 -3.777973 -10.612339 -0.586593 3.692075 -10.588905 4.443813 -7.198046 14.205590 1.997646 15.430421 11.082817 -1.280694 -8.105015 -0.078389 -10.445148 4.955385 -37.413750 -5.882100 9.861279 0.702590 -10.936859 -0.360575 7.156197 0.000001 8.774815 -0.000001 -15.586564 17.725969 6.947534 -1.844030 2.498502 -2.507276 -10.163589 4.678940 4.621104 -20.975994 -0.000004 0.000003 -21.226250 2.451693 -3.593992 -0.000001 -0.000007 0.000002 -1.362680 2.240796 -0.746323 -21.334887 0.584907 3.008322 -13.821197 -0.000003 0.000003 -23.887133 -0.249077 -0.839479 -60.401592 3.028865 -1.398357 -0.294024 1.679686 0.833255 -14.218195 0.093214 1.300580 -34.212006 -0.287564 0.967172 -20.033180 0.964535 1.212842 -0.000000 0.000000 -0.000000 -3.440386 0.788232 0.501656 -15.928167 -3.167307 2.999704 -6.338815 -0.000001 0.000002 -18.123413 3.648175 -4.905661 -0.000004 0.000001 -0.000002 0.992290 12.971321 14.119411 1.292357 -7.605076 -32.162930 -0.231572 16.407839 -0.093926 -6.932720 -11.498828 5.198731 2.243540 -5.255032 -3.180155 14.282878 -0.826594 6.952497 -0.000003 -12.690588 0.000000 17.173960 -18.183537 2.504513 1.665665 -1.955920 -2.878297 4.727793 -4.170583 4.993918 11.020511 0.000003 -0.000001 12.109032 -3.735708 -2.866780 0.000001 -0.000000 -0.000001 1.291984 -1.928547 -1.498089 14.800111 0.567468 3.865605 14.242551 -1.341734 -6.660649 19.631939 0.143927 -0.648244 51.251297 -0.969124 -6.454311 0.353028 -1.511149 -0.031939 20.222769 3.684306 2.316629 18.787245 0.000005 -0.000000 10.751612 -0.479867 1.397904 -0.000001 -0.000001 -0.000000 3.273804 0.305947 -0.580110 21.486790 11.830361 2.266132 8.162917 0.000001 0.000000 18.399052 -3.798978 -4.940567 0.000003 0.000000 -0.000001 1.471474 1.397401 4.472754 -0.092432 -0.087094 7.481878 -0.755658 8.474828 -7.637824 1.685327 -1.879645 -1.747714 -0.000000 0.000000 0.000002 2.664155 0.163967 1.472090 0.096625 -0.101830 7.045143 -2.287663 -3.497244 -4.051177 -1.469687 0.943074 -2.322003 0.000000 0.000000 -0.000001 
-0.942208 100.012161 9.356082 -1.141583 -3.038451 -4.415572 -0.116392 0.003374 -2.959123 -0.597001 0.075201 -6.648325 0.141011 -1.470928 9.983767 0.575387 2.251585 9.754929 -0.006823 0.714925 -3.801683 2.023350 0.775940 -8.708254 0.000077 -0.000023 0.000006 0.005463 -0.026799 -0.007157 0.601456 -3.757823 -10.611348 -0.596135 3.710311 -10.577311 4.743162 -7.195004 14.085924 2.393561 15.903024 10.461988 -0.890536 -8.450247 -0.140130 -10.201417 5.393836 -37.542076 -5.882100 9.861278 0.702590 -10.936857 -0.360576 7.156196 0.000000 8.774813 0.000000 -15.651834 17.721764 6.929495 -1.844030 2.498502 -2.507276 -10.163589 4.678939 4.621105 -20.975992 -0.000005 0.000002 -21.226254 2.451692 -3.593993 -0.000001 -0.000006 0.000001 -1.362680 2.240797 -0.746322 -21.334887 0.584907 3.008321 -13.821193 -0.000003 0.000002 -23.887131 -0.249079 -0.839481 -60.389462 3.033019 -1.409828 -0.294025 1.679686 0.833255 -14.218190 0.093214 1.300580 -34.211998 -0.287565 0.967170 -20.033175 0.964534 1.212843 -0.000000 0.000000 -0.000000 -3.440385 0.788232 0.501654 -15.928164 -3.167307 2.999704 -6.338816 -0.000001 0.000002 -18.123413 3.648176 -4.905662 -0.000004 0.000000 -0.000000 0.910913 12.930116 14.009319 1.386591 -7.708905 -32.609718 -0.408715 16.512180 -0.108432 -6.514376 -11.823298 5.338920 2.243539 -5.255033 -3.180155 14.282873 -0.826592 6.952495 -0.000004 -12.690590 0.000001 17.219366 -18.144638 2.491317 1.665665 -1.955920 -2.878297 4.727792 -4.170583 4.993918 11.020511 0.000003 -0.000001 12.109032 -3.735709 -2.866780 0.000000 -0.000000 -0.000001 1.291984 -1.928548 -1.498088 14.800107 0.567469 3.865603 14.242553 -1.341733 -6.660651 19.631939 0.143926 -0.648243 51.269711 -0.994401 -6.412659 0.353029 -1.511149 -0.031939 20.222769 3.684308 2.316627 18.787245 0.000006 0.000000 10.751610 -0.479866 1.397905 -0.000001 0.000001 -0.000000 3.273804 0.305947 -0.580110 21.486790 11.830364 2.266131 8.162916 0.000001 0.000001 18.399050 -3.798980 -4.940566 0.000002 0.000001 -0.000001 1.373085 1.558037 4.629772 -0.084591 -0.095545 7.169271 -0.731600 8.367200 -7.584376 1.685081 -1.871243 -1.688671 0.000000 0.000000 0.000002 2.527932 0.038506 1.452877 0.098871 -0.082491 7.053412 -2.219481 -3.391222 -4.124482 -1.472482 0.936275 -2.260281 0.000000 0.000000 -0.000001 
-0.832427 99.989822 9.515407 -1.108624 -3.066733 -4.340388 -0.136764 0.031824 -2.918566 -0.606363 0.117590 -6.626954 0.194946 -1.489288 9.942694 0.608154 2.213168 9.575275 -0.028651 0.671289 -3.806206 1.928597 0.803314 -8.659233 0.000077 -0.000022 0.000006 0.007870 -0.008261 -0.008694 0.608708 -3.738691 -10.612264 -0.597579 3.727148 -10.584902 4.863557 -7.174516 13.995874 2.395479 16.227558 9.829085 -0.619058 -8.876189 -0.167353 -9.823141 5.747593 -37.541443 -5.882100 9.861278 0.702590 -10.936858 -0.360576 7.156197 0.000002 8.774813 -0.000001 -15.663409 17.683537 6.902354 -1.844031 2.498502 -2.507276 -10.163589 4.678938 4.621103 -20.975996 -0.000005 0.000003 -21.226255 2.451692 -3.593992 -0.000001 -0.000006 0.000002 -1.362680 2.240796 -0.746322 -21.334892 0.584908 3.008320 -13.821197 -0.000003 0.000002 -23.887131 -0.249078 -0.839481 -60.281307 3.018040 -1.412000 -0.294024 1.679686 0.833256 -14.218194 0.093214 1.300580 -34.212002 -0.287565 0.967171 -20.033178 0.964535 1.212842 -0.000001 0.000000 0.000000 -3.440385 0.788232 0.501656 -15.928169 -3.167306 2.999704 -6.338815 -0.000001 0.000002 -18.123413 3.648175 -4.905661 -0.000005 0.000000 -0.000000 1.034754 12.913075 13.934071 1.907069 -7.563652 -32.897247 -0.564454 16.489935 -0.101087 -6.174548 -12.104599 5.304187 2.243540 -5.255033 -3.180156 14.282875 -0.826593 6.952497 -0.000004 -12.690591 0.000001 17.247591 -18.124441 2.470336 1.665665 -1.955920 -2.878297 4.727794 -4.170583 4.993919 11.020512 0.000003 -0.000001 12.109033 -3.735709 -2.866779 0.000001 -0.000000 -0.000002 1.291985 -1.928548 -1.498090 14.800113 0.567468 3.865604 14.242554 -1.341734 -6.660648 19.631941 0.143926 -0.648242 51.244762 -0.997593 -6.409373 0.353028 -1.511149 -0.031939 20.222773 3.684306 2.316628 18.787245 0.000005 0.000002 10.751613 -0.479867 1.397903 -0.000001 0.000001 -0.000000 3.273804 0.305947 -0.580109 21.486792 11.830361 2.266132 8.162916 0.000002 0.000000 18.399054 -3.798979 -4.940566 0.000003 0.000000 -0.000001 1.279114 1.710429 4.620395 -0.075706 -0.096944 7.231158 -0.722452 8.215697 -7.720760 1.684176 -1.885977 -1.629772 0.000000 0.000000 0.000002 2.394143 -0.131062 1.263092 0.097702 -0.069598 7.471887 -2.151287 -3.263162 -4.423017 -1.476228 0.927261 -2.157283 0.000000 0.000000 -0.000001 
-0.795469 99.993996 9.612052 -1.092382 -3.120575 -4.266814 -0.147636 0.076331 -2.870749 -0.610269 0.163730 -6.612546 0.265422 -1.479870 9.938365 0.616465 2.192277 9.374215 -0.055932 0.653780 -3.805957 1.805115 0.830966 -8.655726 0.000077 -0.000023 0.000006 0.008308 0.001360 -0.013778 0.616362 -3.726726 -10.625258 -0.603863 3.733127 -10.588548 4.820777 -7.149521 13.978595 1.935194 16.431086 9.359655 -0.374912 -9.363814 -0.184209 -9.311111 5.955005 -37.654861 -5.882101 9.861279 0.702587 -10.936857 -0.360576 7.156198 0.000001 8.774814 -0.000001 -15.706014 17.618301 6.877577 -1.844031 2.498503 -2.507277 -10.163589 4.678939 4.621103 -20.975992 -0.000005 0.000002 -21.226246 2.451691 -3.593992 -0.000000 -0.000006 0.000001 -1.362680 2.240797 -0.746322 -21.334885 0.584908 3.008319 -13.821195 -0.000003 0.000002 -23.887123 -0.249080 -0.839482 -60.198360 2.999653 -1.384454 -0.294024 1.679686 0.833255 -14.218192 0.093214 1.300576 -34.211998 -0.287566 0.967168 -20.033176 0.964534 1.212842 0.000000 -0.000000 0.000000 -3.440385 0.788233 0.501653 -15.928164 -3.167306 2.999706 -6.338817 -0.000001 0.000002 -18.123413 3.648175 -4.905663 -0.000006 -0.000000 -0.000002 1.296450 12.913876 13.900269 2.792004 -7.157808 -33.047729 -0.745028 16.305265 -0.146680 -5.807069 -12.326095 5.142768 2.243539 -5.255033 -3.180154 14.282875 -0.826592 6.952495 -0.000003 -12.690591 0.000001 17.248123 -18.118759 2.454547 1.665665 -1.955920 -2.878295 4.727793 -4.170583 4.993918 11.020510 0.000003 -0.000001 12.109030 -3.735709 -2.866780 0.000000 -0.000000 -0.000001 1.291984 -1.928547 -1.498087 14.800113 0.567469 3.865605 14.242553 -1.341735 -6.660648 19.631939 0.143927 -0.648241 51.173920 -0.966356 -6.407030 0.353029 -1.511150 -0.031941 20.222767 3.684308 2.316628 18.787243 0.000006 0.000003 10.751610 -0.479869 1.397905 -0.000001 0.000001 0.000000 3.273804 0.305947 -0.580110 21.486790 11.830364 2.266132 8.162916 0.000002 0.000001 18.399050 -3.798980 -4.940566 0.000003 0.000001 -0.000002 1.247440 1.830421 4.743854 -0.069028 -0.080467 6.978735 -0.698788 8.113976 -7.674763 1.681845 -1.889912 -1.583316 0.000000 -0.000000 0.000002 2.312599 -0.347961 1.249510 0.102260 -0.055609 7.458559 -2.160372 -3.034761 -4.475934 -1.478993 0.917393 -2.063812 -0.000000 -0.000000 -0.000001 
-0.690851 99.993134 9.692467 -1.062141 -3.181728 -4.237844 -0.153725 0.124031 -2.782038 -0.614821 0.217218 -6.584482 0.322512 -1.475148 9.948073 0.617581 2.226391 9.166649 -0.072024 0.644797 -3.799350 1.620101 0.909251 -8.764124 0.000077 -0.000022 0.000006 0.007967 0.003785 -0.010337 0.618523 -3.720442 -10.614089 -0.605917 3.732601 -10.579111 4.638682 -7.079548 13.996708 0.895526 16.489944 9.035239 -0.130748 -9.856740 -0.198244 -8.768492 6.052232 -37.788204 -5.882101 9.861278 0.702592 -10.936858 -0.360574 7.156197 0.000000 8.774811 -0.000001 -15.756283 17.546751 6.825490 -1.844031 2.498502 -2.507275 -10.163591 4.678940 4.621103 -20.975998 -0.000005 0.000003 -21.226255 2.451692 -3.593993 -0.000002 -0.000006 0.000001 -1.362680 2.240796 -0.746322 -21.334887 0.584908 3.008320 -13.821195 -0.000003 0.000002 -23.887129 -0.249077 -0.839480 -60.107765 2.969300 -1.355649 -0.294024 1.679686 0.833255 -14.218190 0.093214 1.300578 -34.211998 -0.287565 0.967170 -20.033178 0.964534 1.212843 0.000000 0.000000 0.000001 -3.440385 0.788233 0.501654 -15.928165 -3.167306 2.999702 -6.338817 -0.000001 0.000002 -18.123415 3.648176 -4.905660 -0.000006 -0.000000 -0.000003 1.697489 12.962489 13.936005 4.017258 -6.463522 -32.918736 -0.961160 15.869471 -0.175986 -5.306227 -12.495458 4.728063 2.243539 -5.255032 -3.180156 14.282877 -0.826593 6.952496 -0.000004 -12.690590 0.000001 17.286219 -18.098028 2.416358 1.665664 -1.955920 -2.878297 4.727793 -4.170582 4.993918 11.020511 0.000004 -0.000001 12.109031 -3.735708 -2.866779 0.000000 -0.000000 0.000001 1.291984 -1.928548 -1.498087 14.800113 0.567468 3.865603 14.242554 -1.341734 -6.660649 19.631939 0.143928 -0.648244 51.150810 -0.905498 -6.439576 0.353028 -1.511149 -0.031941 20.222771 3.684308 2.316628 18.787245 0.000005 0.000001 10.751611 -0.479867 1.397904 -0.000002 0.000000 0.000000 3.273804 0.305947 -0.580110 21.486794 11.830362 2.266132 8.162918 0.000001 0.000001 18.399054 -3.798976 -4.940566 0.000002 0.000000 -0.000002 1.153291 1.919991 4.892860 -0.061318 -0.082602 6.742559 -0.600691 8.074394 -7.623819 1.682903 -1.910341 -1.554549 -0.000000 -0.000000 0.000002 2.176587 -0.516922 1.212347 0.118168 -0.038039 7.559678 -2.112170 -2.804797 -4.571326 -1.481051 0.916321 -1.986306 -0.000000 0.000000 -0.000001 
-0.561902 99.984329 9.760426 -1.034235 -3.268034 -4.213336 -0.141211 0.123710 -2.683166 -0.613290 0.313008 -6.542030 0.362598 -1.458769 9.976519 0.609745 2.287997 8.937344 -0.091252 0.641078 -3.795941 1.405869 1.018246 -8.902238 0.000077 -0.000022 0.000006 0.007690 0.003174 -0.017296 0.624967 -3.718273 -10.622960 -0.613247 3.726779 -10.592598 4.309559 -6.957866 14.034310 -0.710124 16.358547 8.797641 0.025048 -10.296362 -0.177694 -8.154043 6.031835 -37.761448 -5.882101 9.861279 0.702590 -10.936859 -0.360575 7.156198 0.000002 8.774813 -0.000002 -15.874132 17.476656 6.738283 -1.844031 2.498502 -2.507276 -10.163589 4.678939 4.621105 -20.975994 -0.000005 0.000004 -21.226255 2.451693 -3.593992 -0.000002 -0.000006 0.000002 -1.362680 2.240796 -0.746322 -21.334892 0.584907 3.008321 -13.821195 -0.000003 0.000003 -23.887125 -0.249078 -0.839480 -60.029930 2.936903 -1.332595 -0.294024 1.679686 0.833256 -14.218192 0.093213 1.300580 -34.211998 -0.287564 0.967173 -20.033178 0.964536 1.212843 -0.000001 -0.000000 -0.000000 -3.440385 0.788232 0.501655 -15.928167 -3.167308 2.999703 -6.338817 -0.000001 0.000002 -18.123415 3.648175 -4.905660 -0.000003 0.000001 -0.000002 2.213993 13.043803 14.024461 5.504109 -5.495079 -32.487675 -1.163474 15.242312 -0.193181 -4.503034 -12.658374 4.209248 2.243540 -5.255033 -3.180155 14.282877 -0.826592 6.952495 -0.000003 -12.690591 0.000000 17.324974 -18.076284 2.375615 1.665665 -1.955920 -2.878296 4.727794 -4.170583 4.993919 11.020513 0.000004 -0.000001 12.109035 -3.735709 -2.866778 0.000001 -0.000000 -0.000000 1.291984 -1.928548 -1.498088 14.800113 0.567469 3.865603 14.242553 -1.341734 -6.660648 19.631941 0.143927 -0.648243 51.097469 -0.827256 -6.480013 0.353029 -1.511149 -0.031940 20.222771 3.684307 2.316627 18.787247 0.000006 0.000001 10.751611 -0.479866 1.397904 -0.000002 0.000000 0.000000 3.273804 0.305947 -0.580111 21.486794 11.830363 2.266132 8.162918 0.000002 -0.000000 18.399052 -3.798978 -4.940567 0.000001 0.000001 -0.000002 1.044015 1.969353 4.961610 -0.065877 -0.074219 6.654990 -0.490716 8.084420 -7.636028 1.682952 -1.916034 -1.522357 0.000000 -0.000000 0.000002 2.018110 -0.769305 1.106751 0.135149 -0.016468 7.790254 -2.022961 -2.510862 -4.720391 -1.477703 0.912237 -1.916078 -0.000000 0.000000 -0.000001 
-0.451641 99.979248 9.851218 -1.008905 -3.359664 -4.185248 -0.125055 0.144920 -2.578900 -0.611219 0.382054 -6.508305 0.394167 -1.434316 10.050198 0.602610 2.390993 8.702360 -0.099587 0.679166 -3.795103 1.188794 1.170471 -9.053561 0.000077 -0.000022 0.000006 0.007482 -0.003051 -0.013882 0.631286 -3.722193 -10.625793 -0.618556 3.715184 -10.588386 3.813374 -6.771629 14.081976 -2.779960 15.995418 8.657442 0.105677 -10.577861 -0.127342 -7.562690 5.856935 -37.381489 -5.882099 9.861278 0.702589 -10.936855 -0.360576 7.156197 0.000002 8.774814 -0.000000 -15.981757 17.388969 6.654756 -1.844031 2.498502 -2.507277 -10.163589 4.678938 4.621103 -20.975994 -0.000005 0.000001 -21.226248 2.451690 -3.593993 -0.000001 -0.000006 0.000001 -1.362680 2.240797 -0.746324 -21.334887 0.584907 3.008320 -13.821197 -0.000004 0.000001 -23.887125 -0.249081 -0.839482 -59.995155 2.907683 -1.305024 -0.294024 1.679686 0.833255 -14.218192 0.093214 1.300578 -34.212002 -0.287567 0.967169 -20.033176 0.964534 1.212842 -0.000001 0.000000 -0.000000 -3.440384 0.788232 0.501654 -15.928165 -3.167307 2.999702 -6.338817 -0.000001 0.000002 -18.123411 3.648175 -4.905662 -0.000003 -0.000000 -0.000001 2.824403 13.122214 14.151881 7.115128 -4.336663 -31.734747 -1.219235 14.464453 -0.161649 -3.315202 -12.847394 3.655494 2.243540 -5.255031 -3.180156 14.282875 -0.826594 6.952497 -0.000003 -12.690586 0.000003 17.311604 -18.059498 2.332887 1.665664 -1.955919 -2.878297 4.727793 -4.170583 4.993920 11.020512 0.000003 -0.000000 12.109030 -3.735709 -2.866778 0.000000 0.000000 0.000000 1.291984 -1.928547 -1.498088 14.800109 0.567467 3.865604 14.242553 -1.341734 -6.660648 19.631933 0.143925 -0.648242 50.999989 -0.790691 -6.545172 0.353029 -1.511149 -0.031940 20.222767 3.684304 2.316629 18.787245 0.000005 0.000001 10.751610 -0.479870 1.397905 -0.000002 0.000001 0.000000 3.273804 0.305947 -0.580110 21.486788 11.830360 2.266130 8.162916 -0.000000 0.000002 18.399050 -3.798980 -4.940564 0.000003 0.000001 -0.000001 0.943657 1.985531 5.097595 -0.068743 -0.068137 6.452404 -0.411311 8.143411 -7.614424 1.683626 -1.932076 -1.471144 -0.000000 0.000000 0.000002 1.866396 -1.044627 1.055671 0.152966 0.003026 7.928113 -1.891750 -2.134361 -4.842503 -1.473958 0.916554 -1.853177 0.000000 0.000000 -0.000001 
-0.365682 99.978462 9.929151 -0.990037 -3.474478 -4.177809 -0.114833 0.181790 -2.478459 -0.603946 0.450368 -6.467505 0.418037 -1.395471 10.171217 0.604507 2.485650 8.478793 -0.098290 0.751478 -3.791553 0.969910 1.413011 -9.158349 0.000077 -0.000022 0.000006 0.009456 -0.001729 -0.024490 0.638653 -3.719549 -10.631397 -0.622184 3.712240 -10.603223 3.187309 -6.546658 14.194100 -5.233431 15.377586 8.462881 0.080799 -10.676241 -0.067423 -6.977147 5.606878 -36.256042 -5.882100 9.861278 0.702590 -10.936861 -0.360575 7.156199 -0.000000 8.774813 -0.000001 -16.132767 17.246777 6.491556 -1.844031 2.498502 -2.507275 -10.163591 4.678939 4.621105 -20.975994 -0.000003 0.000003 -21.226257 2.451692 -3.593991 0.000001 -0.000006 -0.000000 -1.362681 2.240796 -0.746321 -21.334892 0.584909 3.008321 -13.821198 -0.000003 0.000003 -23.887131 -0.249077 -0.839480 -59.917141 2.845132 -1.311408 -0.294025 1.679686 0.833255 -14.218195 0.093215 1.300580 -34.212006 -0.287563 0.967170 -20.033180 0.964535 1.212841 0.000000 0.000000 0.000000 -3.440386 0.788232 0.501655 -15.928171 -3.167306 2.999703 -6.338815 -0.000002 0.000001 -18.123417 3.648176 -4.905662 -0.000007 0.000000 -0.000001 3.505113 13.184935 14.310333 8.768077 -3.023701 -30.708796 -1.153092 13.552315 -0.132215 -1.652591 -13.028676 3.273614 2.243540 -5.255032 -3.180156 14.282875 -0.826594 6.952496 -0.000002 -12.690590 0.000001 17.305029 -18.036280 2.277854 1.665665 -1.955920 -2.878298 4.727794 -4.170583 4.993919 11.020511 0.000003 -0.000001 12.109034 -3.735709 -2.866781 0.000000 0.000000 0.000000 1.291984 -1.928548 -1.498087 14.800111 0.567467 3.865602 14.242553 -1.341734 -6.660648 19.631939 0.143926 -0.648244 50.818085 -0.742621 -6.649761 0.353029 -1.511149 -0.031941 20.222771 3.684306 2.316628 18.787245 0.000005 -0.000001 10.751610 -0.479868 1.397903 0.000001 -0.000000 0.000000 3.273804 0.305947 -0.580112 21.486790 11.830360 2.266129 8.162916 -0.000000 0.000001 18.399052 -3.798979 -4.940568 0.000004 -0.000003 -0.000000 0.860454 1.957924 5.290392 -0.075301 -0.063272 6.170153 -0.353569 8.279515 -7.554408 1.685356 -1.940161 -1.412304 -0.000000 0.000000 0.000002 1.730921 -1.373668 1.065215 0.166094 0.015234 7.968834 -1.733533 -1.647712 -4.912708 -1.467686 0.932466 -1.822686 0.000000 0.000000 -0.000001 
-0.343068 99.947227 9.998431 -0.978489 -3.528319 -4.175948 -0.120523 0.216199 -2.376266 -0.598337 0.482608 -6.435595 0.438041 -1.347095 10.316356 0.631518 2.569216 8.283957 -0.112046 0.822497 -3.787869 0.753230 1.733811 -9.143462 0.000077 -0.000023 0.000006 0.010679 -0.007209 -0.027859 0.640252 -3.721839 -10.627779 -0.620905 3.704270 -10.588742 2.470473 -6.330740 14.344170 -7.932989 14.509411 8.319982 0.035645 -10.570638 -0.010975 -6.482080 5.270539 -34.492031 -5.882100 9.861279 0.702590 -10.936856 -0.360574 7.156198 0.000002 8.774813 -0.000000 -16.257420 17.086761 6.346345 -1.844030 2.498502 -2.507276 -10.163588 4.678940 4.621104 -20.975992 -0.000005 0.000001 -21.226248 2.451691 -3.593995 -0.000001 -0.000006 0.000000 -1.362679 2.240796 -0.746323 -21.334887 0.584909 3.008319 -13.821193 -0.000003 0.000001 -23.887125 -0.249080 -0.839483 -59.899048 2.787581 -1.315143 -0.294024 1.679685 0.833255 -14.218190 0.093215 1.300578 -34.211998 -0.287565 0.967168 -20.033171 0.964534 1.212841 0.000000 0.000000 0.000000 -3.440386 0.788233 0.501654 -15.928163 -3.167305 2.999702 -6.338815 -0.000001 0.000001 -18.123411 3.648175 -4.905661 -0.000005 0.000001 -0.000002 4.238733 13.184814 14.423540 10.359588 -1.653958 -29.388544 -0.981737 12.628400 -0.110239 0.314992 -13.108464 2.938192 2.243540 -5.255033 -3.180156 14.282875 -0.826594 6.952496 -0.000001 -12.690588 0.000001 17.315876 -17.979092 2.236324 1.665665 -1.955920 -2.878298 4.727795 -4.170583 4.993919 11.020512 0.000003 -0.000001 12.109031 -3.735709 -2.866780 0.000002 -0.000000 0.000000 1.291984 -1.928548 -1.498088 14.800113 0.567468 3.865604 14.242553 -1.341734 -6.660649 19.631939 0.143926 -0.648242 50.660461 -0.710340 -6.712091 0.353029 -1.511149 -0.031940 20.222763 3.684305 2.316628 18.787243 0.000004 0.000000 10.751610 -0.479868 1.397904 0.000000 0.000000 -0.000000 3.273804 0.305947 -0.580111 21.486788 11.830361 2.266131 8.162916 0.000001 0.000001 18.399052 -3.798979 -4.940567 0.000002 -0.000001 -0.000001 0.809390 1.876689 5.144016 -0.089386 -0.052563 6.532720 -0.363990 8.379924 -7.774692 1.685169 -1.939027 -1.309406 -0.000000 0.000000 0.000002 1.633741 -1.800856 0.885451 0.175746 0.019246 8.420007 -1.551326 -1.152408 -5.179576 -1.459097 0.951304 -1.784712 0.000000 0.000000 -0.000001 
-0.302752 99.911514 10.073629 -0.982773 -3.537529 -4.210742 -0.143251 0.246240 -2.280232 -0.595884 0.478649 -6.410552 0.473369 -1.296272 10.495003 0.659676 2.581110 8.182782 -0.107468 0.945285 -3.786280 0.543771 2.142154 -9.051112 0.000077 -0.000023 0.000006 0.014945 0.002165 -0.024499 0.642237 -3.709923 -10.614295 -0.614715 3.707362 -10.568219 1.692549 -6.144273 14.537345 -10.531849 13.482403 8.265429 -0.089618 -10.316955 0.059531 -6.096113 4.894668 -32.510490 -5.882101 9.861279 0.702589 -10.936858 -0.360575 7.156196 0.000000 8.774814 -0.000001 -16.321836 16.920145 6.206234 -1.844032 2.498503 -2.507276 -10.163587 4.678940 4.621102 -20.975992 -0.000004 0.000001 -21.226248 2.451692 -3.593995 0.000000 -0.000006 -0.000000 -1.362681 2.240797 -0.746323 -21.334887 0.584909 3.008320 -13.821193 -0.000003 0.000002 -23.887123 -0.249079 -0.839482 -59.814053 2.749657 -1.309224 -0.294024 1.679686 0.833255 -14.218190 0.093215 1.300578 -34.211998 -0.287564 0.967167 -20.033178 0.964534 1.212841 -0.000000 0.000000 -0.000000 -3.440385 0.788233 0.501655 -15.928165 -3.167306 2.999702 -6.338814 -0.000001 0.000001 -18.123413 3.648176 -4.905662 -0.000005 0.000000 -0.000002 5.011842 13.154875 14.525793 11.732791 -0.316117 -27.923120 -0.735289 11.716232 -0.095419 2.223818 -13.193914 2.704273 2.243539 -5.255033 -3.180156 14.282873 -0.826593 6.952496 -0.000003 -12.690592 0.000000 17.328320 -17.879940 2.160327 1.665663 -1.955920 -2.878296 4.727793 -4.170583 4.993918 11.020511 0.000003 -0.000001 12.109030 -3.735709 -2.866779 0.000001 0.000000 -0.000000 1.291984 -1.928548 -1.498088 14.800109 0.567468 3.865603 14.242553 -1.341734 -6.660649 19.631939 0.143927 -0.648243 50.485329 -0.709297 -6.776393 0.353029 -1.511149 -0.031939 20.222763 3.684305 2.316628 18.787245 0.000004 0.000000 10.751608 -0.479868 1.397904 0.000000 0.000000 -0.000000 3.273803 0.305947 -0.580111 21.486788 11.830362 2.266131 8.162915 0.000002 0.000000 18.399050 -3.798979 -4.940566 0.000003 0.000000 -0.000001 0.771427 1.794592 4.998322 -0.107787 -0.051688 6.977898 -0.358680 8.447622 -8.030004 1.688708 -1.942140 -1.175285 0.000000 0.000000 0.000002 1.537806 -2.276558 0.771460 0.180197 0.022172 8.836149 -1.367494 -0.666565 -5.437193 -1.452121 0.970689 -1.715026 0.000000 0.000000 -0.000001 
-0.290222 99.883804 10.111649 -0.995165 -3.520452 -4.260035 -0.179767 0.287769 -2.196966 -0.602155 0.451657 -6.393938 0.517601 -1.270991 10.681891 0.698703 2.580747 8.173458 -0.092202 1.116744 -3.768827 0.308445 2.575479 -8.909018 0.000077 -0.000023 0.000006 0.018977 0.024299 -0.024644 0.646294 -3.683640 -10.606562 -0.610001 3.725548 -10.555975 0.933263 -6.007125 14.707041 -12.792212 12.425359 8.332580 -0.214241 -9.974670 0.087983 -5.768431 4.550690 -30.664225 -5.882100 9.861279 0.702589 -10.936858 -0.360574 7.156197 -0.000001 8.774814 -0.000002 -16.312103 16.823931 6.093656 -1.844029 2.498502 -2.507276 -10.163589 4.678940 4.621103 -20.975992 -0.000002 0.000002 -21.226254 2.451694 -3.593995 0.000000 -0.000006 -0.000000 -1.362683 2.240797 -0.746323 -21.334892 0.584910 3.008320 -13.821198 -0.000002 0.000002 -23.887131 -0.249077 -0.839482 -59.701744 2.712346 -1.328485 -0.294025 1.679686 0.833255 -14.218190 0.093215 1.300579 -34.211998 -0.287562 0.967169 -20.033175 0.964535 1.212840 -0.000000 -0.000000 0.000000 -3.440386 0.788233 0.501655 -15.928169 -3.167305 2.999704 -6.338819 -0.000001 0.000001 -18.123415 3.648177 -4.905662 -0.000005 0.000000 -0.000002 5.790515 13.123743 14.616100 12.787022 0.925801 -26.415249 -0.530649 10.782734 -0.083298 3.735011 -13.177096 2.522637 2.243539 -5.255033 -3.180156 14.282877 -0.826593 6.952496 -0.000001 -12.690593 -0.000001 17.353851 -17.755983 2.085866 1.665665 -1.955920 -2.878296 4.727795 -4.170583 4.993918 11.020512 0.000003 -0.000001 12.109030 -3.735709 -2.866780 -0.000000 -0.000000 -0.000000 1.291985 -1.928548 -1.498088 14.800111 0.567468 3.865603 14.242553 -1.341735 -6.660648 19.631937 0.143926 -0.648244 50.330151 -0.702456 -6.812414 0.353029 -1.511149 -0.031940 20.222767 3.684306 2.316628 18.787245 0.000004 -0.000000 10.751609 -0.479868 1.397904 0.000001 0.000000 -0.000000 3.273805 0.305947 -0.580110 21.486788 11.830363 2.266132 8.162916 0.000002 0.000000 18.399050 -3.798979 -4.940567 0.000003 -0.000001 -0.000001 0.764633 1.741008 4.875517 -0.123653 -0.080126 7.366195 -0.356936 8.529295 -8.230526 1.689859 -1.943637 -1.030601 -0.000000 0.000000 0.000002 1.471068 -2.742691 0.722207 0.177351 -0.003694 9.112926 -1.222054 -0.223520 -5.609230 -1.447824 0.996417 -1.638305 0.000000 0.000000 -0.000001 
-0.234968 99.840981 10.096766 -1.007641 -3.457493 -4.316216 -0.220282 0.292597 -2.145933 -0.604151 0.451530 -6.356907 0.576541 -1.256367 10.847842 0.702984 2.587731 8.216296 -0.079263 1.265250 -3.750911 0.072458 3.006389 -8.745674 0.000077 -0.000023 0.000006 0.020270 0.046140 -0.021334 0.651013 -3.657490 -10.597674 -0.613024 3.743163 -10.554597 0.226782 -5.940031 14.845771 -14.652306 11.362025 8.472541 -0.282112 -9.512913 0.102863 -5.393050 4.328301 -29.237196 -5.882100 9.861279 0.702589 -10.936860 -0.360575 7.156196 0.000002 8.774813 -0.000002 -16.270599 16.824715 6.082983 -1.844032 2.498503 -2.507276 -10.163591 4.678941 4.621104 -20.975996 -0.000003 0.000001 -21.226250 2.451693 -3.593995 0.000000 -0.000006 -0.000000 -1.362681 2.240797 -0.746323 -21.334890 0.584909 3.008320 -13.821192 -0.000002 0.000002 -23.887129 -0.249077 -0.839481 -59.617882 2.683089 -1.319237 -0.294023 1.679686 0.833255 -14.218190 0.093215 1.300579 -34.211998 -0.287563 0.967169 -20.033176 0.964535 1.212841 0.000000 0.000000 -0.000000 -3.440385 0.788233 0.501655 -15.928167 -3.167306 2.999703 -6.338816 -0.000001 0.000001 -18.123415 3.648178 -4.905662 -0.000004 0.000000 -0.000002 6.509740 13.061457 14.692788 13.539146 2.056617 -24.914465 -0.384420 9.848151 -0.083256 4.888183 -13.170724 2.488906 2.243539 -5.255033 -3.180155 14.282878 -0.826593 6.952497 -0.000002 -12.690588 -0.000000 17.415199 -17.664211 2.015524 1.665664 -1.955920 -2.878297 4.727793 -4.170582 4.993918 11.020512 0.000003 -0.000001 12.109034 -3.735709 -2.866780 0.000001 -0.000000 -0.000000 1.291985 -1.928548 -1.498088 14.800113 0.567468 3.865603 14.242553 -1.341735 -6.660649 19.631939 0.143925 -0.648243 50.279911 -0.726601 -6.869811 0.353028 -1.511149 -0.031940 20.222771 3.684307 2.316628 18.787245 0.000004 0.000000 10.751610 -0.479868 1.397904 -0.000000 -0.000001 0.000000 3.273804 0.305947 -0.580111 21.486794 11.830360 2.266132 8.162916 0.000002 -0.000000 18.399054 -3.798978 -4.940567 0.000004 0.000000 -0.000001 0.727189 1.671624 4.539208 -0.133318 -0.093239 8.119106 -0.341824 8.603545 -8.547537 1.692280 -1.935506 -0.907049 -0.000000 0.000000 0.000002 1.379295 -3.221705 0.535837 0.179889 -0.004828 9.622321 -1.081534 0.100483 -5.855650 -1.443767 1.012063 -1.560055 -0.000000 -0.000000 -0.000001 
-0.192991 99.814194 10.020076 -1.030088 -3.409947 -4.387727 -0.249782 0.308499 -2.089534 -0.611056 0.428766 -6.321947 0.657383 -1.237158 10.990758 0.664488 2.613723 8.273866 -0.065331 1.444365 -3.739434 -0.150941 3.361081 -8.534619 0.000077 -0.000023 0.000006 0.019550 0.063683 -0.021497 0.653214 -3.635602 -10.591331 -0.616569 3.757452 -10.541938 -0.432001 -5.924278 14.939619 -16.040487 10.383313 8.761026 -0.355516 -8.962391 0.127362 -5.044629 4.204557 -28.282297 -5.882099 9.861278 0.702589 -10.936857 -0.360577 7.156196 0.000001 8.774815 -0.000002 -16.190971 16.826839 6.101365 -1.844032 2.498503 -2.507276 -10.163587 4.678938 4.621105 -20.975992 -0.000005 0.000002 -21.226250 2.451693 -3.593994 -0.000000 -0.000006 0.000000 -1.362681 2.240797 -0.746323 -21.334887 0.584908 3.008320 -13.821194 -0.000003 0.000003 -23.887129 -0.249078 -0.839481 -59.547234 2.635652 -1.299215 -0.294026 1.679686 0.833255 -14.218192 0.093214 1.300579 -34.211998 -0.287564 0.967171 -20.033175 0.964535 1.212842 -0.000000 0.000000 0.000000 -3.440386 0.788232 0.501655 -15.928165 -3.167307 2.999704 -6.338813 -0.000001 0.000002 -18.123411 3.648176 -4.905661 -0.000004 0.000000 -0.000002 7.136895 12.995469 14.817080 13.956990 3.070428 -23.513412 -0.200438 9.011139 -0.076096 5.788242 -13.219778 2.480041 2.243539 -5.255033 -3.180155 14.282877 -0.826593 6.952496 -0.000000 -12.690590 -0.000000 17.419828 -17.557743 1.944581 1.665666 -1.955920 -2.878297 4.727794 -4.170583 4.993918 11.020510 0.000003 -0.000000 12.109030 -3.735709 -2.866779 0.000001 -0.000000 0.000000 1.291986 -1.928548 -1.498088 14.800107 0.567469 3.865604 14.242554 -1.341734 -6.660648 19.631939 0.143926 -0.648242 50.179379 -0.751472 -6.931613 0.353028 -1.511149 -0.031940 20.222769 3.684307 2.316629 18.787245 0.000005 0.000001 10.751611 -0.479868 1.397904 0.000001 -0.000000 0.000000 3.273806 0.305947 -0.580110 21.486788 11.830363 2.266131 8.162916 0.000002 0.000001 18.399050 -3.798979 -4.940566 0.000003 0.000000 -0.000001 0.710368 1.612651 4.274613 -0.134756 -0.112944 8.690470 -0.319472 8.712614 -8.744522 1.696271 -1.924333 -0.844699 -0.000000 0.000000 0.000002 1.323881 -3.600646 0.428234 0.182622 0.001561 9.915904 -0.959365 0.338005 -5.958334 -1.444305 1.026307 -1.486616 0.000000 0.000000 -0.000001 
-0.103761 99.799393 9.941750 -1.077568 -3.383731 -4.436112 -0.240239 0.323831 -2.048091 -0.607881 0.431184 -6.279688 0.745269 -1.244496 11.088861 0.562414 2.678999 8.291054 -0.055842 1.618966 -3.713085 -0.354126 3.704767 -8.324398 0.000077 -0.000023 0.000006 0.018832 0.081158 -0.018224 0.658589 -3.614247 -10.574213 -0.623313 3.767963 -10.537076 -1.043502 -5.965241 15.019440 -17.068342 9.529367 9.154913 -0.349304 -8.335050 0.103074 -4.731081 4.156743 -27.654842 -5.882100 9.861278 0.702590 -10.936856 -0.360575 7.156196 -0.000001 8.774814 -0.000001 -16.044218 16.828207 6.185566 -1.844031 2.498503 -2.507276 -10.163590 4.678940 4.621103 -20.975994 -0.000004 0.000002 -21.226254 2.451692 -3.593993 -0.000000 -0.000006 -0.000000 -1.362680 2.240796 -0.746323 -21.334887 0.584908 3.008320 -13.821197 -0.000003 0.000002 -23.887129 -0.249078 -0.839482 -59.421646 2.610443 -1.257350 -0.294024 1.679686 0.833255 -14.218194 0.093215 1.300579 -34.211998 -0.287563 0.967169 -20.033176 0.964535 1.212841 -0.000000 -0.000000 0.000000 -3.440386 0.788233 0.501655 -15.928164 -3.167306 2.999704 -6.338813 -0.000001 0.000001 -18.123411 3.648176 -4.905662 -0.000004 -0.000000 -0.000002 7.670097 12.949455 14.995317 14.082179 3.941067 -22.220165 0.055799 8.308352 -0.064693 6.533504 -13.244482 2.612745 2.243539 -5.255032 -3.180155 14.282878 -0.826594 6.952496 -0.000002 -12.690587 0.000000 17.429802 -17.474890 1.913304 1.665666 -1.955920 -2.878297 4.727792 -4.170582 4.993918 11.020510 0.000003 -0.000001 12.109032 -3.735709 -2.866779 0.000001 0.000000 0.000000 1.291984 -1.928547 -1.498088 14.800113 0.567468 3.865604 14.242553 -1.341734 -6.660649 19.631941 0.143925 -0.648243 50.172981 -0.747467 -6.928940 0.353029 -1.511149 -0.031940 20.222769 3.684305 2.316628 18.787245 0.000004 -0.000000 10.751611 -0.479867 1.397904 -0.000000 0.000000 0.000000 3.273806 0.305946 -0.580110 21.486792 11.830361 2.266130 8.162916 0.000001 -0.000000 18.399054 -3.798979 -4.940567 0.000004 0.000000 -0.000001 0.686428 1.556374 4.053698 -0.124876 -0.121256 9.126258 -0.249387 8.847887 -8.878246 1.698272 -1.913489 -0.823206 0.000000 -0.000000 0.000002 1.276508 -3.900780 0.378886 0.183207 0.003165 10.028949 -0.768314 0.487969 -5.964159 -1.447013 1.020678 -1.436275 -0.000000 -0.000000 -0.000001 
-0.066908 99.796005 9.894975 -1.144759 -3.404837 -4.447919 -0.210993 0.330356 -2.009161 -0.599172 0.449961 -6.228151 0.848197 -1.245174 11.134015 0.381053 2.770484 8.213226 -0.023286 1.823000 -3.690540 -0.531735 4.042442 -8.152480 0.000077 -0.000023 0.000006 0.018209 0.084583 -0.018444 0.661455 -3.608772 -10.571318 -0.627459 3.768656 -10.526556 -1.609611 -6.002926 15.016910 -17.819534 8.755877 9.676047 -0.367482 -7.644468 0.103930 -4.387665 4.168920 -27.185587 -5.882102 9.861278 0.702590 -10.936864 -0.360575 7.156198 0.000002 8.774814 -0.000001 -15.892260 16.861246 6.295861 -1.844030 2.498502 -2.507275 -10.163589 4.678939 4.621104 -20.975998 -0.000004 0.000005 -21.226255 2.451693 -3.593991 0.000000 -0.000006 -0.000001 -1.362679 2.240796 -0.746322 -21.334894 0.584908 3.008321 -13.821197 -0.000003 0.000003 -23.887135 -0.249078 -0.839479 -59.353767 2.605327 -1.216816 -0.294024 1.679686 0.833255 -14.218194 0.093213 1.300580 -34.212013 -0.287565 0.967172 -20.033180 0.964535 1.212843 0.000000 0.000000 0.000000 -3.440385 0.788232 0.501655 -15.928169 -3.167307 2.999704 -6.338818 -0.000002 0.000002 -18.123413 3.648175 -4.905659 -0.000005 -0.000000 -0.000002 8.071824 12.938601 15.180892 14.092782 4.679801 -21.097223 0.396908 7.858035 -0.046606 7.234733 -13.230967 2.752398 2.243540 -5.255031 -3.180155 14.282877 -0.826593 6.952495 -0.000002 -12.690588 -0.000000 17.368443 -17.375582 1.887417 1.665665 -1.955920 -2.878296 4.727795 -4.170583 4.993918 11.020513 0.000003 -0.000001 12.109035 -3.735708 -2.866779 0.000001 -0.000000 -0.000000 1.291986 -1.928547 -1.498088 14.800111 0.567468 3.865602 14.242554 -1.341733 -6.660648 19.631941 0.143926 -0.648243 50.164696 -0.742498 -6.895449 0.353028 -1.511149 -0.031940 20.222773 3.684307 2.316628 18.787245 0.000004 -0.000000 10.751613 -0.479868 1.397904 -0.000000 -0.000000 -0.000000 3.273807 0.305947 -0.580110 21.486795 11.830362 2.266129 8.162918 0.000002 -0.000001 18.399057 -3.798979 -4.940567 0.000003 0.000000 -0.000001 0.717501 1.521384 3.904712 -0.109379 -0.125753 9.397739 -0.148968 8.995747 -8.954172 1.700824 -1.898236 -0.834679 -0.000000 0.000000 0.000002 1.287863 -4.165569 0.402154 0.185273 -0.001682 9.951749 -0.604236 0.625604 -5.895247 -1.450144 1.003438 -1.438144 -0.000000 -0.000000 -0.000001 
-0.012875 99.839897 9.855180 -1.220990 -3.473159 -4.418670 -0.166009 0.345811 -1.973425 -0.580204 0.454245 -6.176731 0.954435 -1.242898 11.132857 0.175174 2.889740 8.090020 0.001993 2.037461 -3.668692 -0.664634 4.354159 -8.075359 0.000077 -0.000022 0.000006 0.016853 0.077583 -0.018577 0.663118 -3.610728 -10.546300 -0.631997 3.758712 -10.514791 -2.153678 -6.016391 15.044524 -18.338747 8.088765 10.370263 -0.445791 -7.098271 0.087770 -4.094740 4.250576 -26.851151 -5.882100 9.861278 0.702590 -10.936857 -0.360574 7.156197 0.000000 8.774813 -0.000000 -15.696423 16.877789 6.399251 -1.844030 2.498502 -2.507276 -10.163590 4.678940 4.621104 -20.975996 -0.000003 0.000003 -21.226250 2.451693 -3.593993 0.000000 -0.000006 -0.000000 -1.362681 2.240796 -0.746323 -21.334892 0.584908 3.008320 -13.821194 -0.000003 0.000002 -23.887131 -0.249078 -0.839480 -59.272152 2.604044 -1.201687 -0.294024 1.679686 0.833255 -14.218195 0.093214 1.300579 -34.212006 -0.287564 0.967170 -20.033176 0.964534 1.212842 -0.000000 -0.000000 0.000000 -3.440386 0.788232 0.501655 -15.928165 -3.167306 2.999703 -6.338818 -0.000001 0.000001 -18.123413 3.648175 -4.905661 -0.000004 -0.000000 -0.000002 8.372460 12.967063 15.364873 13.999442 5.272161 -20.029839 0.824517 7.686030 -0.031690 7.953224 -13.099428 2.682407 2.243539 -5.255033 -3.180155 14.282873 -0.826593 6.952496 -0.000002 -12.690590 0.000000 17.267506 -17.327023 1.878122 1.665665 -1.955920 -2.878297 4.727792 -4.170583 4.993918 11.020513 0.000003 -0.000001 12.109033 -3.735709 -2.866780 0.000001 -0.000000 0.000000 1.291984 -1.928548 -1.498088 14.800111 0.567468 3.865603 14.242553 -1.341735 -6.660649 19.631939 0.143926 -0.648243 50.136501 -0.728266 -6.863775 0.353029 -1.511149 -0.031940 20.222769 3.684307 2.316628 18.787245 0.000004 -0.000000 10.751610 -0.479868 1.397904 -0.000000 -0.000000 0.000000 3.273803 0.305947 -0.580110 21.486788 11.830361 2.266131 8.162918 0.000000 -0.000000 18.399052 -3.798978 -4.940567 0.000003 -0.000000 -0.000001 0.751860 1.514878 4.040200 -0.090684 -0.127951 9.028515 0.052513 9.169659 -8.737159 1.703205 -1.893779 -0.855342 0.000000 -0.000000 0.000002 1.306550 -4.409310 0.678079 0.182396 0.015683 9.263555 -0.405801 0.766795 -5.535135 -1.452857 0.969725 -1.465200 0.000000 0.000000 -0.000001 
0.003674 99.893295 9.814306 -1.293946 -3.537476 -4.359717 -0.118606 0.326487 -1.915254 -0.555414 0.500905 -6.118085 1.034065 -1.262278 11.087645 -0.041250 3.024101 7.902852 0.045269 2.206961 -3.644733 -0.817855 4.666350 -8.123069 0.000077 -0.000023 0.000006 0.015650 0.068819 -0.015164 0.661393 -3.614872 -10.511291 -0.633735 3.744411 -10.486447 -2.666560 -6.030517 15.048175 -18.747789 7.549329 11.208596 -0.563119 -6.762307 0.079666 -3.840720 4.346725 -26.472307 -5.882102 9.861279 0.702589 -10.936859 -0.360575 7.156196 -0.000001 8.774813 -0.000001 -15.548773 16.905945 6.481185 -1.844031 2.498502 -2.507276 -10.163590 4.678939 4.621103 -20.975994 -0.000004 0.000002 -21.226250 2.451693 -3.593993 0.000000 -0.000004 -0.000001 -1.362680 2.240797 -0.746323 -21.334892 0.584908 3.008319 -13.821197 -0.000003 0.000002 -23.887135 -0.249078 -0.839481 -59.216625 2.607910 -1.203376 -0.294024 1.679686 0.833255 -14.218194 0.093215 1.300579 -34.211998 -0.287564 0.967169 -20.033178 0.964534 1.212841 -0.000000 0.000000 0.000000 -3.440386 0.788232 0.501655 -15.928171 -3.167306 2.999703 -6.338817 -0.000001 0.000001 -18.123413 3.648177 -4.905661 -0.000005 -0.000000 -0.000002 8.563568 13.038467 15.539817 14.017831 5.696196 -18.925636 1.138173 7.813312 -0.020688 8.656474 -12.833598 2.346352 2.243540 -5.255033 -3.180155 14.282878 -0.826593 6.952496 -0.000003 -12.690590 -0.000000 17.272367 -17.293972 1.821407 1.665663 -1.955920 -2.878296 4.727792 -4.170583 4.993918 11.020511 0.000003 -0.000001 12.109034 -3.735709 -2.866779 0.000000 0.000000 0.000000 1.291982 -1.928548 -1.498088 14.800111 0.567468 3.865602 14.242553 -1.341735 -6.660648 19.631939 0.143925 -0.648243 50.158028 -0.700956 -6.863740 0.353027 -1.511149 -0.031940 20.222769 3.684306 2.316628 18.787245 0.000005 0.000000 10.751611 -0.479867 1.397904 -0.000000 0.000000 0.000000 3.273807 0.305947 -0.580110 21.486790 11.830363 2.266132 8.162916 0.000002 0.000000 18.399050 -3.798978 -4.940567 0.000003 0.000000 -0.000001 0.810251 1.513276 4.211407 -0.071002 -0.114636 8.523924 0.298406 9.372114 -8.446598 1.706608 -1.897375 -0.899621 -0.000000 0.000000 0.000002 1.348930 -4.629433 1.018960 0.183617 0.022279 8.376233 -0.234140 0.852332 -5.093926 -1.453300 0.930474 -1.534938 -0.000000 -0.000000 -0.000001 
0.043840 99.940628 9.723375 -1.332953 -3.564140 -4.304470 -0.083463 0.338309 -1.825760 -0.533670 0.515306 -6.066049 1.065694 -1.276365 11.027951 -0.190806 3.139338 7.708970 0.053039 2.327795 -3.608625 -0.973852 4.894073 -8.275928 0.000077 -0.000022 0.000006 0.014679 0.075722 -0.007864 0.656568 -3.605858 -10.489440 -0.629717 3.750118 -10.466796 -3.156022 -6.042525 15.045488 -19.043013 7.121781 11.992527 -0.787062 -6.719807 0.085334 -3.639962 4.417832 -25.863968 -5.882103 9.861278 0.702590 -10.936861 -0.360575 7.156198 -0.000003 8.774813 -0.000002 -15.544156 16.938946 6.510609 -1.844030 2.498503 -2.507276 -10.163589 4.678940 4.621104 -20.975998 -0.000003 0.000003 -21.226255 2.451694 -3.593994 0.000000 -0.000006 -0.000000 -1.362680 2.240796 -0.746323 -21.334892 0.584909 3.008320 -13.821197 -0.000003 0.000002 -23.887133 -0.249078 -0.839481 -59.323025 2.609471 -1.186571 -0.294024 1.679686 0.833255 -14.218195 0.093215 1.300579 -34.212002 -0.287562 0.967169 -20.033180 0.964535 1.212841 -0.000000 0.000000 -0.000000 -3.440386 0.788233 0.501655 -15.928171 -3.167305 2.999703 -6.338817 -0.000001 0.000001 -18.123417 3.648176 -4.905662 -0.000005 -0.000000 -0.000002 8.705186 13.131715 15.737676 14.169719 5.916908 -17.862501 1.316820 8.140528 -0.018037 9.087162 -12.546026 2.084289 2.243537 -5.255033 -3.180155 14.282873 -0.826593 6.952495 -0.000000 -12.690590 -0.000001 17.306723 -17.261602 1.772847 1.665666 -1.955920 -2.878297 4.727794 -4.170583 4.993918 11.020511 0.000003 -0.000001 12.109030 -3.735709 -2.866780 0.000001 -0.000000 0.000000 1.291984 -1.928548 -1.498088 14.800113 0.567469 3.865604 14.242553 -1.341735 -6.660650 19.631937 0.143926 -0.648244 50.217300 -0.657580 -6.887887 0.353028 -1.511149 -0.031939 20.222763 3.684306 2.316628 18.787243 0.000005 -0.000000 10.751610 -0.479867 1.397904 -0.000000 -0.000000 -0.000001 3.273803 0.305947 -0.580110 21.486790 11.830362 2.266131 8.162916 0.000001 0.000000 18.399050 -3.798978 -4.940567 0.000003 0.000000 -0.000001 0.827441 1.531705 4.307034 -0.060932 -0.105757 8.100286 0.584953 9.552625 -8.149413 1.708003 -1.914112 -0.907283 0.000000 -0.000000 0.000002 1.348328 -4.845586 1.260081 0.180825 0.044537 7.639697 -0.004912 0.895789 -4.694457 -1.451636 0.903981 -1.670796 -0.000000 -0.000000 -0.000001 
0.117158 100.004562 9.614296 -1.336201 -3.526349 -4.241961 -0.079322 0.331314 -1.739873 -0.528974 0.551305 -6.045661 1.072144 -1.302754 10.983248 -0.288483 3.221192 7.538518 0.077415 2.396860 -3.567487 -1.081426 5.022021 -8.411433 0.000077 -0.000023 0.000006 0.013686 0.084601 0.003766 0.650247 -3.589533 -10.435798 -0.625208 3.751605 -10.434617 -3.554733 -6.000068 15.003941 -19.348440 6.644559 12.473388 -1.062860 -6.820447 0.092482 -3.504913 4.451090 -25.222038 -5.882101 9.861278 0.702589 -10.936862 -0.360574 7.156196 -0.000001 8.774813 -0.000001 -15.573136 16.890167 6.497168 -1.844030 2.498503 -2.507276 -10.163591 4.678940 4.621104 -20.975998 -0.000004 0.000003 -21.226257 2.451692 -3.593993 0.000000 -0.000006 -0.000000 -1.362680 2.240796 -0.746323 -21.334896 0.584908 3.008320 -13.821198 -0.000003 0.000002 -23.887136 -0.249079 -0.839481 -59.352409 2.580231 -1.168638 -0.294026 1.679686 0.833255 -14.218192 0.093215 1.300579 -34.212013 -0.287564 0.967170 -20.033180 0.964534 1.212842 -0.000000 -0.000000 -0.000000 -3.440387 0.788232 0.501655 -15.928169 -3.167306 2.999703 -6.338818 -0.000001 0.000001 -18.123417 3.648175 -4.905661 -0.000005 0.000000 -0.000002 8.828266 13.184348 15.877112 14.521632 5.951126 -16.972185 1.304533 8.660402 -0.041225 9.341159 -12.422560 2.111348 2.243540 -5.255033 -3.180156 14.282878 -0.826593 6.952495 -0.000001 -12.690588 -0.000001 17.480412 -17.244301 1.698750 1.665666 -1.955920 -2.878297 4.727793 -4.170581 4.993916 11.020513 0.000003 -0.000002 12.109034 -3.735709 -2.866780 0.000000 0.000000 -0.000000 1.291983 -1.928548 -1.498088 14.800113 0.567469 3.865604 14.242553 -1.341735 -6.660650 19.631939 0.143926 -0.648244 50.334530 -0.627793 -6.967668 0.353030 -1.511149 -0.031940 20.222773 3.684307 2.316628 18.787245 0.000006 -0.000000 10.751611 -0.479867 1.397904 -0.000000 -0.000000 -0.000000 3.273806 0.305946 -0.580110 21.486794 11.830361 2.266130 8.162917 0.000001 -0.000000 18.399052 -3.798978 -4.940568 0.000003 0.000000 -0.000001 0.789148 1.511336 4.550480 -0.054538 -0.101281 7.328494 0.856057 9.670211 -7.687891 1.711536 -1.952238 -0.885052 -0.000000 0.000000 0.000002 1.275651 -5.014454 1.562987 0.173782 0.069623 6.699194 0.296903 0.852034 -4.176932 -1.448554 0.885189 -1.845078 -0.000000 -0.000000 -0.000001 
0.155341 100.041519 9.470948 -1.317659 -3.477800 -4.190585 -0.091246 0.341471 -1.679262 -0.551037 0.606573 -6.040281 1.078441 -1.335512 10.952589 -0.359926 3.252075 7.384468 0.151870 2.437077 -3.491115 -1.119363 5.108664 -8.486398 0.000077 -0.000023 0.000006 0.011715 0.093671 0.019945 0.641372 -3.571191 -10.400146 -0.619381 3.750776 -10.392124 -3.912189 -5.860850 14.970498 -19.660589 6.035651 12.784616 -1.376258 -6.998641 0.095453 -3.284370 4.529295 -24.914175 -5.882101 9.861278 0.702590 -10.936859 -0.360575 7.156199 -0.000002 8.774815 -0.000001 -15.515701 16.824366 6.524416 -1.844032 2.498502 -2.507276 -10.163588 4.678940 4.621104 -20.975992 -0.000004 0.000002 -21.226246 2.451692 -3.593994 0.000000 -0.000006 -0.000000 -1.362680 2.240796 -0.746323 -21.334887 0.584908 3.008321 -13.821191 -0.000003 0.000002 -23.887123 -0.249079 -0.839481 -59.237778 2.541466 -1.163369 -0.294024 1.679686 0.833255 -14.218194 0.093214 1.300579 -34.211998 -0.287564 0.967170 -20.033176 0.964535 1.212842 -0.000000 -0.000000 0.000000 -3.440385 0.788233 0.501656 -15.928165 -3.167306 2.999704 -6.338814 -0.000001 0.000002 -18.123411 3.648176 -4.905662 -0.000004 -0.000000 -0.000002 8.986502 13.192963 15.973976 15.037485 5.844985 -16.123459 1.140057 9.287588 -0.072034 9.603409 -12.342800 2.234896 2.243539 -5.255033 -3.180155 14.282875 -0.826593 6.952497 -0.000002 -12.690591 -0.000000 17.563929 -17.274963 1.692271 1.665665 -1.955920 -2.878297 4.727795 -4.170582 4.993918 11.020512 0.000004 -0.000001 12.109035 -3.735708 -2.866779 0.000001 0.000000 0.000000 1.291984 -1.928547 -1.498088 14.800111 0.567468 3.865604 14.242551 -1.341734 -6.660649 19.631939 0.143926 -0.648243 50.362015 -0.641954 -7.013420 0.353030 -1.511149 -0.031940 20.222769 3.684307 2.316629 18.787245 0.000005 0.000001 10.751610 -0.479868 1.397905 0.000000 -0.000000 -0.000000 3.273805 0.305947 -0.580110 21.486792 11.830363 2.266132 8.162916 -0.000000 0.000001 18.399052 -3.798980 -4.940566 0.000003 0.000000 -0.000001 0.765985 1.540944 4.561602 -0.058099 -0.084794 7.004802 0.909689 9.667783 -7.433460 1.719378 -2.014173 -0.860008 -0.000000 0.000000 0.000002 1.244652 -5.138448 1.685971 0.158343 0.103356 6.301980 0.538872 0.756218 -3.942448 -1.445979 0.878260 -1.996547 0.000000 0.000000 -0.000001 
