HIERARCHY
ROOT Hips
{
	OFFSET 0.000000 0.000000 0.000000
	CHANNELS 6 Xposition Yposition Zposition Zrotation Yrotation Xrotation 
	JOINT Spine1
	{
		OFFSET -0.013727 5.003762 -0.053727
		CHANNELS 3 Zrotation Yrotation Xrotation
		JOINT Spine2
		{
			OFFSET -0.000000 7.125302 -0.029825
			CHANNELS 3 Zrotation Yrotation Xrotation
			JOINT Chest
			{
				OFFSET -0.000001 7.550064 -0.815971
				CHANNELS 3 Zrotation Yrotation Xrotation
				JOINT Neck1
				{
					OFFSET -0.181677 26.311296 -0.553348
					CHANNELS 3 Zrotation Yrotation Xrotation
					JOINT Neck2
					{
						OFFSET -0.000003 7.709398 2.302586
						CHANNELS 3 Zrotation Yrotation Xrotation
						JOINT Head
						{
							OFFSET -0.000005 6.128913 1.953709
							CHANNELS 3 Zrotation Yrotation Xrotation
							JOINT HeadEnd
							{
								OFFSET 0.003598 16.065401 -1.835379
								CHANNELS 3 Zrotation Yrotation Xrotation
								End Site
								{
									OFFSET 0.000000 0.000000 0.000000
								}
							}
							JOINT Jaw
							{
								OFFSET 0.002637 0.475591 3.094941
								CHANNELS 3 Zrotation Yrotation Xrotation
								End Site
								{
									OFFSET 0.000000 0.000000 0.000000
								}
							}
							JOINT LeftEye
							{
								OFFSET 3.206381 5.380207 7.586883
								CHANNELS 3 Zrotation Yrotation Xrotation
								End Site
								{
									OFFSET 0.000000 0.000000 0.000000
								}
							}
							JOINT RightEye
							{
								OFFSET -3.222440 5.361866 7.558233
								CHANNELS 3 Zrotation Yrotation Xrotation
								End Site
								{
									OFFSET 0.000000 0.000000 0.000000
								}
							}
						}
					}
				}
				JOINT LeftShoulder
				{
					OFFSET 1.621652 23.237164 5.113413
					CHANNELS 3 Zrotation Yrotation Xrotation
					JOINT LeftArm
					{
						OFFSET 14.919845 0.000000 -5.502326
						CHANNELS 3 Zrotation Yrotation Xrotation
						JOINT LeftForeArm
						{
							OFFSET 28.739309 0.000004 -0.002588
							CHANNELS 3 Zrotation Yrotation Xrotation
							JOINT LeftHand
							{
								OFFSET 27.093979 -0.000004 0.002609
								CHANNELS 3 Zrotation Yrotation Xrotation
								JOINT LeftHandThumb1
								{
									OFFSET 2.276480 -1.392046 3.191413
									CHANNELS 3 Zrotation Yrotation Xrotation
									JOINT LeftHandThumb2
									{
										OFFSET 4.012842 -1.828126 1.641655
										CHANNELS 3 Zrotation Yrotation Xrotation
										JOINT LeftHandThumb3
										{
											OFFSET 2.798517 0.000001 -0.000004
											CHANNELS 3 Zrotation Yrotation Xrotation
											JOINT LeftHandThumbEnd
											{
												OFFSET 3.180791 -0.000001 0.000004
												CHANNELS 3 Zrotation Yrotation Xrotation
												End Site
												{
													OFFSET 0.000000 0.000000 0.000000
												}
											}
										}
									}
								}
								JOINT LeftHandIndex1
								{
									OFFSET 3.247553 -0.531998 2.296169
									CHANNELS 3 Zrotation Yrotation Xrotation
									JOINT LeftHandIndex2
									{
										OFFSET 6.364580 0.012062 0.178600
										CHANNELS 3 Zrotation Yrotation Xrotation
										JOINT LeftHandIndex3
										{
											OFFSET 3.662367 0.000001 0.000000
											CHANNELS 3 Zrotation Yrotation Xrotation
											JOINT LeftHandIndex4
											{
												OFFSET 2.329242 0.000001 0.000004
												CHANNELS 3 Zrotation Yrotation Xrotation
												JOINT LeftHandIndexEnd
												{
													OFFSET 2.759619 -0.180539 -0.113023
													CHANNELS 3 Zrotation Yrotation Xrotation
													End Site
													{
														OFFSET 0.000000 0.000000 0.000000
													}
												}
											}
										}
									}
								}
								JOINT LeftHandMiddle1
								{
									OFFSET 3.163499 0.240981 1.000332
									CHANNELS 3 Zrotation Yrotation Xrotation
									JOINT LeftHandMiddle2
									{
										OFFSET 6.190778 -0.259276 -1.002548
										CHANNELS 3 Zrotation Yrotation Xrotation
										JOINT LeftHandMiddle3
										{
											OFFSET 4.356522 -0.000007 0.000000
											CHANNELS 3 Zrotation Yrotation Xrotation
											JOINT LeftHandMiddle4
											{
												OFFSET 2.996875 -0.000007 0.000001
												CHANNELS 3 Zrotation Yrotation Xrotation
												JOINT LeftHandMiddleEnd
												{
													OFFSET 2.304294 -0.294571 -0.031740
													CHANNELS 3 Zrotation Yrotation Xrotation
													End Site
													{
														OFFSET 0.000000 0.000000 0.000000
													}
												}
											}
										}
									}
								}
								JOINT LeftHandRing1
								{
									OFFSET 2.882642 -0.053650 -0.322543
									CHANNELS 3 Zrotation Yrotation Xrotation
									JOINT LeftHandRing2
									{
										OFFSET 5.854543 -0.486203 -1.373841
										CHANNELS 3 Zrotation Yrotation Xrotation
										JOINT LeftHandRing3
										{
											OFFSET 4.350579 0.000000 0.000003
											CHANNELS 3 Zrotation Yrotation Xrotation
											JOINT LeftHandRing4
											{
												OFFSET 2.651323 0.000007 0.000004
												CHANNELS 3 Zrotation Yrotation Xrotation
												JOINT LeftHandRingEnd
												{
													OFFSET 1.936111 0.077685 -0.000070
													CHANNELS 3 Zrotation Yrotation Xrotation
													End Site
													{
														OFFSET 0.000000 0.000000 0.000000
													}
												}
											}
										}
									}
								}
								JOINT LeftHandPinky1
								{
									OFFSET 2.865499 -0.310004 -1.600378
									CHANNELS 3 Zrotation Yrotation Xrotation
									JOINT LeftHandPinky2
									{
										OFFSET 5.087853 -1.331142 -1.771231
										CHANNELS 3 Zrotation Yrotation Xrotation
										JOINT LeftHandPinky3
										{
											OFFSET 3.070976 0.000004 0.000001
											CHANNELS 3 Zrotation Yrotation Xrotation
											JOINT LeftHandPinky4
											{
												OFFSET 1.549667 0.000000 0.000001
												CHANNELS 3 Zrotation Yrotation Xrotation
												JOINT LeftHandPinkyEnd
												{
													OFFSET 1.944894 -0.157802 0.057219
													CHANNELS 3 Zrotation Yrotation Xrotation
													End Site
													{
														OFFSET 0.000000 0.000000 0.000000
													}
												}
											}
										}
									}
								}
							}
						}
					}
				}
				JOINT RightShoulder
				{
					OFFSET -1.380118 23.180307 5.214158
					CHANNELS 3 Zrotation Yrotation Xrotation
					JOINT RightArm
					{
						OFFSET -15.037197 0.000012 -5.545604
						CHANNELS 3 Zrotation Yrotation Xrotation
						JOINT RightForeArm
						{
							OFFSET -28.736639 0.000003 -0.002597
							CHANNELS 3 Zrotation Yrotation Xrotation
							JOINT RightHand
							{
								OFFSET -27.133617 -0.000001 0.002613
								CHANNELS 3 Zrotation Yrotation Xrotation
								JOINT RightHandThumb1
								{
									OFFSET -2.274036 -1.383990 3.163128
									CHANNELS 3 Zrotation Yrotation Xrotation
									JOINT RightHandThumb2
									{
										OFFSET -4.011429 -1.827468 1.640914
										CHANNELS 3 Zrotation Yrotation Xrotation
										JOINT RightHandThumb3
										{
											OFFSET -2.794935 -0.000003 -0.000003
											CHANNELS 3 Zrotation Yrotation Xrotation
											JOINT RightHandThumbEnd
											{
												OFFSET -3.183855 0.000003 -0.000000
												CHANNELS 3 Zrotation Yrotation Xrotation
												End Site
												{
													OFFSET 0.000000 0.000000 0.000000
												}
											}
										}
									}
								}
								JOINT RightHandIndex1
								{
									OFFSET -3.253269 -0.520060 2.282866
									CHANNELS 3 Zrotation Yrotation Xrotation
									JOINT RightHandIndex2
									{
										OFFSET -6.341918 0.012472 0.178265
										CHANNELS 3 Zrotation Yrotation Xrotation
										JOINT RightHandIndex3
										{
											OFFSET -3.654875 -0.000009 -0.000001
											CHANNELS 3 Zrotation Yrotation Xrotation
											JOINT RightHandIndex4
											{
												OFFSET -2.327586 -0.000001 0.000001
												CHANNELS 3 Zrotation Yrotation Xrotation
												JOINT RightHandIndexEnd
												{
													OFFSET -2.761789 -0.180657 -0.113079
													CHANNELS 3 Zrotation Yrotation Xrotation
													End Site
													{
														OFFSET 0.000000 0.000000 0.000000
													}
												}
											}
										}
									}
								}
								JOINT RightHandMiddle1
								{
									OFFSET -3.168106 0.246593 1.001030
									CHANNELS 3 Zrotation Yrotation Xrotation
									JOINT RightHandMiddle2
									{
										OFFSET -6.180830 -0.258836 -1.000896
										CHANNELS 3 Zrotation Yrotation Xrotation
										JOINT RightHandMiddle3
										{
											OFFSET -4.348905 -0.000001 -0.000001
											CHANNELS 3 Zrotation Yrotation Xrotation
											JOINT RightHandMiddle4
											{
												OFFSET -3.000243 -0.000003 -0.000002
												CHANNELS 3 Zrotation Yrotation Xrotation
												JOINT RightHandMiddleEnd
												{
													OFFSET -2.302518 -0.294371 -0.031706
													CHANNELS 3 Zrotation Yrotation Xrotation
													End Site
													{
														OFFSET 0.000000 0.000000 0.000000
													}
												}
											}
										}
									}
								}
								JOINT RightHandRing1
								{
									OFFSET -2.885694 -0.067952 -0.308858
									CHANNELS 3 Zrotation Yrotation Xrotation
									JOINT RightHandRing2
									{
										OFFSET -5.854197 -0.486132 -1.373732
										CHANNELS 3 Zrotation Yrotation Xrotation
										JOINT RightHandRing3
										{
											OFFSET -4.338813 -0.000004 -0.000000
											CHANNELS 3 Zrotation Yrotation Xrotation
											JOINT RightHandRing4
											{
												OFFSET -2.654905 -0.000004 0.000003
												CHANNELS 3 Zrotation Yrotation Xrotation
												JOINT RightHandRingEnd
												{
													OFFSET -1.933571 0.077524 -0.000052
													CHANNELS 3 Zrotation Yrotation Xrotation
													End Site
													{
														OFFSET 0.000000 0.000000 0.000000
													}
												}
											}
										}
									}
								}
								JOINT RightHandPinky1
								{
									OFFSET -2.866430 -0.342798 -1.584145
									CHANNELS 3 Zrotation Yrotation Xrotation
									JOINT RightHandPinky2
									{
										OFFSET -5.091369 -1.332054 -1.772385
										CHANNELS 3 Zrotation Yrotation Xrotation
										JOINT RightHandPinky3
										{
											OFFSET -3.062666 -0.000007 0.000000
											CHANNELS 3 Zrotation Yrotation Xrotation
											JOINT RightHandPinky4
											{
												OFFSET -1.546527 0.000005 -0.000002
												CHANNELS 3 Zrotation Yrotation Xrotation
												JOINT RightHandPinkyEnd
												{
													OFFSET -1.945122 -0.157721 0.057211
													CHANNELS 3 Zrotation Yrotation Xrotation
													End Site
													{
														OFFSET 0.000000 0.000000 0.000000
													}
												}
											}
										}
									}
								}
							}
						}
					}
				}
			}
		}
	}
	JOINT LeftLeg
	{
		OFFSET 10.043214 -8.434526 2.595655
		CHANNELS 3 Zrotation Yrotation Xrotation
		JOINT LeftShin
		{
			OFFSET -0.000001 -43.221752 -0.802913
			CHANNELS 3 Zrotation Yrotation Xrotation
			JOINT LeftFoot
			{
				OFFSET 0.000001 -42.155094 -3.481523
				CHANNELS 3 Zrotation Yrotation Xrotation
				JOINT LeftToeBase
				{
					OFFSET 0.000000 -5.059475 13.231529
					CHANNELS 3 Zrotation Yrotation Xrotation
					JOINT LeftToeEnd
					{
						OFFSET -0.009607 -1.647616 6.513017
						CHANNELS 3 Zrotation Yrotation Xrotation
						End Site
						{
							OFFSET 0.000000 0.000000 0.000000
						}
					}
				}
			}
		}
	}
	JOINT RightLeg
	{
		OFFSET -10.047277 -8.295259 2.620317
		CHANNELS 3 Zrotation Yrotation Xrotation
		JOINT RightShin
		{
			OFFSET 0.000001 -43.362209 -0.805556
			CHANNELS 3 Zrotation Yrotation Xrotation
			JOINT RightFoot
			{
				OFFSET 0.000002 -42.117393 -3.478398
				CHANNELS 3 Zrotation Yrotation Xrotation
				JOINT RightToeBase
				{
					OFFSET -0.000001 -5.079609 13.284196
					CHANNELS 3 Zrotation Yrotation Xrotation
					JOINT RightToeEnd
					{
						OFFSET 0.009532 -1.634383 6.460591
						CHANNELS 3 Zrotation Yrotation Xrotation
						End Site
						{
							OFFSET 0.000000 0.000000 0.000000
						}
					}
				}
			}
		}
	}
}
MOTION
Frames: 300
Frame Time: 0.033333
0.917596 96.832458 0.171213 -5.658983 0.091448 -9.236220 3.265331 0.029116 -0.971621 0.228091 0.264249 -4.952085 3.683009 -2.288220 11.423145 -2.474833 4.475607 13.753923 0.611107 4.175667 -3.584330 -4.634965 6.284109 -8.554483 0.000077 -0.000023 0.000006 0.003935 -0.106312 0.082415 0.720295 -3.858433 -10.634095 -0.722710 3.645136 -10.616847 -16.195688 -16.741631 9.273557 -23.091221 -25.926802 -25.200171 179.649551 -73.329750 -179.630630 9.016865 8.500425 14.883089 -5.882102 9.861279 0.702591 -10.936858 -0.360574 7.156198 0.000001 8.774812 0.000000 -16.374525 17.870556 6.073211 -1.844030 2.498503 -2.507277 -10.163592 4.678940 4.621106 -20.975996 -0.000004 0.000004 -21.226255 2.451693 -3.593993 0.000001 -0.000006 -0.000001 -1.362681 2.240797 -0.746324 -21.334887 0.584911 3.008320 -13.821197 -0.000002 0.000004 -23.887131 -0.249078 -0.839482 -61.479683 2.801955 -1.465498 -0.294024 1.679684 0.833254 -14.218195 0.093215 1.300579 -34.211998 -0.287561 0.967169 -20.033180 0.964535 1.212841 -0.000001 0.000000 0.000000 -3.440385 0.788234 0.501655 -15.928167 -3.167307 2.999702 -6.338817 0.000001 0.000001 -18.123411 3.648174 -4.905661 -0.000004 0.000002 -0.000002 15.183436 19.820885 11.960958 50.547649 47.382004 12.335496 -178.751862 57.999668 -179.172867 -14.784304 4.274738 -4.133718 2.243540 -5.255033 -3.180154 14.282878 -0.826595 6.952496 -0.000001 -12.690590 0.000001 16.050163 -18.084208 2.906039 1.665664 -1.955919 -2.878296 4.727795 -4.170584 4.993919 11.020513 0.000003 -0.000001 12.109030 -3.735710 -2.866779 -0.000000 -0.000001 0.000000 1.291984 -1.928548 -1.498090 14.800114 0.567467 3.865603 14.242553 -1.341734 -6.660647 19.631941 0.143925 -0.648242 49.514034 -0.772219 -6.092299 0.353028 -1.511149 -0.031941 20.222771 3.684306 2.316628 18.787247 0.000005 0.000001 10.751612 -0.479866 1.397905 -0.000000 0.000001 0.000001 3.273804 0.305946 -0.580110 21.486790 11.830364 2.266132 8.162916 0.000002 0.000000 18.399055 -3.798982 -4.940567 0.000002 -0.000002 0.000001 17.562279 -0.572271 -10.623587 -0.123190 -0.529357 24.364775 -13.726958 10.707991 -4.830315 1.650515 -2.021713 -1.860876 0.000000 -0.000000 0.000002 1.720295 4.232106 17.958660 -0.058074 0.167711 5.361284 8.521990 -6.836273 -11.851883 -1.457633 1.203389 -1.148524 -0.000000 -0.000000 -0.000001 
0.913779 96.833878 0.224570 -5.673812 -0.081825 -9.281369 3.288729 0.029510 -1.065948 0.232262 0.134921 -5.006894 3.776299 -2.204952 11.542498 -2.477486 4.454337 13.807471 0.589106 4.249759 -3.606707 -4.762165 6.450020 -8.436865 0.000077 -0.000023 0.000006 0.011096 -0.112909 0.090763 0.713050 -3.860993 -10.639715 -0.705692 3.643992 -10.631940 -16.331432 -16.664949 9.244102 -23.319462 -25.763397 -25.203739 -179.986572 -73.469414 179.984497 8.993417 8.147284 14.927456 -5.882102 9.861278 0.702589 -10.936861 -0.360575 7.156196 -0.000001 8.774812 -0.000003 -16.291828 17.697708 6.084438 -1.844030 2.498503 -2.507276 -10.163589 4.678937 4.621102 -20.975996 -0.000004 0.000003 -21.226254 2.451690 -3.593993 0.000002 -0.000006 -0.000000 -1.362680 2.240795 -0.746324 -21.334888 0.584909 3.008319 -13.821195 -0.000003 0.000004 -23.887133 -0.249078 -0.839483 -61.410725 2.686062 -1.380039 -0.294024 1.679686 0.833255 -14.218190 0.093217 1.300578 -34.212002 -0.287567 0.967168 -20.033176 0.964533 1.212840 0.000000 0.000001 0.000000 -3.440386 0.788231 0.501655 -15.928167 -3.167304 2.999703 -6.338818 0.000000 0.000002 -18.123415 3.648173 -4.905662 -0.000004 0.000001 -0.000002 15.498714 19.772987 12.091077 50.561737 47.247841 12.563444 -178.835861 57.964184 -179.249680 -14.675721 4.265272 -4.525616 2.243540 -5.255033 -3.180156 14.282877 -0.826593 6.952499 -0.000004 -12.690591 0.000000 16.002800 -17.906549 2.939240 1.665665 -1.955920 -2.878297 4.727793 -4.170584 4.993918 11.020511 0.000004 -0.000001 12.109030 -3.735708 -2.866781 -0.000001 -0.000001 0.000002 1.291984 -1.928548 -1.498087 14.800111 0.567470 3.865602 14.242550 -1.341734 -6.660648 19.631937 0.143926 -0.648243 49.439240 -0.693974 -5.990819 0.353028 -1.511149 -0.031940 20.222767 3.684307 2.316630 18.787243 0.000006 0.000000 10.751609 -0.479867 1.397903 -0.000000 0.000001 0.000001 3.273803 0.305947 -0.580110 21.486788 11.830365 2.266132 8.162916 0.000002 0.000000 18.399052 -3.798978 -4.940566 0.000002 0.000000 0.000000 17.613472 -0.651333 -10.467959 -0.129174 -0.487145 24.365381 -13.655022 10.961147 -4.913275 1.650294 -2.008716 -1.881339 0.000000 -0.000000 0.000002 1.754450 4.320881 18.077711 -0.073917 0.155022 5.248689 8.435740 -6.762698 -11.757889 -1.455294 1.178046 -1.197811 0.000000 -0.000000 -0.000001 
0.922564 96.814499 0.256408 -5.692536 -0.197393 -9.314171 3.307424 0.030814 -1.157356 0.225957 0.026454 -5.068959 3.881005 -2.157027 11.634680 -2.456084 4.449577 13.873500 0.584513 4.251522 -3.628693 -4.874918 6.576189 -8.360872 0.000077 -0.000023 0.000006 0.013671 -0.126232 0.099264 0.707433 -3.874896 -10.639896 -0.691697 3.614150 -10.635565 -16.450840 -16.627493 9.198706 -23.629929 -25.629921 -25.105625 -179.395325 -73.604813 179.411407 9.064976 7.747042 15.149922 -5.882102 9.861279 0.702589 -10.936857 -0.360573 7.156196 0.000001 8.774812 0.000001 -16.256580 17.593195 6.080435 -1.844031 2.498502 -2.507275 -10.163589 4.678942 4.621104 -20.975992 -0.000004 0.000001 -21.226250 2.451688 -3.593993 0.000000 -0.000006 -0.000001 -1.362680 2.240797 -0.746322 -21.334892 0.584908 3.008321 -13.821194 -0.000002 0.000004 -23.887123 -0.249079 -0.839483 -61.319939 2.628239 -1.350702 -0.294024 1.679687 0.833255 -14.218190 0.093216 1.300579 -34.211998 -0.287565 0.967168 -20.033175 0.964536 1.212842 0.000000 0.000001 0.000001 -3.440385 0.788232 0.501656 -15.928165 -3.167305 2.999703 -6.338817 -0.000001 0.000001 -18.123411 3.648174 -4.905662 -0.000004 0.000001 -0.000002 15.812696 19.690020 12.203426 50.592098 47.087658 12.642402 -179.062027 57.891895 -179.399414 -14.614418 4.302413 -5.085244 2.243540 -5.255033 -3.180156 14.282878 -0.826594 6.952495 -0.000003 -12.690592 0.000001 15.879588 -17.768108 2.924606 1.665664 -1.955919 -2.878294 4.727794 -4.170584 4.993917 11.020513 0.000004 0.000001 12.109034 -3.735711 -2.866779 -0.000001 0.000001 -0.000000 1.291984 -1.928548 -1.498088 14.800113 0.567469 3.865603 14.242553 -1.341734 -6.660648 19.631939 0.143927 -0.648242 49.321693 -0.611538 -5.990094 0.353028 -1.511149 -0.031940 20.222767 3.684309 2.316628 18.787247 0.000006 -0.000001 10.751612 -0.479868 1.397905 -0.000000 0.000000 0.000001 3.273805 0.305947 -0.580111 21.486792 11.830367 2.266129 8.162917 0.000003 -0.000001 18.399050 -3.798978 -4.940566 0.000003 -0.000002 0.000001 17.653898 -0.724625 -10.427478 -0.123360 -0.426409 24.491364 -13.669363 11.131264 -5.034164 1.651513 -1.998501 -1.815892 0.000000 -0.000001 0.000002 1.780544 4.378068 18.148689 -0.078942 0.144006 5.197082 8.332932 -6.651100 -11.795942 -1.454642 1.170845 -1.187356 0.000000 0.000000 -0.000001 
0.968951 96.778587 0.326048 -5.720356 -0.309119 -9.329576 3.336776 0.042586 -1.226071 0.226554 -0.071961 -5.111056 3.968441 -2.157743 11.680056 -2.448284 4.467910 13.891540 0.590138 4.237808 -3.638330 -4.984779 6.644409 -8.301459 0.000077 -0.000023 0.000006 0.015080 -0.132877 0.104352 0.705067 -3.877570 -10.636195 -0.686748 3.605051 -10.643798 -16.495386 -16.581848 9.153488 -23.972095 -25.539986 -25.004362 -178.919739 -73.679405 178.965912 9.148427 7.378231 15.433336 -5.882100 9.861279 0.702590 -10.936858 -0.360571 7.156196 0.000001 8.774814 -0.000001 -16.197077 17.511723 6.101264 -1.844030 2.498503 -2.507277 -10.163589 4.678941 4.621103 -20.975994 -0.000003 0.000004 -21.226255 2.451693 -3.593995 0.000001 -0.000005 0.000000 -1.362681 2.240797 -0.746322 -21.334890 0.584910 3.008320 -13.821197 -0.000001 0.000004 -23.887129 -0.249077 -0.839482 -61.193649 2.616138 -1.330853 -0.294027 1.679685 0.833254 -14.218194 0.093215 1.300580 -34.212002 -0.287563 0.967169 -20.033180 0.964534 1.212843 -0.000001 0.000001 -0.000000 -3.440385 0.788232 0.501655 -15.928167 -3.167308 2.999703 -6.338817 0.000001 0.000002 -18.123413 3.648177 -4.905663 -0.000004 0.000002 -0.000001 15.993046 19.610794 12.239947 50.727249 46.995960 12.681191 -179.343048 57.758720 -179.623993 -14.611795 4.296014 -5.588015 2.243540 -5.255031 -3.180154 14.282878 -0.826595 6.952496 -0.000004 -12.690588 0.000001 15.802529 -17.697208 2.930560 1.665666 -1.955920 -2.878298 4.727793 -4.170582 4.993917 11.020513 0.000004 0.000000 12.109034 -3.735709 -2.866780 -0.000001 0.000000 -0.000000 1.291985 -1.928548 -1.498088 14.800114 0.567466 3.865602 14.242554 -1.341734 -6.660645 19.631941 0.143925 -0.648243 49.343670 -0.589038 -5.954302 0.353029 -1.511149 -0.031940 20.222773 3.684305 2.316629 18.787251 0.000005 -0.000002 10.751614 -0.479868 1.397903 -0.000001 0.000000 0.000001 3.273804 0.305947 -0.580109 21.486795 11.830362 2.266131 8.162916 0.000003 0.000000 18.399054 -3.798981 -4.940565 0.000003 -0.000002 -0.000000 17.683922 -0.725638 -10.459332 -0.120891 -0.383035 24.774689 -13.696770 11.192094 -5.249473 1.650144 -1.994859 -1.749498 -0.000000 0.000000 0.000002 1.792510 4.441562 18.259615 -0.075237 0.124771 5.060427 8.289948 -6.546517 -11.846477 -1.457856 1.180527 -1.164591 0.000000 0.000000 -0.000001 
0.958916 96.744904 0.377866 -5.744232 -0.412866 -9.342982 3.363836 0.038423 -1.268056 0.235026 -0.129432 -5.119211 4.047345 -2.171169 11.667237 -2.488379 4.457369 13.867240 0.613204 4.266398 -3.653898 -5.066833 6.674745 -8.214491 0.000077 -0.000023 0.000006 0.016668 -0.126146 0.103800 0.704565 -3.863103 -10.625026 -0.684987 3.609603 -10.633428 -16.528357 -16.541729 9.124367 -24.276821 -25.462936 -24.974501 -178.317673 -73.641335 178.375366 9.272474 7.041949 15.621054 -5.882102 9.861278 0.702590 -10.936859 -0.360577 7.156198 0.000000 8.774814 -0.000001 -16.178865 17.473400 6.080131 -1.844029 2.498501 -2.507277 -10.163589 4.678938 4.621103 -20.975994 -0.000002 0.000003 -21.226254 2.451692 -3.593992 0.000001 -0.000006 -0.000000 -1.362680 2.240795 -0.746323 -21.334892 0.584908 3.008321 -13.821195 -0.000001 0.000003 -23.887129 -0.249080 -0.839481 -61.079052 2.627827 -1.383231 -0.294025 1.679685 0.833255 -14.218190 0.093214 1.300580 -34.211998 -0.287563 0.967171 -20.033178 0.964533 1.212842 0.000000 0.000000 0.000000 -3.440387 0.788234 0.501656 -15.928165 -3.167309 2.999702 -6.338816 -0.000001 0.000002 -18.123415 3.648175 -4.905662 -0.000004 0.000001 -0.000002 16.072397 19.564064 12.241942 50.801693 46.925030 12.687081 -179.448120 57.558983 -179.715805 -14.621455 4.256454 -6.029913 2.243540 -5.255031 -3.180155 14.282878 -0.826595 6.952496 -0.000001 -12.690591 0.000001 15.803735 -17.626587 2.914221 1.665666 -1.955920 -2.878298 4.727795 -4.170584 4.993920 11.020514 0.000004 -0.000001 12.109035 -3.735708 -2.866781 -0.000001 0.000001 -0.000000 1.291984 -1.928547 -1.498088 14.800114 0.567467 3.865602 14.242553 -1.341733 -6.660650 19.631941 0.143926 -0.648245 49.388969 -0.540817 -5.939802 0.353027 -1.511149 -0.031941 20.222771 3.684305 2.316625 18.787249 0.000005 -0.000004 10.751612 -0.479869 1.397902 -0.000001 0.000000 0.000000 3.273806 0.305946 -0.580111 21.486790 11.830364 2.266125 8.162916 0.000002 -0.000001 18.399054 -3.798978 -4.940568 0.000002 -0.000003 -0.000000 17.735689 -0.719576 -10.466035 -0.102679 -0.356231 24.970444 -13.755999 11.252634 -5.404876 1.645964 -2.001416 -1.707487 0.000000 0.000000 0.000002 1.821240 4.492980 18.318043 -0.071504 0.098138 5.012568 8.276882 -6.452841 -11.937208 -1.462186 1.196173 -1.161632 0.000000 -0.000000 -0.000001 
0.956730 96.733078 0.406033 -5.754907 -0.497894 -9.338673 3.386659 0.025976 -1.303372 0.248992 -0.153436 -5.125253 4.095900 -2.194886 11.652461 -2.530114 4.419447 13.801742 0.636338 4.336555 -3.654675 -5.120821 6.707368 -8.106133 0.000077 -0.000023 0.000006 0.017264 -0.133191 0.103720 0.708586 -3.863408 -10.622735 -0.690608 3.605152 -10.630589 -16.531197 -16.522802 9.082365 -24.496258 -25.419411 -24.973305 -178.037933 -73.617981 178.103668 9.316269 6.810851 15.713023 -5.882101 9.861279 0.702589 -10.936861 -0.360575 7.156197 0.000000 8.774815 -0.000001 -16.099184 17.378227 6.050138 -1.844030 2.498503 -2.507277 -10.163589 4.678941 4.621104 -20.975994 -0.000004 -0.000000 -21.226254 2.451692 -3.593995 0.000001 -0.000006 -0.000001 -1.362680 2.240796 -0.746324 -21.334887 0.584912 3.008318 -13.821197 -0.000002 0.000001 -23.887131 -0.249078 -0.839483 -60.948814 2.620468 -1.401706 -0.294025 1.679685 0.833254 -14.218194 0.093215 1.300579 -34.212006 -0.287562 0.967169 -20.033178 0.964536 1.212841 -0.000001 0.000000 0.000000 -3.440386 0.788230 0.501653 -15.928171 -3.167305 2.999703 -6.338817 0.000001 0.000001 -18.123417 3.648174 -4.905662 -0.000004 0.000001 -0.000002 16.142818 19.516325 12.208462 50.830212 46.944874 12.731050 -179.422577 57.368874 -179.722382 -14.643819 4.224563 -6.346650 2.243539 -5.255033 -3.180155 14.282875 -0.826594 6.952497 -0.000002 -12.690590 0.000000 15.837051 -17.622253 2.904543 1.665666 -1.955921 -2.878297 4.727794 -4.170583 4.993918 11.020513 0.000002 0.000001 12.109030 -3.735709 -2.866779 -0.000001 0.000001 0.000001 1.291983 -1.928547 -1.498088 14.800113 0.567468 3.865604 14.242551 -1.341735 -6.660648 19.631941 0.143927 -0.648245 49.411057 -0.556514 -5.933438 0.353028 -1.511149 -0.031940 20.222769 3.684305 2.316627 18.787245 0.000006 -0.000002 10.751610 -0.479870 1.397904 -0.000000 0.000000 0.000002 3.273805 0.305946 -0.580110 21.486794 11.830363 2.266132 8.162919 0.000003 -0.000001 18.399054 -3.798976 -4.940566 0.000003 -0.000002 -0.000000 17.700117 -0.678797 -10.416078 -0.099868 -0.342414 25.046314 -13.729078 11.318154 -5.623656 1.643789 -2.000991 -1.691162 0.000000 -0.000000 0.000002 1.830391 4.536784 18.345976 -0.065924 0.088102 4.951383 8.303218 -6.407990 -11.962043 -1.465665 1.203748 -1.171123 0.000000 0.000000 -0.000001 
0.968467 96.732674 0.416090 -5.751208 -0.587422 -9.320163 3.396097 0.020467 -1.324766 0.265281 -0.178710 -5.128076 4.129277 -2.210652 11.605453 -2.567152 4.377306 13.740008 0.652853 4.428752 -3.665548 -5.164767 6.700350 -8.000162 0.000077 -0.000022 0.000006 0.015469 -0.116066 0.100658 0.708771 -3.844979 -10.623597 -0.691644 3.603750 -10.625987 -16.515846 -16.521727 9.007477 -24.684315 -25.361609 -24.992519 -177.698853 -73.538139 177.815033 9.317380 6.651837 15.706357 -5.882102 9.861279 0.702591 -10.936857 -0.360576 7.156198 0.000002 8.774814 -0.000000 -16.069309 17.340143 6.008926 -1.844032 2.498502 -2.507276 -10.163590 4.678939 4.621105 -20.975994 -0.000003 0.000005 -21.226254 2.451694 -3.593992 0.000000 -0.000007 0.000000 -1.362681 2.240798 -0.746323 -21.334894 0.584906 3.008321 -13.821197 -0.000003 0.000005 -23.887131 -0.249078 -0.839480 -60.877888 2.603408 -1.450945 -0.294025 1.679687 0.833255 -14.218192 0.093213 1.300577 -34.212006 -0.287568 0.967170 -20.033180 0.964534 1.212843 -0.000001 0.000000 0.000001 -3.440387 0.788233 0.501656 -15.928167 -3.167307 2.999702 -6.338817 -0.000001 0.000001 -18.123415 3.648174 -4.905663 -0.000003 0.000001 -0.000001 16.225451 19.447449 12.196173 50.837982 46.984180 12.747527 -179.420700 57.165398 -179.714569 -14.666457 4.241795 -6.611293 2.243540 -5.255033 -3.180153 14.282879 -0.826594 6.952497 -0.000003 -12.690592 -0.000001 15.834388 -17.628017 2.893189 1.665665 -1.955920 -2.878297 4.727794 -4.170583 4.993918 11.020513 0.000002 0.000001 12.109034 -3.735712 -2.866779 -0.000001 -0.000000 0.000001 1.291984 -1.928549 -1.498088 14.800111 0.567469 3.865604 14.242551 -1.341734 -6.660647 19.631941 0.143924 -0.648242 49.407360 -0.580877 -5.918301 0.353027 -1.511148 -0.031941 20.222773 3.684307 2.316629 18.787249 0.000004 -0.000002 10.751612 -0.479868 1.397904 -0.000000 0.000001 -0.000000 3.273804 0.305947 -0.580110 21.486795 11.830366 2.266131 8.162918 0.000001 -0.000002 18.399055 -3.798980 -4.940567 0.000003 -0.000001 0.000002 17.709368 -0.658383 -10.389320 -0.090459 -0.341143 25.064610 -13.758911 11.383112 -5.663429 1.640539 -2.000392 -1.662136 0.000000 0.000000 0.000002 1.807869 4.553840 18.318569 -0.063727 0.079584 4.965680 8.343175 -6.334106 -11.968077 -1.467154 1.206060 -1.185936 -0.000000 0.000000 -0.000001 
0.954270 96.747414 0.439890 -5.734176 -0.659925 -9.294440 3.389375 0.013732 -1.348930 0.274816 -0.185524 -5.117574 4.155248 -2.242105 11.562532 -2.579421 4.339102 13.652803 0.660185 4.512728 -3.676111 -5.198540 6.671672 -7.911579 0.000077 -0.000022 0.000006 0.014602 -0.105838 0.102232 0.712045 -3.836647 -10.633346 -0.696785 3.619430 -10.643783 -16.503366 -16.547638 8.942225 -24.800398 -25.312437 -24.942778 -177.780121 -73.485405 177.896118 9.295672 6.434556 15.821605 -5.882102 9.861279 0.702590 -10.936861 -0.360574 7.156198 0.000000 8.774813 -0.000001 -16.042133 17.312941 6.002683 -1.844031 2.498503 -2.507276 -10.163589 4.678940 4.621103 -20.975994 -0.000001 0.000002 -21.226254 2.451693 -3.593994 0.000001 -0.000006 -0.000000 -1.362680 2.240796 -0.746323 -21.334890 0.584909 3.008322 -13.821197 -0.000003 0.000004 -23.887129 -0.249077 -0.839479 -60.848976 2.594217 -1.471719 -0.294025 1.679687 0.833253 -14.218194 0.093215 1.300578 -34.212006 -0.287563 0.967173 -20.033180 0.964536 1.212842 0.000001 -0.000000 0.000001 -3.440386 0.788233 0.501654 -15.928167 -3.167307 2.999703 -6.338818 0.000000 0.000002 -18.123411 3.648178 -4.905660 -0.000003 0.000001 -0.000002 16.343132 19.372320 12.177006 50.811665 47.052246 12.731435 -179.463715 56.997414 -179.741653 -14.704941 4.295143 -6.803392 2.243541 -5.255032 -3.180155 14.282877 -0.826594 6.952495 0.000000 -12.690590 -0.000000 15.837471 -17.644094 2.888725 1.665665 -1.955920 -2.878299 4.727794 -4.170584 4.993918 11.020513 0.000003 -0.000001 12.109033 -3.735712 -2.866780 0.000000 0.000001 0.000000 1.291984 -1.928548 -1.498087 14.800114 0.567467 3.865603 14.242554 -1.341735 -6.660648 19.631939 0.143925 -0.648245 49.375706 -0.614119 -5.914076 0.353028 -1.511150 -0.031939 20.222769 3.684306 2.316624 18.787249 0.000005 -0.000002 10.751610 -0.479868 1.397902 0.000000 0.000000 -0.000001 3.273804 0.305946 -0.580110 21.486790 11.830363 2.266130 8.162917 0.000002 0.000000 18.399054 -3.798979 -4.940568 0.000003 -0.000002 -0.000000 17.703381 -0.651871 -10.344219 -0.088753 -0.329825 24.973198 -13.751231 11.421857 -5.628905 1.639111 -1.993244 -1.636474 0.000000 -0.000000 0.000002 1.783148 4.567329 18.301939 -0.063100 0.078133 4.954022 8.320974 -6.294520 -11.913012 -1.468154 1.195547 -1.204145 0.000000 0.000000 -0.000001 
0.967525 96.770584 0.464264 -5.723110 -0.732197 -9.280375 3.386069 0.016833 -1.357157 0.280320 -0.211571 -5.130572 4.181303 -2.256517 11.545983 -2.580648 4.302689 13.566723 0.673102 4.588583 -3.685850 -5.218372 6.639303 -7.810857 0.000077 -0.000023 0.000006 0.013173 -0.109190 0.104761 0.712430 -3.837099 -10.653703 -0.697941 3.619428 -10.657556 -16.489704 -16.589424 8.886183 -24.847258 -25.232620 -24.876760 -177.892578 -73.398354 177.973129 9.320194 6.230559 15.946237 -5.882102 9.861279 0.702590 -10.936857 -0.360572 7.156199 0.000001 8.774813 -0.000001 -16.024830 17.284086 6.004481 -1.844029 2.498503 -2.507277 -10.163589 4.678939 4.621106 -20.975992 -0.000004 0.000005 -21.226250 2.451694 -3.593992 0.000001 -0.000007 -0.000000 -1.362682 2.240797 -0.746322 -21.334887 0.584908 3.008322 -13.821195 -0.000002 0.000004 -23.887125 -0.249077 -0.839480 -60.816902 2.599046 -1.482951 -0.294024 1.679687 0.833255 -14.218192 0.093212 1.300581 -34.212002 -0.287561 0.967172 -20.033176 0.964538 1.212842 0.000000 0.000000 0.000000 -3.440385 0.788231 0.501654 -15.928167 -3.167307 2.999707 -6.338817 0.000001 0.000003 -18.123413 3.648177 -4.905661 -0.000003 0.000001 -0.000002 16.472517 19.292879 12.192859 50.720852 47.175877 12.592962 -179.567963 56.917782 -179.799789 -14.726940 4.396944 -7.040107 2.243540 -5.255032 -3.180154 14.282877 -0.826595 6.952497 -0.000002 -12.690588 -0.000001 15.810647 -17.648746 2.884891 1.665665 -1.955920 -2.878296 4.727794 -4.170583 4.993918 11.020513 0.000003 0.000002 12.109033 -3.735709 -2.866779 -0.000001 0.000001 0.000002 1.291984 -1.928547 -1.498089 14.800111 0.567467 3.865603 14.242553 -1.341733 -6.660647 19.631937 0.143925 -0.648243 49.283165 -0.649313 -5.904382 0.353028 -1.511149 -0.031941 20.222771 3.684304 2.316631 18.787245 0.000005 -0.000000 10.751610 -0.479868 1.397904 -0.000000 0.000000 0.000001 3.273803 0.305946 -0.580109 21.486790 11.830360 2.266133 8.162916 0.000001 0.000001 18.399054 -3.798980 -4.940565 0.000003 -0.000003 0.000001 17.692122 -0.691408 -10.267025 -0.089642 -0.328534 24.868509 -13.722229 11.484973 -5.598522 1.639670 -1.989130 -1.648523 0.000000 0.000000 0.000002 1.748527 4.554560 18.316359 -0.066243 0.071782 4.898233 8.301764 -6.220546 -11.792229 -1.469057 1.185657 -1.247220 0.000000 0.000000 -0.000001 
0.946256 96.780090 0.465456 -5.713066 -0.771404 -9.253944 3.389376 0.005704 -1.379831 0.279803 -0.216163 -5.116735 4.209144 -2.241828 11.519385 -2.575552 4.252688 13.475811 0.693819 4.613649 -3.686071 -5.234197 6.611822 -7.733979 0.000077 -0.000023 0.000006 0.013255 -0.109092 0.107779 0.713563 -3.835583 -10.649095 -0.699792 3.614283 -10.657660 -16.503254 -16.646997 8.871487 -24.841038 -25.249548 -24.844822 -177.935623 -73.351532 178.025711 9.272923 6.053434 16.050781 -5.882099 9.861278 0.702589 -10.936859 -0.360573 7.156196 0.000000 8.774814 -0.000000 -16.033562 17.260435 5.962034 -1.844032 2.498501 -2.507274 -10.163589 4.678941 4.621105 -20.975994 -0.000002 0.000001 -21.226254 2.451694 -3.593995 0.000001 -0.000007 -0.000001 -1.362680 2.240798 -0.746321 -21.334887 0.584906 3.008317 -13.821195 -0.000001 0.000003 -23.887133 -0.249080 -0.839482 -60.749081 2.578336 -1.508645 -0.294026 1.679686 0.833255 -14.218192 0.093215 1.300578 -34.212002 -0.287564 0.967169 -20.033180 0.964532 1.212841 0.000000 0.000000 0.000001 -3.440384 0.788234 0.501655 -15.928167 -3.167306 2.999704 -6.338816 0.000000 0.000001 -18.123413 3.648175 -4.905661 -0.000004 0.000001 -0.000002 16.578175 19.193060 12.199734 50.604889 47.234989 12.380693 -179.758011 56.790321 -179.939880 -14.768027 4.459501 -7.244802 2.243538 -5.255032 -3.180155 14.282875 -0.826593 6.952497 -0.000005 -12.690591 0.000001 15.788217 -17.648344 2.886013 1.665664 -1.955920 -2.878297 4.727793 -4.170584 4.993919 11.020511 0.000005 0.000000 12.109033 -3.735710 -2.866779 0.000000 0.000001 0.000001 1.291984 -1.928547 -1.498089 14.800113 0.567469 3.865605 14.242550 -1.341733 -6.660647 19.631939 0.143928 -0.648242 49.219181 -0.663703 -5.939323 0.353028 -1.511149 -0.031940 20.222765 3.684306 2.316629 18.787245 0.000007 0.000001 10.751609 -0.479868 1.397905 -0.000001 0.000001 -0.000001 3.273804 0.305947 -0.580110 21.486790 11.830362 2.266131 8.162917 0.000001 0.000001 18.399052 -3.798977 -4.940566 0.000003 -0.000003 -0.000000 17.697748 -0.728569 -10.240568 -0.083876 -0.326977 24.793631 -13.690157 11.540505 -5.563527 1.638736 -1.984868 -1.662091 -0.000000 0.000000 0.000002 1.732308 4.536333 18.269222 -0.065653 0.078474 4.933614 8.281875 -6.193293 -11.777420 -1.470922 1.177760 -1.282904 0.000000 -0.000000 -0.000001 
0.909290 96.798180 0.453972 -5.699701 -0.807409 -9.238215 3.392855 0.010767 -1.399492 0.275553 -0.246263 -5.136560 4.224158 -2.231717 11.540617 -2.559242 4.223156 13.392601 0.722532 4.600621 -3.686381 -5.255398 6.607285 -7.676641 0.000077 -0.000023 0.000006 0.014080 -0.126070 0.110854 0.711209 -3.851315 -10.649996 -0.697166 3.598848 -10.656723 -16.525009 -16.681284 8.882102 -24.779825 -25.286209 -24.869333 -177.909637 -73.303474 178.020996 9.223982 5.954461 16.100584 -5.882101 9.861278 0.702589 -10.936858 -0.360574 7.156198 -0.000001 8.774812 -0.000002 -16.039635 17.228558 5.942434 -1.844030 2.498502 -2.507277 -10.163589 4.678939 4.621101 -20.976000 -0.000003 0.000002 -21.226255 2.451692 -3.593994 0.000000 -0.000007 0.000000 -1.362680 2.240797 -0.746324 -21.334890 0.584909 3.008317 -13.821197 -0.000002 0.000002 -23.887131 -0.249076 -0.839483 -60.719353 2.565976 -1.526665 -0.294026 1.679687 0.833255 -14.218194 0.093215 1.300577 -34.211998 -0.287568 0.967168 -20.033178 0.964535 1.212839 -0.000001 0.000000 0.000000 -3.440387 0.788232 0.501655 -15.928169 -3.167308 2.999703 -6.338817 0.000001 0.000001 -18.123415 3.648175 -4.905662 -0.000004 -0.000000 -0.000002 16.697315 19.117367 12.223973 50.502625 47.283710 12.201028 -179.961227 56.682465 179.952927 -14.808659 4.524838 -7.330140 2.243540 -5.255033 -3.180155 14.282877 -0.826593 6.952500 -0.000002 -12.690592 0.000001 15.805926 -17.649343 2.863149 1.665664 -1.955920 -2.878297 4.727792 -4.170582 4.993919 11.020513 0.000004 0.000000 12.109033 -3.735710 -2.866779 0.000000 0.000001 0.000001 1.291985 -1.928547 -1.498088 14.800109 0.567469 3.865605 14.242548 -1.341734 -6.660647 19.631941 0.143926 -0.648241 49.220848 -0.650100 -5.974785 0.353030 -1.511149 -0.031939 20.222767 3.684307 2.316629 18.787247 0.000005 -0.000001 10.751610 -0.479869 1.397904 -0.000000 0.000002 -0.000000 3.273804 0.305948 -0.580110 21.486794 11.830365 2.266131 8.162916 0.000003 0.000001 18.399054 -3.798980 -4.940567 0.000003 -0.000003 -0.000000 17.684244 -0.760663 -10.171187 -0.084661 -0.332788 24.644539 -13.656979 11.621798 -5.529544 1.637742 -1.980657 -1.677761 -0.000000 0.000000 0.000002 1.712619 4.501702 18.212324 -0.059219 0.066450 4.999344 8.260467 -6.147845 -11.738050 -1.473378 1.171060 -1.313987 0.000000 -0.000000 -0.000001 
0.918832 96.789246 0.464067 -5.706826 -0.828916 -9.230084 3.402312 0.016554 -1.412803 0.275345 -0.262390 -5.122593 4.249276 -2.238413 11.537715 -2.540293 4.209283 13.330539 0.729654 4.599257 -3.696063 -5.251290 6.574638 -7.634036 0.000077 -0.000023 0.000006 0.012063 -0.122514 0.115589 0.710456 -3.851919 -10.646057 -0.698755 3.598933 -10.657866 -16.575275 -16.721735 8.895873 -24.706547 -25.331659 -24.893250 -177.734299 -73.243668 177.920837 9.187079 5.869091 16.118858 -5.882102 9.861278 0.702589 -10.936858 -0.360578 7.156196 0.000001 8.774814 -0.000002 -16.034372 17.202997 5.919313 -1.844031 2.498503 -2.507275 -10.163589 4.678938 4.621103 -20.975996 -0.000002 0.000000 -21.226254 2.451690 -3.593992 0.000001 -0.000007 -0.000000 -1.362681 2.240796 -0.746322 -21.334892 0.584908 3.008318 -13.821197 -0.000002 0.000002 -23.887131 -0.249079 -0.839480 -60.710938 2.544742 -1.524970 -0.294025 1.679688 0.833256 -14.218194 0.093215 1.300578 -34.212002 -0.287565 0.967169 -20.033180 0.964532 1.212841 0.000000 0.000000 0.000000 -3.440386 0.788233 0.501655 -15.928169 -3.167307 2.999703 -6.338817 0.000000 0.000003 -18.123415 3.648175 -4.905662 -0.000004 0.000001 -0.000002 16.787241 19.068073 12.240598 50.406677 47.307636 12.105390 -179.969818 56.600811 179.963516 -14.806531 4.595906 -7.232581 2.243539 -5.255033 -3.180155 14.282878 -0.826593 6.952496 -0.000001 -12.690592 -0.000001 15.801200 -17.662947 2.895047 1.665664 -1.955919 -2.878295 4.727795 -4.170582 4.993918 11.020511 0.000003 0.000002 12.109034 -3.735709 -2.866778 -0.000001 -0.000000 0.000001 1.291985 -1.928548 -1.498087 14.800117 0.567468 3.865604 14.242553 -1.341736 -6.660645 19.631939 0.143924 -0.648242 49.217133 -0.649520 -5.976433 0.353028 -1.511150 -0.031939 20.222773 3.684307 2.316628 18.787247 0.000005 -0.000000 10.751611 -0.479868 1.397904 -0.000000 0.000000 0.000001 3.273804 0.305948 -0.580109 21.486792 11.830361 2.266134 8.162918 0.000002 -0.000002 18.399052 -3.798981 -4.940566 0.000003 -0.000003 -0.000000 17.692387 -0.795383 -10.203671 -0.081690 -0.318347 24.713348 -13.655460 11.670961 -5.566407 1.638821 -1.980136 -1.707671 -0.000000 -0.000000 0.000002 1.709677 4.487794 18.232698 -0.065281 0.078474 4.938129 8.257107 -6.128976 -11.752689 -1.474033 1.167526 -1.330698 -0.000000 -0.000000 -0.000001 
0.875889 96.789093 0.401115 -5.708127 -0.834922 -9.226268 3.407814 0.025059 -1.425560 0.271148 -0.275287 -5.129183 4.263037 -2.255255 11.565968 -2.529053 4.194659 13.255565 0.742248 4.625086 -3.703001 -5.229518 6.527243 -7.597943 0.000077 -0.000023 0.000006 0.013910 -0.122558 0.117713 0.711335 -3.855175 -10.652445 -0.695513 3.599046 -10.657336 -16.599129 -16.728741 8.890918 -24.638132 -25.405691 -24.877335 -177.744980 -73.245399 177.943161 9.110095 5.828001 16.124008 -5.882100 9.861279 0.702589 -10.936858 -0.360573 7.156195 0.000001 8.774811 -0.000000 -16.025723 17.147661 5.887659 -1.844032 2.498502 -2.507278 -10.163587 4.678941 4.621100 -20.975992 -0.000003 -0.000003 -21.226255 2.451691 -3.593997 0.000000 -0.000008 -0.000000 -1.362681 2.240795 -0.746324 -21.334892 0.584908 3.008318 -13.821194 -0.000002 0.000000 -23.887129 -0.249080 -0.839486 -60.664673 2.537835 -1.525193 -0.294026 1.679687 0.833256 -14.218189 0.093216 1.300578 -34.211998 -0.287563 0.967165 -20.033176 0.964534 1.212839 0.000001 0.000000 0.000000 -3.440384 0.788231 0.501654 -15.928164 -3.167304 2.999700 -6.338816 0.000001 -0.000000 -18.123413 3.648174 -4.905665 -0.000004 0.000001 -0.000002 16.842453 19.044701 12.269516 50.312504 47.346119 11.964660 179.990952 56.554832 179.886475 -14.840725 4.662813 -7.118995 2.243538 -5.255033 -3.180156 14.282875 -0.826592 6.952497 -0.000002 -12.690592 -0.000001 15.834406 -17.658257 2.901370 1.665666 -1.955921 -2.878298 4.727794 -4.170582 4.993919 11.020510 0.000005 -0.000000 12.109032 -3.735708 -2.866780 -0.000001 -0.000000 0.000000 1.291985 -1.928547 -1.498088 14.800111 0.567470 3.865605 14.242551 -1.341733 -6.660649 19.631937 0.143925 -0.648239 49.276188 -0.631179 -5.970232 0.353029 -1.511149 -0.031939 20.222767 3.684309 2.316633 18.787243 0.000007 0.000002 10.751611 -0.479868 1.397905 0.000000 0.000001 0.000000 3.273803 0.305947 -0.580109 21.486788 11.830363 2.266134 8.162916 0.000001 0.000001 18.399054 -3.798980 -4.940564 0.000003 -0.000003 -0.000000 17.791149 -0.824973 -10.228727 -0.080149 -0.317316 24.641535 -13.732243 11.726542 -5.376417 1.637344 -1.989680 -1.745577 0.000000 -0.000001 0.000002 1.731376 4.473105 18.130903 -0.067229 0.082274 5.085656 8.265241 -6.109159 -11.824785 -1.474866 1.168746 -1.347773 0.000000 0.000000 -0.000001 
0.854759 96.793640 0.390649 -5.726420 -0.847605 -9.232515 3.415662 0.035915 -1.415183 0.270094 -0.295308 -5.139012 4.281909 -2.264596 11.576690 -2.498793 4.185915 13.188881 0.752236 4.656599 -3.699054 -5.221507 6.501379 -7.564630 0.000077 -0.000023 0.000006 0.015096 -0.122544 0.120434 0.710007 -3.850743 -10.638946 -0.692907 3.600728 -10.653252 -16.642439 -16.706223 8.891307 -24.588467 -25.474751 -24.818508 -177.757965 -73.240021 178.012115 9.069075 5.769033 16.080263 -5.882101 9.861278 0.702589 -10.936859 -0.360576 7.156198 -0.000000 8.774813 -0.000002 -16.054462 17.139791 5.863114 -1.844030 2.498502 -2.507276 -10.163589 4.678938 4.621103 -20.975998 -0.000003 0.000003 -21.226254 2.451694 -3.593993 0.000000 -0.000008 -0.000001 -1.362679 2.240797 -0.746322 -21.334890 0.584906 3.008319 -13.821197 -0.000001 0.000004 -23.887131 -0.249078 -0.839480 -60.639305 2.528851 -1.550009 -0.294025 1.679688 0.833255 -14.218194 0.093213 1.300581 -34.211998 -0.287562 0.967172 -20.033180 0.964536 1.212842 0.000000 0.000000 0.000000 -3.440385 0.788233 0.501655 -15.928169 -3.167306 2.999703 -6.338817 0.000000 0.000002 -18.123415 3.648175 -4.905662 -0.000004 0.000001 -0.000002 16.912542 19.021139 12.291339 50.210587 47.310837 11.871617 179.962982 56.522861 179.834229 -14.869599 4.752015 -7.110345 2.243540 -5.255033 -3.180154 14.282878 -0.826593 6.952496 -0.000000 -12.690593 -0.000003 15.839035 -17.655069 2.905209 1.665664 -1.955920 -2.878294 4.727795 -4.170583 4.993917 11.020514 0.000003 0.000002 12.109033 -3.735710 -2.866779 0.000000 0.000000 0.000001 1.291984 -1.928547 -1.498089 14.800114 0.567469 3.865603 14.242553 -1.341737 -6.660649 19.631939 0.143926 -0.648243 49.255386 -0.598772 -5.981490 0.353028 -1.511150 -0.031941 20.222771 3.684306 2.316630 18.787245 0.000006 0.000000 10.751609 -0.479867 1.397905 -0.000000 0.000001 -0.000000 3.273803 0.305948 -0.580111 21.486790 11.830362 2.266131 8.162914 0.000002 0.000000 18.399050 -3.798978 -4.940567 0.000003 -0.000003 -0.000000 17.824026 -0.850673 -10.203599 -0.071004 -0.304370 24.598503 -13.753408 11.743193 -5.353488 1.638958 -1.993082 -1.766897 -0.000000 0.000000 0.000002 1.765501 4.483162 18.149412 -0.067814 0.078293 5.037717 8.281764 -6.098629 -11.792661 -1.475250 1.172819 -1.340243 0.000000 -0.000000 -0.000001 
0.860865 96.790924 0.352056 -5.745352 -0.838843 -9.244471 3.427798 0.027526 -1.399342 0.266133 -0.281171 -5.132233 4.301552 -2.300532 11.566403 -2.472039 4.171802 13.132405 0.756650 4.668741 -3.705653 -5.206718 6.511484 -7.520464 0.000077 -0.000023 0.000006 0.015483 -0.119121 0.123663 0.713115 -3.846233 -10.644854 -0.694852 3.608963 -10.653699 -16.686092 -16.718323 8.877640 -24.533064 -25.476128 -24.723991 -177.888672 -73.238312 178.150146 9.004113 5.735654 15.996433 -5.882102 9.861278 0.702587 -10.936857 -0.360574 7.156196 -0.000000 8.774815 -0.000000 -16.066277 17.143764 5.854991 -1.844031 2.498504 -2.507277 -10.163591 4.678939 4.621102 -20.975998 -0.000001 0.000003 -21.226255 2.451694 -3.593993 0.000000 -0.000006 -0.000001 -1.362681 2.240797 -0.746322 -21.334887 0.584911 3.008319 -13.821195 -0.000001 0.000002 -23.887131 -0.249077 -0.839482 -60.636326 2.516132 -1.529377 -0.294024 1.679687 0.833255 -14.218192 0.093216 1.300579 -34.212006 -0.287563 0.967169 -20.033180 0.964538 1.212839 -0.000000 0.000000 0.000000 -3.440384 0.788233 0.501654 -15.928167 -3.167304 2.999703 -6.338817 0.000001 0.000002 -18.123415 3.648177 -4.905663 -0.000004 -0.000000 -0.000002 16.946232 18.988354 12.279970 50.192215 47.298149 11.790096 179.859650 56.496788 179.739883 -14.910266 4.764763 -7.152366 2.243539 -5.255032 -3.180153 14.282877 -0.826594 6.952495 -0.000003 -12.690587 -0.000001 15.868834 -17.647970 2.919587 1.665665 -1.955920 -2.878297 4.727794 -4.170585 4.993918 11.020513 0.000004 -0.000001 12.109031 -3.735709 -2.866779 0.000000 0.000001 0.000001 1.291984 -1.928547 -1.498086 14.800114 0.567467 3.865600 14.242556 -1.341734 -6.660648 19.631941 0.143924 -0.648244 49.315563 -0.611782 -5.957553 0.353028 -1.511149 -0.031941 20.222769 3.684305 2.316627 18.787247 0.000005 -0.000002 10.751611 -0.479868 1.397902 -0.000000 -0.000000 -0.000001 3.273805 0.305946 -0.580110 21.486794 11.830362 2.266130 8.162918 0.000001 -0.000001 18.399054 -3.798977 -4.940568 0.000003 -0.000003 -0.000000 17.837299 -0.878827 -10.229831 -0.071239 -0.305934 24.614010 -13.766091 11.726941 -5.341194 1.641201 -2.010551 -1.786024 0.000000 -0.000001 0.000002 1.784367 4.479280 18.165951 -0.063095 0.082694 4.980733 8.326566 -6.095926 -11.791507 -1.477000 1.168289 -1.336349 0.000000 0.000000 -0.000001 
0.863125 96.792778 0.327227 -5.762862 -0.859905 -9.264317 3.435033 0.041139 -1.378443 0.257591 -0.314464 -5.138356 4.315263 -2.294244 11.585338 -2.432585 4.150116 13.091397 0.769492 4.683640 -3.708539 -5.195291 6.511673 -7.484224 0.000077 -0.000023 0.000006 0.014746 -0.119184 0.123992 0.713679 -3.851503 -10.649053 -0.693668 3.613026 -10.658819 -16.699461 -16.738152 8.870061 -24.522188 -25.454254 -24.684889 -177.967728 -73.210350 178.235703 8.924351 5.728783 15.941188 -5.882098 9.861278 0.702590 -10.936861 -0.360575 7.156199 -0.000000 8.774813 -0.000002 -16.081345 17.160347 5.895897 -1.844030 2.498502 -2.507277 -10.163589 4.678940 4.621105 -20.975992 -0.000003 0.000003 -21.226254 2.451693 -3.593993 0.000000 -0.000007 -0.000001 -1.362680 2.240796 -0.746324 -21.334892 0.584907 3.008322 -13.821197 -0.000005 0.000004 -23.887125 -0.249081 -0.839479 -60.674999 2.549005 -1.534301 -0.294024 1.679686 0.833255 -14.218190 0.093212 1.300577 -34.211998 -0.287565 0.967170 -20.033175 0.964534 1.212841 -0.000000 -0.000000 -0.000001 -3.440386 0.788231 0.501655 -15.928165 -3.167307 2.999705 -6.338817 0.000002 0.000002 -18.123413 3.648172 -4.905661 -0.000004 0.000001 -0.000002 16.967016 18.968777 12.270444 50.200260 47.310226 11.762003 179.789581 56.508137 179.661514 -14.953243 4.784284 -7.146100 2.243539 -5.255032 -3.180156 14.282875 -0.826591 6.952497 -0.000003 -12.690591 -0.000001 15.863366 -17.668409 2.896067 1.665664 -1.955920 -2.878298 4.727792 -4.170581 4.993919 11.020511 0.000004 -0.000001 12.109032 -3.735709 -2.866780 0.000001 -0.000000 0.000001 1.291984 -1.928547 -1.498088 14.800111 0.567468 3.865603 14.242553 -1.341734 -6.660648 19.631939 0.143927 -0.648242 49.352058 -0.606721 -5.976411 0.353029 -1.511149 -0.031940 20.222767 3.684307 2.316630 18.787245 0.000006 -0.000001 10.751610 -0.479868 1.397904 -0.000000 0.000000 0.000000 3.273804 0.305947 -0.580111 21.486792 11.830361 2.266131 8.162916 0.000000 0.000000 18.399054 -3.798978 -4.940567 0.000003 -0.000003 -0.000001 17.855362 -0.906669 -10.211557 -0.075888 -0.313845 24.601408 -13.769827 11.753365 -5.333300 1.642263 -2.017799 -1.803048 0.000000 0.000000 0.000002 1.791793 4.465004 18.181692 -0.059901 0.081945 4.948859 8.368217 -6.032826 -11.765223 -1.478536 1.178547 -1.311259 0.000000 -0.000000 -0.000001 
0.847367 96.800941 0.293422 -5.788623 -0.876348 -9.267941 3.442630 0.045837 -1.372322 0.255376 -0.327821 -5.124387 4.330359 -2.309508 11.578997 -2.388089 4.131895 13.053522 0.774082 4.690506 -3.709051 -5.174800 6.544895 -7.437166 0.000077 -0.000023 0.000006 0.014557 -0.125984 0.124529 0.715521 -3.852756 -10.649168 -0.698008 3.608632 -10.655995 -16.740931 -16.755623 8.828117 -24.481810 -25.400053 -24.667423 -177.932129 -73.197754 178.197830 8.837487 5.764750 15.868041 -5.882102 9.861280 0.702590 -10.936858 -0.360576 7.156196 0.000001 8.774814 -0.000000 -16.121651 17.136250 5.879725 -1.844032 2.498502 -2.507275 -10.163589 4.678942 4.621103 -20.975996 -0.000001 0.000002 -21.226255 2.451691 -3.593994 0.000000 -0.000007 -0.000000 -1.362683 2.240796 -0.746323 -21.334887 0.584906 3.008320 -13.821197 -0.000002 0.000002 -23.887131 -0.249079 -0.839483 -60.748245 2.548178 -1.534839 -0.294024 1.679687 0.833256 -14.218194 0.093215 1.300581 -34.212002 -0.287568 0.967170 -20.033182 0.964537 1.212841 -0.000000 -0.000000 -0.000001 -3.440386 0.788233 0.501654 -15.928169 -3.167309 2.999705 -6.338818 0.000000 0.000002 -18.123413 3.648180 -4.905660 -0.000004 0.000001 -0.000002 17.006016 18.932062 12.240645 50.197533 47.285686 11.850204 179.817062 56.509716 179.663452 -14.997923 4.796569 -7.061859 2.243540 -5.255031 -3.180153 14.282875 -0.826596 6.952497 -0.000002 -12.690587 0.000001 15.877365 -17.664309 2.879219 1.665666 -1.955920 -2.878297 4.727793 -4.170583 4.993921 11.020512 0.000003 -0.000001 12.109029 -3.735708 -2.866777 -0.000001 0.000001 0.000001 1.291984 -1.928547 -1.498088 14.800111 0.567468 3.865603 14.242553 -1.341734 -6.660650 19.631935 0.143926 -0.648245 49.417614 -0.587459 -5.983898 0.353029 -1.511150 -0.031941 20.222773 3.684306 2.316627 18.787245 0.000006 -0.000003 10.751610 -0.479867 1.397904 0.000000 -0.000001 -0.000000 3.273803 0.305947 -0.580110 21.486790 11.830361 2.266128 8.162916 0.000002 -0.000001 18.399050 -3.798980 -4.940567 0.000003 -0.000002 -0.000001 17.895201 -0.935510 -10.195241 -0.082971 -0.318901 24.541229 -13.788013 11.795346 -5.294682 1.645966 -2.018658 -1.813201 -0.000000 -0.000000 0.000002 1.810565 4.457721 18.172998 -0.055577 0.082942 4.914065 8.400420 -6.013188 -11.717204 -1.481704 1.189438 -1.328473 0.000000 0.000000 -0.000001 
0.874786 96.812958 0.245099 -5.800950 -0.898120 -9.266742 3.438987 0.052985 -1.371891 0.257071 -0.337858 -5.120917 4.330380 -2.321703 11.606908 -2.353217 4.100595 13.010158 0.776695 4.699008 -3.719189 -5.126515 6.536502 -7.386095 0.000077 -0.000023 0.000006 0.013221 -0.126191 0.120566 0.719079 -3.863206 -10.653769 -0.703669 3.603559 -10.659183 -16.771084 -16.775669 8.822889 -24.424797 -25.362431 -24.734085 -177.971436 -73.190842 178.164185 8.748968 5.789634 15.851876 -5.882102 9.861279 0.702591 -10.936857 -0.360574 7.156196 0.000000 8.774813 -0.000001 -16.122972 17.166498 5.883181 -1.844031 2.498503 -2.507277 -10.163589 4.678940 4.621102 -20.975992 -0.000003 -0.000000 -21.226248 2.451691 -3.593994 0.000000 -0.000007 -0.000000 -1.362680 2.240797 -0.746321 -21.334887 0.584909 3.008319 -13.821195 -0.000001 0.000002 -23.887129 -0.249079 -0.839483 -60.720032 2.549200 -1.537471 -0.294025 1.679688 0.833256 -14.218192 0.093215 1.300579 -34.211998 -0.287564 0.967169 -20.033176 0.964532 1.212842 -0.000000 0.000000 0.000000 -3.440383 0.788234 0.501656 -15.928164 -3.167307 2.999703 -6.338815 0.000001 0.000002 -18.123411 3.648176 -4.905662 -0.000004 0.000001 -0.000003 17.026403 18.898840 12.211827 50.177769 47.290241 11.863555 179.830460 56.568165 179.655991 -15.064668 4.843617 -7.041728 2.243539 -5.255033 -3.180156 14.282877 -0.826593 6.952497 -0.000001 -12.690592 -0.000002 15.881517 -17.674469 2.880018 1.665664 -1.955920 -2.878298 4.727794 -4.170584 4.993918 11.020513 0.000003 -0.000001 12.109033 -3.735710 -2.866780 0.000000 0.000001 0.000002 1.291985 -1.928549 -1.498088 14.800114 0.567468 3.865604 14.242553 -1.341734 -6.660647 19.631939 0.143925 -0.648243 49.428329 -0.593236 -5.977368 0.353028 -1.511149 -0.031942 20.222773 3.684307 2.316629 18.787247 0.000004 -0.000000 10.751609 -0.479869 1.397904 0.000000 -0.000001 -0.000001 3.273804 0.305947 -0.580109 21.486792 11.830363 2.266130 8.162917 0.000003 -0.000001 18.399050 -3.798980 -4.940567 0.000003 -0.000003 -0.000000 17.890495 -0.930622 -10.197783 -0.087117 -0.330180 24.496199 -13.766610 11.832129 -5.250014 1.646936 -2.008644 -1.836181 0.000000 -0.000000 0.000002 1.801856 4.453149 18.130692 -0.058133 0.097429 4.935347 8.464806 -5.987867 -11.671975 -1.482452 1.197905 -1.338396 0.000000 0.000000 -0.000001 
0.877742 96.819695 0.235028 -5.816146 -0.907527 -9.252117 3.435809 0.056333 -1.375192 0.257477 -0.338321 -5.104419 4.323983 -2.342947 11.607594 -2.317660 4.069905 12.983040 0.771444 4.686273 -3.733475 -5.090691 6.541353 -7.354060 0.000077 -0.000023 0.000006 0.011557 -0.133095 0.117076 0.717150 -3.864209 -10.651539 -0.706284 3.596879 -10.655078 -16.805737 -16.775856 8.826118 -24.400389 -25.347851 -24.722931 -178.146133 -73.181808 178.297714 8.731962 5.805575 15.927715 -5.882102 9.861278 0.702587 -10.936860 -0.360571 7.156196 -0.000001 8.774814 -0.000001 -16.137417 17.195107 5.883688 -1.844033 2.498504 -2.507275 -10.163589 4.678939 4.621102 -20.975996 -0.000001 0.000001 -21.226254 2.451695 -3.593995 0.000000 -0.000006 -0.000001 -1.362683 2.240798 -0.746320 -21.334890 0.584908 3.008318 -13.821197 -0.000001 0.000002 -23.887131 -0.249079 -0.839485 -60.725609 2.542093 -1.534709 -0.294026 1.679690 0.833255 -14.218192 0.093215 1.300577 -34.212006 -0.287562 0.967165 -20.033180 0.964532 1.212839 0.000000 0.000001 0.000000 -3.440385 0.788232 0.501654 -15.928165 -3.167304 2.999702 -6.338816 0.000000 0.000000 -18.123415 3.648173 -4.905664 -0.000004 0.000001 -0.000002 17.033623 18.863897 12.210519 50.186275 47.300808 11.882042 179.848877 56.636726 179.638443 -15.094201 4.915280 -6.930578 2.243540 -5.255033 -3.180156 14.282877 -0.826591 6.952496 -0.000002 -12.690591 -0.000002 15.863986 -17.687254 2.866126 1.665664 -1.955921 -2.878296 4.727795 -4.170582 4.993918 11.020513 0.000004 0.000000 12.109029 -3.735709 -2.866778 0.000000 0.000001 0.000001 1.291982 -1.928548 -1.498088 14.800111 0.567469 3.865605 14.242553 -1.341736 -6.660647 19.631939 0.143927 -0.648240 49.423805 -0.602450 -5.992757 0.353029 -1.511149 -0.031939 20.222769 3.684308 2.316630 18.787245 0.000006 0.000001 10.751613 -0.479868 1.397904 0.000000 0.000000 0.000000 3.273803 0.305948 -0.580111 21.486790 11.830365 2.266132 8.162916 0.000003 0.000000 18.399048 -3.798977 -4.940565 0.000003 -0.000002 -0.000001 17.907568 -0.905931 -10.205190 -0.089185 -0.335115 24.473524 -13.764472 11.816602 -5.230531 1.647069 -2.002113 -1.835507 0.000000 -0.000000 0.000002 1.794045 4.423509 18.128273 -0.060875 0.102756 4.873200 8.486879 -5.928916 -11.618582 -1.480309 1.192327 -1.340147 0.000000 0.000000 -0.000001 
0.876388 96.826538 0.209399 -5.831451 -0.916305 -9.230509 3.434915 0.055187 -1.364635 0.259260 -0.322248 -5.104867 4.317267 -2.364891 11.601483 -2.279537 4.055851 12.959281 0.755261 4.670159 -3.732597 -5.058273 6.523643 -7.305881 0.000077 -0.000023 0.000006 0.011178 -0.143228 0.116501 0.720863 -3.870863 -10.642798 -0.708020 3.591468 -10.651258 -16.837032 -16.788008 8.837755 -24.395161 -25.324074 -24.710968 -178.236130 -73.143127 178.332077 8.761858 5.868774 16.027563 -5.882100 9.861278 0.702591 -10.936860 -0.360575 7.156199 0.000001 8.774812 -0.000001 -16.129641 17.222433 5.912454 -1.844030 2.498502 -2.507275 -10.163590 4.678937 4.621108 -20.975998 -0.000003 0.000005 -21.226254 2.451692 -3.593990 0.000000 -0.000006 -0.000000 -1.362678 2.240795 -0.746321 -21.334890 0.584907 3.008326 -13.821197 -0.000003 0.000005 -23.887133 -0.249076 -0.839476 -60.732906 2.527147 -1.500059 -0.294026 1.679686 0.833253 -14.218194 0.093212 1.300580 -34.212006 -0.287565 0.967176 -20.033180 0.964536 1.212845 0.000000 0.000000 0.000000 -3.440386 0.788232 0.501656 -15.928173 -3.167306 2.999706 -6.338817 0.000001 0.000003 -18.123413 3.648173 -4.905658 -0.000004 0.000002 -0.000002 17.034664 18.837919 12.227732 50.217735 47.288235 11.932026 179.827621 56.669807 179.647995 -15.147743 4.934274 -6.835640 2.243541 -5.255033 -3.180153 14.282878 -0.826595 6.952495 0.000002 -12.690591 -0.000001 15.852449 -17.711559 2.894887 1.665664 -1.955919 -2.878296 4.727794 -4.170584 4.993918 11.020514 0.000001 -0.000001 12.109034 -3.735711 -2.866779 0.000000 -0.000000 -0.000000 1.291986 -1.928548 -1.498088 14.800111 0.567465 3.865601 14.242554 -1.341735 -6.660645 19.631937 0.143925 -0.648244 49.388100 -0.634864 -5.987363 0.353029 -1.511149 -0.031941 20.222773 3.684303 2.316627 18.787254 0.000003 -0.000002 10.751610 -0.479867 1.397902 0.000000 0.000000 0.000000 3.273804 0.305947 -0.580109 21.486790 11.830360 2.266128 8.162917 0.000000 -0.000001 18.399052 -3.798981 -4.940569 0.000003 -0.000002 -0.000001 17.927933 -0.871982 -10.226081 -0.087629 -0.334527 24.440994 -13.751232 11.809651 -5.189499 1.649101 -2.005692 -1.841328 0.000000 -0.000001 0.000002 1.790775 4.405805 18.090961 -0.061269 0.096386 4.858827 8.475890 -5.876842 -11.580757 -1.476386 1.179019 -1.344906 -0.000000 -0.000000 -0.000001 
0.915735 96.831291 0.172915 -5.846167 -0.945123 -9.210252 3.431949 0.048461 -1.355788 0.258983 -0.304986 -5.105061 4.312377 -2.371126 11.612951 -2.246786 4.047015 12.926291 0.748606 4.649918 -3.724433 -5.060418 6.523222 -7.275100 0.000077 -0.000023 0.000006 0.011525 -0.150191 0.114491 0.722070 -3.885136 -10.653848 -0.708366 3.576801 -10.657735 -16.847927 -16.804457 8.845150 -24.424036 -25.314692 -24.721506 -178.341309 -73.149429 178.396957 8.779973 5.909302 16.134785 -5.882102 9.861279 0.702589 -10.936861 -0.360572 7.156197 0.000000 8.774812 -0.000001 -16.123281 17.250959 5.949979 -1.844032 2.498502 -2.507275 -10.163592 4.678940 4.621103 -20.975998 -0.000000 0.000003 -21.226255 2.451695 -3.593993 0.000001 -0.000006 -0.000001 -1.362680 2.240796 -0.746326 -21.334890 0.584910 3.008320 -13.821197 -0.000002 0.000003 -23.887133 -0.249080 -0.839479 -60.746567 2.523993 -1.482207 -0.294026 1.679686 0.833255 -14.218190 0.093215 1.300580 -34.212006 -0.287560 0.967172 -20.033178 0.964535 1.212842 -0.000001 0.000000 0.000000 -3.440387 0.788232 0.501656 -15.928167 -3.167306 2.999705 -6.338817 0.000001 0.000002 -18.123413 3.648175 -4.905662 -0.000004 0.000001 -0.000002 17.024946 18.818739 12.244273 50.214314 47.262981 11.925290 179.805359 56.716499 179.611725 -15.232741 4.923786 -6.782052 2.243539 -5.255032 -3.180155 14.282877 -0.826595 6.952497 -0.000001 -12.690591 0.000000 15.851920 -17.689087 2.902581 1.665664 -1.955920 -2.878297 4.727793 -4.170582 4.993917 11.020510 0.000003 0.000000 12.109033 -3.735709 -2.866780 0.000000 -0.000000 0.000001 1.291984 -1.928547 -1.498088 14.800113 0.567468 3.865604 14.242554 -1.341735 -6.660647 19.631939 0.143925 -0.648244 49.320343 -0.644249 -5.977258 0.353029 -1.511149 -0.031940 20.222769 3.684306 2.316629 18.787245 0.000006 -0.000002 10.751610 -0.479867 1.397905 -0.000000 -0.000000 -0.000001 3.273804 0.305947 -0.580110 21.486790 11.830363 2.266132 8.162916 0.000003 0.000000 18.399054 -3.798981 -4.940567 0.000004 -0.000002 -0.000001 17.922846 -0.838561 -10.269806 -0.088025 -0.336163 24.460438 -13.716953 11.806029 -5.175352 1.649803 -2.012670 -1.824125 -0.000000 0.000000 0.000002 1.771116 4.393341 18.040136 -0.062597 0.097346 4.867617 8.490315 -5.818460 -11.551705 -1.473632 1.171702 -1.324551 -0.000000 0.000000 -0.000001 
0.923371 96.826965 0.147562 -5.861869 -0.971454 -9.184228 3.431846 0.043335 -1.344611 0.255028 -0.285781 -5.095295 4.315934 -2.393123 11.605783 -2.240218 4.046432 12.902559 0.758345 4.649130 -3.719944 -5.080935 6.537364 -7.269675 0.000077 -0.000023 0.000006 0.012205 -0.156996 0.109123 0.720323 -3.890018 -10.659027 -0.708892 3.578727 -10.664399 -16.838505 -16.785543 8.845645 -24.509769 -25.299990 -24.701565 -178.450638 -73.103790 178.474472 8.767449 5.965372 16.192455 -5.882098 9.861278 0.702589 -10.936858 -0.360575 7.156196 0.000000 8.774812 -0.000002 -16.110008 17.269691 5.971428 -1.844031 2.498502 -2.507275 -10.163589 4.678938 4.621105 -20.975996 -0.000003 0.000002 -21.226254 2.451690 -3.593992 0.000000 -0.000006 -0.000001 -1.362680 2.240798 -0.746321 -21.334887 0.584908 3.008322 -13.821193 -0.000004 0.000004 -23.887129 -0.249079 -0.839480 -60.729977 2.499798 -1.480574 -0.294024 1.679685 0.833253 -14.218190 0.093214 1.300579 -34.211998 -0.287567 0.967170 -20.033176 0.964533 1.212843 -0.000000 0.000000 0.000000 -3.440385 0.788233 0.501656 -15.928165 -3.167308 2.999703 -6.338815 0.000000 0.000001 -18.123413 3.648173 -4.905662 -0.000004 0.000002 -0.000002 17.005091 18.807602 12.260681 50.296249 47.202759 12.031236 179.839233 56.780922 179.667435 -15.308297 4.949494 -6.674858 2.243539 -5.255030 -3.180155 14.282875 -0.826593 6.952494 -0.000001 -12.690590 0.000000 15.813673 -17.679615 2.917298 1.665665 -1.955920 -2.878296 4.727795 -4.170584 4.993918 11.020513 0.000004 -0.000001 12.109031 -3.735708 -2.866779 -0.000001 -0.000000 0.000001 1.291985 -1.928548 -1.498089 14.800113 0.567469 3.865602 14.242554 -1.341734 -6.660650 19.631939 0.143929 -0.648243 49.247276 -0.652737 -5.974828 0.353029 -1.511149 -0.031941 20.222769 3.684306 2.316627 18.787247 0.000007 -0.000002 10.751610 -0.479867 1.397905 -0.000001 -0.000000 -0.000001 3.273803 0.305947 -0.580110 21.486794 11.830361 2.266130 8.162916 0.000003 -0.000001 18.399052 -3.798978 -4.940567 0.000004 -0.000002 -0.000000 17.941980 -0.807451 -10.323381 -0.086167 -0.330734 24.499043 -13.735434 11.799651 -5.180061 1.650973 -2.019886 -1.821854 -0.000000 -0.000001 0.000002 1.774267 4.387975 17.999430 -0.065981 0.116358 4.853503 8.499294 -5.828969 -11.570659 -1.471823 1.169725 -1.309868 0.000000 0.000000 -0.000001 
0.981067 96.829102 0.129256 -5.881673 -1.002463 -9.167312 3.427624 0.047137 -1.342824 0.252476 -0.267566 -5.085300 4.325012 -2.409145 11.618273 -2.235525 4.047768 12.892877 0.763934 4.615410 -3.713101 -5.105909 6.552759 -7.273507 0.000077 -0.000023 0.000006 0.011242 -0.157028 0.106286 0.718422 -3.891942 -10.656455 -0.706479 3.582937 -10.660749 -16.812111 -16.783155 8.850946 -24.628212 -25.303680 -24.718159 -178.501648 -73.016060 178.538223 8.778116 6.012855 16.258028 -5.882102 9.861279 0.702589 -10.936858 -0.360575 7.156198 -0.000000 8.774815 -0.000001 -16.113190 17.274513 5.975446 -1.844030 2.498502 -2.507275 -10.163589 4.678942 4.621106 -20.975998 -0.000000 0.000003 -21.226255 2.451695 -3.593995 0.000001 -0.000007 -0.000000 -1.362679 2.240796 -0.746324 -21.334892 0.584909 3.008321 -13.821195 -0.000002 0.000004 -23.887131 -0.249076 -0.839481 -60.741539 2.508968 -1.465687 -0.294024 1.679685 0.833256 -14.218192 0.093215 1.300579 -34.212002 -0.287565 0.967169 -20.033182 0.964535 1.212842 0.000001 0.000000 0.000000 -3.440384 0.788233 0.501656 -15.928169 -3.167307 2.999703 -6.338817 0.000002 0.000002 -18.123415 3.648177 -4.905663 -0.000004 -0.000000 -0.000002 16.995609 18.808201 12.281574 50.320747 47.093845 12.084955 179.852783 56.841656 179.736191 -15.354819 4.979649 -6.595895 2.243539 -5.255033 -3.180155 14.282875 -0.826592 6.952496 -0.000003 -12.690590 -0.000001 15.790920 -17.647827 2.926303 1.665664 -1.955920 -2.878298 4.727793 -4.170582 4.993917 11.020511 0.000004 -0.000000 12.109029 -3.735708 -2.866779 0.000000 0.000001 0.000001 1.291985 -1.928547 -1.498090 14.800117 0.567469 3.865605 14.242553 -1.341733 -6.660650 19.631935 0.143926 -0.648241 49.168251 -0.645823 -5.948684 0.353029 -1.511150 -0.031939 20.222769 3.684308 2.316628 18.787245 0.000007 0.000000 10.751609 -0.479868 1.397905 0.000000 0.000002 0.000000 3.273804 0.305948 -0.580110 21.486790 11.830365 2.266133 8.162916 0.000001 0.000001 18.399052 -3.798979 -4.940565 0.000003 -0.000002 -0.000001 17.927271 -0.770673 -10.372334 -0.082093 -0.340075 24.563162 -13.730175 11.811244 -5.208723 1.651893 -2.023574 -1.808477 -0.000000 -0.000000 0.000002 1.764352 4.424148 18.008924 -0.062012 0.115160 4.755179 8.518751 -5.826749 -11.516503 -1.472884 1.175493 -1.315912 -0.000000 0.000000 -0.000001 
0.993656 96.827362 0.132914 -5.907135 -1.036669 -9.161818 3.421440 0.054804 -1.338674 0.253850 -0.258843 -5.092163 4.337924 -2.417853 11.658847 -2.223931 4.069257 12.912420 0.765230 4.566595 -3.716858 -5.126873 6.545075 -7.288090 0.000077 -0.000023 0.000006 0.013144 -0.150413 0.105105 0.718124 -3.891753 -10.660717 -0.703504 3.576251 -10.662422 -16.761351 -16.782845 8.861917 -24.755308 -25.334808 -24.714478 -178.569885 -72.946228 178.633652 8.827982 6.036977 16.275448 -5.882101 9.861278 0.702591 -10.936861 -0.360576 7.156196 0.000001 8.774814 -0.000001 -16.145447 17.284369 5.991648 -1.844031 2.498504 -2.507275 -10.163589 4.678941 4.621104 -20.975994 -0.000005 0.000004 -21.226255 2.451694 -3.593992 0.000001 -0.000007 -0.000000 -1.362678 2.240796 -0.746325 -21.334887 0.584908 3.008320 -13.821197 -0.000003 0.000003 -23.887129 -0.249081 -0.839482 -60.786945 2.506505 -1.457414 -0.294024 1.679687 0.833254 -14.218190 0.093215 1.300580 -34.212002 -0.287565 0.967169 -20.033180 0.964534 1.212841 0.000000 0.000001 0.000000 -3.440383 0.788233 0.501655 -15.928171 -3.167308 2.999703 -6.338818 0.000000 0.000003 -18.123415 3.648173 -4.905660 -0.000003 0.000002 -0.000003 16.963121 18.799219 12.312124 50.386711 47.010414 12.134116 179.829453 56.899403 179.763885 -15.394835 4.990610 -6.562963 2.243540 -5.255033 -3.180153 14.282875 -0.826593 6.952493 -0.000000 -12.690593 -0.000001 15.785378 -17.646574 2.945903 1.665665 -1.955920 -2.878296 4.727794 -4.170586 4.993921 11.020510 0.000004 -0.000002 12.109030 -3.735710 -2.866781 0.000000 0.000000 0.000000 1.291985 -1.928548 -1.498089 14.800111 0.567468 3.865604 14.242553 -1.341735 -6.660648 19.631935 0.143928 -0.648244 49.186348 -0.636531 -5.958343 0.353030 -1.511150 -0.031940 20.222767 3.684308 2.316626 18.787245 0.000005 -0.000002 10.751610 -0.479866 1.397903 -0.000000 0.000001 -0.000000 3.273804 0.305948 -0.580112 21.486790 11.830368 2.266132 8.162916 0.000003 -0.000001 18.399054 -3.798980 -4.940568 0.000004 -0.000002 -0.000002 17.949398 -0.761147 -10.383057 -0.078406 -0.347016 24.605661 -13.778965 11.817755 -5.249832 1.652264 -2.017354 -1.829768 -0.000000 0.000000 0.000002 1.775733 4.442602 18.041840 -0.058054 0.115940 4.659173 8.521253 -5.823955 -11.474610 -1.470999 1.177401 -1.307163 0.000000 0.000000 -0.000001 
1.030593 96.824577 0.108357 -5.936269 -1.041497 -9.174084 3.419530 0.058005 -1.323634 0.251512 -0.266333 -5.105590 4.349816 -2.422904 11.711192 -2.217463 4.092947 12.951307 0.762091 4.523990 -3.715943 -5.118657 6.530748 -7.319891 0.000077 -0.000023 0.000006 0.011906 -0.160249 0.106294 0.713309 -3.888186 -10.652213 -0.702835 3.576111 -10.651258 -16.705881 -16.773193 8.898596 -24.904255 -25.380369 -24.750050 -178.485062 -72.799538 178.569016 8.923744 6.081154 16.307226 -5.882100 9.861279 0.702588 -10.936858 -0.360577 7.156197 0.000001 8.774813 -0.000001 -16.186445 17.300213 5.984442 -1.844032 2.498502 -2.507276 -10.163590 4.678938 4.621106 -20.975994 -0.000003 0.000005 -21.226254 2.451693 -3.593993 0.000001 -0.000008 -0.000001 -1.362681 2.240795 -0.746320 -21.334887 0.584907 3.008321 -13.821195 -0.000002 0.000004 -23.887131 -0.249083 -0.839480 -60.822792 2.538745 -1.447540 -0.294023 1.679687 0.833258 -14.218195 0.093214 1.300582 -34.211998 -0.287566 0.967174 -20.033176 0.964534 1.212844 0.000000 0.000001 0.000000 -3.440384 0.788230 0.501654 -15.928167 -3.167308 2.999707 -6.338817 0.000001 0.000002 -18.123413 3.648175 -4.905661 -0.000004 -0.000000 -0.000002 16.928768 18.787558 12.337931 50.406803 46.928856 12.221254 179.895950 56.940311 179.836975 -15.383946 4.992512 -6.504105 2.243540 -5.255032 -3.180157 14.282878 -0.826594 6.952497 -0.000002 -12.690588 0.000000 15.758362 -17.654499 2.960577 1.665666 -1.955921 -2.878296 4.727793 -4.170583 4.993921 11.020513 0.000004 -0.000002 12.109033 -3.735709 -2.866781 -0.000000 0.000000 0.000001 1.291984 -1.928547 -1.498086 14.800113 0.567467 3.865605 14.242551 -1.341733 -6.660648 19.631939 0.143926 -0.648244 49.154396 -0.621347 -5.953035 0.353028 -1.511149 -0.031939 20.222771 3.684306 2.316627 18.787247 0.000006 -0.000001 10.751612 -0.479868 1.397904 -0.000000 -0.000000 -0.000001 3.273804 0.305946 -0.580111 21.486790 11.830364 2.266131 8.162916 0.000003 0.000001 18.399052 -3.798978 -4.940566 0.000003 -0.000002 -0.000001 17.959570 -0.733526 -10.416913 -0.079854 -0.351326 24.668051 -13.791390 11.807358 -5.267838 1.652960 -2.014635 -1.853670 0.000000 -0.000000 0.000002 1.799472 4.480439 18.062790 -0.060974 0.121260 4.610765 8.523918 -5.879027 -11.446367 -1.471507 1.185091 -1.310350 -0.000000 0.000000 -0.000001 
1.058211 96.835152 0.097623 -5.968190 -1.057756 -9.197496 3.413740 0.062394 -1.302760 0.251649 -0.285224 -5.115327 4.370889 -2.418239 11.754025 -2.224105 4.103641 13.024585 0.755959 4.517831 -3.714923 -5.104870 6.510186 -7.339450 0.000077 -0.000023 0.000006 0.011835 -0.153507 0.108804 0.712582 -3.883870 -10.657205 -0.702068 3.581983 -10.653333 -16.646362 -16.770630 8.950102 -25.023378 -25.445948 -24.774477 -178.511230 -72.687897 178.601685 8.993301 6.191244 16.343441 -5.882099 9.861276 0.702590 -10.936858 -0.360574 7.156196 0.000002 8.774812 0.000001 -16.196157 17.303061 5.998379 -1.844030 2.498501 -2.507275 -10.163588 4.678938 4.621106 -20.975992 -0.000005 0.000004 -21.226248 2.451688 -3.593992 0.000000 -0.000006 -0.000001 -1.362681 2.240798 -0.746321 -21.334892 0.584907 3.008320 -13.821192 -0.000004 0.000004 -23.887125 -0.249081 -0.839479 -60.907585 2.523180 -1.443972 -0.294025 1.679688 0.833256 -14.218190 0.093214 1.300579 -34.211998 -0.287568 0.967173 -20.033176 0.964535 1.212843 -0.000000 0.000000 0.000000 -3.440385 0.788233 0.501656 -15.928165 -3.167309 2.999704 -6.338816 0.000001 0.000002 -18.123413 3.648176 -4.905659 -0.000004 0.000002 -0.000002 16.903084 18.769272 12.376812 50.432026 46.843388 12.310398 179.905045 56.949036 179.856262 -15.370809 4.929515 -6.480173 2.243539 -5.255033 -3.180153 14.282875 -0.826593 6.952495 -0.000003 -12.690592 -0.000001 15.749152 -17.627562 2.958647 1.665664 -1.955920 -2.878296 4.727792 -4.170583 4.993919 11.020508 0.000005 -0.000001 12.109030 -3.735709 -2.866780 -0.000001 0.000000 0.000000 1.291985 -1.928548 -1.498088 14.800113 0.567469 3.865603 14.242553 -1.341733 -6.660649 19.631939 0.143927 -0.648242 49.184891 -0.567124 -5.954008 0.353028 -1.511149 -0.031941 20.222769 3.684308 2.316629 18.787245 0.000007 0.000000 10.751611 -0.479866 1.397904 -0.000000 0.000000 0.000001 3.273805 0.305946 -0.580110 21.486790 11.830364 2.266130 8.162916 0.000003 -0.000001 18.399048 -3.798977 -4.940566 0.000003 -0.000001 -0.000001 17.984755 -0.700523 -10.385542 -0.088704 -0.348427 24.652180 -13.798114 11.818012 -5.258224 1.651405 -2.018378 -1.861638 0.000000 -0.000000 0.000002 1.837038 4.533416 18.114309 -0.064590 0.120920 4.538073 8.539977 -5.906148 -11.346966 -1.470065 1.195714 -1.306434 -0.000000 -0.000000 -0.000001 
1.066910 96.826477 0.105918 -5.996336 -1.063894 -9.226107 3.402983 0.045181 -1.274945 0.249123 -0.296608 -5.114936 4.396316 -2.403899 11.771210 -2.227406 4.105043 13.106859 0.743566 4.513113 -3.717338 -5.092988 6.526269 -7.347483 0.000077 -0.000023 0.000006 0.011722 -0.150016 0.113159 0.709669 -3.882666 -10.646131 -0.699508 3.585770 -10.640789 -16.596899 -16.754162 8.970619 -25.179831 -25.468145 -24.749678 -178.370071 -72.569077 178.479996 9.086554 6.288879 16.371706 -5.882102 9.861278 0.702589 -10.936858 -0.360575 7.156195 0.000001 8.774813 -0.000000 -16.289215 17.340399 5.973544 -1.844030 2.498503 -2.507276 -10.163589 4.678942 4.621104 -20.975992 -0.000002 0.000002 -21.226255 2.451693 -3.593993 0.000000 -0.000007 0.000000 -1.362681 2.240796 -0.746321 -21.334887 0.584908 3.008320 -13.821197 -0.000003 0.000003 -23.887129 -0.249076 -0.839481 -61.007019 2.541878 -1.466960 -0.294023 1.679687 0.833255 -14.218194 0.093216 1.300578 -34.212002 -0.287565 0.967166 -20.033176 0.964532 1.212842 -0.000000 0.000000 0.000000 -3.440385 0.788234 0.501657 -15.928164 -3.167306 2.999704 -6.338816 0.000001 0.000001 -18.123411 3.648180 -4.905662 -0.000003 -0.000000 -0.000002 16.901302 18.772451 12.419038 50.420677 46.760849 12.402455 179.903336 56.960800 179.859421 -15.385201 4.879761 -6.530756 2.243541 -5.255033 -3.180156 14.282877 -0.826594 6.952498 -0.000002 -12.690592 0.000000 15.777219 -17.608246 2.945025 1.665665 -1.955920 -2.878297 4.727794 -4.170582 4.993920 11.020512 0.000004 0.000000 12.109034 -3.735708 -2.866780 0.000000 0.000001 0.000000 1.291983 -1.928548 -1.498087 14.800111 0.567468 3.865602 14.242553 -1.341735 -6.660648 19.631937 0.143927 -0.648241 49.238258 -0.561492 -5.940298 0.353028 -1.511149 -0.031938 20.222767 3.684306 2.316629 18.787245 0.000006 0.000000 10.751613 -0.479867 1.397905 -0.000000 0.000001 0.000001 3.273803 0.305947 -0.580111 21.486792 11.830363 2.266133 8.162915 0.000001 0.000000 18.399052 -3.798982 -4.940567 0.000003 -0.000002 -0.000000 18.016331 -0.682006 -10.383280 -0.093221 -0.347764 24.721838 -13.833134 11.822829 -5.303166 1.651076 -2.006147 -1.863689 0.000000 -0.000000 0.000002 1.874814 4.584692 18.182493 -0.062093 0.111212 4.462033 8.545519 -5.924832 -11.329399 -1.468057 1.209066 -1.294493 -0.000000 -0.000000 -0.000001 
1.099213 96.822517 0.123673 -6.012372 -1.057796 -9.257837 3.393234 0.034335 -1.257775 0.245271 -0.299569 -5.101153 4.402085 -2.408985 11.769880 -2.208180 4.109022 13.207841 0.723405 4.508018 -3.721200 -5.090065 6.530338 -7.361693 0.000077 -0.000023 0.000006 0.012033 -0.153318 0.115917 0.708625 -3.886327 -10.655623 -0.698682 3.581664 -10.652095 -16.550396 -16.743513 8.977981 -25.323273 -25.522373 -24.707750 -178.268250 -72.492294 178.303391 9.168436 6.343106 16.422775 -5.882102 9.861276 0.702590 -10.936856 -0.360575 7.156193 0.000001 8.774815 -0.000001 -16.330908 17.339636 5.946849 -1.844031 2.498503 -2.507277 -10.163589 4.678939 4.621102 -20.975994 -0.000002 0.000001 -21.226255 2.451692 -3.593995 0.000000 -0.000007 0.000000 -1.362680 2.240795 -0.746322 -21.334888 0.584908 3.008317 -13.821197 -0.000002 0.000002 -23.887133 -0.249080 -0.839483 -61.076546 2.531879 -1.465279 -0.294024 1.679686 0.833256 -14.218190 0.093216 1.300579 -34.212002 -0.287567 0.967165 -20.033175 0.964531 1.212841 0.000000 0.000000 0.000001 -3.440385 0.788232 0.501655 -15.928165 -3.167305 2.999700 -6.338817 0.000001 0.000002 -18.123413 3.648177 -4.905663 -0.000003 0.000001 -0.000002 16.872726 18.777136 12.437068 50.444824 46.716068 12.495139 179.856491 56.951256 179.829300 -15.386889 4.822143 -6.645794 2.243540 -5.255033 -3.180155 14.282878 -0.826594 6.952496 -0.000002 -12.690588 -0.000002 15.814556 -17.548141 2.920070 1.665664 -1.955920 -2.878297 4.727796 -4.170582 4.993919 11.020514 0.000003 0.000001 12.109033 -3.735710 -2.866779 0.000000 0.000001 0.000000 1.291983 -1.928547 -1.498087 14.800111 0.567469 3.865605 14.242554 -1.341735 -6.660648 19.631937 0.143924 -0.648243 49.263836 -0.582549 -5.914518 0.353030 -1.511149 -0.031941 20.222765 3.684305 2.316629 18.787245 0.000004 -0.000000 10.751610 -0.479869 1.397903 -0.000000 -0.000000 -0.000001 3.273805 0.305947 -0.580110 21.486788 11.830359 2.266133 8.162916 0.000002 0.000000 18.399054 -3.798978 -4.940566 0.000003 -0.000002 -0.000000 18.018627 -0.677101 -10.373907 -0.093495 -0.325343 24.788404 -13.806762 11.809047 -5.340122 1.648715 -1.999499 -1.859556 -0.000000 0.000000 0.000002 1.882440 4.604659 18.252321 -0.066098 0.117195 4.410674 8.569261 -5.914195 -11.291307 -1.465623 1.218046 -1.289339 -0.000000 0.000000 -0.000001 
1.140389 96.814934 0.118869 -6.020511 -1.050918 -9.280311 3.391380 0.031944 -1.245222 0.240349 -0.302990 -5.104466 4.388186 -2.413788 11.778808 -2.200600 4.108880 13.290576 0.705951 4.480860 -3.735623 -5.105170 6.552894 -7.382187 0.000077 -0.000023 0.000006 0.012104 -0.153227 0.116848 0.709631 -3.881705 -10.644816 -0.697229 3.584623 -10.645500 -16.492706 -16.728424 8.968901 -25.517706 -25.550606 -24.573437 -178.204788 -72.444023 178.173691 9.268828 6.301478 16.532425 -5.882102 9.861278 0.702590 -10.936858 -0.360575 7.156194 0.000001 8.774815 0.000001 -16.370661 17.353748 5.908874 -1.844031 2.498501 -2.507276 -10.163587 4.678940 4.621102 -20.975992 -0.000002 0.000001 -21.226254 2.451694 -3.593995 0.000000 -0.000007 0.000000 -1.362681 2.240798 -0.746322 -21.334888 0.584908 3.008318 -13.821197 -0.000003 0.000002 -23.887125 -0.249077 -0.839484 -61.091866 2.529804 -1.491277 -0.294026 1.679685 0.833256 -14.218190 0.093215 1.300578 -34.212002 -0.287564 0.967166 -20.033176 0.964531 1.212840 0.000000 0.000000 0.000000 -3.440386 0.788232 0.501656 -15.928169 -3.167305 2.999702 -6.338817 0.000001 0.000002 -18.123411 3.648176 -4.905662 -0.000004 -0.000000 -0.000001 16.827305 18.795729 12.435643 50.438072 46.648869 12.533648 179.815231 56.906345 179.782639 -15.389911 4.825000 -6.781921 2.243540 -5.255032 -3.180156 14.282878 -0.826594 6.952494 -0.000002 -12.690590 0.000001 15.851863 -17.496687 2.890087 1.665665 -1.955919 -2.878297 4.727794 -4.170583 4.993918 11.020513 0.000003 0.000000 12.109031 -3.735709 -2.866777 -0.000001 0.000000 0.000002 1.291983 -1.928547 -1.498086 14.800114 0.567468 3.865606 14.242554 -1.341734 -6.660648 19.631941 0.143926 -0.648242 49.283340 -0.589753 -5.912485 0.353029 -1.511149 -0.031940 20.222771 3.684307 2.316629 18.787245 0.000006 0.000001 10.751610 -0.479869 1.397904 0.000000 -0.000001 0.000000 3.273805 0.305947 -0.580109 21.486792 11.830361 2.266130 8.162916 0.000001 -0.000001 18.399054 -3.798978 -4.940566 0.000003 -0.000001 -0.000000 18.002922 -0.645711 -10.398347 -0.093432 -0.323336 24.872154 -13.768661 11.786382 -5.368066 1.648670 -1.999364 -1.820636 0.000000 -0.000000 0.000002 1.875638 4.621721 18.311144 -0.062259 0.119459 4.329195 8.586950 -5.925473 -11.279846 -1.465703 1.224968 -1.301380 -0.000000 0.000000 -0.000001 
1.149880 96.812912 0.108429 -6.018782 -1.071976 -9.282728 3.385085 0.063735 -1.248825 0.239401 -0.329413 -5.103894 4.372698 -2.408125 11.782370 -2.200782 4.119225 13.339418 0.691522 4.449807 -3.740283 -5.134264 6.527934 -7.426056 0.000077 -0.000023 0.000006 0.011560 -0.142976 0.116221 0.710855 -3.871652 -10.641640 -0.697396 3.581209 -10.640519 -16.460182 -16.713385 8.968245 -25.718529 -25.551903 -24.452534 -178.035782 -72.403404 177.939468 9.365680 6.239389 16.648800 -5.882101 9.861279 0.702590 -10.936859 -0.360574 7.156196 0.000001 8.774816 0.000001 -16.359007 17.382484 5.903484 -1.844033 2.498503 -2.507276 -10.163590 4.678941 4.621102 -20.975996 -0.000004 0.000003 -21.226255 2.451694 -3.593992 0.000000 -0.000007 -0.000000 -1.362681 2.240799 -0.746323 -21.334892 0.584909 3.008319 -13.821197 -0.000002 0.000003 -23.887131 -0.249079 -0.839482 -61.072289 2.536197 -1.481413 -0.294026 1.679686 0.833256 -14.218194 0.093216 1.300578 -34.212002 -0.287563 0.967169 -20.033178 0.964534 1.212842 -0.000000 0.000000 0.000000 -3.440386 0.788234 0.501655 -15.928167 -3.167306 2.999703 -6.338818 0.000002 0.000000 -18.123415 3.648177 -4.905663 -0.000004 0.000001 -0.000002 16.796911 18.809500 12.447743 50.408749 46.643520 12.583436 179.822662 56.848732 179.764832 -15.407651 4.844512 -6.882401 2.243540 -5.255032 -3.180157 14.282875 -0.826593 6.952497 -0.000003 -12.690588 0.000000 15.880368 -17.505978 2.868532 1.665665 -1.955919 -2.878298 4.727794 -4.170583 4.993921 11.020511 0.000004 0.000000 12.109030 -3.735709 -2.866780 -0.000000 0.000000 -0.000000 1.291984 -1.928547 -1.498088 14.800111 0.567469 3.865602 14.242553 -1.341733 -6.660650 19.631939 0.143928 -0.648244 49.335888 -0.587943 -5.917520 0.353029 -1.511150 -0.031941 20.222769 3.684308 2.316627 18.787245 0.000006 -0.000001 10.751614 -0.479867 1.397904 0.000000 0.000001 0.000000 3.273803 0.305948 -0.580110 21.486792 11.830361 2.266132 8.162916 0.000003 0.000000 18.399052 -3.798981 -4.940565 0.000003 -0.000002 -0.000001 18.001335 -0.584039 -10.401044 -0.090943 -0.323622 24.886301 -13.758814 11.770800 -5.361668 1.646827 -1.995540 -1.798945 -0.000000 -0.000000 0.000002 1.860158 4.647481 18.292870 -0.055642 0.118329 4.365924 8.570994 -5.905827 -11.288364 -1.464850 1.234302 -1.323129 -0.000000 0.000000 -0.000001 
1.175684 96.806213 0.100514 -6.020432 -1.074131 -9.275581 3.379909 0.052691 -1.248505 0.244793 -0.320717 -5.097228 4.354278 -2.402010 11.765737 -2.220063 4.116570 13.369873 0.691714 4.414341 -3.738355 -5.171490 6.553978 -7.473850 0.000077 -0.000023 0.000006 0.012425 -0.139537 0.116193 0.711225 -3.868900 -10.633443 -0.698348 3.585555 -10.636967 -16.461697 -16.721464 8.963614 -25.870445 -25.544941 -24.343704 -177.886719 -72.361343 177.755417 9.397290 6.228763 16.772068 -5.882099 9.861276 0.702590 -10.936858 -0.360575 7.156198 0.000001 8.774813 -0.000002 -16.366629 17.422340 5.873795 -1.844031 2.498505 -2.507275 -10.163589 4.678938 4.621103 -20.975992 -0.000005 0.000004 -21.226254 2.451693 -3.593993 0.000000 -0.000007 -0.000001 -1.362680 2.240796 -0.746324 -21.334887 0.584909 3.008322 -13.821197 -0.000004 0.000004 -23.887131 -0.249080 -0.839480 -61.064915 2.559265 -1.520513 -0.294025 1.679687 0.833256 -14.218194 0.093214 1.300579 -34.211998 -0.287563 0.967170 -20.033180 0.964534 1.212843 -0.000000 0.000001 -0.000000 -3.440386 0.788233 0.501657 -15.928169 -3.167306 2.999705 -6.338817 0.000002 0.000001 -18.123415 3.648176 -4.905663 -0.000003 -0.000000 -0.000002 16.742867 18.818052 12.450851 50.403393 46.666779 12.569174 179.823746 56.802032 179.760696 -15.412120 4.899532 -6.989325 2.243539 -5.255032 -3.180156 14.282877 -0.826594 6.952497 -0.000003 -12.690588 0.000001 15.925492 -17.549532 2.852914 1.665664 -1.955919 -2.878297 4.727794 -4.170583 4.993920 11.020513 0.000003 0.000001 12.109032 -3.735710 -2.866776 0.000000 0.000000 0.000001 1.291984 -1.928547 -1.498090 14.800113 0.567467 3.865604 14.242551 -1.341733 -6.660651 19.631939 0.143926 -0.648243 49.417988 -0.614523 -5.953868 0.353029 -1.511150 -0.031939 20.222769 3.684306 2.316629 18.787247 0.000007 -0.000001 10.751610 -0.479866 1.397904 -0.000000 -0.000000 -0.000001 3.273803 0.305947 -0.580110 21.486792 11.830363 2.266131 8.162916 0.000003 0.000000 18.399055 -3.798979 -4.940565 0.000004 -0.000003 -0.000000 17.990852 -0.524343 -10.445085 -0.087692 -0.320647 24.950573 -13.734321 11.759290 -5.374371 1.646672 -1.975393 -1.794147 0.000000 -0.000000 0.000002 1.844762 4.644461 18.260258 -0.055603 0.126572 4.417850 8.566792 -5.908763 -11.322111 -1.464327 1.232428 -1.327795 -0.000000 -0.000000 -0.000001 
1.222963 96.801270 0.117754 -6.012063 -1.083090 -9.260017 3.376800 0.058742 -1.254184 0.254519 -0.326475 -5.100546 4.322557 -2.402326 11.757939 -2.247686 4.107453 13.376276 0.701165 4.436154 -3.732343 -5.194876 6.551363 -7.511268 0.000077 -0.000023 0.000006 0.011221 -0.139575 0.112293 0.709467 -3.866452 -10.624702 -0.699058 3.581099 -10.631608 -16.460548 -16.713394 8.957058 -25.987341 -25.544897 -24.226177 -177.879745 -72.408020 177.732239 9.449623 6.167840 16.790234 -5.882100 9.861278 0.702591 -10.936861 -0.360574 7.156201 -0.000000 8.774815 -0.000001 -16.399223 17.466644 5.881849 -1.844031 2.498504 -2.507276 -10.163590 4.678938 4.621105 -20.975998 -0.000001 0.000003 -21.226255 2.451695 -3.593992 0.000001 -0.000006 -0.000000 -1.362679 2.240796 -0.746320 -21.334890 0.584909 3.008323 -13.821195 -0.000002 0.000004 -23.887129 -0.249077 -0.839481 -61.087234 2.606931 -1.524962 -0.294024 1.679687 0.833255 -14.218194 0.093214 1.300581 -34.212006 -0.287561 0.967173 -20.033176 0.964537 1.212842 -0.000000 0.000000 0.000001 -3.440384 0.788231 0.501656 -15.928169 -3.167304 2.999707 -6.338818 0.000001 0.000003 -18.123415 3.648177 -4.905660 -0.000004 0.000001 -0.000002 16.715157 18.865517 12.467997 50.394405 46.710640 12.582341 179.895172 56.736118 179.846710 -15.437842 4.891154 -6.992571 2.243540 -5.255033 -3.180155 14.282875 -0.826594 6.952495 -0.000001 -12.690591 -0.000002 15.971640 -17.585430 2.857741 1.665665 -1.955920 -2.878297 4.727794 -4.170583 4.993919 11.020513 0.000003 -0.000001 12.109033 -3.735709 -2.866779 -0.000001 0.000001 0.000002 1.291984 -1.928548 -1.498087 14.800111 0.567468 3.865603 14.242548 -1.341733 -6.660648 19.631933 0.143925 -0.648243 49.461525 -0.616878 -5.945665 0.353029 -1.511150 -0.031941 20.222767 3.684307 2.316627 18.787245 0.000006 -0.000002 10.751610 -0.479867 1.397905 -0.000001 0.000000 0.000001 3.273804 0.305946 -0.580109 21.486790 11.830363 2.266129 8.162916 0.000001 0.000001 18.399050 -3.798979 -4.940566 0.000003 -0.000003 -0.000001 17.958221 -0.480717 -10.487165 -0.096034 -0.321539 25.035444 -13.707075 11.773581 -5.424879 1.645495 -1.981749 -1.782499 0.000000 -0.000000 0.000002 1.809800 4.662318 18.250544 -0.049962 0.137032 4.422800 8.580594 -5.912697 -11.335832 -1.463971 1.228793 -1.330470 -0.000000 0.000000 -0.000001 
1.215400 96.789536 0.119394 -6.005631 -1.097395 -9.259330 3.379767 0.061650 -1.250364 0.263571 -0.316508 -5.104181 4.295701 -2.404548 11.754804 -2.263992 4.098510 13.367135 0.697490 4.476377 -3.725963 -5.217457 6.554491 -7.529067 0.000077 -0.000023 0.000006 0.013620 -0.146191 0.112319 0.709029 -3.863500 -10.622782 -0.695912 3.577545 -10.637428 -16.465397 -16.697676 8.940031 -26.084404 -25.520180 -24.010311 -178.167953 -72.404778 177.999023 9.460493 6.189646 16.792683 -5.882100 9.861278 0.702592 -10.936858 -0.360573 7.156199 0.000000 8.774812 -0.000001 -16.399714 17.462067 5.880081 -1.844031 2.498501 -2.507276 -10.163589 4.678940 4.621105 -20.975996 0.000000 0.000005 -21.226254 2.451694 -3.593992 0.000001 -0.000006 -0.000000 -1.362682 2.240797 -0.746323 -21.334888 0.584908 3.008321 -13.821197 0.000000 0.000003 -23.887131 -0.249076 -0.839480 -61.106617 2.601382 -1.514917 -0.294025 1.679686 0.833255 -14.218189 0.093213 1.300578 -34.211998 -0.287562 0.967171 -20.033178 0.964538 1.212842 0.000001 -0.000000 0.000001 -3.440386 0.788232 0.501655 -15.928167 -3.167305 2.999705 -6.338817 0.000001 0.000001 -18.123413 3.648178 -4.905661 -0.000004 -0.000000 -0.000002 16.701727 18.889814 12.480902 50.353664 46.786049 12.582505 179.996078 56.690403 179.966858 -15.414819 4.865539 -7.019531 2.243540 -5.255033 -3.180154 14.282877 -0.826593 6.952497 0.000000 -12.690592 0.000001 15.971766 -17.600439 2.885706 1.665665 -1.955919 -2.878296 4.727793 -4.170583 4.993919 11.020513 0.000003 0.000000 12.109031 -3.735711 -2.866779 -0.000001 -0.000000 0.000001 1.291984 -1.928547 -1.498088 14.800111 0.567467 3.865602 14.242553 -1.341736 -6.660647 19.631939 0.143926 -0.648242 49.433796 -0.634715 -5.904882 0.353029 -1.511149 -0.031939 20.222769 3.684306 2.316627 18.787247 0.000004 -0.000002 10.751612 -0.479867 1.397905 0.000000 0.000000 0.000000 3.273803 0.305947 -0.580109 21.486788 11.830364 2.266128 8.162912 0.000002 -0.000001 18.399054 -3.798981 -4.940567 0.000003 -0.000003 -0.000000 17.960398 -0.459645 -10.505551 -0.093141 -0.319873 25.084759 -13.730609 11.776111 -5.452025 1.645889 -1.998686 -1.790229 0.000000 -0.000000 0.000002 1.812325 4.686606 18.219732 -0.049721 0.146039 4.490067 8.590842 -5.942850 -11.415288 -1.463182 1.221984 -1.318414 -0.000000 -0.000000 -0.000001 
1.247823 96.797920 0.113342 -5.992609 -1.106923 -9.251941 3.380974 0.052387 -1.246336 0.270974 -0.293252 -5.101275 4.278560 -2.392967 11.732416 -2.272240 4.095804 13.361609 0.697720 4.520801 -3.729825 -5.235892 6.550954 -7.529879 0.000077 -0.000023 0.000006 0.012124 -0.136337 0.111440 0.705305 -3.858655 -10.626106 -0.690969 3.582870 -10.639255 -16.468533 -16.673645 8.929411 -26.143627 -25.546797 -23.794363 -178.355545 -72.478439 178.203476 9.425824 6.153382 16.776964 -5.882102 9.861279 0.702589 -10.936861 -0.360575 7.156198 0.000000 8.774813 -0.000001 -16.366064 17.458689 5.889062 -1.844031 2.498502 -2.507275 -10.163590 4.678937 4.621106 -20.975996 -0.000003 0.000004 -21.226255 2.451690 -3.593991 0.000001 -0.000006 -0.000000 -1.362681 2.240795 -0.746324 -21.334894 0.584909 3.008322 -13.821198 -0.000002 0.000005 -23.887131 -0.249078 -0.839481 -61.075657 2.587305 -1.520046 -0.294023 1.679686 0.833257 -14.218194 0.093215 1.300580 -34.212006 -0.287563 0.967172 -20.033184 0.964535 1.212843 -0.000001 0.000000 0.000001 -3.440384 0.788231 0.501656 -15.928171 -3.167310 2.999702 -6.338817 0.000001 0.000001 -18.123415 3.648176 -4.905661 -0.000004 -0.000000 -0.000002 16.705030 18.905783 12.501732 50.329685 46.845940 12.575010 -179.970612 56.635998 -179.935181 -15.382862 4.852261 -7.069751 2.243540 -5.255032 -3.180156 14.282878 -0.826595 6.952495 -0.000001 -12.690590 0.000000 15.931736 -17.623459 2.938855 1.665665 -1.955920 -2.878297 4.727794 -4.170583 4.993918 11.020513 0.000003 -0.000001 12.109033 -3.735711 -2.866781 -0.000001 0.000001 0.000002 1.291985 -1.928548 -1.498087 14.800111 0.567466 3.865603 14.242553 -1.341735 -6.660649 19.631939 0.143925 -0.648244 49.366745 -0.654256 -5.884027 0.353030 -1.511149 -0.031941 20.222767 3.684305 2.316627 18.787245 0.000005 -0.000002 10.751611 -0.479867 1.397903 -0.000000 0.000000 0.000000 3.273804 0.305947 -0.580111 21.486788 11.830360 2.266129 8.162916 0.000001 -0.000001 18.399055 -3.798981 -4.940570 0.000003 -0.000002 -0.000000 17.925116 -0.448677 -10.503510 -0.091897 -0.315455 25.067381 -13.714867 11.781776 -5.442976 1.645406 -1.998769 -1.800142 -0.000000 0.000000 0.000002 1.789120 4.712508 18.190851 -0.047340 0.148980 4.534472 8.633465 -5.985927 -11.399852 -1.463826 1.220725 -1.316108 -0.000000 0.000000 -0.000001 
1.259441 96.795158 0.106242 -5.992750 -1.104333 -9.259089 3.389559 0.062808 -1.239752 0.271070 -0.295740 -5.094462 4.287218 -2.367440 11.721654 -2.284079 4.115586 13.341012 0.704602 4.557456 -3.736096 -5.255854 6.497891 -7.530114 0.000077 -0.000023 0.000006 0.015213 -0.125723 0.115128 0.704271 -3.846770 -10.634563 -0.688954 3.598661 -10.647388 -16.481133 -16.663057 8.914783 -26.164042 -25.554848 -23.625168 -178.480392 -72.514595 178.352966 9.398743 6.141453 16.699139 -5.882101 9.861278 0.702590 -10.936858 -0.360574 7.156195 0.000000 8.774814 0.000000 -16.341412 17.417265 5.897886 -1.844030 2.498501 -2.507275 -10.163589 4.678940 4.621106 -20.975996 -0.000002 0.000001 -21.226254 2.451689 -3.593995 0.000001 -0.000006 -0.000000 -1.362682 2.240798 -0.746324 -21.334887 0.584908 3.008319 -13.821197 -0.000001 0.000002 -23.887131 -0.249082 -0.839482 -61.036030 2.564811 -1.503418 -0.294024 1.679684 0.833254 -14.218189 0.093214 1.300578 -34.211998 -0.287562 0.967167 -20.033180 0.964536 1.212839 -0.000001 0.000000 0.000000 -3.440386 0.788233 0.501655 -15.928167 -3.167305 2.999702 -6.338817 0.000002 0.000001 -18.123413 3.648175 -4.905663 -0.000004 0.000001 -0.000002 16.703348 18.909836 12.513230 50.251648 46.873665 12.474568 -179.976318 56.588020 -179.922684 -15.334868 4.850572 -7.093053 2.243539 -5.255033 -3.180156 14.282875 -0.826593 6.952497 -0.000001 -12.690591 -0.000001 15.880628 -17.617580 2.951954 1.665665 -1.955920 -2.878296 4.727795 -4.170584 4.993921 11.020510 0.000003 -0.000001 12.109035 -3.735713 -2.866779 -0.000001 -0.000000 0.000001 1.291984 -1.928547 -1.498088 14.800111 0.567467 3.865605 14.242551 -1.341737 -6.660647 19.631937 0.143925 -0.648242 49.295326 -0.658596 -5.867063 0.353029 -1.511150 -0.031939 20.222767 3.684305 2.316630 18.787245 0.000005 -0.000000 10.751610 -0.479867 1.397904 0.000000 0.000001 0.000001 3.273805 0.305947 -0.580111 21.486790 11.830360 2.266134 8.162916 0.000002 0.000000 18.399055 -3.798979 -4.940566 0.000003 -0.000002 -0.000002 17.913210 -0.460276 -10.513109 -0.085591 -0.316776 25.089878 -13.732082 11.782526 -5.455363 1.644521 -1.995635 -1.792534 0.000000 -0.000000 0.000002 1.794390 4.730198 18.177868 -0.049071 0.155197 4.576572 8.643332 -6.046052 -11.424026 -1.465050 1.222331 -1.305290 -0.000000 0.000000 -0.000001 
1.271592 96.783081 0.101731 -5.995248 -1.093502 -9.273661 3.389895 0.069678 -1.223020 0.271331 -0.293325 -5.104783 4.310048 -2.366967 11.724930 -2.304197 4.141878 13.294786 0.711815 4.573757 -3.736890 -5.244791 6.471090 -7.513300 0.000077 -0.000023 0.000006 0.014025 -0.112313 0.117673 0.701159 -3.837069 -10.648777 -0.687014 3.613532 -10.653270 -16.479836 -16.652578 8.918471 -26.192461 -25.550867 -23.469303 -178.677414 -72.506081 178.574081 9.373376 6.108249 16.632540 -5.882101 9.861279 0.702591 -10.936860 -0.360574 7.156198 0.000002 8.774812 0.000001 -16.314087 17.393339 5.908059 -1.844031 2.498503 -2.507276 -10.163591 4.678941 4.621103 -20.975994 -0.000003 0.000002 -21.226255 2.451691 -3.593992 0.000001 -0.000006 -0.000000 -1.362681 2.240796 -0.746322 -21.334892 0.584908 3.008320 -13.821197 -0.000003 0.000003 -23.887133 -0.249079 -0.839482 -61.022114 2.553108 -1.539525 -0.294024 1.679685 0.833255 -14.218194 0.093214 1.300577 -34.212002 -0.287563 0.967167 -20.033175 0.964536 1.212841 -0.000001 0.000001 -0.000000 -3.440384 0.788232 0.501654 -15.928171 -3.167306 2.999703 -6.338818 0.000002 0.000001 -18.123415 3.648174 -4.905662 -0.000004 0.000001 -0.000002 16.710545 18.900911 12.544978 50.229141 46.904308 12.392626 179.923813 56.523315 -179.963028 -15.307230 4.818107 -7.144091 2.243539 -5.255031 -3.180155 14.282877 -0.826595 6.952498 -0.000004 -12.690587 0.000001 15.808344 -17.606329 2.981456 1.665664 -1.955918 -2.878297 4.727792 -4.170582 4.993920 11.020513 0.000003 0.000000 12.109030 -3.735709 -2.866779 -0.000001 0.000000 0.000001 1.291984 -1.928548 -1.498086 14.800109 0.567468 3.865604 14.242553 -1.341734 -6.660651 19.631935 0.143927 -0.648246 49.238644 -0.643123 -5.855296 0.353029 -1.511149 -0.031939 20.222767 3.684306 2.316626 18.787243 0.000006 -0.000001 10.751610 -0.479870 1.397905 -0.000000 0.000001 -0.000001 3.273803 0.305948 -0.580110 21.486790 11.830363 2.266129 8.162916 0.000003 0.000001 18.399050 -3.798980 -4.940566 0.000003 -0.000002 -0.000001 17.904739 -0.487258 -10.542176 -0.085884 -0.320836 25.162844 -13.762510 11.786707 -5.498033 1.642936 -1.996224 -1.780740 0.000000 -0.000000 0.000002 1.814590 4.763132 18.170073 -0.054488 0.154031 4.633887 8.646621 -6.122034 -11.489455 -1.465636 1.224898 -1.299780 0.000000 0.000000 -0.000001 
1.292542 96.765778 0.093998 -6.005345 -1.062334 -9.297389 3.392045 0.066426 -1.200830 0.280285 -0.279924 -5.105165 4.328944 -2.381779 11.736304 -2.335132 4.149533 13.244740 0.723708 4.593975 -3.735717 -5.220498 6.463158 -7.511971 0.000077 -0.000023 0.000006 0.013204 -0.098608 0.122230 0.700891 -3.820723 -10.645378 -0.685518 3.623802 -10.650803 -16.458519 -16.639402 8.932302 -26.231379 -25.566111 -23.375774 -178.611877 -72.493576 178.562546 9.371017 6.117142 16.571920 -5.882100 9.861278 0.702590 -10.936858 -0.360575 7.156198 -0.000000 8.774813 0.000001 -16.318848 17.381752 5.893915 -1.844030 2.498501 -2.507276 -10.163589 4.678937 4.621102 -20.975994 -0.000003 0.000002 -21.226255 2.451690 -3.593995 0.000002 -0.000005 -0.000000 -1.362679 2.240795 -0.746324 -21.334892 0.584909 3.008318 -13.821193 -0.000004 0.000002 -23.887129 -0.249080 -0.839482 -61.006031 2.547911 -1.572443 -0.294024 1.679684 0.833255 -14.218192 0.093213 1.300577 -34.212002 -0.287565 0.967167 -20.033176 0.964533 1.212840 -0.000001 0.000000 0.000000 -3.440385 0.788233 0.501656 -15.928167 -3.167307 2.999703 -6.338817 0.000000 0.000000 -18.123413 3.648173 -4.905661 -0.000004 0.000001 -0.000002 16.715420 18.887997 12.563010 50.230606 46.888554 12.340465 179.795074 56.450542 179.928284 -15.314864 4.756369 -7.193057 2.243540 -5.255033 -3.180155 14.282875 -0.826592 6.952495 -0.000003 -12.690593 -0.000001 15.804276 -17.607124 2.987729 1.665664 -1.955920 -2.878296 4.727793 -4.170583 4.993918 11.020513 0.000004 0.000000 12.109028 -3.735708 -2.866780 -0.000001 0.000000 0.000001 1.291985 -1.928548 -1.498088 14.800111 0.567468 3.865605 14.242553 -1.341734 -6.660650 19.631935 0.143928 -0.648243 49.219826 -0.612472 -5.831778 0.353028 -1.511148 -0.031940 20.222767 3.684308 2.316629 18.787247 0.000005 -0.000001 10.751610 -0.479866 1.397905 0.000000 0.000001 0.000000 3.273804 0.305947 -0.580111 21.486792 11.830365 2.266133 8.162915 0.000003 0.000001 18.399050 -3.798979 -4.940564 0.000003 -0.000002 -0.000001 17.895084 -0.527341 -10.592166 -0.081523 -0.319380 25.274614 -13.767436 11.812022 -5.548434 1.642905 -1.995989 -1.791419 0.000000 -0.000000 0.000002 1.838601 4.798741 18.179077 -0.052867 0.145599 4.669214 8.651872 -6.191976 -11.562705 -1.466036 1.229965 -1.297414 -0.000000 0.000000 -0.000001 
1.255374 96.761116 0.063832 -6.009775 -1.028518 -9.306136 3.399063 0.072633 -1.188210 0.272890 -0.306196 -5.111526 4.346876 -2.380410 11.750977 -2.360278 4.152869 13.188012 0.729957 4.616569 -3.733223 -5.195302 6.469283 -7.495714 0.000077 -0.000023 0.000006 0.014453 -0.091771 0.124651 0.699385 -3.815087 -10.646674 -0.682960 3.632734 -10.661291 -16.419998 -16.610456 8.942598 -26.247189 -25.577511 -23.284676 -178.787643 -72.505035 178.693115 9.331069 6.102236 16.508667 -5.882101 9.861278 0.702591 -10.936861 -0.360576 7.156196 -0.000001 8.774814 -0.000002 -16.304623 17.353777 5.893692 -1.844030 2.498503 -2.507276 -10.163589 4.678938 4.621104 -20.975996 -0.000003 0.000004 -21.226254 2.451692 -3.593992 0.000001 -0.000006 -0.000000 -1.362680 2.240796 -0.746323 -21.334892 0.584908 3.008320 -13.821197 -0.000002 0.000003 -23.887131 -0.249080 -0.839480 -60.988068 2.571746 -1.578822 -0.294023 1.679686 0.833254 -14.218195 0.093214 1.300581 -34.212006 -0.287564 0.967172 -20.033182 0.964536 1.212843 0.000000 0.000000 0.000001 -3.440386 0.788232 0.501655 -15.928171 -3.167307 2.999704 -6.338817 0.000001 0.000002 -18.123413 3.648175 -4.905661 -0.000004 0.000002 -0.000002 16.732872 18.877977 12.570956 50.286690 46.846191 12.352303 179.737839 56.385326 179.860092 -15.281421 4.701861 -7.219969 2.243540 -5.255033 -3.180155 14.282875 -0.826592 6.952497 -0.000003 -12.690591 -0.000001 15.806426 -17.597717 2.996591 1.665666 -1.955920 -2.878298 4.727793 -4.170584 4.993921 11.020507 0.000005 -0.000001 12.109032 -3.735709 -2.866778 0.000000 0.000001 0.000000 1.291984 -1.928547 -1.498087 14.800109 0.567468 3.865602 14.242553 -1.341735 -6.660647 19.631937 0.143926 -0.648242 49.206097 -0.590586 -5.841892 0.353028 -1.511149 -0.031940 20.222765 3.684308 2.316628 18.787245 0.000006 -0.000002 10.751609 -0.479868 1.397903 -0.000001 0.000001 0.000001 3.273803 0.305947 -0.580109 21.486790 11.830365 2.266131 8.162916 0.000001 0.000000 18.399048 -3.798976 -4.940567 0.000003 -0.000002 0.000001 17.922890 -0.559967 -10.605573 -0.086578 -0.311031 25.247465 -13.795030 11.846253 -5.510946 1.641612 -1.993094 -1.811339 -0.000000 0.000000 0.000002 1.871461 4.808167 18.106375 -0.051383 0.133821 4.816821 8.638845 -6.238975 -11.638855 -1.467177 1.235849 -1.288932 -0.000000 -0.000000 -0.000001 
1.260553 96.750275 0.068183 -6.017307 -1.000341 -9.311058 3.403472 0.064671 -1.185430 0.276811 -0.312998 -5.097814 4.351349 -2.394685 11.752365 -2.372532 4.137011 13.146273 0.739103 4.635001 -3.731085 -5.173469 6.498069 -7.486959 0.000077 -0.000023 0.000006 0.014223 -0.095086 0.129720 0.699815 -3.815035 -10.634414 -0.683520 3.629468 -10.650134 -16.398716 -16.587879 8.970098 -26.235067 -25.567440 -23.167500 -178.949692 -72.472839 178.876205 9.296170 6.101449 16.446125 -5.882102 9.861277 0.702588 -10.936860 -0.360575 7.156196 0.000001 8.774813 -0.000001 -16.335911 17.336740 5.867612 -1.844030 2.498502 -2.507276 -10.163589 4.678940 4.621103 -20.975994 -0.000003 0.000003 -21.226255 2.451690 -3.593993 0.000001 -0.000006 -0.000000 -1.362679 2.240797 -0.746323 -21.334887 0.584906 3.008317 -13.821194 -0.000003 0.000001 -23.887129 -0.249082 -0.839482 -61.005341 2.537932 -1.577098 -0.294024 1.679687 0.833256 -14.218192 0.093214 1.300579 -34.212006 -0.287567 0.967170 -20.033178 0.964532 1.212844 0.000000 0.000000 0.000001 -3.440386 0.788233 0.501656 -15.928165 -3.167307 2.999701 -6.338818 0.000001 0.000001 -18.123413 3.648173 -4.905662 -0.000004 0.000002 -0.000002 16.783455 18.846695 12.595918 50.323029 46.811611 12.378347 179.628067 56.337864 179.787338 -15.284448 4.690049 -7.268328 2.243540 -5.255033 -3.180155 14.282875 -0.826593 6.952497 -0.000005 -12.690588 0.000001 15.797802 -17.601328 2.999133 1.665664 -1.955920 -2.878296 4.727793 -4.170583 4.993921 11.020509 0.000004 -0.000000 12.109027 -3.735707 -2.866779 -0.000001 0.000001 0.000001 1.291984 -1.928547 -1.498089 14.800111 0.567468 3.865605 14.242553 -1.341733 -6.660648 19.631939 0.143926 -0.648243 49.243786 -0.579782 -5.828621 0.353028 -1.511149 -0.031938 20.222769 3.684307 2.316631 18.787245 0.000006 0.000001 10.751609 -0.479867 1.397905 -0.000001 -0.000001 0.000001 3.273805 0.305947 -0.580109 21.486788 11.830362 2.266133 8.162915 0.000003 0.000001 18.399050 -3.798980 -4.940564 0.000003 -0.000002 -0.000000 17.924166 -0.610759 -10.644371 -0.089042 -0.304540 25.316504 -13.803540 11.855373 -5.549359 1.641900 -2.009477 -1.823494 0.000000 0.000000 0.000002 1.889670 4.816539 18.109587 -0.053696 0.127395 4.822628 8.639774 -6.267861 -11.684581 -1.467379 1.236315 -1.297717 0.000000 0.000000 -0.000001 
1.233973 96.738327 0.032459 -6.024113 -0.981888 -9.308461 3.406305 0.057938 -1.182388 0.270708 -0.335905 -5.090519 4.356001 -2.395224 11.737242 -2.349200 4.127731 13.115051 0.728274 4.633030 -3.738365 -5.150692 6.517772 -7.453078 0.000077 -0.000023 0.000006 0.013742 -0.095001 0.133145 0.699961 -3.815581 -10.627991 -0.684663 3.632250 -10.645118 -16.359091 -16.563219 8.971660 -26.238470 -25.545546 -23.026884 -179.069992 -72.471497 179.046066 9.289333 6.095446 16.307365 -5.882103 9.861279 0.702589 -10.936858 -0.360573 7.156197 -0.000001 8.774814 -0.000002 -16.358292 17.333237 5.861240 -1.844031 2.498502 -2.507276 -10.163591 4.678941 4.621105 -20.975996 -0.000000 0.000004 -21.226255 2.451692 -3.593994 0.000001 -0.000006 -0.000000 -1.362680 2.240796 -0.746323 -21.334896 0.584908 3.008320 -13.821197 -0.000002 0.000003 -23.887131 -0.249078 -0.839483 -61.035679 2.561466 -1.556644 -0.294021 1.679685 0.833254 -14.218194 0.093214 1.300582 -34.212002 -0.287563 0.967169 -20.033178 0.964532 1.212842 0.000000 0.000000 0.000001 -3.440385 0.788232 0.501656 -15.928167 -3.167305 2.999703 -6.338818 -0.000001 0.000001 -18.123415 3.648176 -4.905662 -0.000004 -0.000000 -0.000001 16.849066 18.796144 12.626727 50.310894 46.806343 12.407567 179.608368 56.312031 179.793152 -15.244247 4.662563 -7.383330 2.243539 -5.255033 -3.180154 14.282878 -0.826594 6.952495 -0.000001 -12.690591 -0.000001 15.806088 -17.601065 3.012383 1.665665 -1.955920 -2.878296 4.727794 -4.170583 4.993921 11.020511 0.000004 0.000000 12.109028 -3.735709 -2.866780 0.000000 0.000001 0.000001 1.291983 -1.928547 -1.498088 14.800111 0.567469 3.865603 14.242551 -1.341736 -6.660647 19.631937 0.143924 -0.648243 49.272747 -0.617483 -5.831678 0.353029 -1.511149 -0.031939 20.222769 3.684306 2.316629 18.787245 0.000006 -0.000001 10.751610 -0.479865 1.397905 -0.000000 0.000000 0.000000 3.273804 0.305947 -0.580109 21.486790 11.830363 2.266132 8.162919 0.000001 -0.000001 18.399055 -3.798980 -4.940568 0.000003 -0.000002 -0.000000 17.950346 -0.634940 -10.692904 -0.095161 -0.300302 25.340866 -13.813536 11.862179 -5.533362 1.642154 -2.012980 -1.824229 -0.000000 0.000000 0.000002 1.919702 4.812368 18.044773 -0.056890 0.123373 4.920270 8.620776 -6.273432 -11.779990 -1.467925 1.232778 -1.299488 0.000000 0.000000 -0.000001 
1.237609 96.733833 0.020312 -6.025597 -0.963550 -9.309412 3.400848 0.058050 -1.179504 0.262109 -0.351268 -5.093599 4.366093 -2.391194 11.745815 -2.314921 4.100538 13.069402 0.721584 4.616238 -3.744173 -5.133130 6.504148 -7.435075 0.000077 -0.000023 0.000006 0.014383 -0.098482 0.132674 0.704334 -3.816605 -10.626972 -0.686621 3.620709 -10.645414 -16.311766 -16.587099 8.943284 -26.199015 -25.507652 -22.965532 -179.108322 -72.489014 179.089905 9.263875 6.072965 16.141985 -5.882101 9.861278 0.702590 -10.936860 -0.360575 7.156197 0.000001 8.774816 -0.000001 -16.341013 17.348843 5.861449 -1.844030 2.498503 -2.507276 -10.163589 4.678940 4.621104 -20.975998 -0.000003 0.000005 -21.226254 2.451693 -3.593991 0.000002 -0.000006 -0.000000 -1.362682 2.240798 -0.746322 -21.334890 0.584905 3.008320 -13.821197 -0.000003 0.000004 -23.887129 -0.249079 -0.839479 -61.037148 2.556606 -1.578117 -0.294024 1.679688 0.833256 -14.218192 0.093214 1.300578 -34.212006 -0.287567 0.967172 -20.033180 0.964536 1.212843 0.000000 0.000000 0.000001 -3.440385 0.788234 0.501654 -15.928169 -3.167309 2.999704 -6.338817 0.000001 0.000002 -18.123411 3.648176 -4.905661 -0.000004 0.000001 -0.000002 16.892309 18.752605 12.620214 50.286823 46.775959 12.397108 179.547806 56.291645 179.775833 -15.205252 4.615986 -7.483143 2.243540 -5.255032 -3.180155 14.282875 -0.826594 6.952492 -0.000000 -12.690588 -0.000001 15.789870 -17.600660 3.016102 1.665664 -1.955920 -2.878296 4.727793 -4.170583 4.993918 11.020512 0.000004 -0.000001 12.109033 -3.735709 -2.866779 -0.000001 0.000001 0.000001 1.291985 -1.928547 -1.498088 14.800114 0.567467 3.865601 14.242553 -1.341734 -6.660651 19.631939 0.143927 -0.648246 49.273220 -0.621797 -5.831847 0.353029 -1.511150 -0.031942 20.222771 3.684302 2.316627 18.787243 0.000007 -0.000003 10.751611 -0.479868 1.397903 -0.000000 0.000001 0.000001 3.273805 0.305947 -0.580110 21.486788 11.830360 2.266127 8.162917 0.000000 -0.000003 18.399052 -3.798976 -4.940570 0.000003 -0.000002 0.000002 17.941126 -0.680401 -10.720103 -0.093788 -0.308318 25.364840 -13.798387 11.877703 -5.538664 1.643635 -2.002671 -1.835644 0.000000 -0.000000 0.000002 1.927715 4.806253 18.023479 -0.056824 0.121422 4.960835 8.644713 -6.282093 -11.817899 -1.470371 1.235571 -1.322921 -0.000000 0.000000 -0.000001 
1.173489 96.730484 -0.010270 -6.039109 -0.949606 -9.303019 3.394946 0.063271 -1.193884 0.252392 -0.385497 -5.085989 4.386882 -2.385539 11.736075 -2.288252 4.064167 13.041652 0.716714 4.616697 -3.755031 -5.113196 6.494012 -7.399914 0.000077 -0.000023 0.000006 0.013423 -0.101885 0.132837 0.706060 -3.821445 -10.628198 -0.688779 3.615582 -10.648997 -16.283144 -16.611605 8.928199 -26.141428 -25.472225 -22.956469 -179.051926 -72.513573 179.051453 9.266566 6.059100 15.957538 -5.882102 9.861281 0.702588 -10.936859 -0.360577 7.156196 -0.000001 8.774814 0.000000 -16.339476 17.371647 5.874129 -1.844031 2.498502 -2.507276 -10.163590 4.678938 4.621103 -20.976000 -0.000004 -0.000000 -21.226255 2.451690 -3.593995 0.000002 -0.000005 -0.000000 -1.362681 2.240797 -0.746322 -21.334887 0.584908 3.008317 -13.821197 -0.000002 0.000002 -23.887131 -0.249080 -0.839482 -61.054581 2.582965 -1.571415 -0.294022 1.679686 0.833256 -14.218194 0.093214 1.300577 -34.212002 -0.287565 0.967166 -20.033184 0.964534 1.212839 0.000000 0.000000 0.000000 -3.440384 0.788230 0.501653 -15.928167 -3.167305 2.999702 -6.338817 0.000001 0.000001 -18.123415 3.648176 -4.905664 -0.000004 0.000002 -0.000002 16.939034 18.701941 12.631982 50.273087 46.778191 12.459885 179.622025 56.299713 179.807953 -15.162203 4.577923 -7.462620 2.243540 -5.255033 -3.180157 14.282873 -0.826592 6.952495 -0.000004 -12.690588 -0.000000 15.805125 -17.602953 3.027408 1.665665 -1.955920 -2.878296 4.727795 -4.170583 4.993917 11.020513 0.000005 0.000000 12.109028 -3.735708 -2.866778 -0.000001 0.000001 0.000001 1.291986 -1.928548 -1.498088 14.800111 0.567470 3.865604 14.242550 -1.341732 -6.660648 19.631933 0.143927 -0.648241 49.302998 -0.630796 -5.840139 0.353029 -1.511149 -0.031941 20.222769 3.684308 2.316627 18.787245 0.000007 -0.000001 10.751610 -0.479867 1.397906 -0.000001 0.000000 0.000001 3.273804 0.305947 -0.580109 21.486790 11.830365 2.266132 8.162917 0.000003 0.000001 18.399052 -3.798975 -4.940567 0.000003 -0.000002 0.000001 17.992462 -0.725811 -10.728245 -0.091446 -0.312352 25.310110 -13.825764 11.903181 -5.490551 1.644342 -1.995600 -1.852884 -0.000000 0.000000 0.000002 1.975151 4.778440 17.918816 -0.060781 0.114609 5.138076 8.623624 -6.256037 -11.898911 -1.473152 1.239320 -1.340282 -0.000000 0.000000 -0.000001 
1.154045 96.725121 -0.005268 -6.063187 -0.955888 -9.309500 3.389374 0.071511 -1.187146 0.252163 -0.400534 -5.085578 4.403117 -2.402366 11.711404 -2.256982 4.033042 13.007682 0.713175 4.613600 -3.758882 -5.094189 6.475568 -7.349386 0.000077 -0.000023 0.000006 0.014788 -0.095186 0.129880 0.709727 -3.820349 -10.638767 -0.691315 3.626614 -10.660580 -16.287668 -16.659292 8.878815 -26.051188 -25.405573 -22.970299 -179.031723 -72.485954 179.014435 9.243047 6.070907 15.870337 -5.882101 9.861278 0.702591 -10.936858 -0.360572 7.156198 -0.000000 8.774814 -0.000002 -16.335339 17.386484 5.884914 -1.844031 2.498502 -2.507275 -10.163589 4.678940 4.621104 -20.975992 -0.000002 0.000002 -21.226248 2.451694 -3.593994 0.000002 -0.000006 -0.000000 -1.362681 2.240799 -0.746322 -21.334887 0.584909 3.008319 -13.821195 -0.000001 0.000004 -23.887129 -0.249078 -0.839483 -61.051197 2.599499 -1.571156 -0.294026 1.679686 0.833258 -14.218190 0.093215 1.300581 -34.211998 -0.287562 0.967172 -20.033178 0.964534 1.212843 0.000000 0.000000 0.000000 -3.440386 0.788232 0.501654 -15.928167 -3.167307 2.999704 -6.338817 0.000002 0.000002 -18.123413 3.648176 -4.905662 -0.000004 0.000001 -0.000002 16.976786 18.689699 12.646435 50.284321 46.753681 12.519918 179.605789 56.308617 179.748337 -15.151683 4.540310 -7.407690 2.243540 -5.255032 -3.180157 14.282877 -0.826594 6.952497 -0.000002 -12.690588 0.000001 15.827444 -17.627550 3.045523 1.665663 -1.955919 -2.878296 4.727793 -4.170582 4.993919 11.020512 0.000004 0.000000 12.109029 -3.735708 -2.866779 -0.000001 0.000000 -0.000000 1.291983 -1.928548 -1.498088 14.800117 0.567468 3.865604 14.242550 -1.341733 -6.660649 19.631935 0.143927 -0.648243 49.341053 -0.643688 -5.830239 0.353029 -1.511149 -0.031939 20.222769 3.684305 2.316628 18.787245 0.000006 0.000000 10.751610 -0.479867 1.397904 -0.000000 0.000000 0.000000 3.273805 0.305947 -0.580110 21.486790 11.830361 2.266130 8.162915 0.000002 0.000000 18.399048 -3.798976 -4.940566 0.000004 -0.000001 -0.000000 18.031624 -0.767864 -10.727843 -0.098072 -0.321482 25.332289 -13.844793 11.938996 -5.515790 1.644931 -2.002028 -1.862980 -0.000000 0.000000 0.000002 2.004689 4.755301 17.912022 -0.059631 0.103304 5.166566 8.622233 -6.201116 -11.911812 -1.476999 1.242932 -1.358372 -0.000000 0.000000 -0.000001 
1.095977 96.730309 -0.007480 -6.079103 -0.933613 -9.307044 3.383727 0.056385 -1.204749 0.252805 -0.376907 -5.086050 4.399292 -2.426154 11.684018 -2.215465 4.001878 13.014530 0.714132 4.591425 -3.764836 -5.072646 6.439921 -7.321860 0.000077 -0.000023 0.000006 0.013996 -0.098563 0.131306 0.711229 -3.816453 -10.641564 -0.692791 3.624778 -10.659292 -16.301048 -16.685759 8.847110 -25.926079 -25.412539 -23.002077 -178.946487 -72.502396 178.901352 9.215864 6.067884 15.808713 -5.882101 9.861278 0.702589 -10.936862 -0.360575 7.156199 -0.000001 8.774815 -0.000002 -16.337687 17.399738 5.872884 -1.844032 2.498503 -2.507276 -10.163589 4.678941 4.621104 -20.975994 -0.000002 0.000002 -21.226254 2.451695 -3.593994 0.000002 -0.000005 -0.000000 -1.362680 2.240796 -0.746322 -21.334887 0.584908 3.008320 -13.821197 -0.000003 0.000004 -23.887131 -0.249081 -0.839481 -61.024212 2.587100 -1.586761 -0.294025 1.679687 0.833257 -14.218190 0.093214 1.300578 -34.211998 -0.287565 0.967169 -20.033175 0.964535 1.212841 0.000000 0.000000 0.000000 -3.440387 0.788234 0.501655 -15.928165 -3.167306 2.999703 -6.338818 0.000000 0.000001 -18.123415 3.648175 -4.905663 -0.000004 -0.000000 -0.000002 16.998575 18.664680 12.630340 50.327385 46.707947 12.572112 179.638794 56.341579 179.779709 -15.094330 4.503906 -7.392681 2.243540 -5.255033 -3.180154 14.282877 -0.826594 6.952497 -0.000000 -12.690593 0.000000 15.904397 -17.641588 3.018823 1.665664 -1.955920 -2.878298 4.727793 -4.170583 4.993918 11.020512 0.000004 -0.000001 12.109031 -3.735710 -2.866781 0.000000 0.000000 0.000001 1.291985 -1.928548 -1.498090 14.800111 0.567468 3.865603 14.242553 -1.341734 -6.660648 19.631937 0.143926 -0.648244 49.362576 -0.644904 -5.849289 0.353029 -1.511149 -0.031941 20.222769 3.684308 2.316628 18.787245 0.000006 -0.000002 10.751611 -0.479867 1.397904 -0.000001 -0.000001 0.000001 3.273805 0.305946 -0.580111 21.486790 11.830367 2.266132 8.162916 0.000003 0.000001 18.399050 -3.798981 -4.940567 0.000003 -0.000002 -0.000000 18.081194 -0.810989 -10.702788 -0.092904 -0.315875 25.251867 -13.862847 11.954963 -5.468753 1.646341 -2.008530 -1.865352 0.000000 -0.000000 0.000002 2.039881 4.689182 17.867813 -0.060466 0.100920 5.253285 8.604329 -6.145025 -11.916649 -1.475464 1.238059 -1.343091 -0.000000 -0.000000 -0.000001 
1.061566 96.730232 -0.015965 -6.086716 -0.926556 -9.307358 3.382537 0.052724 -1.211786 0.249723 -0.362671 -5.093164 4.388379 -2.435984 11.652284 -2.162349 3.984353 13.006042 0.718373 4.572127 -3.760145 -5.065667 6.391887 -7.284778 0.000077 -0.000023 0.000006 0.014392 -0.102148 0.134033 0.710573 -3.829391 -10.648474 -0.689411 3.619142 -10.662723 -16.289934 -16.727707 8.826068 -25.795273 -25.402893 -23.044331 -178.959595 -72.513275 178.861450 9.198416 6.080765 15.751600 -5.882101 9.861278 0.702592 -10.936858 -0.360577 7.156197 -0.000000 8.774815 -0.000001 -16.325899 17.369675 5.860296 -1.844030 2.498503 -2.507277 -10.163589 4.678941 4.621104 -20.975994 -0.000003 0.000005 -21.226250 2.451693 -3.593991 0.000000 -0.000006 0.000000 -1.362680 2.240798 -0.746322 -21.334894 0.584908 3.008322 -13.821195 -0.000003 0.000005 -23.887131 -0.249077 -0.839480 -60.979671 2.555198 -1.582939 -0.294023 1.679685 0.833256 -14.218194 0.093215 1.300580 -34.211998 -0.287563 0.967174 -20.033176 0.964538 1.212843 -0.000000 0.000000 0.000000 -3.440386 0.788235 0.501655 -15.928167 -3.167307 2.999705 -6.338817 0.000002 0.000002 -18.123411 3.648178 -4.905660 -0.000004 0.000001 -0.000002 17.003775 18.654606 12.557158 50.346741 46.674847 12.564128 179.623322 56.427166 179.752899 -15.054379 4.477562 -7.400778 2.243539 -5.255032 -3.180155 14.282877 -0.826594 6.952496 -0.000002 -12.690585 0.000000 15.927278 -17.681034 3.023727 1.665665 -1.955920 -2.878297 4.727792 -4.170582 4.993919 11.020513 0.000003 0.000000 12.109029 -3.735708 -2.866781 -0.000001 0.000001 0.000001 1.291984 -1.928547 -1.498088 14.800113 0.567467 3.865601 14.242554 -1.341735 -6.660649 19.631939 0.143925 -0.648243 49.352161 -0.661777 -5.867559 0.353028 -1.511148 -0.031940 20.222767 3.684304 2.316628 18.787245 0.000004 -0.000001 10.751610 -0.479869 1.397903 -0.000001 0.000000 0.000001 3.273803 0.305947 -0.580111 21.486790 11.830360 2.266132 8.162916 0.000001 0.000000 18.399050 -3.798980 -4.940566 0.000003 -0.000003 -0.000000 18.110241 -0.820471 -10.694087 -0.089393 -0.314495 25.215443 -13.900391 11.944655 -5.445648 1.646865 -2.019294 -1.858039 -0.000000 0.000000 0.000002 2.063025 4.648180 17.822151 -0.063302 0.111679 5.343340 8.614448 -6.107011 -11.950274 -1.474473 1.230746 -1.310246 -0.000000 -0.000000 -0.000001 
1.009112 96.718559 -0.021279 -6.100882 -0.925168 -9.310822 3.387547 0.050016 -1.218740 0.248134 -0.338994 -5.097058 4.382365 -2.446198 11.630586 -2.127583 3.976447 12.996300 0.720733 4.528627 -3.757583 -5.043728 6.355129 -7.233617 0.000077 -0.000023 0.000006 0.014596 -0.111967 0.134369 0.710142 -3.835373 -10.645288 -0.689826 3.609435 -10.659584 -16.294527 -16.766851 8.809750 -25.682283 -25.427519 -23.098122 -178.937180 -72.550430 178.878922 9.212759 6.057536 15.684675 -5.882102 9.861279 0.702592 -10.936858 -0.360575 7.156198 -0.000001 8.774814 -0.000002 -16.319332 17.371252 5.862732 -1.844029 2.498502 -2.507276 -10.163590 4.678937 4.621106 -20.975992 -0.000004 0.000005 -21.226250 2.451692 -3.593992 0.000002 -0.000006 0.000000 -1.362683 2.240797 -0.746324 -21.334890 0.584910 3.008322 -13.821197 -0.000001 0.000004 -23.887129 -0.249077 -0.839481 -60.972687 2.564661 -1.584365 -0.294024 1.679687 0.833257 -14.218195 0.093215 1.300582 -34.212002 -0.287563 0.967171 -20.033176 0.964534 1.212842 -0.000000 0.000000 0.000000 -3.440384 0.788233 0.501655 -15.928169 -3.167306 2.999706 -6.338815 0.000002 0.000003 -18.123413 3.648176 -4.905661 -0.000004 -0.000000 -0.000002 16.996464 18.636919 12.520350 50.347576 46.654568 12.536037 179.573456 56.490864 179.739655 -15.043071 4.449489 -7.481596 2.243539 -5.255032 -3.180154 14.282877 -0.826594 6.952497 -0.000003 -12.690587 0.000000 15.919088 -17.704611 3.004203 1.665664 -1.955920 -2.878296 4.727794 -4.170583 4.993918 11.020511 0.000004 -0.000000 12.109031 -3.735710 -2.866776 0.000000 0.000000 0.000000 1.291984 -1.928548 -1.498087 14.800114 0.567469 3.865604 14.242553 -1.341732 -6.660648 19.631941 0.143924 -0.648241 49.378193 -0.649745 -5.888857 0.353029 -1.511149 -0.031938 20.222767 3.684308 2.316628 18.787245 0.000006 -0.000001 10.751611 -0.479867 1.397905 -0.000000 0.000000 0.000002 3.273804 0.305947 -0.580110 21.486790 11.830363 2.266129 8.162917 0.000003 -0.000001 18.399054 -3.798979 -4.940566 0.000003 -0.000002 -0.000000 18.163286 -0.832526 -10.700899 -0.090623 -0.312604 25.223942 -13.934630 11.903203 -5.443546 1.647534 -2.029647 -1.846699 0.000000 -0.000000 0.000002 2.098278 4.599887 17.792919 -0.068316 0.114392 5.409722 8.624657 -6.046461 -12.023664 -1.471611 1.225318 -1.305120 0.000000 0.000000 -0.000001 
0.992584 96.709732 -0.029491 -6.117645 -0.933791 -9.327765 3.391445 0.054094 -1.225589 0.241589 -0.343239 -5.086663 4.391700 -2.444880 11.592810 -2.098485 3.979472 12.975587 0.729481 4.479378 -3.760631 -5.016425 6.290966 -7.182497 0.000077 -0.000022 0.000006 0.016046 -0.118780 0.135142 0.709838 -3.848533 -10.645897 -0.687872 3.610131 -10.660734 -16.292498 -16.796986 8.784674 -25.601618 -25.467844 -23.136030 -178.953888 -72.550323 178.935654 9.213706 6.090524 15.653563 -5.882100 9.861275 0.702590 -10.936858 -0.360578 7.156197 -0.000001 8.774815 -0.000002 -16.312582 17.371639 5.865223 -1.844030 2.498502 -2.507277 -10.163589 4.678938 4.621104 -20.975994 -0.000004 0.000002 -21.226250 2.451691 -3.593992 0.000001 -0.000005 -0.000000 -1.362679 2.240797 -0.746322 -21.334888 0.584907 3.008321 -13.821194 -0.000004 0.000003 -23.887129 -0.249082 -0.839479 -60.961609 2.564051 -1.570933 -0.294025 1.679685 0.833256 -14.218190 0.093214 1.300578 -34.211998 -0.287566 0.967172 -20.033175 0.964536 1.212843 -0.000000 0.000000 0.000000 -3.440385 0.788235 0.501656 -15.928167 -3.167306 2.999703 -6.338815 -0.000001 0.000002 -18.123413 3.648173 -4.905661 -0.000004 -0.000000 -0.000002 16.978350 18.614214 12.504912 50.384167 46.598778 12.477095 179.474869 56.556980 179.689407 -15.066377 4.423636 -7.562099 2.243541 -5.255033 -3.180156 14.282877 -0.826594 6.952495 -0.000003 -12.690592 0.000001 15.899185 -17.714725 3.012344 1.665666 -1.955920 -2.878296 4.727795 -4.170586 4.993920 11.020513 0.000003 0.000000 12.109032 -3.735712 -2.866778 -0.000001 0.000000 0.000001 1.291984 -1.928547 -1.498089 14.800109 0.567468 3.865604 14.242553 -1.341735 -6.660646 19.631937 0.143924 -0.648244 49.415813 -0.635290 -5.903140 0.353028 -1.511149 -0.031939 20.222767 3.684304 2.316629 18.787245 0.000004 -0.000002 10.751610 -0.479869 1.397904 0.000000 0.000001 0.000000 3.273806 0.305946 -0.580109 21.486788 11.830364 2.266132 8.162916 0.000003 -0.000001 18.399054 -3.798980 -4.940567 0.000003 -0.000002 -0.000001 18.197119 -0.863835 -10.701345 -0.094639 -0.303785 25.253717 -13.960423 11.873349 -5.460470 1.649016 -2.023876 -1.836630 0.000000 0.000000 0.000002 2.121314 4.565236 17.830647 -0.072398 0.112955 5.357923 8.643043 -5.990094 -12.040157 -1.473354 1.227719 -1.296688 -0.000000 0.000000 -0.000001 
0.932978 96.717560 -0.008951 -6.128330 -0.930819 -9.341860 3.387417 0.049859 -1.234954 0.237737 -0.347926 -5.096510 4.402500 -2.436889 11.584033 -2.087215 3.972609 12.933182 0.732602 4.427021 -3.764328 -4.972531 6.212719 -7.119089 0.000077 -0.000023 0.000006 0.015706 -0.125600 0.134878 0.707528 -3.852942 -10.646554 -0.685392 3.603686 -10.657356 -16.298075 -16.818316 8.789082 -25.560104 -25.520895 -23.154734 -179.078949 -72.542961 179.084854 9.206642 6.052775 15.619723 -5.882101 9.861278 0.702591 -10.936859 -0.360574 7.156199 0.000001 8.774816 -0.000001 -16.316401 17.405231 5.881887 -1.844029 2.498503 -2.507276 -10.163589 4.678939 4.621105 -20.975996 -0.000003 0.000004 -21.226254 2.451695 -3.593991 0.000000 -0.000005 -0.000000 -1.362681 2.240796 -0.746323 -21.334887 0.584910 3.008322 -13.821197 -0.000003 0.000005 -23.887131 -0.249079 -0.839477 -60.958473 2.590484 -1.583435 -0.294023 1.679685 0.833254 -14.218194 0.093214 1.300581 -34.212006 -0.287562 0.967174 -20.033180 0.964536 1.212844 0.000000 0.000001 0.000000 -3.440384 0.788231 0.501654 -15.928169 -3.167307 2.999707 -6.338815 0.000000 0.000003 -18.123411 3.648174 -4.905658 -0.000004 0.000001 -0.000002 16.961271 18.591684 12.500684 50.326385 46.571148 12.361906 179.444138 56.643433 179.668777 -15.082251 4.421025 -7.787778 2.243540 -5.255032 -3.180156 14.282878 -0.826595 6.952494 -0.000002 -12.690588 0.000001 15.887987 -17.704531 3.008148 1.665665 -1.955920 -2.878296 4.727795 -4.170582 4.993919 11.020512 0.000003 0.000000 12.109032 -3.735709 -2.866780 0.000000 0.000000 0.000000 1.291985 -1.928548 -1.498089 14.800113 0.567468 3.865602 14.242553 -1.341734 -6.660645 19.631939 0.143924 -0.648243 49.387524 -0.617695 -5.904700 0.353029 -1.511149 -0.031941 20.222773 3.684307 2.316627 18.787247 0.000006 -0.000002 10.751613 -0.479868 1.397904 0.000000 0.000001 0.000000 3.273805 0.305947 -0.580111 21.486792 11.830361 2.266131 8.162916 0.000001 -0.000001 18.399057 -3.798980 -4.940567 0.000003 -0.000002 -0.000000 18.247200 -0.864236 -10.626737 -0.095262 -0.310554 25.157179 -14.012598 11.830856 -5.428192 1.648632 -2.026978 -1.866533 -0.000000 0.000000 0.000002 2.149426 4.513552 17.908346 -0.075076 0.106538 5.239927 8.618453 -5.901341 -11.970753 -1.472286 1.223997 -1.313063 -0.000000 0.000000 -0.000001 
0.911827 96.723892 -0.011301 -6.143165 -0.929457 -9.356997 3.388944 0.041612 -1.242791 0.237056 -0.344927 -5.099944 4.409561 -2.440588 11.570168 -2.090735 3.954389 12.896983 0.735817 4.386019 -3.762876 -4.902933 6.165308 -7.053963 0.000077 -0.000023 0.000006 0.014877 -0.128695 0.133144 0.705876 -3.854325 -10.641345 -0.684967 3.591959 -10.648348 -16.305212 -16.824036 8.810742 -25.553679 -25.576056 -23.184332 -179.155334 -72.507607 179.203354 9.267104 6.035925 15.539102 -5.882099 9.861277 0.702590 -10.936858 -0.360575 7.156197 -0.000001 8.774815 -0.000002 -16.346762 17.422815 5.884420 -1.844031 2.498504 -2.507277 -10.163589 4.678941 4.621104 -20.975996 -0.000002 0.000001 -21.226254 2.451692 -3.593994 0.000001 -0.000005 -0.000000 -1.362681 2.240797 -0.746321 -21.334892 0.584911 3.008318 -13.821195 -0.000002 0.000002 -23.887125 -0.249079 -0.839483 -61.013306 2.578974 -1.575215 -0.294027 1.679685 0.833255 -14.218192 0.093213 1.300579 -34.211998 -0.287564 0.967167 -20.033176 0.964533 1.212841 -0.000000 0.000000 0.000000 -3.440387 0.788232 0.501654 -15.928169 -3.167307 2.999702 -6.338818 -0.000001 0.000001 -18.123415 3.648173 -4.905662 -0.000004 0.000002 -0.000002 16.960611 18.557478 12.459954 50.313511 46.501701 12.292012 179.331085 56.719078 179.572601 -15.090595 4.426124 -8.042605 2.243540 -5.255033 -3.180156 14.282877 -0.826592 6.952496 -0.000002 -12.690588 -0.000002 15.897220 -17.686090 2.973102 1.665665 -1.955919 -2.878297 4.727793 -4.170583 4.993918 11.020512 0.000003 0.000001 12.109031 -3.735708 -2.866780 -0.000001 0.000000 0.000001 1.291984 -1.928548 -1.498087 14.800111 0.567468 3.865605 14.242551 -1.341734 -6.660649 19.631939 0.143927 -0.648241 49.402409 -0.573117 -5.905440 0.353029 -1.511150 -0.031939 20.222767 3.684307 2.316627 18.787247 0.000007 -0.000002 10.751610 -0.479868 1.397905 0.000000 0.000000 0.000000 3.273805 0.305947 -0.580110 21.486792 11.830361 2.266132 8.162916 0.000003 -0.000001 18.399048 -3.798978 -4.940566 0.000002 -0.000002 -0.000001 18.279593 -0.854196 -10.587615 -0.098451 -0.310424 25.104355 -14.020658 11.832957 -5.397623 1.647130 -2.027588 -1.902956 -0.000000 0.000000 0.000002 2.165105 4.468065 17.958796 -0.072857 0.100906 5.161851 8.583076 -5.835592 -11.909145 -1.472187 1.219058 -1.335470 0.000000 0.000000 -0.000001 
0.867080 96.724472 -0.016461 -6.150522 -0.933152 -9.375434 3.392258 0.035495 -1.243601 0.225986 -0.359338 -5.092716 4.419186 -2.439617 11.544417 -2.081169 3.947995 12.864684 0.714579 4.340034 -3.757421 -4.836058 6.128547 -6.996808 0.000077 -0.000023 0.000006 0.012262 -0.132428 0.132622 0.702496 -3.850449 -10.629568 -0.685456 3.593608 -10.635329 -16.312443 -16.821598 8.859480 -25.574959 -25.631357 -23.275625 -178.964462 -72.440804 179.088989 9.323712 6.045421 15.501832 -5.882099 9.861277 0.702589 -10.936860 -0.360573 7.156197 0.000002 8.774812 0.000000 -16.384783 17.453590 5.902000 -1.844030 2.498503 -2.507275 -10.163589 4.678937 4.621101 -20.975994 -0.000005 0.000001 -21.226254 2.451688 -3.593993 0.000001 -0.000006 -0.000000 -1.362680 2.240795 -0.746323 -21.334888 0.584910 3.008318 -13.821197 -0.000002 0.000003 -23.887133 -0.249079 -0.839482 -61.054901 2.590580 -1.557544 -0.294023 1.679685 0.833252 -14.218194 0.093212 1.300578 -34.212002 -0.287566 0.967167 -20.033176 0.964534 1.212842 -0.000000 0.000001 -0.000000 -3.440387 0.788233 0.501654 -15.928167 -3.167306 2.999701 -6.338816 -0.000002 0.000001 -18.123413 3.648175 -4.905662 -0.000003 -0.000000 -0.000003 16.948708 18.528681 12.421645 50.338387 46.440918 12.297246 179.264023 56.785084 179.532150 -15.167793 4.415392 -8.358077 2.243540 -5.255032 -3.180156 14.282875 -0.826593 6.952496 -0.000002 -12.690588 0.000001 15.894787 -17.677284 2.986388 1.665665 -1.955919 -2.878298 4.727793 -4.170583 4.993917 11.020512 0.000004 -0.000001 12.109034 -3.735709 -2.866778 -0.000001 0.000001 0.000002 1.291985 -1.928548 -1.498088 14.800109 0.567468 3.865603 14.242553 -1.341734 -6.660649 19.631935 0.143927 -0.648242 49.395897 -0.577734 -5.905754 0.353028 -1.511149 -0.031940 20.222769 3.684305 2.316627 18.787247 0.000006 -0.000002 10.751610 -0.479868 1.397904 0.000000 0.000001 0.000001 3.273804 0.305947 -0.580110 21.486794 11.830364 2.266129 8.162917 0.000002 -0.000001 18.399054 -3.798978 -4.940567 0.000003 -0.000002 -0.000000 18.318104 -0.848645 -10.543012 -0.095898 -0.310294 25.047428 -14.057564 11.805442 -5.365976 1.646792 -2.017770 -1.907688 0.000000 -0.000000 0.000002 2.191629 4.439125 17.987778 -0.072923 0.089198 5.132252 8.531544 -5.787182 -11.898582 -1.471224 1.220099 -1.368097 -0.000000 0.000000 -0.000001 
0.828608 96.726006 -0.029976 -6.153786 -0.956400 -9.388185 3.398123 0.033571 -1.259117 0.215042 -0.376188 -5.115896 4.424584 -2.438754 11.575169 -2.084115 3.915533 12.827484 0.703322 4.322903 -3.750180 -4.783750 6.086926 -6.984823 0.000077 -0.000023 0.000006 0.011240 -0.119576 0.128695 0.701500 -3.845111 -10.633567 -0.687663 3.604898 -10.638014 -16.304129 -16.808750 8.898201 -25.568445 -25.700924 -23.389929 -178.853638 -72.387833 178.979431 9.371604 6.026451 15.494978 -5.882100 9.861277 0.702590 -10.936858 -0.360575 7.156196 0.000001 8.774814 -0.000000 -16.389029 17.464134 5.892565 -1.844030 2.498504 -2.507275 -10.163590 4.678938 4.621103 -20.975992 -0.000004 0.000003 -21.226254 2.451691 -3.593994 0.000000 -0.000006 -0.000000 -1.362680 2.240795 -0.746322 -21.334890 0.584909 3.008320 -13.821197 -0.000002 0.000004 -23.887129 -0.249078 -0.839481 -61.045086 2.561392 -1.538896 -0.294026 1.679687 0.833254 -14.218194 0.093214 1.300579 -34.212002 -0.287563 0.967169 -20.033176 0.964535 1.212840 0.000000 0.000002 0.000000 -3.440386 0.788232 0.501655 -15.928164 -3.167307 2.999703 -6.338817 -0.000001 0.000002 -18.123415 3.648178 -4.905661 -0.000004 0.000001 -0.000003 16.917173 18.499939 12.393548 50.362240 46.440285 12.320337 179.181213 56.854729 179.459671 -15.277771 4.418660 -8.651761 2.243540 -5.255033 -3.180155 14.282877 -0.826593 6.952495 -0.000002 -12.690592 -0.000001 15.848948 -17.624775 2.972080 1.665666 -1.955921 -2.878296 4.727795 -4.170583 4.993917 11.020513 0.000004 -0.000000 12.109032 -3.735710 -2.866780 -0.000001 0.000000 0.000001 1.291983 -1.928548 -1.498088 14.800111 0.567468 3.865605 14.242554 -1.341735 -6.660648 19.631939 0.143929 -0.648245 49.331394 -0.563749 -5.903354 0.353030 -1.511150 -0.031940 20.222769 3.684308 2.316628 18.787245 0.000006 -0.000003 10.751611 -0.479866 1.397904 -0.000000 0.000000 0.000002 3.273804 0.305947 -0.580112 21.486788 11.830365 2.266130 8.162917 0.000003 -0.000001 18.399050 -3.798979 -4.940568 0.000003 -0.000002 -0.000000 18.353909 -0.799052 -10.499747 -0.101322 -0.323279 24.987139 -14.095975 11.773962 -5.329481 1.645566 -2.017799 -1.899090 0.000000 0.000000 0.000002 2.210294 4.419639 17.997890 -0.076036 0.084007 5.113986 8.478065 -5.760756 -11.893491 -1.469537 1.217607 -1.376691 0.000000 0.000000 -0.000001 
0.793205 96.727814 -0.042364 -6.153477 -1.001823 -9.399776 3.396158 0.038365 -1.278750 0.214685 -0.394990 -5.115983 4.428287 -2.436450 11.579326 -2.096006 3.903989 12.813571 0.694931 4.297113 -3.757024 -4.754121 6.030139 -6.987279 0.000077 -0.000023 0.000006 0.010538 -0.119329 0.124243 0.701455 -3.844741 -10.635084 -0.688346 3.599077 -10.638816 -16.313210 -16.811346 8.914518 -25.628962 -25.741755 -23.467510 -178.548355 -72.290619 178.760010 9.468409 5.992782 15.492053 -5.882102 9.861279 0.702589 -10.936858 -0.360574 7.156196 0.000000 8.774814 -0.000001 -16.431665 17.468723 5.894947 -1.844031 2.498502 -2.507275 -10.163592 4.678939 4.621103 -20.975994 -0.000003 0.000002 -21.226255 2.451690 -3.593994 0.000002 -0.000006 -0.000000 -1.362680 2.240796 -0.746323 -21.334890 0.584912 3.008321 -13.821197 -0.000001 0.000003 -23.887129 -0.249079 -0.839482 -61.093491 2.582368 -1.514993 -0.294026 1.679687 0.833256 -14.218194 0.093214 1.300577 -34.211998 -0.287562 0.967165 -20.033180 0.964535 1.212840 0.000000 0.000000 0.000001 -3.440384 0.788232 0.501654 -15.928169 -3.167306 2.999704 -6.338818 0.000000 0.000002 -18.123415 3.648175 -4.905662 -0.000004 0.000001 -0.000002 16.851051 18.472393 12.329720 50.492905 46.381523 12.448945 179.145554 56.859364 179.456955 -15.373198 4.437889 -8.845871 2.243539 -5.255033 -3.180154 14.282879 -0.826595 6.952495 -0.000001 -12.690592 0.000000 15.851094 -17.609388 2.962225 1.665665 -1.955920 -2.878296 4.727794 -4.170584 4.993919 11.020513 0.000003 -0.000001 12.109030 -3.735711 -2.866779 0.000000 0.000000 0.000001 1.291984 -1.928548 -1.498089 14.800114 0.567467 3.865604 14.242553 -1.341736 -6.660648 19.631939 0.143924 -0.648244 49.336842 -0.569662 -5.907161 0.353028 -1.511149 -0.031941 20.222769 3.684306 2.316628 18.787245 0.000006 -0.000002 10.751612 -0.479867 1.397903 -0.000000 0.000002 0.000002 3.273804 0.305947 -0.580112 21.486794 11.830363 2.266130 8.162918 0.000001 -0.000002 18.399054 -3.798979 -4.940569 0.000003 -0.000001 -0.000000 18.387598 -0.750712 -10.446637 -0.097059 -0.314576 24.925821 -14.135676 11.735976 -5.295154 1.647949 -2.011051 -1.869871 -0.000000 0.000000 0.000002 2.211383 4.383750 18.011662 -0.076603 0.087878 5.076254 8.461234 -5.700181 -11.885793 -1.469324 1.216875 -1.377579 -0.000000 0.000000 -0.000001 
0.763144 96.736374 -0.087652 -6.167277 -1.024932 -9.415953 3.401215 0.034703 -1.308095 0.217313 -0.406953 -5.108997 4.429325 -2.448304 11.575400 -2.093812 3.874313 12.818037 0.669455 4.249395 -3.754528 -4.718267 5.976809 -6.997456 0.000077 -0.000023 0.000006 0.010089 -0.115967 0.121262 0.706406 -3.848579 -10.652790 -0.695502 3.609506 -10.658803 -16.336409 -16.817524 8.920448 -25.635782 -25.781889 -23.509989 -178.367630 -72.242973 178.583939 9.587892 5.971121 15.511381 -5.882101 9.861278 0.702588 -10.936859 -0.360575 7.156197 -0.000000 8.774812 -0.000002 -16.409014 17.435175 5.925230 -1.844031 2.498504 -2.507276 -10.163589 4.678938 4.621101 -20.975998 -0.000003 0.000002 -21.226255 2.451692 -3.593995 0.000000 -0.000006 -0.000000 -1.362680 2.240798 -0.746324 -21.334894 0.584910 3.008320 -13.821197 -0.000003 0.000002 -23.887131 -0.249080 -0.839483 -61.079857 2.579975 -1.489566 -0.294024 1.679686 0.833254 -14.218194 0.093215 1.300578 -34.212006 -0.287561 0.967166 -20.033180 0.964534 1.212841 -0.000000 0.000001 -0.000000 -3.440388 0.788232 0.501656 -15.928171 -3.167306 2.999703 -6.338817 -0.000001 0.000001 -18.123417 3.648175 -4.905663 -0.000004 0.000001 -0.000003 16.817301 18.450876 12.306552 50.520576 46.372185 12.524572 179.135757 56.879467 179.417633 -15.431331 4.462135 -8.874227 2.243538 -5.255032 -3.180157 14.282877 -0.826593 6.952495 -0.000002 -12.690592 -0.000001 15.827757 -17.599449 2.958526 1.665664 -1.955920 -2.878294 4.727794 -4.170582 4.993917 11.020513 0.000003 -0.000001 12.109033 -3.735710 -2.866778 0.000000 -0.000000 0.000001 1.291986 -1.928548 -1.498089 14.800111 0.567469 3.865605 14.242551 -1.341733 -6.660650 19.631939 0.143928 -0.648242 49.357746 -0.575694 -5.913180 0.353028 -1.511150 -0.031938 20.222773 3.684306 2.316629 18.787245 0.000006 -0.000001 10.751610 -0.479869 1.397905 -0.000001 0.000000 0.000002 3.273803 0.305948 -0.580110 21.486795 11.830364 2.266133 8.162918 0.000002 0.000001 18.399054 -3.798977 -4.940566 0.000003 -0.000001 -0.000001 18.427092 -0.714888 -10.404007 -0.098346 -0.320260 24.829781 -14.140938 11.718635 -5.216102 1.649614 -2.004087 -1.862768 0.000000 -0.000000 0.000002 2.236129 4.355626 17.974865 -0.080739 0.092447 5.132348 8.441648 -5.646988 -11.867626 -1.470624 1.218538 -1.357286 -0.000000 -0.000000 -0.000001 
0.703321 96.727303 -0.068467 -6.164013 -1.062374 -9.435007 3.401314 0.041147 -1.327824 0.218808 -0.426126 -5.128598 4.414907 -2.440017 11.594025 -2.087395 3.848444 12.816690 0.661708 4.203485 -3.747146 -4.700840 5.918948 -7.021005 0.000077 -0.000023 0.000006 0.010711 -0.119369 0.121260 0.710645 -3.851990 -10.652960 -0.696497 3.613384 -10.661642 -16.343273 -16.837233 8.950231 -25.664240 -25.817862 -23.539198 -178.357544 -72.195068 178.567749 9.672770 5.958648 15.560571 -5.882099 9.861280 0.702591 -10.936859 -0.360576 7.156198 0.000000 8.774814 -0.000001 -16.417023 17.444286 5.913930 -1.844032 2.498505 -2.507275 -10.163589 4.678940 4.621107 -20.975994 -0.000001 0.000003 -21.226248 2.451694 -3.593993 0.000000 -0.000006 -0.000000 -1.362681 2.240798 -0.746321 -21.334887 0.584911 3.008323 -13.821194 -0.000000 0.000003 -23.887125 -0.249077 -0.839481 -61.100254 2.598457 -1.501903 -0.294023 1.679686 0.833255 -14.218190 0.093213 1.300580 -34.211998 -0.287559 0.967169 -20.033178 0.964537 1.212841 0.000000 0.000001 0.000000 -3.440385 0.788232 0.501655 -15.928167 -3.167305 2.999707 -6.338817 0.000000 0.000002 -18.123415 3.648178 -4.905660 -0.000004 0.000001 -0.000003 16.782585 18.447557 12.279475 50.515404 46.347530 12.570798 179.211670 56.856125 179.443741 -15.442292 4.490671 -8.849944 2.243540 -5.255033 -3.180157 14.282877 -0.826594 6.952495 -0.000001 -12.690592 0.000000 15.820321 -17.613071 2.975549 1.665665 -1.955920 -2.878296 4.727794 -4.170584 4.993918 11.020511 0.000003 -0.000001 12.109035 -3.735710 -2.866782 -0.000001 -0.000001 -0.000001 1.291985 -1.928548 -1.498089 14.800111 0.567468 3.865601 14.242553 -1.341734 -6.660650 19.631937 0.143928 -0.648246 49.377201 -0.587869 -5.910141 0.353030 -1.511150 -0.031939 20.222767 3.684306 2.316627 18.787245 0.000006 -0.000003 10.751609 -0.479869 1.397903 -0.000000 0.000001 -0.000000 3.273803 0.305947 -0.580110 21.486790 11.830363 2.266129 8.162916 0.000002 0.000000 18.399050 -3.798977 -4.940570 0.000003 -0.000001 -0.000000 18.473944 -0.667232 -10.344647 -0.102534 -0.330426 24.807270 -14.179769 11.714153 -5.219515 1.650184 -2.010636 -1.851214 -0.000000 -0.000000 0.000002 2.256534 4.348320 18.033979 -0.081191 0.101309 5.054052 8.394402 -5.612879 -11.894865 -1.470875 1.228848 -1.342726 0.000000 0.000000 -0.000001 
0.695506 96.733635 -0.087733 -6.160336 -1.084120 -9.447899 3.395524 0.009302 -1.370192 0.228988 -0.404520 -5.112131 4.398047 -2.449663 11.584938 -2.074308 3.835281 12.843458 0.640083 4.093646 -3.752106 -4.672856 5.891494 -7.066049 0.000077 -0.000022 0.000006 0.009276 -0.132986 0.123331 0.706930 -3.863603 -10.639758 -0.696444 3.590574 -10.645227 -16.336052 -16.843628 8.967874 -25.737717 -25.853270 -23.500399 -178.503860 -72.164406 178.677460 9.738581 5.921283 15.660199 -5.882100 9.861279 0.702592 -10.936858 -0.360574 7.156197 -0.000000 8.774815 -0.000000 -16.405428 17.446983 5.917702 -1.844031 2.498502 -2.507277 -10.163589 4.678940 4.621105 -20.975994 -0.000003 0.000003 -21.226250 2.451691 -3.593993 0.000000 -0.000006 -0.000000 -1.362679 2.240797 -0.746321 -21.334887 0.584910 3.008323 -13.821195 0.000001 0.000005 -23.887129 -0.249078 -0.839481 -61.137039 2.628003 -1.519617 -0.294026 1.679687 0.833256 -14.218192 0.093217 1.300580 -34.211998 -0.287561 0.967170 -20.033178 0.964538 1.212841 -0.000000 -0.000000 -0.000001 -3.440385 0.788234 0.501656 -15.928164 -3.167306 2.999703 -6.338815 0.000001 0.000002 -18.123411 3.648179 -4.905660 -0.000004 0.000001 -0.000002 16.746325 18.433504 12.233203 50.584831 46.356056 12.701554 179.332382 56.852875 179.584351 -15.399797 4.521504 -8.783947 2.243541 -5.255032 -3.180155 14.282878 -0.826595 6.952491 -0.000002 -12.690587 0.000000 15.809253 -17.631193 2.952242 1.665666 -1.955920 -2.878298 4.727794 -4.170583 4.993917 11.020513 0.000003 0.000000 12.109034 -3.735709 -2.866780 -0.000001 0.000001 0.000002 1.291984 -1.928548 -1.498086 14.800117 0.567467 3.865602 14.242553 -1.341734 -6.660648 19.631941 0.143925 -0.648245 49.354748 -0.575500 -5.936443 0.353029 -1.511149 -0.031940 20.222769 3.684305 2.316624 18.787245 0.000003 -0.000004 10.751613 -0.479868 1.397901 0.000000 0.000001 0.000000 3.273805 0.305947 -0.580111 21.486790 11.830361 2.266128 8.162919 0.000000 -0.000001 18.399052 -3.798976 -4.940569 0.000003 -0.000002 0.000001 18.477350 -0.629506 -10.305698 -0.101955 -0.340487 24.748877 -14.188953 11.703495 -5.181012 1.650855 -2.003872 -1.838117 0.000000 -0.000000 0.000002 2.257864 4.343362 18.053902 -0.080167 0.106778 5.015016 8.369576 -5.613863 -11.865884 -1.469051 1.234111 -1.342875 -0.000000 -0.000000 -0.000001 
0.639893 96.730797 -0.100986 -6.145538 -1.087479 -9.493454 3.388385 -0.002833 -1.382588 0.229497 -0.406262 -5.122158 4.377981 -2.464376 11.582842 -2.040102 3.817494 12.898469 0.620673 4.038517 -3.754797 -4.676757 5.820539 -7.094165 0.000077 -0.000022 0.000006 0.010592 -0.139332 0.121370 0.705295 -3.869025 -10.642766 -0.694145 3.587757 -10.644029 -16.325169 -16.832106 8.970741 -25.784069 -25.930468 -23.484007 -178.530289 -72.163620 178.664536 9.793720 5.932638 15.781079 -5.882103 9.861279 0.702590 -10.936862 -0.360573 7.156199 0.000001 8.774813 -0.000002 -16.391981 17.485857 5.911326 -1.844031 2.498502 -2.507277 -10.163589 4.678940 4.621105 -20.975996 -0.000003 0.000005 -21.226255 2.451695 -3.593992 0.000000 -0.000007 -0.000000 -1.362681 2.240798 -0.746322 -21.334896 0.584908 3.008319 -13.821197 -0.000000 0.000004 -23.887131 -0.249076 -0.839480 -61.154942 2.636201 -1.521541 -0.294025 1.679686 0.833255 -14.218195 0.093212 1.300581 -34.212006 -0.287562 0.967173 -20.033180 0.964536 1.212842 -0.000000 0.000001 -0.000001 -3.440387 0.788233 0.501655 -15.928169 -3.167305 2.999705 -6.338818 0.000000 0.000002 -18.123417 3.648179 -4.905662 -0.000004 0.000001 -0.000002 16.724051 18.455133 12.237470 50.524971 46.374767 12.700753 179.393112 56.821106 179.642044 -15.425396 4.554426 -8.710127 2.243539 -5.255034 -3.180155 14.282878 -0.826595 6.952496 -0.000002 -12.690592 0.000000 15.801092 -17.640574 2.958877 1.665664 -1.955920 -2.878296 4.727792 -4.170583 4.993919 11.020513 0.000004 0.000000 12.109035 -3.735710 -2.866779 -0.000001 0.000001 0.000001 1.291985 -1.928549 -1.498089 14.800111 0.567468 3.865605 14.242553 -1.341736 -6.660650 19.631939 0.143925 -0.648243 49.338558 -0.587753 -5.948161 0.353028 -1.511149 -0.031941 20.222773 3.684306 2.316628 18.787247 0.000006 -0.000001 10.751611 -0.479868 1.397903 -0.000001 0.000000 0.000002 3.273804 0.305946 -0.580108 21.486797 11.830365 2.266133 8.162919 0.000000 -0.000002 18.399055 -3.798980 -4.940569 0.000003 -0.000002 -0.000000 18.501263 -0.595021 -10.226814 -0.101608 -0.344317 24.669855 -14.231806 11.679562 -5.130502 1.650446 -2.007327 -1.827150 0.000000 0.000000 0.000002 2.272502 4.328146 18.100056 -0.076942 0.103196 5.005494 8.331357 -5.603728 -11.893299 -1.467292 1.226558 -1.314072 0.000000 0.000000 -0.000001 
0.614067 96.741226 -0.121042 -6.130573 -1.090595 -9.534359 3.385955 -0.015591 -1.389982 0.227503 -0.395356 -5.139300 4.358767 -2.482723 11.591359 -2.023495 3.801906 12.951551 0.612149 3.985807 -3.755999 -4.681816 5.778884 -7.121976 0.000077 -0.000023 0.000006 0.011811 -0.143426 0.119007 0.702910 -3.875464 -10.643637 -0.690148 3.584922 -10.651644 -16.316660 -16.846352 8.977538 -25.826736 -25.973698 -23.437885 -178.586823 -72.160118 178.681915 9.880349 5.940732 15.840942 -5.882100 9.861278 0.702591 -10.936861 -0.360575 7.156199 0.000001 8.774812 -0.000002 -16.403032 17.473967 5.893255 -1.844031 2.498500 -2.507277 -10.163589 4.678938 4.621101 -20.975998 -0.000004 0.000005 -21.226255 2.451693 -3.593992 0.000000 -0.000006 -0.000001 -1.362680 2.240797 -0.746322 -21.334896 0.584907 3.008322 -13.821197 -0.000002 0.000004 -23.887131 -0.249077 -0.839480 -61.175507 2.639786 -1.533079 -0.294024 1.679687 0.833256 -14.218194 0.093215 1.300582 -34.212002 -0.287565 0.967172 -20.033180 0.964535 1.212843 -0.000000 0.000001 -0.000000 -3.440385 0.788233 0.501656 -15.928171 -3.167305 2.999705 -6.338819 -0.000001 0.000002 -18.123415 3.648179 -4.905661 -0.000004 0.000001 -0.000003 16.705645 18.491917 12.244477 50.473354 46.440098 12.710121 179.471725 56.801128 179.717056 -15.471126 4.590411 -8.641855 2.243539 -5.255033 -3.180153 14.282878 -0.826594 6.952495 -0.000001 -12.690591 0.000001 15.798889 -17.636017 2.945463 1.665665 -1.955920 -2.878296 4.727796 -4.170583 4.993919 11.020513 0.000004 0.000001 12.109032 -3.735710 -2.866780 -0.000001 0.000001 0.000001 1.291982 -1.928547 -1.498086 14.800114 0.567468 3.865606 14.242551 -1.341733 -6.660648 19.631939 0.143926 -0.648243 49.336994 -0.586525 -5.955369 0.353027 -1.511150 -0.031939 20.222769 3.684306 2.316630 18.787249 0.000005 -0.000001 10.751613 -0.479867 1.397905 -0.000000 0.000000 0.000000 3.273804 0.305947 -0.580110 21.486795 11.830364 2.266131 8.162919 0.000000 0.000000 18.399055 -3.798980 -4.940568 0.000003 -0.000001 -0.000000 18.504633 -0.564460 -10.137696 -0.107884 -0.351543 24.552837 -14.261604 11.662357 -5.062994 1.650195 -2.011420 -1.821139 0.000000 0.000000 0.000002 2.277213 4.328398 18.122047 -0.081486 0.101699 5.031747 8.322736 -5.610253 -11.866766 -1.466065 1.220003 -1.309728 -0.000000 0.000000 -0.000001 
0.601621 96.730881 -0.140253 -6.115695 -1.094835 -9.579875 3.389025 -0.014547 -1.406888 0.227372 -0.402362 -5.145368 4.342885 -2.490920 11.591495 -2.013072 3.798495 13.015286 0.611625 3.953829 -3.765496 -4.690982 5.740118 -7.146419 0.000077 -0.000022 0.000006 0.010183 -0.153069 0.117627 0.700083 -3.885005 -10.648227 -0.689841 3.583772 -10.653123 -16.339054 -16.850609 8.992047 -25.842300 -26.036163 -23.402243 -178.678299 -72.174782 178.776489 9.944933 5.936630 15.879859 -5.882101 9.861276 0.702590 -10.936859 -0.360577 7.156197 0.000001 8.774812 -0.000001 -16.439199 17.503942 5.865390 -1.844031 2.498501 -2.507277 -10.163589 4.678940 4.621106 -20.975996 -0.000006 0.000004 -21.226254 2.451691 -3.593992 0.000000 -0.000007 -0.000000 -1.362679 2.240797 -0.746324 -21.334892 0.584907 3.008321 -13.821194 -0.000004 0.000005 -23.887125 -0.249079 -0.839478 -61.174778 2.638750 -1.576874 -0.294023 1.679687 0.833255 -14.218190 0.093213 1.300578 -34.212006 -0.287567 0.967171 -20.033178 0.964534 1.212844 0.000000 0.000001 0.000000 -3.440384 0.788231 0.501656 -15.928167 -3.167309 2.999704 -6.338816 -0.000001 0.000003 -18.123411 3.648175 -4.905659 -0.000004 0.000001 -0.000002 16.685326 18.536194 12.257842 50.430820 46.535271 12.718682 179.560684 56.813011 179.832901 -15.547526 4.653733 -8.626310 2.243540 -5.255033 -3.180155 14.282877 -0.826592 6.952496 -0.000003 -12.690593 0.000001 15.776440 -17.656227 2.936696 1.665665 -1.955920 -2.878296 4.727793 -4.170583 4.993918 11.020513 0.000004 -0.000001 12.109035 -3.735710 -2.866778 -0.000001 0.000000 0.000002 1.291985 -1.928548 -1.498088 14.800109 0.567470 3.865603 14.242554 -1.341736 -6.660647 19.631939 0.143927 -0.648244 49.296955 -0.599069 -5.977021 0.353029 -1.511149 -0.031941 20.222771 3.684307 2.316627 18.787247 0.000006 -0.000002 10.751611 -0.479866 1.397904 -0.000000 0.000000 0.000000 3.273804 0.305946 -0.580109 21.486792 11.830366 2.266131 8.162917 0.000002 -0.000002 18.399052 -3.798979 -4.940566 0.000003 -0.000002 -0.000000 18.501991 -0.528973 -10.105737 -0.111065 -0.354677 24.561275 -14.305696 11.592649 -5.057144 1.650093 -1.998842 -1.822932 0.000000 -0.000000 0.000002 2.266264 4.311276 18.154692 -0.081119 0.091027 5.044279 8.306265 -5.584543 -11.917999 -1.464292 1.213303 -1.291487 -0.000000 0.000000 -0.000001 
0.587437 96.735001 -0.143202 -6.098001 -1.089346 -9.636452 3.387837 -0.028009 -1.422967 0.228523 -0.385229 -5.155910 4.325670 -2.499813 11.613233 -1.994303 3.796964 13.048115 0.601466 3.915761 -3.761815 -4.696643 5.734474 -7.165109 0.000077 -0.000022 0.000006 0.008121 -0.164015 0.116376 0.693689 -3.898142 -10.654943 -0.687136 3.565444 -10.658361 -16.353588 -16.840786 8.986454 -25.837036 -26.113258 -23.328777 -178.780304 -72.196678 178.912125 10.003890 5.945175 15.911075 -5.882102 9.861277 0.702589 -10.936859 -0.360575 7.156195 0.000002 8.774812 -0.000001 -16.417097 17.489622 5.860914 -1.844030 2.498502 -2.507275 -10.163591 4.678941 4.621104 -20.975994 -0.000002 0.000003 -21.226255 2.451693 -3.593993 -0.000000 -0.000006 0.000000 -1.362681 2.240798 -0.746323 -21.334887 0.584909 3.008320 -13.821197 -0.000002 0.000004 -23.887133 -0.249080 -0.839479 -61.125004 2.630557 -1.574085 -0.294025 1.679686 0.833255 -14.218195 0.093214 1.300579 -34.212006 -0.287563 0.967171 -20.033180 0.964535 1.212842 -0.000000 0.000001 -0.000000 -3.440384 0.788234 0.501657 -15.928167 -3.167306 2.999703 -6.338817 -0.000001 0.000003 -18.123415 3.648174 -4.905661 -0.000004 0.000001 -0.000003 16.661249 18.571466 12.251549 50.407272 46.615059 12.731287 179.669571 56.838482 179.914993 -15.648833 4.724780 -8.527040 2.243540 -5.255032 -3.180156 14.282878 -0.826593 6.952494 -0.000002 -12.690588 -0.000001 15.742206 -17.669861 2.931412 1.665665 -1.955920 -2.878297 4.727794 -4.170584 4.993918 11.020513 0.000003 -0.000001 12.109032 -3.735708 -2.866779 0.000000 0.000000 0.000001 1.291985 -1.928547 -1.498089 14.800109 0.567469 3.865601 14.242554 -1.341735 -6.660648 19.631939 0.143927 -0.648245 49.249294 -0.591821 -6.006145 0.353030 -1.511149 -0.031941 20.222769 3.684306 2.316627 18.787245 0.000006 -0.000002 10.751610 -0.479867 1.397903 -0.000000 0.000001 -0.000000 3.273805 0.305946 -0.580111 21.486788 11.830361 2.266131 8.162917 0.000001 0.000000 18.399054 -3.798975 -4.940568 0.000003 -0.000002 -0.000000 18.491913 -0.496545 -10.016060 -0.106824 -0.354316 24.492474 -14.310067 11.547073 -5.014850 1.649807 -1.991969 -1.829236 0.000000 -0.000000 0.000002 2.252478 4.306325 18.234863 -0.077337 0.075033 4.993804 8.272771 -5.563818 -11.882034 -1.463282 1.213508 -1.287544 -0.000000 -0.000000 -0.000001 
0.588903 96.728668 -0.149225 -6.083074 -1.079719 -9.704939 3.388674 -0.025984 -1.423285 0.229787 -0.385867 -5.162717 4.312649 -2.482095 11.625710 -1.977657 3.780816 13.087855 0.575576 3.915395 -3.756843 -4.693221 5.706238 -7.181729 0.000077 -0.000023 0.000006 0.006319 -0.167357 0.117252 0.688815 -3.900915 -10.654063 -0.685175 3.567417 -10.662757 -16.356287 -16.819273 9.008143 -25.845707 -26.225334 -23.238876 -178.758438 -72.297729 178.918533 10.099087 5.930184 15.953552 -5.882100 9.861278 0.702589 -10.936859 -0.360573 7.156198 -0.000000 8.774815 -0.000000 -16.421471 17.483812 5.857656 -1.844031 2.498502 -2.507276 -10.163591 4.678941 4.621105 -20.975994 -0.000002 0.000002 -21.226254 2.451691 -3.593996 -0.000000 -0.000007 0.000000 -1.362680 2.240797 -0.746323 -21.334887 0.584908 3.008322 -13.821194 -0.000003 0.000003 -23.887131 -0.249079 -0.839482 -61.117962 2.623638 -1.563172 -0.294024 1.679685 0.833255 -14.218190 0.093215 1.300578 -34.211998 -0.287565 0.967167 -20.033175 0.964534 1.212841 0.000000 0.000000 0.000001 -3.440386 0.788232 0.501653 -15.928167 -3.167307 2.999704 -6.338817 0.000001 0.000001 -18.123413 3.648176 -4.905662 -0.000003 0.000001 -0.000002 16.643280 18.601387 12.262384 50.400124 46.677746 12.745722 179.778442 56.845863 -179.941055 -15.741186 4.810644 -8.450251 2.243539 -5.255032 -3.180155 14.282877 -0.826594 6.952495 -0.000001 -12.690588 0.000002 15.746418 -17.693800 2.927170 1.665666 -1.955919 -2.878296 4.727793 -4.170583 4.993919 11.020514 0.000002 0.000000 12.109033 -3.735710 -2.866780 -0.000001 0.000000 -0.000000 1.291984 -1.928547 -1.498087 14.800111 0.567467 3.865603 14.242554 -1.341734 -6.660647 19.631937 0.143926 -0.648241 49.201862 -0.589857 -6.000283 0.353027 -1.511148 -0.031941 20.222769 3.684304 2.316629 18.787245 0.000004 -0.000000 10.751610 -0.479867 1.397903 -0.000000 -0.000000 -0.000001 3.273806 0.305946 -0.580110 21.486790 11.830360 2.266131 8.162918 0.000002 0.000000 18.399055 -3.798977 -4.940567 0.000003 -0.000002 0.000001 18.475935 -0.455526 -9.953678 -0.102385 -0.353791 24.495089 -14.286801 11.494175 -4.998648 1.647756 -1.991978 -1.819103 -0.000000 0.000000 0.000002 2.242622 4.305505 18.319187 -0.075290 0.065708 4.966439 8.265648 -5.570425 -11.892094 -1.462513 1.219057 -1.275768 -0.000000 -0.000000 -0.000001 
0.590063 96.721359 -0.142814 -6.080548 -1.048248 -9.777985 3.395980 -0.028260 -1.427631 0.237567 -0.374263 -5.163078 4.304269 -2.471493 11.634105 -1.980211 3.779742 13.140059 0.564422 3.904173 -3.758197 -4.693442 5.666358 -7.205964 0.000077 -0.000022 0.000006 0.006813 -0.157006 0.119894 0.685361 -3.889217 -10.640247 -0.683041 3.570126 -10.650381 -16.369589 -16.811377 9.074138 -25.866964 -26.335295 -23.149502 -179.021149 -72.353424 179.200287 10.141422 5.933404 16.010298 -5.882102 9.861278 0.702589 -10.936858 -0.360576 7.156198 0.000002 8.774813 0.000000 -16.428652 17.508556 5.859435 -1.844031 2.498501 -2.507276 -10.163589 4.678939 4.621106 -20.975994 -0.000006 0.000006 -21.226250 2.451693 -3.593991 0.000000 -0.000007 0.000000 -1.362680 2.240797 -0.746324 -21.334892 0.584907 3.008324 -13.821194 -0.000003 0.000005 -23.887125 -0.249078 -0.839478 -61.106598 2.646055 -1.558585 -0.294024 1.679685 0.833255 -14.218194 0.093213 1.300579 -34.212002 -0.287568 0.967174 -20.033180 0.964535 1.212843 0.000000 0.000001 0.000000 -3.440385 0.788231 0.501656 -15.928169 -3.167307 2.999707 -6.338815 0.000000 0.000002 -18.123411 3.648176 -4.905658 -0.000004 0.000001 -0.000002 16.633518 18.599844 12.269547 50.350128 46.713844 12.750317 179.919479 56.819401 -179.838226 -15.779394 4.871653 -8.298571 2.243539 -5.255032 -3.180156 14.282877 -0.826593 6.952496 -0.000003 -12.690591 0.000000 15.728291 -17.695642 2.925788 1.665665 -1.955920 -2.878298 4.727793 -4.170583 4.993918 11.020513 0.000003 -0.000001 12.109035 -3.735710 -2.866778 -0.000001 0.000000 0.000001 1.291985 -1.928547 -1.498089 14.800113 0.567467 3.865604 14.242554 -1.341735 -6.660646 19.631939 0.143927 -0.648242 49.144924 -0.583931 -5.996663 0.353029 -1.511149 -0.031939 20.222767 3.684305 2.316628 18.787247 0.000005 -0.000001 10.751610 -0.479866 1.397903 0.000000 0.000000 0.000000 3.273804 0.305947 -0.580111 21.486790 11.830362 2.266131 8.162918 0.000002 -0.000001 18.399054 -3.798981 -4.940566 0.000003 -0.000002 -0.000000 18.475004 -0.442212 -9.897132 -0.105672 -0.343975 24.516006 -14.269043 11.477561 -4.998880 1.646903 -1.998565 -1.793530 -0.000000 0.000000 0.000002 2.257847 4.311629 18.442068 -0.072877 0.073077 4.888494 8.270675 -5.618541 -11.886106 -1.463644 1.223724 -1.262102 -0.000000 -0.000000 -0.000001 
0.593735 96.714363 -0.184424 -6.082429 -0.998545 -9.847241 3.403716 -0.038588 -1.431497 0.232714 -0.375468 -5.156415 4.313440 -2.454338 11.631346 -1.992021 3.803831 13.195119 0.550553 3.867851 -3.770257 -4.690832 5.642532 -7.225113 0.000077 -0.000022 0.000006 0.008013 -0.146657 0.121200 0.684325 -3.874013 -10.630059 -0.678700 3.582041 -10.642637 -16.354294 -16.812038 9.120528 -25.923048 -26.387774 -23.055468 -179.042908 -72.443489 179.211014 10.232852 5.938490 16.001617 -5.882103 9.861278 0.702592 -10.936861 -0.360574 7.156197 -0.000001 8.774813 -0.000001 -16.408846 17.497477 5.873629 -1.844031 2.498505 -2.507276 -10.163593 4.678937 4.621104 -20.975996 -0.000002 0.000002 -21.226257 2.451692 -3.593996 0.000000 -0.000008 -0.000000 -1.362681 2.240796 -0.746323 -21.334892 0.584911 3.008319 -13.821197 -0.000003 0.000002 -23.887131 -0.249078 -0.839483 -61.120007 2.639215 -1.547836 -0.294025 1.679686 0.833255 -14.218195 0.093217 1.300579 -34.212006 -0.287564 0.967168 -20.033180 0.964537 1.212841 -0.000000 0.000001 -0.000000 -3.440385 0.788233 0.501655 -15.928171 -3.167307 2.999704 -6.338818 -0.000001 0.000002 -18.123417 3.648175 -4.905662 -0.000004 0.000001 -0.000002 16.603682 18.592768 12.268064 50.400082 46.730709 12.736172 179.891693 56.788837 -179.841400 -15.855665 4.903916 -8.282596 2.243540 -5.255032 -3.180155 14.282877 -0.826595 6.952496 -0.000000 -12.690591 0.000000 15.689287 -17.687212 2.920069 1.665664 -1.955919 -2.878297 4.727795 -4.170583 4.993918 11.020514 0.000002 0.000002 12.109032 -3.735711 -2.866778 -0.000001 0.000001 0.000002 1.291986 -1.928548 -1.498087 14.800117 0.567467 3.865604 14.242554 -1.341737 -6.660648 19.631941 0.143921 -0.648241 49.123306 -0.585092 -5.995688 0.353029 -1.511150 -0.031939 20.222771 3.684304 2.316629 18.787245 0.000004 -0.000000 10.751611 -0.479871 1.397904 -0.000001 -0.000000 -0.000001 3.273804 0.305947 -0.580111 21.486792 11.830359 2.266131 8.162919 0.000000 0.000000 18.399054 -3.798979 -4.940568 0.000003 -0.000003 0.000001 18.466595 -0.438811 -9.878215 -0.102803 -0.348628 24.522110 -14.242944 11.446644 -4.957305 1.645198 -1.995275 -1.777275 0.000000 -0.000000 0.000002 2.275845 4.297126 18.491636 -0.071804 0.070069 4.911410 8.274837 -5.700285 -11.916247 -1.463884 1.229823 -1.242522 -0.000000 0.000000 -0.000001 
0.553584 96.718575 -0.184643 -6.092192 -0.938189 -9.905412 3.409555 -0.037813 -1.434227 0.226665 -0.396489 -5.159470 4.327173 -2.434447 11.646759 -2.009250 3.826608 13.218628 0.552900 3.840231 -3.773574 -4.689758 5.651560 -7.231830 0.000077 -0.000022 0.000006 0.011059 -0.129618 0.120405 0.684898 -3.854787 -10.625570 -0.674942 3.598740 -10.636680 -16.326645 -16.820332 9.152978 -25.994764 -26.428780 -22.971294 -179.101776 -72.501282 179.280136 10.278168 5.959738 15.977198 -5.882100 9.861277 0.702589 -10.936859 -0.360574 7.156196 0.000000 8.774812 0.000000 -16.403620 17.501459 5.880204 -1.844031 2.498503 -2.507277 -10.163590 4.678941 4.621103 -20.975998 -0.000005 0.000002 -21.226254 2.451693 -3.593993 -0.000000 -0.000007 0.000000 -1.362680 2.240794 -0.746322 -21.334887 0.584907 3.008320 -13.821195 -0.000004 0.000004 -23.887129 -0.249077 -0.839481 -61.083370 2.640074 -1.558462 -0.294025 1.679685 0.833255 -14.218194 0.093214 1.300580 -34.212002 -0.287564 0.967170 -20.033178 0.964534 1.212842 -0.000000 0.000000 0.000000 -3.440386 0.788231 0.501655 -15.928167 -3.167306 2.999702 -6.338818 0.000000 0.000002 -18.123411 3.648175 -4.905661 -0.000004 0.000001 -0.000003 16.602304 18.598795 12.273620 50.384331 46.746334 12.672625 179.825638 56.723248 -179.872787 -15.942951 4.855217 -8.405622 2.243539 -5.255033 -3.180156 14.282877 -0.826594 6.952495 -0.000001 -12.690591 0.000000 15.699378 -17.632179 2.901957 1.665666 -1.955920 -2.878297 4.727793 -4.170583 4.993918 11.020509 0.000003 -0.000001 12.109030 -3.735711 -2.866779 -0.000001 0.000000 0.000002 1.291985 -1.928547 -1.498085 14.800111 0.567468 3.865604 14.242553 -1.341736 -6.660646 19.631939 0.143925 -0.648243 49.155979 -0.568509 -5.962368 0.353027 -1.511149 -0.031937 20.222767 3.684305 2.316629 18.787245 0.000005 -0.000003 10.751612 -0.479870 1.397903 -0.000001 0.000000 0.000001 3.273804 0.305947 -0.580109 21.486788 11.830359 2.266129 8.162917 0.000001 0.000000 18.399055 -3.798980 -4.940568 0.000003 -0.000002 -0.000000 18.498482 -0.453963 -9.805787 -0.111972 -0.352811 24.443924 -14.245885 11.430082 -4.902834 1.644884 -1.992195 -1.757709 -0.000000 0.000000 0.000002 2.321867 4.291342 18.583010 -0.068904 0.061096 4.852937 8.246725 -5.795837 -11.874937 -1.463376 1.237320 -1.246921 -0.000000 -0.000000 -0.000001 
0.536851 96.712692 -0.206508 -6.104859 -0.889672 -9.949987 3.416437 -0.036617 -1.445269 0.221458 -0.413345 -5.165980 4.345031 -2.420000 11.668423 -2.035835 3.860643 13.211640 0.562356 3.829104 -3.764761 -4.681075 5.694727 -7.232435 0.000077 -0.000022 0.000006 0.011154 -0.126188 0.119554 0.686926 -3.850727 -10.618507 -0.673251 3.595998 -10.628351 -16.327459 -16.812059 9.162583 -26.031549 -26.474867 -22.941774 -179.059174 -72.553017 179.248184 10.289510 5.974272 15.857581 -5.882101 9.861281 0.702591 -10.936858 -0.360574 7.156199 0.000001 8.774814 0.000000 -16.445328 17.510769 5.902385 -1.844031 2.498500 -2.507275 -10.163589 4.678940 4.621107 -20.975992 -0.000006 0.000006 -21.226248 2.451693 -3.593990 0.000001 -0.000007 -0.000000 -1.362679 2.240795 -0.746325 -21.334887 0.584907 3.008323 -13.821195 -0.000004 0.000005 -23.887125 -0.249077 -0.839477 -61.137402 2.653745 -1.548494 -0.294023 1.679685 0.833254 -14.218192 0.093213 1.300579 -34.211998 -0.287564 0.967173 -20.033175 0.964536 1.212842 -0.000000 -0.000000 -0.000001 -3.440385 0.788230 0.501655 -15.928167 -3.167307 2.999703 -6.338815 -0.000001 0.000003 -18.123411 3.648176 -4.905659 -0.000004 0.000001 -0.000003 16.605503 18.588539 12.313380 50.421497 46.799801 12.692309 179.775269 56.660564 -179.916718 -16.005287 4.799748 -8.551525 2.243542 -5.255032 -3.180156 14.282877 -0.826597 6.952496 -0.000003 -12.690588 0.000003 15.723292 -17.626814 2.870792 1.665665 -1.955920 -2.878294 4.727795 -4.170583 4.993919 11.020512 0.000003 -0.000002 12.109033 -3.735710 -2.866781 -0.000001 0.000001 0.000001 1.291985 -1.928548 -1.498090 14.800109 0.567467 3.865599 14.242553 -1.341734 -6.660649 19.631939 0.143926 -0.648246 49.206390 -0.571099 -5.968067 0.353027 -1.511149 -0.031941 20.222769 3.684302 2.316626 18.787245 0.000005 -0.000004 10.751611 -0.479868 1.397901 -0.000001 0.000000 0.000000 3.273804 0.305947 -0.580110 21.486788 11.830360 2.266128 8.162918 -0.000001 -0.000002 18.399054 -3.798979 -4.940569 0.000003 -0.000003 -0.000000 18.517609 -0.464851 -9.796132 -0.117484 -0.361498 24.443319 -14.252580 11.431655 -4.877855 1.645111 -1.992410 -1.762735 0.000000 -0.000000 0.000002 2.352547 4.281351 18.631245 -0.070458 0.057796 4.825644 8.217123 -5.851176 -11.882939 -1.463787 1.238681 -1.261254 -0.000000 -0.000000 -0.000001 
0.501843 96.713058 -0.245319 -6.127426 -0.848373 -10.004628 3.429635 -0.028190 -1.446887 0.218411 -0.441387 -5.185833 4.351346 -2.422321 11.716326 -2.071050 3.885595 13.197811 0.581287 3.861452 -3.760027 -4.665679 5.704527 -7.248230 0.000077 -0.000022 0.000006 0.011145 -0.122830 0.116926 0.688425 -3.852731 -10.624422 -0.676425 3.596914 -10.634440 -16.350622 -16.786503 9.159528 -26.065521 -26.509819 -22.880117 -179.092041 -72.569572 179.281693 10.268949 5.963036 15.785045 -5.882099 9.861276 0.702590 -10.936858 -0.360573 7.156198 -0.000001 8.774812 -0.000001 -16.473143 17.524462 5.905660 -1.844031 2.498504 -2.507277 -10.163589 4.678937 4.621102 -20.975994 -0.000003 0.000002 -21.226250 2.451693 -3.593994 0.000000 -0.000006 0.000000 -1.362679 2.240797 -0.746324 -21.334887 0.584907 3.008320 -13.821194 -0.000000 0.000003 -23.887129 -0.249080 -0.839482 -61.185242 2.662052 -1.544363 -0.294024 1.679687 0.833257 -14.218194 0.093214 1.300580 -34.212002 -0.287562 0.967168 -20.033176 0.964535 1.212841 0.000000 0.000000 0.000000 -3.440384 0.788232 0.501654 -15.928165 -3.167307 2.999703 -6.338817 0.000000 0.000001 -18.123411 3.648178 -4.905660 -0.000004 -0.000000 -0.000002 16.628302 18.595142 12.360743 50.488323 46.851398 12.821934 179.931824 56.611103 -179.808792 -16.025564 4.755692 -8.662872 2.243539 -5.255033 -3.180154 14.282877 -0.826592 6.952495 -0.000003 -12.690591 0.000000 15.793710 -17.629414 2.888870 1.665664 -1.955919 -2.878297 4.727793 -4.170582 4.993919 11.020511 0.000004 0.000001 12.109032 -3.735710 -2.866778 -0.000001 0.000001 -0.000000 1.291984 -1.928547 -1.498089 14.800114 0.567469 3.865603 14.242553 -1.341733 -6.660648 19.631935 0.143927 -0.648240 49.272129 -0.545844 -5.939607 0.353027 -1.511149 -0.031939 20.222769 3.684307 2.316629 18.787245 0.000007 0.000001 10.751613 -0.479868 1.397905 -0.000000 0.000001 0.000001 3.273804 0.305946 -0.580107 21.486790 11.830363 2.266134 8.162916 0.000001 0.000002 18.399050 -3.798978 -4.940566 0.000004 -0.000003 -0.000000 18.559000 -0.488606 -9.755511 -0.111402 -0.349614 24.383097 -14.284530 11.438473 -4.813925 1.642287 -1.986573 -1.788683 0.000000 0.000000 0.000002 2.402515 4.248272 18.641771 -0.072743 0.060188 4.889754 8.196509 -5.894543 -11.887628 -1.465278 1.235044 -1.282611 -0.000000 -0.000000 -0.000001 
0.492239 96.715012 -0.252088 -6.147168 -0.797866 -10.048246 3.441944 -0.036059 -1.449165 0.225506 -0.444789 -5.175752 4.345620 -2.427455 11.733429 -2.097318 3.900620 13.179709 0.584498 3.896423 -3.759691 -4.643304 5.684860 -7.266139 0.000077 -0.000023 0.000006 0.011341 -0.119363 0.117777 0.690466 -3.846490 -10.626180 -0.677974 3.607254 -10.633153 -16.376215 -16.765327 9.171741 -26.170862 -26.546515 -22.818468 -179.111404 -72.591957 179.326859 10.271515 5.969234 15.672787 -5.882100 9.861278 0.702589 -10.936858 -0.360574 7.156197 0.000000 8.774812 0.000001 -16.492880 17.506479 5.880590 -1.844032 2.498502 -2.507275 -10.163588 4.678939 4.621103 -20.975998 -0.000004 0.000000 -21.226254 2.451694 -3.593995 0.000000 -0.000007 0.000000 -1.362679 2.240797 -0.746323 -21.334892 0.584909 3.008317 -13.821197 -0.000003 0.000003 -23.887129 -0.249080 -0.839482 -61.227219 2.651324 -1.566368 -0.294024 1.679688 0.833254 -14.218194 0.093216 1.300579 -34.211998 -0.287563 0.967168 -20.033180 0.964531 1.212841 0.000000 0.000000 0.000000 -3.440386 0.788232 0.501655 -15.928165 -3.167306 2.999704 -6.338817 0.000001 0.000001 -18.123413 3.648175 -4.905663 -0.000004 0.000001 -0.000002 16.657661 18.589745 12.399026 50.573509 46.837067 12.934686 -179.997955 56.530315 -179.788666 -15.987438 4.739110 -8.687336 2.243540 -5.255032 -3.180155 14.282877 -0.826595 6.952495 -0.000001 -12.690587 0.000002 15.807931 -17.654016 2.924192 1.665664 -1.955920 -2.878295 4.727793 -4.170582 4.993918 11.020513 0.000004 -0.000000 12.109031 -3.735709 -2.866779 0.000000 -0.000000 -0.000000 1.291985 -1.928547 -1.498088 14.800114 0.567468 3.865604 14.242553 -1.341736 -6.660648 19.631939 0.143924 -0.648244 49.262825 -0.581215 -5.918902 0.353028 -1.511148 -0.031941 20.222769 3.684305 2.316627 18.787245 0.000006 0.000000 10.751613 -0.479869 1.397905 0.000000 0.000000 0.000001 3.273804 0.305947 -0.580110 21.486790 11.830359 2.266131 8.162916 0.000001 0.000001 18.399052 -3.798980 -4.940566 0.000003 -0.000003 0.000001 18.579428 -0.525313 -9.726383 -0.115560 -0.349369 24.360556 -14.265869 11.447803 -4.787279 1.641919 -1.989489 -1.805610 0.000000 0.000000 0.000002 2.440316 4.226571 18.707199 -0.075544 0.067381 4.841990 8.185560 -5.980576 -11.850206 -1.465547 1.230583 -1.288023 -0.000000 -0.000000 -0.000001 
0.489008 96.714607 -0.298034 -6.171573 -0.757205 -10.095869 3.457741 -0.045055 -1.435809 0.236403 -0.438010 -5.172636 4.334632 -2.427160 11.750675 -2.103636 3.913289 13.163825 0.584626 3.917084 -3.760779 -4.636616 5.643734 -7.315541 0.000077 -0.000023 0.000006 0.010384 -0.112907 0.122999 0.688963 -3.844259 -10.620207 -0.679291 3.613818 -10.628502 -16.405041 -16.758892 9.188038 -26.226501 -26.597553 -22.765940 -179.139084 -72.623955 179.366226 10.289543 5.953794 15.582354 -5.882102 9.861278 0.702589 -10.936860 -0.360575 7.156198 0.000001 8.774814 -0.000000 -16.483278 17.485571 5.885113 -1.844031 2.498503 -2.507276 -10.163589 4.678941 4.621104 -20.975998 -0.000004 0.000003 -21.226255 2.451689 -3.593994 0.000000 -0.000007 0.000000 -1.362681 2.240796 -0.746324 -21.334892 0.584909 3.008322 -13.821197 -0.000000 0.000004 -23.887131 -0.249078 -0.839480 -61.237015 2.627219 -1.580285 -0.294025 1.679685 0.833254 -14.218195 0.093213 1.300580 -34.211998 -0.287563 0.967172 -20.033180 0.964536 1.212842 -0.000001 -0.000000 -0.000001 -3.440386 0.788234 0.501656 -15.928173 -3.167308 2.999704 -6.338817 -0.000001 0.000002 -18.123415 3.648175 -4.905660 -0.000004 -0.000000 -0.000002 16.668602 18.589874 12.427637 50.670586 46.813004 13.028522 -179.953842 56.465778 -179.756470 -15.935698 4.712944 -8.700532 2.243540 -5.255032 -3.180154 14.282877 -0.826595 6.952492 -0.000002 -12.690585 0.000002 15.802671 -17.643866 2.957076 1.665666 -1.955920 -2.878297 4.727795 -4.170584 4.993918 11.020513 0.000003 -0.000001 12.109034 -3.735709 -2.866781 -0.000001 0.000001 0.000002 1.291985 -1.928547 -1.498088 14.800114 0.567466 3.865602 14.242554 -1.341735 -6.660650 19.631939 0.143925 -0.648245 49.250378 -0.588153 -5.882097 0.353028 -1.511149 -0.031939 20.222769 3.684302 2.316628 18.787247 0.000004 -0.000003 10.751613 -0.479868 1.397900 0.000000 0.000001 0.000000 3.273805 0.305948 -0.580111 21.486788 11.830359 2.266128 8.162918 0.000000 0.000000 18.399057 -3.798977 -4.940567 0.000003 -0.000003 -0.000000 18.599281 -0.570147 -9.718081 -0.115788 -0.348279 24.342087 -14.249223 11.474542 -4.741983 1.640978 -1.992842 -1.816305 -0.000000 0.000000 0.000002 2.488142 4.229807 18.711977 -0.070932 0.071554 4.894102 8.161684 -6.042667 -11.853598 -1.465888 1.224486 -1.305690 -0.000000 -0.000000 -0.000001 
0.472875 96.714622 -0.353037 -6.180909 -0.709466 -10.122935 3.462356 -0.033501 -1.423860 0.240727 -0.453632 -5.182651 4.320963 -2.412821 11.784677 -2.115345 3.912852 13.145407 0.593881 3.918620 -3.763673 -4.618624 5.609074 -7.360217 0.000077 -0.000023 0.000006 0.011334 -0.108913 0.124580 0.689105 -3.833994 -10.627334 -0.679756 3.623951 -10.629852 -16.412560 -16.754591 9.217937 -26.268764 -26.635332 -22.713537 -179.316833 -72.689430 179.438370 10.292886 5.909347 15.645064 -5.882099 9.861278 0.702590 -10.936860 -0.360576 7.156197 0.000000 8.774812 -0.000002 -16.436363 17.442474 5.866818 -1.844032 2.498503 -2.507275 -10.163589 4.678940 4.621103 -20.975994 -0.000002 0.000001 -21.226250 2.451692 -3.593996 0.000000 -0.000006 -0.000000 -1.362680 2.240797 -0.746324 -21.334890 0.584908 3.008320 -13.821197 -0.000002 0.000002 -23.887129 -0.249080 -0.839483 -61.157871 2.604712 -1.604247 -0.294026 1.679685 0.833256 -14.218194 0.093217 1.300579 -34.211998 -0.287563 0.967167 -20.033178 0.964534 1.212842 -0.000001 0.000001 -0.000001 -3.440386 0.788231 0.501656 -15.928165 -3.167305 2.999702 -6.338817 0.000000 0.000001 -18.123413 3.648175 -4.905660 -0.000004 -0.000001 -0.000002 16.663954 18.585110 12.450397 50.728279 46.776794 13.033990 -179.948929 56.441990 -179.732285 -15.856989 4.685781 -8.759579 2.243539 -5.255032 -3.180154 14.282875 -0.826592 6.952495 -0.000003 -12.690591 -0.000001 15.766000 -17.636026 2.981375 1.665664 -1.955919 -2.878295 4.727792 -4.170582 4.993919 11.020512 0.000004 -0.000002 12.109030 -3.735710 -2.866780 0.000000 0.000001 0.000002 1.291984 -1.928547 -1.498088 14.800111 0.567469 3.865602 14.242554 -1.341733 -6.660647 19.631939 0.143927 -0.648243 49.197102 -0.584598 -5.875719 0.353030 -1.511150 -0.031940 20.222767 3.684308 2.316625 18.787245 0.000006 -0.000001 10.751610 -0.479869 1.397904 -0.000000 0.000000 0.000000 3.273804 0.305947 -0.580110 21.486792 11.830364 2.266130 8.162918 0.000002 0.000001 18.399052 -3.798977 -4.940567 0.000003 -0.000003 -0.000001 18.611105 -0.599952 -9.727476 -0.116500 -0.346887 24.298311 -14.222818 11.494486 -4.669941 1.640740 -1.989431 -1.793673 -0.000000 0.000000 0.000002 2.521713 4.216822 18.663036 -0.068300 0.065306 5.003688 8.145631 -6.107925 -11.895350 -1.465831 1.227179 -1.290843 -0.000000 -0.000000 -0.000001 
0.439254 96.710686 -0.387663 -6.194263 -0.677045 -10.138639 3.467156 -0.033866 -1.418042 0.243274 -0.441677 -5.183009 4.311049 -2.416867 11.807116 -2.120744 3.919901 13.138462 0.596287 3.893521 -3.770091 -4.618714 5.598917 -7.416042 0.000077 -0.000023 0.000006 0.010653 -0.102056 0.124623 0.688455 -3.827022 -10.633385 -0.679546 3.625476 -10.640748 -16.450798 -16.757639 9.228889 -26.255943 -26.642433 -22.705645 -179.381683 -72.744240 179.460144 10.256959 5.898115 15.669309 -5.882102 9.861277 0.702590 -10.936860 -0.360573 7.156198 0.000001 8.774815 -0.000001 -16.380379 17.419569 5.864966 -1.844031 2.498502 -2.507276 -10.163590 4.678941 4.621104 -20.976000 -0.000001 0.000003 -21.226257 2.451693 -3.593993 0.000000 -0.000007 0.000000 -1.362680 2.240796 -0.746324 -21.334898 0.584910 3.008321 -13.821198 -0.000001 0.000005 -23.887136 -0.249076 -0.839480 -61.084980 2.606139 -1.625480 -0.294025 1.679686 0.833255 -14.218194 0.093213 1.300579 -34.212006 -0.287561 0.967171 -20.033180 0.964536 1.212843 -0.000000 0.000001 -0.000001 -3.440385 0.788232 0.501654 -15.928169 -3.167305 2.999706 -6.338817 0.000000 0.000001 -18.123415 3.648177 -4.905660 -0.000004 0.000001 -0.000002 16.691401 18.581379 12.466108 50.804615 46.735126 13.017397 179.942810 56.375690 -179.810135 -15.808465 4.634775 -8.770439 2.243539 -5.255033 -3.180153 14.282881 -0.826595 6.952495 -0.000000 -12.690590 -0.000002 15.775586 -17.627207 2.949002 1.665666 -1.955920 -2.878296 4.727794 -4.170583 4.993922 11.020513 0.000003 -0.000001 12.109031 -3.735708 -2.866779 -0.000001 0.000000 0.000001 1.291985 -1.928547 -1.498088 14.800109 0.567467 3.865602 14.242554 -1.341736 -6.660646 19.631939 0.143926 -0.648245 49.207928 -0.566100 -5.885778 0.353028 -1.511150 -0.031940 20.222767 3.684307 2.316625 18.787247 0.000005 -0.000003 10.751609 -0.479866 1.397903 -0.000000 0.000000 0.000000 3.273804 0.305947 -0.580110 21.486790 11.830361 2.266130 8.162916 0.000000 -0.000001 18.399054 -3.798978 -4.940569 0.000003 -0.000003 0.000001 18.638700 -0.603835 -9.736267 -0.108470 -0.353761 24.269457 -14.221629 11.476711 -4.617967 1.640372 -1.983034 -1.779369 -0.000000 0.000000 0.000002 2.565565 4.208084 18.638746 -0.069058 0.065311 5.048141 8.134421 -6.176637 -11.939127 -1.467543 1.229467 -1.285174 -0.000000 -0.000000 -0.000001 
0.375602 96.718689 -0.443338 -6.206188 -0.642253 -10.133440 3.470220 -0.033429 -1.412296 0.244341 -0.441312 -5.176295 4.292191 -2.428991 11.808002 -2.127790 3.928034 13.144808 0.599152 3.912747 -3.761577 -4.610176 5.590474 -7.475803 0.000077 -0.000023 0.000006 0.008560 -0.108887 0.123227 0.684082 -3.831157 -10.625660 -0.677958 3.614990 -10.637081 -16.470829 -16.772060 9.212612 -26.269798 -26.616724 -22.689594 -179.391159 -72.763054 179.465561 10.206594 5.893344 15.690022 -5.882099 9.861280 0.702590 -10.936858 -0.360575 7.156199 -0.000000 8.774814 -0.000000 -16.362202 17.410908 5.869839 -1.844030 2.498504 -2.507277 -10.163591 4.678940 4.621105 -20.975994 -0.000002 0.000001 -21.226250 2.451692 -3.593994 0.000000 -0.000006 0.000000 -1.362682 2.240797 -0.746322 -21.334890 0.584910 3.008320 -13.821195 -0.000001 0.000003 -23.887129 -0.249077 -0.839481 -61.038441 2.603999 -1.629394 -0.294024 1.679685 0.833254 -14.218194 0.093215 1.300579 -34.212006 -0.287561 0.967169 -20.033180 0.964538 1.212841 -0.000000 0.000000 0.000000 -3.440385 0.788234 0.501655 -15.928167 -3.167305 2.999705 -6.338817 0.000000 0.000001 -18.123411 3.648179 -4.905660 -0.000004 0.000002 -0.000002 16.738008 18.570383 12.489909 50.902569 46.704197 13.162565 179.943573 56.350410 -179.772614 -15.771108 4.613136 -8.656759 2.243540 -5.255032 -3.180154 14.282877 -0.826595 6.952495 -0.000001 -12.690590 0.000001 15.804934 -17.633301 2.928798 1.665665 -1.955920 -2.878296 4.727795 -4.170583 4.993917 11.020513 0.000003 0.000000 12.109032 -3.735711 -2.866780 0.000000 0.000000 0.000001 1.291983 -1.928547 -1.498090 14.800113 0.567467 3.865604 14.242551 -1.341733 -6.660649 19.631939 0.143923 -0.648244 49.190914 -0.583516 -5.904261 0.353029 -1.511149 -0.031941 20.222765 3.684306 2.316626 18.787247 0.000005 -0.000001 10.751610 -0.479868 1.397903 -0.000001 0.000000 0.000000 3.273803 0.305947 -0.580111 21.486790 11.830361 2.266129 8.162916 0.000002 0.000000 18.399052 -3.798980 -4.940569 0.000003 -0.000003 -0.000000 18.689596 -0.614795 -9.730432 -0.114061 -0.354236 24.135750 -14.237772 11.494251 -4.502559 1.640585 -1.983272 -1.764069 -0.000000 0.000000 0.000002 2.623980 4.207417 18.521427 -0.067304 0.057387 5.216307 8.107433 -6.195149 -11.983523 -1.467778 1.230888 -1.287917 -0.000000 -0.000000 -0.000001 
0.373327 96.717087 -0.464928 -6.221673 -0.625913 -10.144761 3.470030 -0.032936 -1.395697 0.240934 -0.436994 -5.169577 4.276834 -2.446037 11.826404 -2.124520 3.914983 13.144578 0.596671 3.949677 -3.765473 -4.592045 5.595761 -7.517562 0.000077 -0.000023 0.000006 0.010768 -0.122691 0.122458 0.682089 -3.850589 -10.630433 -0.672017 3.602198 -10.640285 -16.491230 -16.767645 9.215683 -26.207951 -26.586168 -22.752825 -179.361801 -72.803368 179.386322 10.153819 5.866585 15.701604 -5.882102 9.861279 0.702590 -10.936858 -0.360577 7.156198 0.000000 8.774814 0.000000 -16.372494 17.419571 5.853504 -1.844030 2.498501 -2.507275 -10.163588 4.678938 4.621101 -20.975996 -0.000005 0.000004 -21.226254 2.451691 -3.593992 0.000000 -0.000007 -0.000000 -1.362679 2.240796 -0.746321 -21.334892 0.584908 3.008320 -13.821197 -0.000002 0.000004 -23.887131 -0.249080 -0.839480 -61.024628 2.610004 -1.656673 -0.294025 1.679687 0.833256 -14.218192 0.093213 1.300580 -34.212002 -0.287567 0.967172 -20.033180 0.964534 1.212844 0.000000 0.000000 0.000000 -3.440384 0.788231 0.501656 -15.928167 -3.167306 2.999703 -6.338819 -0.000001 0.000001 -18.123415 3.648172 -4.905659 -0.000004 0.000002 -0.000002 16.805141 18.538668 12.522299 50.939362 46.662510 13.218265 179.951614 56.333328 -179.800323 -15.760988 4.640231 -8.432443 2.243541 -5.255032 -3.180155 14.282877 -0.826594 6.952498 -0.000001 -12.690587 0.000000 15.844850 -17.628614 2.878147 1.665664 -1.955919 -2.878297 4.727793 -4.170583 4.993918 11.020514 0.000003 -0.000001 12.109034 -3.735711 -2.866780 -0.000001 0.000000 0.000001 1.291983 -1.928547 -1.498089 14.800114 0.567468 3.865605 14.242554 -1.341733 -6.660651 19.631941 0.143926 -0.648242 49.193909 -0.563103 -5.933046 0.353028 -1.511150 -0.031941 20.222771 3.684305 2.316629 18.787249 0.000005 -0.000001 10.751611 -0.479866 1.397902 -0.000000 0.000002 -0.000001 3.273804 0.305946 -0.580109 21.486794 11.830360 2.266131 8.162918 0.000000 0.000000 18.399052 -3.798978 -4.940567 0.000003 -0.000003 -0.000000 18.706190 -0.630341 -9.743450 -0.116135 -0.351902 24.139488 -14.247064 11.508937 -4.489388 1.639125 -1.993633 -1.774934 -0.000000 0.000000 0.000002 2.664200 4.222060 18.467310 -0.070289 0.058817 5.329809 8.122379 -6.222919 -12.022555 -1.467732 1.227787 -1.303828 -0.000000 0.000000 -0.000001 
0.360213 96.715073 -0.506146 -6.244151 -0.611713 -10.131381 3.467961 -0.039812 -1.379668 0.235266 -0.430541 -5.152601 4.273312 -2.463759 11.820886 -2.121796 3.906168 13.136566 0.608877 3.964560 -3.762313 -4.571344 5.621578 -7.547283 0.000077 -0.000022 0.000006 0.010745 -0.136289 0.126182 0.682400 -3.865519 -10.617097 -0.669790 3.587975 -10.626424 -16.514828 -16.770918 9.256250 -26.160334 -26.590458 -22.810423 -179.320801 -72.806152 179.341721 10.129203 5.869455 15.724387 -5.882101 9.861280 0.702590 -10.936858 -0.360578 7.156196 -0.000001 8.774813 -0.000002 -16.343819 17.423010 5.884486 -1.844029 2.498500 -2.507274 -10.163590 4.678939 4.621104 -20.975994 -0.000003 0.000004 -21.226254 2.451693 -3.593993 0.000000 -0.000007 -0.000001 -1.362680 2.240797 -0.746324 -21.334887 0.584908 3.008320 -13.821197 -0.000002 0.000004 -23.887133 -0.249079 -0.839481 -61.024315 2.596676 -1.625619 -0.294026 1.679686 0.833255 -14.218192 0.093215 1.300581 -34.211998 -0.287562 0.967172 -20.033176 0.964536 1.212842 0.000000 0.000000 0.000000 -3.440386 0.788233 0.501655 -15.928171 -3.167307 2.999704 -6.338817 0.000000 0.000002 -18.123411 3.648176 -4.905661 -0.000004 0.000002 -0.000002 16.877682 18.502911 12.560489 50.945049 46.603638 13.283916 179.983459 56.315048 -179.768646 -15.752661 4.693694 -8.143815 2.243541 -5.255033 -3.180156 14.282877 -0.826595 6.952496 0.000000 -12.690590 -0.000000 15.857965 -17.694237 2.885929 1.665666 -1.955921 -2.878298 4.727791 -4.170583 4.993919 11.020512 0.000003 -0.000001 12.109031 -3.735709 -2.866779 0.000000 0.000001 0.000001 1.291984 -1.928547 -1.498088 14.800113 0.567467 3.865602 14.242553 -1.341734 -6.660651 19.631937 0.143927 -0.648246 49.206512 -0.594059 -5.947904 0.353028 -1.511149 -0.031940 20.222769 3.684304 2.316626 18.787245 0.000005 -0.000003 10.751608 -0.479866 1.397905 0.000000 0.000000 0.000000 3.273805 0.305947 -0.580110 21.486790 11.830361 2.266128 8.162915 -0.000000 0.000001 18.399052 -3.798977 -4.940569 0.000003 -0.000003 -0.000000 18.735292 -0.643700 -9.791698 -0.114692 -0.353928 24.135563 -14.258321 11.500106 -4.456735 1.639007 -2.000734 -1.802420 -0.000000 0.000000 0.000002 2.705046 4.214098 18.368130 -0.073337 0.059936 5.456350 8.147923 -6.227105 -12.076866 -1.468774 1.222153 -1.313563 -0.000000 0.000000 -0.000001 
0.326787 96.714119 -0.555969 -6.265569 -0.589734 -10.114932 3.458368 -0.043524 -1.359816 0.226771 -0.436543 -5.149576 4.279055 -2.473758 11.834541 -2.112540 3.896418 13.107919 0.607770 3.982640 -3.764446 -4.542432 5.635288 -7.557961 0.000077 -0.000023 0.000006 0.011737 -0.139141 0.129619 0.681025 -3.865337 -10.617086 -0.668822 3.586369 -10.626564 -16.533783 -16.731436 9.298565 -26.086523 -26.591875 -22.873714 -179.304230 -72.827324 179.293747 10.121051 5.819749 15.739123 -5.882100 9.861278 0.702590 -10.936859 -0.360574 7.156195 -0.000001 8.774814 -0.000002 -16.308605 17.395954 5.877892 -1.844032 2.498504 -2.507277 -10.163589 4.678940 4.621104 -20.975994 -0.000004 0.000002 -21.226254 2.451696 -3.593994 0.000000 -0.000006 -0.000001 -1.362680 2.240797 -0.746324 -21.334885 0.584909 3.008322 -13.821194 -0.000001 0.000005 -23.887125 -0.249078 -0.839480 -60.992706 2.569305 -1.612967 -0.294023 1.679687 0.833255 -14.218192 0.093215 1.300581 -34.212002 -0.287562 0.967171 -20.033180 0.964539 1.212842 -0.000000 -0.000000 -0.000001 -3.440384 0.788232 0.501656 -15.928165 -3.167309 2.999705 -6.338817 -0.000001 0.000002 -18.123411 3.648176 -4.905659 -0.000004 0.000001 -0.000002 16.935707 18.463943 12.606999 50.908581 46.540504 13.258998 179.929520 56.295418 -179.794876 -15.740147 4.720879 -7.950254 2.243540 -5.255032 -3.180154 14.282877 -0.826595 6.952497 -0.000001 -12.690591 0.000001 15.848721 -17.720543 2.898146 1.665665 -1.955921 -2.878296 4.727796 -4.170584 4.993920 11.020514 0.000004 -0.000001 12.109034 -3.735710 -2.866777 0.000000 -0.000000 0.000002 1.291983 -1.928547 -1.498090 14.800113 0.567467 3.865605 14.242551 -1.341735 -6.660648 19.631941 0.143924 -0.648244 49.200169 -0.605668 -5.933202 0.353030 -1.511150 -0.031941 20.222767 3.684304 2.316629 18.787247 0.000005 -0.000001 10.751613 -0.479867 1.397904 0.000001 -0.000000 0.000001 3.273803 0.305948 -0.580111 21.486795 11.830359 2.266133 8.162916 0.000001 0.000001 18.399055 -3.798980 -4.940568 0.000003 -0.000003 -0.000000 18.774694 -0.670858 -9.835897 -0.114829 -0.357496 24.097610 -14.274405 11.517375 -4.401119 1.639153 -2.004339 -1.817851 0.000000 0.000000 0.000002 2.762737 4.212648 18.252886 -0.080480 0.074426 5.597453 8.149579 -6.281613 -12.143756 -1.467629 1.211875 -1.322370 -0.000000 -0.000000 -0.000001 
0.304190 96.715073 -0.587946 -6.291212 -0.559504 -10.102431 3.458412 -0.029892 -1.331022 0.212070 -0.472482 -5.145262 4.289987 -2.466254 11.854502 -2.102849 3.895139 13.071270 0.608998 3.991234 -3.765009 -4.519433 5.628672 -7.574366 0.000077 -0.000023 0.000006 0.011759 -0.129351 0.133102 0.681564 -3.853399 -10.611690 -0.667653 3.601744 -10.620008 -16.561016 -16.711309 9.364743 -26.021311 -26.610039 -22.956423 -179.305588 -72.895859 179.302444 10.120388 5.785388 15.658048 -5.882099 9.861278 0.702592 -10.936857 -0.360577 7.156199 0.000001 8.774812 0.000001 -16.260971 17.387463 5.934505 -1.844031 2.498501 -2.507275 -10.163589 4.678941 4.621105 -20.975996 -0.000005 0.000002 -21.226248 2.451690 -3.593993 0.000000 -0.000008 -0.000000 -1.362681 2.240795 -0.746323 -21.334894 0.584908 3.008321 -13.821194 -0.000002 0.000005 -23.887131 -0.249080 -0.839479 -60.981724 2.536994 -1.574109 -0.294025 1.679688 0.833257 -14.218194 0.093215 1.300579 -34.211998 -0.287566 0.967171 -20.033178 0.964533 1.212844 0.000000 0.000000 0.000000 -3.440384 0.788231 0.501653 -15.928167 -3.167310 2.999703 -6.338815 0.000000 0.000001 -18.123411 3.648175 -4.905658 -0.000004 -0.000000 -0.000002 16.973547 18.401157 12.656336 50.907539 46.470093 13.159359 179.783051 56.270744 -179.921188 -15.723443 4.704309 -7.793240 2.243538 -5.255030 -3.180153 14.282875 -0.826594 6.952497 -0.000002 -12.690588 0.000001 15.888432 -17.718632 2.870781 1.665665 -1.955919 -2.878298 4.727794 -4.170582 4.993916 11.020511 0.000004 -0.000000 12.109030 -3.735708 -2.866779 -0.000001 -0.000000 0.000000 1.291984 -1.928548 -1.498085 14.800114 0.567467 3.865603 14.242553 -1.341734 -6.660648 19.631939 0.143925 -0.648244 49.224575 -0.609024 -5.918525 0.353029 -1.511150 -0.031938 20.222767 3.684304 2.316630 18.787245 0.000007 -0.000001 10.751609 -0.479868 1.397903 -0.000000 -0.000001 0.000001 3.273803 0.305947 -0.580109 21.486790 11.830360 2.266131 8.162916 -0.000000 0.000001 18.399054 -3.798976 -4.940565 0.000003 -0.000002 -0.000000 18.812235 -0.708420 -9.873693 -0.121743 -0.362750 24.072712 -14.273230 11.538238 -4.363077 1.638810 -2.014246 -1.847210 0.000000 0.000000 0.000002 2.823158 4.236372 18.185961 -0.076835 0.053995 5.669260 8.150811 -6.338081 -12.171171 -1.467051 1.212206 -1.317976 0.000000 -0.000000 -0.000001 
0.297970 96.721855 -0.624073 -6.321605 -0.525034 -10.073856 3.457591 -0.043875 -1.312203 0.201513 -0.471004 -5.141724 4.291447 -2.484815 11.860864 -2.088556 3.901042 13.036173 0.606849 3.966052 -3.772453 -4.503754 5.639883 -7.595943 0.000077 -0.000023 0.000006 0.011652 -0.115554 0.136262 0.685133 -3.846362 -10.612309 -0.669521 3.608522 -10.616734 -16.586056 -16.703661 9.419685 -25.976068 -26.569775 -23.043587 -179.137253 -72.872543 179.183823 10.126448 5.731295 15.600231 -5.882102 9.861277 0.702588 -10.936858 -0.360577 7.156196 0.000000 8.774813 0.000000 -16.213158 17.373476 5.982529 -1.844031 2.498500 -2.507276 -10.163589 4.678941 4.621102 -20.975992 -0.000005 0.000002 -21.226254 2.451694 -3.593995 0.000001 -0.000007 0.000000 -1.362681 2.240796 -0.746322 -21.334885 0.584908 3.008322 -13.821197 -0.000000 0.000004 -23.887131 -0.249079 -0.839479 -60.974415 2.540027 -1.537257 -0.294025 1.679686 0.833254 -14.218194 0.093213 1.300579 -34.211998 -0.287562 0.967170 -20.033176 0.964534 1.212842 -0.000001 0.000000 0.000000 -3.440386 0.788233 0.501655 -15.928167 -3.167306 2.999706 -6.338817 -0.000002 0.000002 -18.123411 3.648176 -4.905660 -0.000004 -0.000000 -0.000002 16.995646 18.350641 12.665873 50.966911 46.384342 13.174532 179.683487 56.277317 -179.979416 -15.715011 4.678717 -7.765084 2.243540 -5.255033 -3.180156 14.282877 -0.826592 6.952495 -0.000003 -12.690591 -0.000001 15.887313 -17.734917 2.884142 1.665664 -1.955920 -2.878297 4.727793 -4.170582 4.993916 11.020513 0.000004 0.000000 12.109033 -3.735710 -2.866780 -0.000001 0.000000 0.000000 1.291985 -1.928549 -1.498088 14.800111 0.567469 3.865602 14.242550 -1.341734 -6.660649 19.631937 0.143928 -0.648242 49.281815 -0.602590 -5.899704 0.353029 -1.511149 -0.031940 20.222767 3.684309 2.316627 18.787247 0.000006 0.000000 10.751611 -0.479867 1.397905 -0.000000 0.000000 0.000002 3.273805 0.305947 -0.580111 21.486790 11.830365 2.266132 8.162918 0.000001 -0.000001 18.399054 -3.798979 -4.940566 0.000003 -0.000003 0.000001 18.839592 -0.758673 -9.929809 -0.116104 -0.352621 24.042063 -14.253040 11.568276 -4.314792 1.640428 -2.007083 -1.855859 0.000000 0.000000 0.000002 2.873956 4.244424 18.110567 -0.074827 0.044526 5.717373 8.125971 -6.387870 -12.161420 -1.467925 1.217414 -1.353576 -0.000000 0.000000 -0.000001 
0.280668 96.719643 -0.632428 -6.343436 -0.510179 -10.038264 3.453386 -0.022355 -1.302069 0.188537 -0.500983 -5.144295 4.278378 -2.506994 11.888932 -2.056701 3.896508 13.004651 0.585743 3.965609 -3.775715 -4.492746 5.641203 -7.620064 0.000077 -0.000023 0.000006 0.010583 -0.098913 0.135968 0.686388 -3.830864 -10.611785 -0.672196 3.624414 -10.617174 -16.589100 -16.687319 9.474113 -25.963364 -26.518202 -23.124714 -179.107559 -72.874451 179.190140 10.149758 5.674191 15.547038 -5.882102 9.861278 0.702591 -10.936858 -0.360576 7.156197 0.000000 8.774812 0.000000 -16.187521 17.370821 6.017948 -1.844032 2.498503 -2.507276 -10.163589 4.678940 4.621104 -20.975992 -0.000003 0.000003 -21.226255 2.451693 -3.593994 0.000001 -0.000006 -0.000000 -1.362679 2.240797 -0.746322 -21.334894 0.584910 3.008319 -13.821195 -0.000002 0.000003 -23.887125 -0.249078 -0.839482 -60.990368 2.531632 -1.506672 -0.294024 1.679687 0.833254 -14.218192 0.093214 1.300578 -34.212006 -0.287566 0.967170 -20.033180 0.964536 1.212841 -0.000001 0.000000 0.000000 -3.440384 0.788232 0.501654 -15.928167 -3.167306 2.999703 -6.338817 0.000000 0.000001 -18.123411 3.648175 -4.905663 -0.000004 0.000001 -0.000003 17.037294 18.315344 12.670886 51.001385 46.279633 13.170815 179.571426 56.245033 179.900681 -15.740959 4.629466 -7.826833 2.243540 -5.255033 -3.180155 14.282875 -0.826593 6.952497 -0.000001 -12.690590 0.000000 15.886292 -17.700514 2.875151 1.665665 -1.955920 -2.878297 4.727795 -4.170583 4.993917 11.020511 0.000004 -0.000000 12.109034 -3.735708 -2.866778 -0.000001 -0.000000 0.000001 1.291984 -1.928548 -1.498090 14.800111 0.567468 3.865606 14.242553 -1.341733 -6.660648 19.631941 0.143926 -0.648242 49.314560 -0.624898 -5.862819 0.353028 -1.511149 -0.031940 20.222767 3.684306 2.316629 18.787245 0.000005 -0.000001 10.751610 -0.479866 1.397904 0.000001 -0.000000 0.000002 3.273805 0.305946 -0.580108 21.486788 11.830361 2.266131 8.162917 0.000000 0.000000 18.399054 -3.798979 -4.940568 0.000003 -0.000003 -0.000001 18.874336 -0.751014 -9.987721 -0.121038 -0.361815 24.055557 -14.250325 11.577246 -4.306345 1.639618 -2.013564 -1.869987 -0.000000 0.000000 0.000002 2.918912 4.257220 18.055771 -0.078764 0.038438 5.731419 8.079030 -6.427017 -12.183050 -1.468536 1.223107 -1.378404 -0.000000 -0.000000 -0.000001 
0.250809 96.707977 -0.673681 -6.367278 -0.481259 -10.001182 3.446049 -0.025319 -1.300311 0.176203 -0.511149 -5.126858 4.269477 -2.531614 11.882938 -2.031197 3.893999 12.968906 0.574128 3.958754 -3.770981 -4.487948 5.664790 -7.637321 0.000077 -0.000023 0.000006 0.010229 -0.098936 0.133403 0.687152 -3.831338 -10.604065 -0.674663 3.622986 -10.608798 -16.619717 -16.702879 9.481167 -25.947239 -26.415573 -23.153347 -179.158295 -72.826172 179.262878 10.140402 5.622350 15.527070 -5.882101 9.861278 0.702589 -10.936860 -0.360573 7.156197 -0.000000 8.774813 -0.000000 -16.201199 17.398352 6.052884 -1.844028 2.498502 -2.507276 -10.163589 4.678940 4.621106 -20.975994 -0.000003 0.000003 -21.226250 2.451693 -3.593991 0.000000 -0.000006 -0.000001 -1.362681 2.240795 -0.746323 -21.334890 0.584909 3.008320 -13.821195 -0.000001 0.000003 -23.887129 -0.249081 -0.839480 -61.025723 2.543378 -1.485384 -0.294025 1.679686 0.833256 -14.218194 0.093215 1.300579 -34.212006 -0.287566 0.967171 -20.033180 0.964535 1.212842 0.000000 0.000000 0.000000 -3.440387 0.788232 0.501655 -15.928167 -3.167305 2.999704 -6.338818 0.000000 0.000002 -18.123413 3.648175 -4.905661 -0.000004 0.000002 -0.000002 17.057892 18.296576 12.669057 51.067745 46.206741 13.211100 179.551895 56.241688 179.854233 -15.749015 4.619140 -7.817772 2.243539 -5.255032 -3.180156 14.282877 -0.826592 6.952497 -0.000003 -12.690592 0.000000 15.913677 -17.683517 2.852606 1.665664 -1.955919 -2.878295 4.727793 -4.170584 4.993918 11.020509 0.000005 0.000000 12.109029 -3.735710 -2.866779 -0.000001 0.000001 0.000001 1.291983 -1.928547 -1.498088 14.800109 0.567469 3.865606 14.242550 -1.341732 -6.660647 19.631939 0.143927 -0.648240 49.385620 -0.609510 -5.865777 0.353029 -1.511150 -0.031942 20.222769 3.684308 2.316632 18.787245 0.000007 0.000001 10.751609 -0.479866 1.397905 -0.000001 0.000000 0.000002 3.273804 0.305947 -0.580110 21.486794 11.830365 2.266133 8.162917 0.000002 0.000002 18.399054 -3.798977 -4.940563 0.000003 -0.000002 -0.000000 18.914827 -0.754448 -10.088162 -0.121881 -0.374056 24.091734 -14.265016 11.589520 -4.285743 1.640072 -2.013605 -1.893736 -0.000000 0.000000 0.000002 2.977110 4.265951 17.911325 -0.082888 0.028723 5.900960 8.038860 -6.447465 -12.295630 -1.471887 1.231412 -1.413521 -0.000000 0.000000 -0.000001 
0.223537 96.701172 -0.694473 -6.396064 -0.456057 -9.963879 3.438708 -0.036691 -1.304269 0.174249 -0.484191 -5.110409 4.253983 -2.583697 11.874723 -2.013175 3.884172 12.944432 0.568925 3.936335 -3.773063 -4.464730 5.702933 -7.641946 0.000077 -0.000023 0.000006 0.010026 -0.105771 0.133559 0.689811 -3.838227 -10.600751 -0.677630 3.622663 -10.604874 -16.646544 -16.726484 9.463558 -25.966105 -26.293510 -23.179585 -179.118225 -72.762566 179.250626 10.114638 5.605271 15.527615 -5.882101 9.861278 0.702589 -10.936861 -0.360573 7.156195 0.000000 8.774812 -0.000001 -16.212494 17.423098 6.026293 -1.844031 2.498499 -2.507277 -10.163589 4.678937 4.621102 -20.975994 -0.000005 0.000003 -21.226254 2.451694 -3.593993 0.000001 -0.000004 -0.000001 -1.362681 2.240798 -0.746322 -21.334894 0.584908 3.008319 -13.821197 -0.000003 0.000003 -23.887133 -0.249079 -0.839481 -61.002880 2.552900 -1.512706 -0.294025 1.679685 0.833255 -14.218190 0.093213 1.300577 -34.212006 -0.287565 0.967169 -20.033180 0.964534 1.212842 0.000000 0.000001 0.000000 -3.440385 0.788234 0.501655 -15.928167 -3.167309 2.999702 -6.338817 0.000001 0.000002 -18.123413 3.648176 -4.905661 -0.000004 0.000001 -0.000002 17.097031 18.269594 12.686072 51.075233 46.173012 13.280440 179.582642 56.234646 179.821579 -15.723679 4.675834 -7.752308 2.243538 -5.255033 -3.180153 14.282877 -0.826592 6.952495 -0.000001 -12.690592 -0.000002 15.956311 -17.691044 2.830794 1.665665 -1.955921 -2.878295 4.727795 -4.170584 4.993917 11.020513 0.000003 0.000001 12.109033 -3.735710 -2.866778 -0.000001 0.000001 -0.000000 1.291984 -1.928547 -1.498088 14.800114 0.567468 3.865603 14.242554 -1.341736 -6.660648 19.631939 0.143924 -0.648242 49.411549 -0.625603 -5.863919 0.353029 -1.511150 -0.031937 20.222769 3.684305 2.316628 18.787245 0.000004 -0.000001 10.751610 -0.479867 1.397905 -0.000001 -0.000001 0.000002 3.273804 0.305947 -0.580110 21.486792 11.830361 2.266133 8.162917 -0.000000 0.000001 18.399052 -3.798980 -4.940565 0.000002 -0.000002 -0.000001 18.962313 -0.740890 -10.167927 -0.119479 -0.374517 24.117374 -14.288800 11.557170 -4.269944 1.641775 -2.006946 -1.891517 -0.000000 0.000000 0.000002 3.025050 4.241457 17.842848 -0.091954 0.043579 5.922484 8.001152 -6.436689 -12.339110 -1.473311 1.232210 -1.440757 -0.000000 -0.000000 -0.000001 
0.222236 96.693802 -0.701367 -6.412650 -0.448606 -9.943180 3.434372 -0.017689 -1.292119 0.164701 -0.505373 -5.106357 4.245734 -2.600572 11.865603 -1.988645 3.873684 12.912515 0.564736 3.923359 -3.766118 -4.458884 5.692102 -7.627885 0.000077 -0.000023 0.000006 0.011930 -0.115643 0.130938 0.693855 -3.843837 -10.607762 -0.679469 3.610746 -10.612435 -16.667620 -16.756453 9.465099 -25.949932 -26.212772 -23.193518 -179.234863 -72.752403 179.338501 10.104641 5.601070 15.542111 -5.882101 9.861274 0.702593 -10.936858 -0.360575 7.156199 0.000000 8.774814 0.000000 -16.189264 17.413610 6.020933 -1.844031 2.498502 -2.507276 -10.163591 4.678940 4.621106 -20.975996 -0.000004 0.000006 -21.226254 2.451694 -3.593993 0.000001 -0.000005 -0.000000 -1.362680 2.240795 -0.746324 -21.334892 0.584907 3.008323 -13.821197 0.000001 0.000004 -23.887131 -0.249079 -0.839479 -60.961491 2.554774 -1.518881 -0.294025 1.679687 0.833255 -14.218194 0.093213 1.300583 -34.212002 -0.287563 0.967175 -20.033180 0.964534 1.212844 0.000000 0.000000 0.000000 -3.440384 0.788233 0.501656 -15.928169 -3.167309 2.999705 -6.338818 0.000000 0.000003 -18.123411 3.648175 -4.905657 -0.000004 0.000002 -0.000002 17.112532 18.254766 12.681092 51.070194 46.132053 13.327589 179.623169 56.192619 179.818817 -15.720127 4.707027 -7.658370 2.243539 -5.255033 -3.180155 14.282875 -0.826592 6.952496 -0.000002 -12.690591 0.000001 15.990808 -17.693186 2.790259 1.665665 -1.955920 -2.878298 4.727793 -4.170584 4.993919 11.020511 0.000003 -0.000001 12.109031 -3.735710 -2.866781 0.000000 0.000000 0.000000 1.291983 -1.928548 -1.498087 14.800113 0.567468 3.865602 14.242553 -1.341735 -6.660651 19.631939 0.143926 -0.648245 49.430325 -0.605956 -5.900290 0.353029 -1.511150 -0.031939 20.222765 3.684304 2.316628 18.787245 0.000004 -0.000004 10.751611 -0.479868 1.397903 -0.000000 0.000000 0.000000 3.273804 0.305947 -0.580112 21.486790 11.830362 2.266129 8.162916 0.000003 0.000000 18.399054 -3.798980 -4.940568 0.000003 -0.000002 -0.000001 18.978693 -0.729227 -10.225163 -0.115904 -0.383235 24.170135 -14.294102 11.560656 -4.285860 1.643537 -2.006841 -1.900428 0.000000 0.000000 0.000002 3.046503 4.236490 17.766705 -0.095461 0.043582 6.022673 7.995421 -6.354369 -12.390403 -1.473863 1.233179 -1.429613 -0.000000 -0.000000 -0.000001 
0.181230 96.689102 -0.685940 -6.424282 -0.457679 -9.921574 3.429845 -0.021038 -1.281463 0.165602 -0.482252 -5.093298 4.227218 -2.627759 11.832002 -1.975479 3.870686 12.894115 0.562821 3.898996 -3.769882 -4.455078 5.701552 -7.640019 0.000077 -0.000023 0.000006 0.011488 -0.122503 0.129395 0.695490 -3.856176 -10.605237 -0.682590 3.608476 -10.607583 -16.705999 -16.794720 9.469419 -25.916298 -26.122784 -23.175896 -179.412933 -72.691338 179.494751 10.102005 5.572191 15.589788 -5.882099 9.861278 0.702589 -10.936858 -0.360575 7.156197 -0.000000 8.774813 -0.000000 -16.183701 17.465458 6.059678 -1.844030 2.498501 -2.507276 -10.163590 4.678939 4.621106 -20.975994 -0.000006 0.000002 -21.226250 2.451691 -3.593995 0.000001 -0.000006 -0.000001 -1.362680 2.240796 -0.746324 -21.334890 0.584905 3.008322 -13.821197 -0.000004 0.000004 -23.887133 -0.249076 -0.839481 -60.965698 2.599253 -1.528496 -0.294025 1.679685 0.833255 -14.218194 0.093214 1.300579 -34.211998 -0.287567 0.967174 -20.033178 0.964535 1.212843 -0.000000 0.000001 -0.000000 -3.440386 0.788232 0.501657 -15.928169 -3.167306 2.999705 -6.338817 -0.000001 0.000002 -18.123413 3.648175 -4.905661 -0.000004 0.000001 -0.000002 17.111412 18.249121 12.662121 51.090733 46.105652 13.431281 179.744476 56.174492 179.907822 -15.703818 4.750762 -7.555797 2.243539 -5.255032 -3.180156 14.282877 -0.826593 6.952499 -0.000002 -12.690592 0.000000 15.991224 -17.724648 2.813631 1.665664 -1.955920 -2.878297 4.727793 -4.170584 4.993920 11.020513 0.000003 0.000002 12.109032 -3.735711 -2.866780 0.000000 0.000001 0.000000 1.291986 -1.928548 -1.498085 14.800109 0.567467 3.865605 14.242551 -1.341736 -6.660647 19.631937 0.143926 -0.648241 49.419357 -0.627741 -5.912762 0.353029 -1.511149 -0.031940 20.222769 3.684306 2.316628 18.787245 0.000006 0.000000 10.751609 -0.479868 1.397904 -0.000001 -0.000001 0.000002 3.273804 0.305947 -0.580111 21.486790 11.830367 2.266133 8.162917 0.000001 0.000003 18.399052 -3.798980 -4.940566 0.000003 -0.000003 -0.000000 19.023340 -0.722223 -10.233447 -0.115307 -0.378489 24.167013 -14.345736 11.566225 -4.295782 1.646544 -2.000223 -1.892248 -0.000000 0.000000 0.000002 3.074208 4.220516 17.692213 -0.093931 0.044252 6.145640 7.980040 -6.273238 -12.441096 -1.473708 1.230410 -1.423559 -0.000000 -0.000000 -0.000001 
0.190487 96.700836 -0.694210 -6.431368 -0.478445 -9.902836 3.428833 -0.014318 -1.277602 0.163625 -0.481517 -5.086419 4.219837 -2.622164 11.812330 -1.984806 3.866627 12.871113 0.567752 3.876800 -3.756646 -4.463903 5.666510 -7.651387 0.000077 -0.000022 0.000006 0.009970 -0.129344 0.126134 0.699707 -3.860573 -10.604728 -0.686256 3.596686 -10.609978 -16.728439 -16.837824 9.490332 -25.870701 -26.075722 -23.251122 -179.372940 -72.658813 179.449173 10.091057 5.599291 15.570847 -5.882102 9.861277 0.702587 -10.936860 -0.360575 7.156198 0.000000 8.774812 0.000000 -16.124596 17.464705 6.058167 -1.844032 2.498503 -2.507276 -10.163590 4.678939 4.621103 -20.975998 -0.000004 0.000002 -21.226255 2.451693 -3.593993 0.000000 -0.000005 0.000000 -1.362681 2.240797 -0.746324 -21.334887 0.584908 3.008320 -13.821198 -0.000002 0.000003 -23.887133 -0.249080 -0.839480 -60.941624 2.607733 -1.545782 -0.294024 1.679685 0.833255 -14.218195 0.093215 1.300579 -34.212013 -0.287565 0.967169 -20.033180 0.964535 1.212842 -0.000001 0.000000 0.000000 -3.440384 0.788232 0.501654 -15.928173 -3.167304 2.999703 -6.338817 -0.000001 0.000002 -18.123413 3.648171 -4.905661 -0.000004 0.000001 -0.000002 17.111214 18.243475 12.648597 51.081768 46.083824 13.513961 179.742477 56.083103 179.898315 -15.746010 4.742890 -7.479305 2.243538 -5.255032 -3.180154 14.282877 -0.826591 6.952498 -0.000002 -12.690590 0.000000 16.008425 -17.726265 2.811726 1.665665 -1.955920 -2.878296 4.727794 -4.170582 4.993917 11.020511 0.000003 0.000001 12.109031 -3.735710 -2.866778 -0.000001 0.000001 0.000001 1.291984 -1.928548 -1.498088 14.800114 0.567469 3.865605 14.242553 -1.341735 -6.660648 19.631939 0.143928 -0.648242 49.412048 -0.628152 -5.909187 0.353029 -1.511149 -0.031941 20.222769 3.684308 2.316630 18.787247 0.000005 0.000001 10.751610 -0.479868 1.397904 -0.000000 -0.000001 0.000001 3.273804 0.305947 -0.580109 21.486790 11.830361 2.266132 8.162919 0.000001 0.000000 18.399054 -3.798979 -4.940565 0.000003 -0.000002 0.000001 19.025272 -0.717412 -10.225820 -0.112602 -0.379072 24.120186 -14.350831 11.606484 -4.275677 1.648279 -2.013563 -1.883839 0.000000 -0.000000 0.000002 3.079925 4.240768 17.601803 -0.092140 0.032652 6.281918 7.986773 -6.200330 -12.419098 -1.474439 1.223177 -1.407101 -0.000000 -0.000000 -0.000001 
0.186930 96.701859 -0.686827 -6.427424 -0.486244 -9.882440 3.428063 -0.016914 -1.282373 0.160535 -0.482117 -5.086440 4.208011 -2.610597 11.802195 -2.009742 3.862980 12.863991 0.568673 3.859790 -3.757322 -4.478105 5.655181 -7.673540 0.000077 -0.000023 0.000006 0.011462 -0.129419 0.123425 0.701554 -3.866138 -10.614130 -0.688004 3.600937 -10.620015 -16.741594 -16.862774 9.496299 -25.807320 -26.040005 -23.285696 -179.405075 -72.670639 179.484116 10.082614 5.565530 15.517506 -5.882102 9.861278 0.702590 -10.936860 -0.360575 7.156200 -0.000001 8.774814 -0.000000 -16.089893 17.458490 6.082710 -1.844031 2.498505 -2.507276 -10.163589 4.678941 4.621104 -20.975994 -0.000003 0.000004 -21.226248 2.451694 -3.593992 0.000000 -0.000006 -0.000000 -1.362680 2.240796 -0.746323 -21.334890 0.584907 3.008322 -13.821197 -0.000000 0.000005 -23.887129 -0.249077 -0.839479 -60.924320 2.615687 -1.545207 -0.294025 1.679686 0.833255 -14.218194 0.093215 1.300581 -34.212006 -0.287559 0.967173 -20.033176 0.964537 1.212842 0.000000 0.000000 0.000000 -3.440386 0.788232 0.501657 -15.928167 -3.167308 2.999704 -6.338817 0.000001 0.000002 -18.123413 3.648177 -4.905659 -0.000004 -0.000001 -0.000002 17.084940 18.240854 12.614863 51.122585 46.099461 13.602026 179.818710 56.028175 179.968079 -15.758614 4.710388 -7.538932 2.243539 -5.255033 -3.180155 14.282875 -0.826594 6.952495 -0.000002 -12.690588 0.000000 16.025251 -17.722525 2.821153 1.665664 -1.955920 -2.878296 4.727795 -4.170584 4.993918 11.020510 0.000002 0.000000 12.109029 -3.735711 -2.866780 0.000000 0.000000 0.000000 1.291985 -1.928548 -1.498087 14.800114 0.567467 3.865605 14.242554 -1.341734 -6.660650 19.631939 0.143923 -0.648244 49.390106 -0.625831 -5.916325 0.353028 -1.511149 -0.031939 20.222769 3.684304 2.316628 18.787245 0.000003 -0.000001 10.751610 -0.479870 1.397903 0.000000 0.000000 0.000001 3.273804 0.305946 -0.580109 21.486788 11.830360 2.266131 8.162917 -0.000000 0.000001 18.399052 -3.798979 -4.940567 0.000003 -0.000002 -0.000001 19.022921 -0.688707 -10.236812 -0.109045 -0.387667 24.117025 -14.372775 11.635122 -4.280566 1.648703 -2.023275 -1.882585 0.000000 -0.000000 0.000002 3.079567 4.251137 17.534857 -0.090885 0.031437 6.388169 7.994647 -6.127011 -12.445187 -1.473299 1.211238 -1.411945 -0.000000 -0.000000 -0.000001 
0.207069 96.707222 -0.702577 -6.415269 -0.504815 -9.877943 3.427255 -0.018936 -1.274815 0.164143 -0.467070 -5.083453 4.191127 -2.600776 11.789035 -2.035183 3.875611 12.862442 0.560886 3.839432 -3.762084 -4.486991 5.624884 -7.681334 0.000077 -0.000022 0.000006 0.011061 -0.132872 0.120204 0.699431 -3.869284 -10.628354 -0.686859 3.595646 -10.627181 -16.749378 -16.874414 9.489895 -25.754236 -26.036516 -23.333529 -179.299316 -72.664932 179.372986 10.100032 5.513428 15.497311 -5.882099 9.861279 0.702590 -10.936860 -0.360575 7.156196 0.000001 8.774815 -0.000000 -16.110828 17.471508 6.068650 -1.844031 2.498501 -2.507277 -10.163590 4.678940 4.621102 -20.975996 -0.000006 0.000003 -21.226255 2.451692 -3.593994 -0.000000 -0.000007 -0.000001 -1.362681 2.240797 -0.746321 -21.334887 0.584907 3.008322 -13.821197 -0.000004 0.000004 -23.887131 -0.249081 -0.839480 -60.928638 2.622218 -1.566621 -0.294024 1.679686 0.833255 -14.218192 0.093214 1.300578 -34.212002 -0.287564 0.967169 -20.033178 0.964534 1.212842 -0.000000 0.000002 0.000001 -3.440387 0.788234 0.501655 -15.928171 -3.167306 2.999702 -6.338817 -0.000001 0.000002 -18.123413 3.648174 -4.905661 -0.000004 0.000002 -0.000001 17.054632 18.259094 12.589536 51.121552 46.127491 13.661169 179.885010 55.977070 179.997925 -15.778238 4.711229 -7.612214 2.243540 -5.255034 -3.180156 14.282875 -0.826594 6.952496 -0.000002 -12.690591 0.000002 16.021341 -17.722795 2.803952 1.665663 -1.955920 -2.878298 4.727792 -4.170582 4.993918 11.020509 0.000004 0.000000 12.109034 -3.735711 -2.866780 -0.000001 0.000001 -0.000000 1.291984 -1.928548 -1.498087 14.800111 0.567468 3.865604 14.242551 -1.341734 -6.660647 19.631937 0.143928 -0.648245 49.389355 -0.609928 -5.921817 0.353028 -1.511149 -0.031938 20.222767 3.684306 2.316626 18.787245 0.000005 -0.000003 10.751610 -0.479869 1.397903 -0.000000 0.000000 0.000001 3.273803 0.305947 -0.580109 21.486790 11.830362 2.266131 8.162916 0.000002 0.000000 18.399052 -3.798980 -4.940567 0.000003 -0.000003 -0.000001 18.999739 -0.656199 -10.232952 -0.110468 -0.390248 24.097334 -14.362474 11.637740 -4.263184 1.648205 -2.026437 -1.866244 -0.000000 0.000000 0.000002 3.053936 4.257939 17.474072 -0.090962 0.041454 6.485204 8.022431 -6.064813 -12.452248 -1.473427 1.207017 -1.409446 -0.000000 -0.000000 -0.000001 
0.226664 96.704895 -0.677139 -6.401335 -0.524184 -9.862890 3.427423 -0.023687 -1.271485 0.165381 -0.438594 -5.087473 4.173255 -2.613014 11.775291 -2.068577 3.891123 12.849757 0.563496 3.812930 -3.761505 -4.502563 5.609690 -7.667676 0.000077 -0.000023 0.000006 0.009032 -0.135503 0.122577 0.699083 -3.872195 -10.634547 -0.687424 3.596857 -10.634368 -16.782049 -16.898481 9.476152 -25.659794 -26.013102 -23.362532 -179.275650 -72.668442 179.363647 10.092310 5.461686 15.484153 -5.882100 9.861278 0.702590 -10.936858 -0.360575 7.156198 0.000001 8.774815 -0.000002 -16.130692 17.468653 6.074995 -1.844029 2.498502 -2.507277 -10.163589 4.678941 4.621103 -20.975994 -0.000004 0.000005 -21.226254 2.451695 -3.593994 0.000000 -0.000007 -0.000000 -1.362679 2.240796 -0.746322 -21.334892 0.584910 3.008322 -13.821197 0.000001 0.000005 -23.887129 -0.249076 -0.839481 -60.890205 2.625469 -1.560256 -0.294024 1.679685 0.833255 -14.218190 0.093215 1.300580 -34.212002 -0.287563 0.967172 -20.033180 0.964538 1.212842 0.000000 0.000000 0.000000 -3.440386 0.788234 0.501658 -15.928167 -3.167306 2.999705 -6.338817 0.000002 0.000002 -18.123415 3.648179 -4.905661 -0.000004 0.000002 -0.000002 17.045105 18.267351 12.547276 51.125790 46.172283 13.744045 179.949371 55.949299 -179.912048 -15.819028 4.715010 -7.695006 2.243540 -5.255033 -3.180154 14.282878 -0.826594 6.952495 0.000000 -12.690592 -0.000000 16.018314 -17.715330 2.801882 1.665665 -1.955920 -2.878298 4.727794 -4.170585 4.993918 11.020514 0.000002 0.000000 12.109030 -3.735711 -2.866777 -0.000001 0.000001 -0.000000 1.291984 -1.928547 -1.498090 14.800114 0.567467 3.865603 14.242553 -1.341736 -6.660648 19.631939 0.143924 -0.648244 49.356094 -0.596087 -5.930414 0.353028 -1.511149 -0.031940 20.222773 3.684305 2.316628 18.787249 0.000004 -0.000003 10.751611 -0.479867 1.397902 0.000000 0.000000 0.000001 3.273806 0.305946 -0.580111 21.486788 11.830364 2.266130 8.162917 0.000000 0.000000 18.399057 -3.798980 -4.940567 0.000003 -0.000002 -0.000000 18.976982 -0.637690 -10.242943 -0.107745 -0.380666 24.140415 -14.374783 11.629898 -4.306158 1.649588 -2.022910 -1.863867 0.000000 0.000000 0.000002 3.018394 4.254794 17.480448 -0.090475 0.059329 6.465781 8.041131 -6.021135 -12.457395 -1.473289 1.205312 -1.425601 -0.000000 -0.000000 -0.000001 
0.269579 96.695587 -0.672626 -6.388893 -0.546768 -9.847656 3.424799 -0.015788 -1.281259 0.162698 -0.437403 -5.084068 4.170515 -2.609665 11.774261 -2.111451 3.911336 12.835036 0.571654 3.800029 -3.754028 -4.534675 5.585718 -7.671891 0.000077 -0.000022 0.000006 0.008321 -0.139402 0.124814 0.697987 -3.876729 -10.639838 -0.688619 3.589798 -10.638900 -16.823387 -16.911175 9.482304 -25.554583 -26.006330 -23.416737 -179.388367 -72.643761 179.463669 10.047005 5.471499 15.389675 -5.882102 9.861278 0.702587 -10.936858 -0.360575 7.156194 -0.000001 8.774812 -0.000001 -16.092989 17.447632 6.080217 -1.844032 2.498501 -2.507276 -10.163589 4.678941 4.621103 -20.975994 -0.000005 -0.000000 -21.226255 2.451694 -3.593996 -0.000000 -0.000007 0.000002 -1.362679 2.240796 -0.746325 -21.334887 0.584910 3.008318 -13.821194 -0.000002 0.000001 -23.887131 -0.249082 -0.839484 -60.859558 2.593265 -1.544287 -0.294026 1.679686 0.833256 -14.218190 0.093213 1.300578 -34.212006 -0.287565 0.967166 -20.033178 0.964535 1.212839 -0.000001 0.000000 0.000000 -3.440383 0.788232 0.501655 -15.928165 -3.167304 2.999702 -6.338818 0.000000 0.000001 -18.123411 3.648177 -4.905663 -0.000003 -0.000000 -0.000002 17.044168 18.299971 12.527390 51.094818 46.224327 13.749514 179.933655 55.954933 -179.937424 -15.891968 4.741687 -7.750472 2.243539 -5.255033 -3.180155 14.282873 -0.826590 6.952497 -0.000004 -12.690591 -0.000000 15.998764 -17.707136 2.782452 1.665664 -1.955919 -2.878296 4.727793 -4.170583 4.993918 11.020511 0.000004 0.000000 12.109030 -3.735709 -2.866779 -0.000001 0.000001 0.000002 1.291983 -1.928547 -1.498090 14.800114 0.567471 3.865605 14.242548 -1.341732 -6.660648 19.631933 0.143927 -0.648239 49.392143 -0.611970 -5.941848 0.353029 -1.511149 -0.031941 20.222767 3.684309 2.316629 18.787245 0.000007 0.000002 10.751610 -0.479867 1.397905 -0.000000 0.000000 0.000001 3.273805 0.305947 -0.580111 21.486790 11.830367 2.266133 8.162916 0.000002 0.000003 18.399048 -3.798975 -4.940564 0.000003 -0.000002 -0.000000 18.941574 -0.602003 -10.294211 -0.111324 -0.385406 24.240252 -14.351706 11.602486 -4.360102 1.649708 -2.019262 -1.876956 -0.000000 0.000000 0.000002 2.983567 4.288762 17.441862 -0.087663 0.056324 6.518694 8.080299 -5.994743 -12.510139 -1.473409 1.204478 -1.416970 -0.000000 -0.000000 -0.000001 
0.319623 96.698692 -0.685042 -6.380893 -0.558239 -9.840037 3.421210 -0.030395 -1.277041 0.165718 -0.422134 -5.087834 4.166982 -2.611573 11.781638 -2.156178 3.922098 12.825568 0.579432 3.784641 -3.746397 -4.562871 5.556558 -7.677604 0.000077 -0.000022 0.000006 0.007668 -0.135874 0.125123 0.697837 -3.870225 -10.639629 -0.690957 3.596828 -10.639853 -16.861700 -16.921824 9.509524 -25.467798 -26.027147 -23.446684 -179.455612 -72.683754 179.513885 10.037787 5.455838 15.289130 -5.882102 9.861278 0.702590 -10.936858 -0.360572 7.156198 -0.000000 8.774811 -0.000001 -16.093678 17.461164 6.077716 -1.844033 2.498500 -2.507276 -10.163589 4.678938 4.621106 -20.975996 -0.000005 0.000004 -21.226255 2.451690 -3.593993 -0.000000 -0.000007 0.000001 -1.362683 2.240796 -0.746324 -21.334890 0.584909 3.008322 -13.821197 -0.000002 0.000004 -23.887129 -0.249079 -0.839480 -60.830097 2.591183 -1.543901 -0.294025 1.679686 0.833256 -14.218194 0.093216 1.300580 -34.212002 -0.287564 0.967169 -20.033176 0.964536 1.212841 -0.000000 0.000002 0.000001 -3.440386 0.788233 0.501656 -15.928169 -3.167306 2.999705 -6.338817 0.000000 0.000003 -18.123413 3.648172 -4.905660 -0.000004 -0.000000 -0.000002 17.022146 18.314085 12.512653 51.071617 46.252258 13.752922 179.929977 55.948772 -179.990585 -15.930360 4.769324 -7.733478 2.243540 -5.255033 -3.180155 14.282878 -0.826595 6.952497 -0.000001 -12.690593 0.000000 15.985232 -17.701117 2.739470 1.665665 -1.955920 -2.878297 4.727793 -4.170582 4.993918 11.020514 0.000003 -0.000001 12.109032 -3.735712 -2.866779 -0.000001 0.000000 0.000002 1.291985 -1.928548 -1.498090 14.800114 0.567467 3.865603 14.242553 -1.341736 -6.660648 19.631939 0.143926 -0.648244 49.394745 -0.602395 -5.965350 0.353029 -1.511150 -0.031939 20.222771 3.684307 2.316629 18.787245 0.000004 -0.000000 10.751610 -0.479867 1.397905 -0.000000 0.000001 0.000001 3.273805 0.305946 -0.580111 21.486792 11.830364 2.266131 8.162917 0.000002 -0.000002 18.399050 -3.798980 -4.940568 0.000003 -0.000002 -0.000000 18.900417 -0.579103 -10.320949 -0.109604 -0.385797 24.274389 -14.311828 11.550915 -4.367482 1.650302 -2.002402 -1.874259 0.000000 0.000000 0.000002 2.955417 4.330305 17.405798 -0.083865 0.058991 6.565248 8.110396 -6.003656 -12.506229 -1.472846 1.205596 -1.415076 -0.000000 -0.000000 -0.000001 
0.325132 96.680389 -0.659947 -6.375371 -0.561824 -9.825832 3.419734 -0.033406 -1.270833 0.162420 -0.426585 -5.091089 4.170907 -2.600058 11.783142 -2.177099 3.933317 12.828589 0.574728 3.754281 -3.743414 -4.581218 5.531830 -7.708742 0.000077 -0.000022 0.000006 0.006071 -0.135090 0.127691 0.695466 -3.867666 -10.630628 -0.690668 3.596437 -10.625398 -16.899942 -16.935833 9.530318 -25.458328 -26.029413 -23.466663 -179.291183 -72.679207 179.388550 10.046815 5.462093 15.171139 -5.882101 9.861278 0.702590 -10.936857 -0.360575 7.156196 0.000001 8.774813 0.000000 -16.121958 17.440987 6.047653 -1.844031 2.498502 -2.507275 -10.163589 4.678939 4.621103 -20.975994 -0.000004 0.000004 -21.226250 2.451693 -3.593993 0.000001 -0.000006 -0.000001 -1.362678 2.240798 -0.746322 -21.334888 0.584907 3.008321 -13.821194 -0.000003 0.000005 -23.887129 -0.249079 -0.839480 -60.797718 2.567267 -1.548582 -0.294024 1.679686 0.833255 -14.218190 0.093215 1.300579 -34.212002 -0.287563 0.967170 -20.033176 0.964535 1.212841 0.000000 0.000000 0.000000 -3.440385 0.788233 0.501656 -15.928167 -3.167307 2.999704 -6.338815 0.000001 0.000002 -18.123411 3.648178 -4.905659 -0.000004 -0.000000 -0.000002 17.016117 18.334866 12.497443 51.104073 46.227283 13.824929 179.974533 55.935093 -179.920166 -15.963575 4.826016 -7.781933 2.243541 -5.255033 -3.180155 14.282875 -0.826594 6.952493 -0.000003 -12.690588 0.000000 15.975943 -17.735764 2.735026 1.665665 -1.955920 -2.878297 4.727794 -4.170582 4.993918 11.020513 0.000004 -0.000000 12.109031 -3.735710 -2.866780 -0.000001 -0.000000 0.000002 1.291984 -1.928547 -1.498089 14.800114 0.567468 3.865600 14.242556 -1.341736 -6.660645 19.631941 0.143926 -0.648245 49.417152 -0.604307 -5.995730 0.353028 -1.511149 -0.031941 20.222763 3.684304 2.316626 18.787247 0.000005 -0.000002 10.751610 -0.479869 1.397903 -0.000000 0.000001 0.000001 3.273804 0.305947 -0.580110 21.486790 11.830360 2.266128 8.162916 0.000002 -0.000002 18.399052 -3.798980 -4.940567 0.000003 -0.000002 -0.000000 18.896141 -0.557924 -10.375901 -0.108725 -0.381715 24.392035 -14.312793 11.504300 -4.435148 1.650854 -2.002282 -1.868525 -0.000000 0.000000 0.000002 2.942054 4.333032 17.393919 -0.085098 0.062714 6.589776 8.123149 -5.980592 -12.588189 -1.472681 1.212847 -1.429160 -0.000000 -0.000000 -0.000001 
0.362466 96.680260 -0.610339 -6.362184 -0.572193 -9.818302 3.417081 -0.036114 -1.277241 0.165767 -0.426241 -5.091143 4.171416 -2.583009 11.801003 -2.201131 3.938086 12.852426 0.564283 3.715250 -3.749176 -4.590787 5.503687 -7.740246 0.000077 -0.000022 0.000006 0.006054 -0.132319 0.125420 0.693538 -3.868476 -10.636454 -0.686648 3.595974 -10.631488 -16.913464 -16.949564 9.515505 -25.479099 -26.031345 -23.371746 -179.382004 -72.708344 179.465057 10.094731 5.435151 15.115947 -5.882101 9.861278 0.702590 -10.936863 -0.360573 7.156197 0.000000 8.774811 -0.000001 -16.162928 17.446949 6.057736 -1.844031 2.498500 -2.507275 -10.163589 4.678941 4.621102 -20.975996 -0.000005 0.000003 -21.226255 2.451690 -3.593992 0.000001 -0.000006 -0.000001 -1.362680 2.240795 -0.746324 -21.334892 0.584905 3.008320 -13.821197 -0.000002 0.000002 -23.887129 -0.249081 -0.839482 -60.840420 2.581135 -1.546303 -0.294024 1.679687 0.833255 -14.218194 0.093213 1.300578 -34.212006 -0.287564 0.967166 -20.033176 0.964532 1.212840 0.000000 0.000000 0.000000 -3.440386 0.788233 0.501655 -15.928169 -3.167306 2.999705 -6.338817 0.000002 0.000002 -18.123415 3.648175 -4.905661 -0.000004 0.000002 -0.000002 17.002562 18.342960 12.488181 51.117527 46.231224 13.908740 -179.892075 55.934666 -179.803238 -15.980988 4.847568 -7.814586 2.243540 -5.255032 -3.180156 14.282875 -0.826594 6.952497 -0.000001 -12.690586 -0.000002 15.970510 -17.725769 2.723353 1.665664 -1.955919 -2.878299 4.727793 -4.170584 4.993920 11.020512 0.000004 0.000000 12.109031 -3.735709 -2.866779 -0.000001 0.000001 -0.000000 1.291985 -1.928547 -1.498089 14.800113 0.567468 3.865605 14.242548 -1.341734 -6.660647 19.631935 0.143926 -0.648243 49.388256 -0.593619 -5.972170 0.353028 -1.511149 -0.031941 20.222763 3.684308 2.316627 18.787245 0.000006 -0.000001 10.751610 -0.479864 1.397903 0.000000 0.000000 0.000000 3.273805 0.305947 -0.580111 21.486790 11.830360 2.266130 8.162916 0.000001 0.000001 18.399054 -3.798978 -4.940568 0.000003 -0.000001 -0.000001 18.860935 -0.524966 -10.374306 -0.106779 -0.379180 24.453884 -14.298887 11.472518 -4.496962 1.650688 -2.009079 -1.841576 -0.000000 0.000000 0.000002 2.900007 4.334833 17.435526 -0.083899 0.070303 6.550541 8.152146 -5.945855 -12.561276 -1.469801 1.215651 -1.440981 0.000000 0.000000 -0.000001 
0.370435 96.669456 -0.609860 -6.346253 -0.573521 -9.811296 3.415694 -0.019976 -1.277534 0.163923 -0.419451 -5.098166 4.160746 -2.585470 11.821072 -2.195868 3.961434 12.884611 0.544528 3.663409 -3.753060 -4.589227 5.472992 -7.738473 0.000077 -0.000023 0.000006 0.007949 -0.135976 0.119046 0.694688 -3.876388 -10.642251 -0.685867 3.600669 -10.642673 -16.940681 -16.958721 9.500434 -25.502153 -26.043570 -23.258829 -179.449020 -72.753242 179.526352 10.156676 5.388483 15.097709 -5.882101 9.861277 0.702589 -10.936860 -0.360575 7.156198 -0.000000 8.774813 0.000001 -16.171055 17.445074 6.058524 -1.844029 2.498503 -2.507275 -10.163589 4.678939 4.621106 -20.975994 -0.000005 0.000005 -21.226250 2.451694 -3.593991 0.000001 -0.000004 -0.000001 -1.362681 2.240795 -0.746324 -21.334890 0.584906 3.008321 -13.821197 -0.000002 0.000005 -23.887129 -0.249079 -0.839478 -60.885056 2.576853 -1.536400 -0.294026 1.679687 0.833255 -14.218190 0.093212 1.300579 -34.212002 -0.287565 0.967173 -20.033178 0.964533 1.212845 -0.000000 0.000001 0.000001 -3.440386 0.788232 0.501657 -15.928169 -3.167309 2.999705 -6.338815 0.000000 0.000001 -18.123415 3.648176 -4.905659 -0.000004 0.000002 -0.000002 17.021025 18.369223 12.481665 51.141632 46.238407 13.946509 -179.833511 55.955967 -179.706894 -16.032099 4.837875 -7.953195 2.243539 -5.255032 -3.180154 14.282878 -0.826595 6.952496 -0.000002 -12.690588 0.000001 15.983189 -17.716633 2.736833 1.665665 -1.955920 -2.878298 4.727795 -4.170583 4.993920 11.020513 0.000004 0.000000 12.109034 -3.735710 -2.866780 -0.000001 0.000001 -0.000000 1.291984 -1.928548 -1.498087 14.800113 0.567468 3.865601 14.242558 -1.341734 -6.660648 19.631939 0.143925 -0.648244 49.362526 -0.588687 -5.976344 0.353027 -1.511150 -0.031937 20.222769 3.684305 2.316626 18.787247 0.000006 -0.000003 10.751614 -0.479868 1.397904 0.000000 0.000001 0.000001 3.273804 0.305948 -0.580111 21.486794 11.830362 2.266130 8.162916 0.000001 0.000000 18.399048 -3.798977 -4.940566 0.000003 -0.000002 -0.000000 18.843636 -0.483986 -10.409565 -0.107723 -0.376007 24.512951 -14.272608 11.445956 -4.513683 1.649060 -2.008924 -1.815831 -0.000000 0.000000 0.000002 2.871402 4.328751 17.391958 -0.081900 0.074679 6.631227 8.171686 -5.913961 -12.634771 -1.469774 1.220371 -1.469076 0.000000 0.000000 -0.000001 
0.389122 96.662315 -0.586582 -6.335503 -0.555232 -9.808851 3.414428 -0.022598 -1.274499 0.167403 -0.392899 -5.092092 4.148558 -2.597881 11.822907 -2.192922 3.968407 12.913978 0.507102 3.608181 -3.750122 -4.564526 5.459296 -7.744130 0.000077 -0.000022 0.000006 0.009128 -0.149078 0.118074 0.694008 -3.887714 -10.638681 -0.683232 3.582129 -10.638850 -16.967722 -16.955929 9.490397 -25.538204 -26.098993 -23.179636 -179.468231 -72.769043 179.573868 10.145423 5.401152 15.016648 -5.882101 9.861279 0.702589 -10.936859 -0.360575 7.156196 0.000001 8.774816 -0.000000 -16.131477 17.443964 6.104294 -1.844031 2.498502 -2.507275 -10.163590 4.678939 4.621104 -20.975996 -0.000004 0.000002 -21.226255 2.451691 -3.593994 -0.000000 -0.000006 0.000000 -1.362680 2.240797 -0.746323 -21.334894 0.584907 3.008320 -13.821197 -0.000002 0.000003 -23.887131 -0.249079 -0.839480 -60.913750 2.596719 -1.532723 -0.294026 1.679686 0.833255 -14.218194 0.093215 1.300578 -34.212002 -0.287565 0.967169 -20.033182 0.964534 1.212841 -0.000000 0.000001 -0.000000 -3.440385 0.788230 0.501656 -15.928169 -3.167306 2.999703 -6.338816 0.000001 0.000001 -18.123411 3.648177 -4.905662 -0.000004 0.000001 -0.000001 17.035881 18.391422 12.464563 51.192886 46.204235 13.939320 -179.845184 55.954826 -179.696518 -16.080145 4.845133 -8.036048 2.243538 -5.255033 -3.180156 14.282875 -0.826590 6.952497 -0.000002 -12.690590 0.000001 15.974111 -17.713926 2.746235 1.665665 -1.955921 -2.878298 4.727792 -4.170582 4.993919 11.020511 0.000005 -0.000000 12.109028 -3.735708 -2.866778 -0.000001 -0.000000 0.000002 1.291984 -1.928547 -1.498089 14.800111 0.567468 3.865605 14.242551 -1.341733 -6.660652 19.631935 0.143928 -0.648239 49.390938 -0.609592 -5.949228 0.353029 -1.511150 -0.031939 20.222771 3.684309 2.316631 18.787247 0.000007 -0.000001 10.751610 -0.479868 1.397905 -0.000000 0.000001 0.000001 3.273803 0.305948 -0.580111 21.486795 11.830364 2.266133 8.162916 0.000003 0.000001 18.399054 -3.798978 -4.940563 0.000003 -0.000003 -0.000000 18.819324 -0.458378 -10.436156 -0.112328 -0.385719 24.578724 -14.243696 11.417871 -4.550342 1.647628 -2.001874 -1.801429 0.000000 -0.000000 0.000002 2.840121 4.311542 17.419237 -0.079234 0.075064 6.603383 8.208328 -5.878525 -12.653013 -1.469347 1.220646 -1.460603 0.000000 0.000000 -0.000001 
0.421200 96.650787 -0.578937 -6.326835 -0.512432 -9.811260 3.414175 -0.008230 -1.282967 0.165961 -0.389723 -5.085494 4.136192 -2.607635 11.822332 -2.185272 3.972310 12.975383 0.490653 3.566616 -3.744085 -4.542705 5.452200 -7.761108 0.000077 -0.000022 0.000006 0.007973 -0.159409 0.116863 0.692938 -3.897207 -10.639481 -0.684438 3.576234 -10.638918 -16.992174 -16.963945 9.494653 -25.558477 -26.135057 -23.137419 -179.415924 -72.841454 179.508133 10.136579 5.382005 14.969044 -5.882100 9.861278 0.702590 -10.936858 -0.360576 7.156199 0.000001 8.774814 0.000001 -16.107306 17.451214 6.084285 -1.844029 2.498502 -2.507276 -10.163589 4.678940 4.621105 -20.975992 -0.000004 0.000005 -21.226254 2.451692 -3.593991 0.000001 -0.000006 -0.000000 -1.362679 2.240797 -0.746322 -21.334890 0.584908 3.008324 -13.821197 -0.000003 0.000006 -23.887129 -0.249078 -0.839478 -60.917736 2.587210 -1.528464 -0.294026 1.679686 0.833255 -14.218194 0.093215 1.300581 -34.212002 -0.287566 0.967173 -20.033176 0.964533 1.212844 -0.000000 0.000001 -0.000000 -3.440386 0.788233 0.501656 -15.928169 -3.167306 2.999705 -6.338818 -0.000001 0.000002 -18.123411 3.648177 -4.905657 -0.000004 0.000002 -0.000002 17.038773 18.420050 12.452751 51.269325 46.172176 13.902089 -179.837723 55.970013 -179.688278 -16.110481 4.825689 -8.046288 2.243538 -5.255031 -3.180155 14.282877 -0.826594 6.952496 0.000001 -12.690592 -0.000000 15.982951 -17.709646 2.744097 1.665665 -1.955920 -2.878297 4.727793 -4.170582 4.993921 11.020511 0.000003 -0.000001 12.109031 -3.735711 -2.866779 0.000000 0.000001 0.000002 1.291984 -1.928548 -1.498087 14.800114 0.567469 3.865603 14.242553 -1.341735 -6.660648 19.631941 0.143924 -0.648243 49.393925 -0.600786 -5.929392 0.353029 -1.511150 -0.031941 20.222771 3.684304 2.316628 18.787245 0.000005 -0.000002 10.751610 -0.479868 1.397904 -0.000000 0.000001 0.000002 3.273805 0.305946 -0.580110 21.486788 11.830360 2.266129 8.162917 -0.000001 -0.000000 18.399054 -3.798980 -4.940567 0.000004 -0.000002 -0.000001 18.783867 -0.435810 -10.495415 -0.107743 -0.382252 24.677130 -14.217362 11.396053 -4.584941 1.647673 -2.001528 -1.799605 0.000000 -0.000000 0.000002 2.820975 4.307324 17.441383 -0.084810 0.079329 6.583926 8.229855 -5.878391 -12.693113 -1.469643 1.224922 -1.443946 0.000000 0.000000 -0.000001 
0.409799 96.653488 -0.560711 -6.319629 -0.472789 -9.820497 3.415620 -0.006252 -1.273846 0.163700 -0.384107 -5.089106 4.125404 -2.615737 11.834392 -2.189490 3.980564 13.046222 0.482216 3.551748 -3.742923 -4.508080 5.434139 -7.797005 0.000077 -0.000022 0.000006 0.008748 -0.162127 0.118270 0.690431 -3.896396 -10.640444 -0.681492 3.572060 -10.638043 -17.024410 -16.969559 9.499416 -25.575800 -26.170900 -23.150463 -179.290497 -72.864815 179.358414 10.142243 5.390614 14.893102 -5.882102 9.861280 0.702588 -10.936858 -0.360574 7.156196 -0.000001 8.774814 0.000000 -16.112610 17.432339 6.063290 -1.844031 2.498504 -2.507277 -10.163589 4.678942 4.621103 -20.975994 -0.000001 0.000001 -21.226254 2.451695 -3.593998 -0.000000 -0.000005 0.000000 -1.362678 2.240796 -0.746322 -21.334892 0.584910 3.008322 -13.821197 -0.000000 0.000004 -23.887131 -0.249076 -0.839484 -60.914890 2.600894 -1.533820 -0.294024 1.679688 0.833254 -14.218192 0.093214 1.300578 -34.212002 -0.287562 0.967168 -20.033180 0.964534 1.212841 -0.000000 -0.000000 -0.000001 -3.440384 0.788234 0.501656 -15.928167 -3.167304 2.999702 -6.338815 0.000001 0.000000 -18.123415 3.648181 -4.905663 -0.000004 0.000002 -0.000002 17.028458 18.447514 12.462157 51.305439 46.165142 13.784784 -179.906555 55.997734 -179.763626 -16.172443 4.878253 -7.972645 2.243539 -5.255033 -3.180154 14.282875 -0.826593 6.952497 -0.000001 -12.690593 0.000000 15.980074 -17.736406 2.750710 1.665665 -1.955919 -2.878295 4.727796 -4.170586 4.993919 11.020513 0.000004 -0.000000 12.109035 -3.735711 -2.866780 -0.000001 0.000001 0.000001 1.291984 -1.928549 -1.498087 14.800111 0.567469 3.865603 14.242551 -1.341735 -6.660648 19.631937 0.143928 -0.648242 49.454884 -0.619061 -5.941946 0.353028 -1.511149 -0.031940 20.222771 3.684308 2.316626 18.787245 0.000003 -0.000003 10.751610 -0.479865 1.397903 0.000000 0.000000 0.000000 3.273805 0.305947 -0.580111 21.486790 11.830365 2.266132 8.162916 0.000002 0.000000 18.399052 -3.798980 -4.940567 0.000004 -0.000002 -0.000001 18.777338 -0.456961 -10.477763 -0.109874 -0.381797 24.652023 -14.211960 11.387772 -4.575879 1.646629 -1.997916 -1.790503 -0.000000 0.000000 0.000002 2.827413 4.301266 17.443008 -0.087414 0.072947 6.638263 8.234035 -5.914576 -12.693538 -1.470446 1.225523 -1.423542 0.000000 0.000000 -0.000001 
0.431816 96.654556 -0.567347 -6.303322 -0.427439 -9.832376 3.409978 -0.001904 -1.278453 0.164652 -0.391857 -5.082271 4.109587 -2.604002 11.843474 -2.195159 3.984329 13.107735 0.472960 3.551780 -3.743699 -4.487389 5.411593 -7.794266 0.000077 -0.000022 0.000006 0.007301 -0.162753 0.118539 0.689789 -3.900542 -10.638150 -0.683658 3.569336 -10.639429 -17.047361 -16.981318 9.509939 -25.596306 -26.191885 -23.090000 -179.264786 -72.879143 179.313766 10.176327 5.354121 14.828427 -5.882102 9.861279 0.702590 -10.936858 -0.360574 7.156196 0.000000 8.774814 0.000001 -16.116623 17.454256 6.070074 -1.844030 2.498504 -2.507273 -10.163589 4.678938 4.621104 -20.975992 -0.000004 0.000003 -21.226254 2.451694 -3.593993 0.000000 -0.000005 0.000000 -1.362681 2.240798 -0.746323 -21.334887 0.584907 3.008318 -13.821197 -0.000001 0.000002 -23.887129 -0.249080 -0.839483 -60.894363 2.592775 -1.543423 -0.294023 1.679687 0.833256 -14.218194 0.093215 1.300577 -34.211998 -0.287564 0.967166 -20.033178 0.964534 1.212840 -0.000000 0.000000 0.000000 -3.440385 0.788231 0.501654 -15.928164 -3.167306 2.999701 -6.338816 -0.000001 0.000002 -18.123415 3.648175 -4.905662 -0.000004 0.000002 -0.000002 17.020351 18.463978 12.483835 51.352913 46.155571 13.679123 179.980362 56.006100 -179.858337 -16.222513 4.902450 -7.897428 2.243540 -5.255031 -3.180155 14.282875 -0.826592 6.952494 -0.000004 -12.690588 0.000001 15.986161 -17.744373 2.744987 1.665664 -1.955919 -2.878297 4.727792 -4.170583 4.993919 11.020513 0.000004 -0.000002 12.109030 -3.735709 -2.866779 0.000000 0.000001 0.000001 1.291985 -1.928547 -1.498089 14.800113 0.567468 3.865603 14.242553 -1.341733 -6.660648 19.631939 0.143927 -0.648242 49.423244 -0.612295 -5.926957 0.353030 -1.511150 -0.031939 20.222767 3.684308 2.316627 18.787241 0.000007 -0.000001 10.751610 -0.479868 1.397905 -0.000001 0.000002 -0.000001 3.273805 0.305947 -0.580110 21.486788 11.830362 2.266126 8.162916 -0.000000 0.000001 18.399052 -3.798977 -4.940567 0.000003 -0.000002 -0.000001 18.739180 -0.471197 -10.490678 -0.119082 -0.385767 24.656904 -14.195662 11.379725 -4.568300 1.645566 -2.001510 -1.783636 0.000000 -0.000000 0.000002 2.807600 4.307573 17.438572 -0.085573 0.065634 6.681121 8.243614 -5.958004 -12.704206 -1.470819 1.224292 -1.387463 0.000000 0.000000 -0.000001 
0.449708 96.648499 -0.535791 -6.290322 -0.393904 -9.841285 3.412089 -0.003890 -1.275909 0.166077 -0.408996 -5.085396 4.089686 -2.576114 11.855602 -2.215565 3.997942 13.172395 0.474012 3.539969 -3.758806 -4.453162 5.393506 -7.758192 0.000077 -0.000022 0.000006 0.009176 -0.162807 0.118326 0.690781 -3.895125 -10.642248 -0.681523 3.567042 -10.642368 -17.058474 -16.975346 9.531559 -25.610182 -26.207703 -23.021133 -179.290787 -72.866493 179.302551 10.246842 5.362361 14.851649 -5.882099 9.861278 0.702590 -10.936859 -0.360576 7.156199 -0.000000 8.774814 -0.000002 -16.109112 17.415371 6.061189 -1.844031 2.498501 -2.507274 -10.163589 4.678937 4.621105 -20.975996 -0.000004 0.000004 -21.226254 2.451695 -3.593992 0.000001 -0.000005 -0.000001 -1.362680 2.240797 -0.746323 -21.334887 0.584908 3.008322 -13.821197 -0.000001 0.000005 -23.887129 -0.249077 -0.839479 -60.896885 2.583075 -1.545288 -0.294024 1.679684 0.833254 -14.218194 0.093214 1.300579 -34.212002 -0.287564 0.967171 -20.033176 0.964535 1.212843 0.000000 0.000001 0.000000 -3.440385 0.788233 0.501655 -15.928169 -3.167307 2.999705 -6.338815 0.000001 0.000001 -18.123411 3.648175 -4.905661 -0.000003 0.000001 -0.000002 16.992359 18.482603 12.521132 51.343586 46.167553 13.591084 179.947205 56.004787 -179.878464 -16.271353 4.893304 -7.840806 2.243539 -5.255033 -3.180156 14.282877 -0.826593 6.952496 -0.000002 -12.690590 -0.000001 15.946463 -17.735189 2.766804 1.665665 -1.955920 -2.878297 4.727793 -4.170583 4.993918 11.020512 0.000004 0.000000 12.109031 -3.735708 -2.866781 -0.000001 0.000001 0.000001 1.291984 -1.928548 -1.498086 14.800111 0.567469 3.865600 14.242551 -1.341733 -6.660646 19.631939 0.143927 -0.648243 49.366158 -0.592054 -5.917767 0.353029 -1.511149 -0.031943 20.222771 3.684308 2.316627 18.787245 0.000006 -0.000002 10.751610 -0.479866 1.397904 -0.000000 0.000001 -0.000000 3.273805 0.305947 -0.580109 21.486790 11.830363 2.266129 8.162917 0.000001 -0.000001 18.399048 -3.798977 -4.940568 0.000004 -0.000001 0.000001 18.710455 -0.455513 -10.502406 -0.119283 -0.386016 24.715269 -14.184195 11.319277 -4.605230 1.645903 -1.994368 -1.769606 0.000000 0.000000 0.000002 2.802600 4.332038 17.504362 -0.090558 0.063926 6.615559 8.255919 -6.036553 -12.712388 -1.469589 1.222164 -1.343271 0.000000 0.000000 -0.000001 
0.467948 96.648033 -0.510406 -6.274761 -0.360899 -9.845443 3.419261 -0.011371 -1.285197 0.171679 -0.401406 -5.082452 4.065733 -2.557456 11.858182 -2.236536 4.020482 13.225675 0.469547 3.526386 -3.772214 -4.427223 5.375006 -7.732047 0.000077 -0.000023 0.000006 0.009308 -0.156718 0.115027 0.690072 -3.893482 -10.643943 -0.679852 3.574366 -10.645838 -17.096210 -16.957245 9.539716 -25.615366 -26.218702 -22.988268 -179.184647 -72.831711 179.160004 10.293311 5.391812 15.040345 -5.882101 9.861279 0.702589 -10.936858 -0.360575 7.156197 0.000001 8.774815 0.000001 -16.129446 17.395180 6.050445 -1.844030 2.498503 -2.507277 -10.163589 4.678938 4.621103 -20.975994 -0.000005 0.000004 -21.226250 2.451691 -3.593991 0.000001 -0.000004 -0.000000 -1.362682 2.240798 -0.746323 -21.334887 0.584908 3.008320 -13.821195 -0.000004 0.000004 -23.887129 -0.249081 -0.839480 -60.873074 2.568749 -1.545642 -0.294025 1.679686 0.833255 -14.218194 0.093215 1.300578 -34.212002 -0.287567 0.967170 -20.033176 0.964534 1.212843 -0.000000 0.000002 -0.000000 -3.440386 0.788231 0.501655 -15.928167 -3.167307 2.999703 -6.338816 0.000001 0.000001 -18.123413 3.648173 -4.905661 -0.000004 0.000002 -0.000002 16.985609 18.494595 12.579129 51.317032 46.157177 13.585758 179.960358 55.963257 -179.874466 -16.287796 4.892495 -7.647218 2.243540 -5.255033 -3.180155 14.282877 -0.826592 6.952496 -0.000001 -12.690586 -0.000002 15.900077 -17.714825 2.778391 1.665666 -1.955920 -2.878296 4.727793 -4.170583 4.993917 11.020513 0.000004 -0.000002 12.109031 -3.735709 -2.866779 0.000000 0.000001 0.000001 1.291985 -1.928547 -1.498087 14.800111 0.567469 3.865603 14.242553 -1.341733 -6.660647 19.631939 0.143927 -0.648245 49.260326 -0.579787 -5.931543 0.353029 -1.511149 -0.031941 20.222771 3.684305 2.316627 18.787245 0.000007 -0.000001 10.751610 -0.479867 1.397903 0.000001 0.000000 0.000000 3.273805 0.305947 -0.580111 21.486792 11.830362 2.266129 8.162919 0.000000 -0.000001 18.399054 -3.798978 -4.940567 0.000003 -0.000002 0.000001 18.674082 -0.457635 -10.506281 -0.113002 -0.383821 24.740791 -14.178390 11.283327 -4.626591 1.649108 -1.991109 -1.739372 -0.000000 0.000000 0.000002 2.788438 4.352359 17.572491 -0.090216 0.065737 6.523473 8.269559 -6.123949 -12.697195 -1.468165 1.223792 -1.306090 0.000000 0.000000 -0.000001 
0.475044 96.652481 -0.520422 -6.254501 -0.350956 -9.839039 3.421659 -0.002086 -1.295940 0.174292 -0.390114 -5.082758 4.043729 -2.537827 11.857403 -2.258614 4.051432 13.276861 0.462153 3.504029 -3.772409 -4.409216 5.366647 -7.713690 0.000077 -0.000023 0.000006 0.011164 -0.153307 0.114007 0.691907 -3.888421 -10.648510 -0.679985 3.582788 -10.650738 -17.118044 -16.956251 9.557956 -25.627491 -26.227482 -22.948088 -179.207138 -72.822853 179.194641 10.344850 5.399436 15.152886 -5.882101 9.861279 0.702592 -10.936857 -0.360575 7.156196 -0.000001 8.774817 0.000000 -16.119009 17.374092 6.044731 -1.844031 2.498502 -2.507276 -10.163589 4.678941 4.621102 -20.975992 -0.000002 0.000001 -21.226255 2.451693 -3.593996 0.000000 -0.000006 -0.000001 -1.362679 2.240795 -0.746322 -21.334887 0.584910 3.008320 -13.821197 0.000000 0.000002 -23.887129 -0.249079 -0.839484 -60.842545 2.579864 -1.537313 -0.294026 1.679686 0.833253 -14.218194 0.093216 1.300579 -34.212006 -0.287565 0.967165 -20.033180 0.964534 1.212840 -0.000000 0.000000 0.000000 -3.440383 0.788235 0.501655 -15.928167 -3.167306 2.999702 -6.338817 -0.000002 0.000001 -18.123415 3.648175 -4.905662 -0.000004 -0.000000 -0.000001 16.955837 18.504786 12.611795 51.289829 46.176964 13.550571 179.937653 55.957626 -179.879700 -16.306139 4.901742 -7.473332 2.243540 -5.255033 -3.180155 14.282875 -0.826593 6.952499 -0.000001 -12.690587 0.000000 15.875867 -17.690889 2.765223 1.665665 -1.955920 -2.878297 4.727792 -4.170581 4.993918 11.020513 0.000004 0.000000 12.109032 -3.735710 -2.866779 -0.000001 0.000000 0.000001 1.291985 -1.928547 -1.498088 14.800117 0.567468 3.865604 14.242554 -1.341732 -6.660649 19.631939 0.143927 -0.648243 49.192059 -0.563349 -5.926916 0.353029 -1.511149 -0.031941 20.222773 3.684306 2.316628 18.787247 0.000008 -0.000001 10.751612 -0.479868 1.397905 0.000000 0.000000 -0.000001 3.273804 0.305947 -0.580110 21.486794 11.830360 2.266131 8.162916 0.000002 0.000000 18.399052 -3.798978 -4.940566 0.000003 -0.000003 -0.000001 18.643452 -0.433766 -10.507137 -0.106561 -0.382729 24.709682 -14.153561 11.262089 -4.594330 1.649650 -1.991165 -1.710019 -0.000000 0.000000 0.000002 2.776603 4.385235 17.529554 -0.090984 0.069925 6.593808 8.288621 -6.162272 -12.717210 -1.465711 1.227255 -1.281880 -0.000000 -0.000000 -0.000001 
0.498385 96.652664 -0.492352 -6.235686 -0.344663 -9.832423 3.412650 0.007418 -1.299644 0.179937 -0.375427 -5.100213 4.021358 -2.529140 11.867203 -2.263409 4.069081 13.287988 0.449272 3.503213 -3.761345 -4.398077 5.338779 -7.719865 0.000077 -0.000022 0.000006 0.011893 -0.149915 0.111966 0.691208 -3.885304 -10.644909 -0.677290 3.585132 -10.648467 -17.139177 -16.969240 9.573593 -25.644899 -26.242065 -22.976273 -179.000458 -72.820602 179.048950 10.439174 5.392292 15.189513 -5.882099 9.861279 0.702591 -10.936860 -0.360576 7.156199 0.000000 8.774816 0.000001 -16.146101 17.387924 6.062766 -1.844031 2.498503 -2.507276 -10.163590 4.678939 4.621105 -20.976000 -0.000005 0.000004 -21.226250 2.451694 -3.593993 0.000001 -0.000006 -0.000000 -1.362682 2.240798 -0.746323 -21.334892 0.584909 3.008322 -13.821198 -0.000004 0.000005 -23.887131 -0.249079 -0.839477 -60.876148 2.601813 -1.532018 -0.294024 1.679686 0.833255 -14.218194 0.093216 1.300580 -34.212006 -0.287564 0.967174 -20.033186 0.964535 1.212844 -0.000000 0.000000 0.000000 -3.440385 0.788233 0.501655 -15.928169 -3.167309 2.999703 -6.338817 0.000000 0.000002 -18.123415 3.648178 -4.905662 -0.000004 0.000001 -0.000002 16.946451 18.516159 12.652542 51.225269 46.181824 13.540044 179.942642 55.964718 -179.869492 -16.355274 4.948462 -7.324318 2.243541 -5.255032 -3.180156 14.282877 -0.826595 6.952496 -0.000001 -12.690591 0.000001 15.861629 -17.664419 2.753254 1.665665 -1.955920 -2.878295 4.727794 -4.170583 4.993919 11.020514 0.000003 -0.000001 12.109035 -3.735712 -2.866778 -0.000001 0.000001 -0.000000 1.291986 -1.928548 -1.498087 14.800113 0.567466 3.865602 14.242553 -1.341734 -6.660650 19.631939 0.143927 -0.648245 49.163898 -0.569389 -5.895687 0.353028 -1.511149 -0.031941 20.222771 3.684304 2.316626 18.787247 0.000004 -0.000003 10.751611 -0.479868 1.397903 0.000000 0.000000 0.000001 3.273805 0.305946 -0.580112 21.486790 11.830359 2.266130 8.162918 0.000001 -0.000001 18.399057 -3.798980 -4.940570 0.000003 -0.000002 -0.000001 18.603832 -0.427319 -10.510204 -0.106649 -0.394126 24.738834 -14.127332 11.247996 -4.625772 1.649697 -1.997849 -1.701794 -0.000000 -0.000000 0.000002 2.747818 4.401575 17.601404 -0.090718 0.068185 6.470164 8.287924 -6.193917 -12.689602 -1.465522 1.233056 -1.265046 0.000000 0.000000 -0.000001 
0.511974 96.652878 -0.490592 -6.220635 -0.315165 -9.823550 3.399342 0.009670 -1.307283 0.185559 -0.362519 -5.104033 3.998019 -2.521106 11.864473 -2.278712 4.070718 13.271099 0.455004 3.507198 -3.741878 -4.396621 5.339609 -7.753970 0.000077 -0.000023 0.000006 0.012246 -0.145850 0.113317 0.693065 -3.882533 -10.638556 -0.677216 3.586690 -10.642493 -17.144968 -16.983585 9.567369 -25.695530 -26.263456 -22.968939 -178.959625 -72.790085 179.003769 10.489313 5.400362 15.250647 -5.882102 9.861278 0.702590 -10.936860 -0.360576 7.156198 0.000000 8.774812 -0.000000 -16.096457 17.346832 6.077841 -1.844030 2.498502 -2.507276 -10.163591 4.678941 4.621103 -20.976002 -0.000006 0.000003 -21.226255 2.451690 -3.593992 0.000001 -0.000005 0.000000 -1.362680 2.240795 -0.746324 -21.334894 0.584905 3.008320 -13.821198 -0.000004 0.000005 -23.887131 -0.249079 -0.839480 -60.857018 2.591242 -1.508494 -0.294023 1.679685 0.833257 -14.218195 0.093213 1.300577 -34.212006 -0.287567 0.967171 -20.033184 0.964534 1.212842 0.000000 0.000000 0.000000 -3.440386 0.788231 0.501656 -15.928169 -3.167306 2.999704 -6.338817 -0.000001 0.000002 -18.123415 3.648176 -4.905661 -0.000004 0.000002 -0.000002 16.936638 18.503004 12.651904 51.197102 46.197384 13.563523 179.939575 55.948715 -179.889954 -16.376484 4.973438 -7.120374 2.243539 -5.255033 -3.180154 14.282877 -0.826594 6.952494 -0.000001 -12.690590 -0.000001 15.880228 -17.675283 2.721356 1.665665 -1.955920 -2.878296 4.727793 -4.170584 4.993921 11.020513 0.000003 -0.000001 12.109035 -3.735709 -2.866780 -0.000001 0.000001 0.000001 1.291984 -1.928548 -1.498088 14.800113 0.567468 3.865601 14.242554 -1.341734 -6.660648 19.631939 0.143928 -0.648245 49.163807 -0.566155 -5.925632 0.353029 -1.511150 -0.031941 20.222771 3.684306 2.316625 18.787245 0.000006 -0.000002 10.751614 -0.479867 1.397903 0.000000 -0.000001 -0.000001 3.273803 0.305947 -0.580109 21.486788 11.830363 2.266128 8.162918 0.000002 0.000000 18.399054 -3.798980 -4.940568 0.000003 -0.000002 -0.000000 18.573132 -0.435304 -10.534552 -0.109179 -0.396787 24.748301 -14.104876 11.248738 -4.624595 1.648355 -2.004632 -1.707152 0.000000 -0.000000 0.000002 2.724603 4.399969 17.623102 -0.085341 0.070797 6.417555 8.289947 -6.234513 -12.688192 -1.465338 1.233955 -1.281005 -0.000000 -0.000000 -0.000001 
0.509524 96.673187 -0.474612 -6.201986 -0.266322 -9.801693 3.378120 -0.003954 -1.305566 0.187931 -0.355563 -5.097578 3.977664 -2.503421 11.838025 -2.277933 4.076034 13.250275 0.460225 3.491810 -3.735917 -4.416876 5.354453 -7.793365 0.000077 -0.000022 0.000006 0.012809 -0.152695 0.112873 0.694299 -3.879846 -10.634552 -0.680809 3.577284 -10.636295 -17.120443 -17.004257 9.545876 -25.784508 -26.249874 -22.969622 -178.864441 -72.735596 178.914124 10.526907 5.413136 15.204031 -5.882097 9.861279 0.702590 -10.936858 -0.360576 7.156196 -0.000000 8.774811 -0.000000 -16.081629 17.346786 6.069402 -1.844030 2.498501 -2.507275 -10.163589 4.678940 4.621106 -20.975994 -0.000004 0.000004 -21.226250 2.451691 -3.593993 0.000001 -0.000006 -0.000000 -1.362679 2.240794 -0.746325 -21.334887 0.584909 3.008321 -13.821193 -0.000001 0.000003 -23.887131 -0.249081 -0.839482 -60.826111 2.609735 -1.541459 -0.294026 1.679687 0.833255 -14.218192 0.093214 1.300579 -34.211998 -0.287564 0.967172 -20.033178 0.964538 1.212842 0.000000 0.000000 0.000000 -3.440386 0.788235 0.501655 -15.928165 -3.167305 2.999704 -6.338817 0.000000 0.000002 -18.123411 3.648175 -4.905662 -0.000004 -0.000000 -0.000002 16.900530 18.489479 12.637513 51.252243 46.227055 13.652939 179.937134 55.928009 -179.836685 -16.424522 4.961932 -7.023424 2.243540 -5.255032 -3.180158 14.282878 -0.826592 6.952497 -0.000001 -12.690590 -0.000001 15.938041 -17.709951 2.696362 1.665665 -1.955920 -2.878296 4.727793 -4.170582 4.993917 11.020513 0.000003 0.000000 12.109030 -3.735710 -2.866780 0.000000 0.000001 0.000001 1.291983 -1.928548 -1.498087 14.800113 0.567468 3.865603 14.242556 -1.341735 -6.660646 19.631939 0.143925 -0.648242 49.211243 -0.563314 -5.934968 0.353029 -1.511149 -0.031940 20.222771 3.684306 2.316629 18.787245 0.000005 -0.000001 10.751612 -0.479868 1.397904 -0.000000 0.000001 0.000002 3.273805 0.305946 -0.580112 21.486792 11.830363 2.266131 8.162917 0.000002 -0.000001 18.399054 -3.798980 -4.940567 0.000003 -0.000002 0.000001 18.540964 -0.474600 -10.512059 -0.105592 -0.391668 24.640903 -14.092598 11.240014 -4.574848 1.645447 -1.998060 -1.722476 -0.000000 0.000000 0.000002 2.696504 4.366831 17.660749 -0.081284 0.078385 6.319217 8.274675 -6.272529 -12.593381 -1.464537 1.232957 -1.295688 0.000000 0.000000 -0.000001 
0.518710 96.685699 -0.460806 -6.196341 -0.230076 -9.775611 3.368145 -0.014220 -1.309702 0.192852 -0.345217 -5.094501 3.950498 -2.497486 11.809909 -2.274102 4.071538 13.204426 0.455694 3.492776 -3.724742 -4.428006 5.380497 -7.813938 0.000077 -0.000022 0.000006 0.012066 -0.152590 0.115187 0.695666 -3.883103 -10.614253 -0.682972 3.581812 -10.615320 -17.094744 -17.002411 9.504753 -25.931547 -26.245464 -22.904181 -178.813446 -72.656281 178.877441 10.502237 5.439971 15.143403 -5.882101 9.861281 0.702590 -10.936858 -0.360572 7.156196 0.000000 8.774814 0.000000 -16.019478 17.312447 6.091898 -1.844033 2.498505 -2.507274 -10.163591 4.678939 4.621102 -20.975994 -0.000004 -0.000000 -21.226250 2.451691 -3.593998 0.000001 -0.000005 0.000000 -1.362680 2.240795 -0.746323 -21.334885 0.584910 3.008317 -13.821197 -0.000002 0.000002 -23.887129 -0.249080 -0.839484 -60.803101 2.613950 -1.542109 -0.294025 1.679687 0.833255 -14.218194 0.093215 1.300577 -34.211998 -0.287562 0.967166 -20.033178 0.964537 1.212840 -0.000000 0.000001 0.000001 -3.440385 0.788234 0.501655 -15.928167 -3.167305 2.999702 -6.338818 -0.000001 0.000000 -18.123413 3.648174 -4.905663 -0.000004 0.000001 -0.000002 16.900152 18.478464 12.636157 51.235321 46.203773 13.732159 179.966553 55.868313 -179.789093 -16.455223 4.921119 -7.026320 2.243540 -5.255032 -3.180157 14.282875 -0.826592 6.952497 -0.000004 -12.690587 0.000000 15.953481 -17.725101 2.698426 1.665664 -1.955920 -2.878296 4.727793 -4.170581 4.993919 11.020512 0.000005 0.000001 12.109033 -3.735709 -2.866779 -0.000001 0.000001 0.000001 1.291984 -1.928547 -1.498088 14.800114 0.567468 3.865605 14.242554 -1.341732 -6.660648 19.631939 0.143927 -0.648240 49.249992 -0.574715 -5.939947 0.353029 -1.511149 -0.031941 20.222769 3.684308 2.316629 18.787245 0.000007 0.000001 10.751610 -0.479866 1.397906 -0.000000 0.000001 0.000001 3.273804 0.305948 -0.580111 21.486794 11.830363 2.266133 8.162918 0.000002 0.000002 18.399048 -3.798976 -4.940564 0.000003 -0.000002 -0.000000 18.522121 -0.490920 -10.522425 -0.107561 -0.388337 24.596722 -14.068420 11.224174 -4.552448 1.643380 -1.991197 -1.739745 0.000000 -0.000000 0.000002 2.668333 4.333796 17.685526 -0.073309 0.069563 6.230660 8.254429 -6.296645 -12.519097 -1.466075 1.235295 -1.322971 -0.000000 0.000000 -0.000001 
0.521374 96.691917 -0.453151 -6.180670 -0.219477 -9.753969 3.362770 -0.014977 -1.306416 0.191795 -0.349964 -5.094318 3.926593 -2.467842 11.788272 -2.272360 4.045952 13.174507 0.436096 3.519368 -3.732543 -4.425048 5.362020 -7.845604 0.000077 -0.000022 0.000006 0.011114 -0.156046 0.114032 0.697466 -3.885967 -10.611616 -0.683184 3.578774 -10.613006 -17.053766 -16.981770 9.464648 -26.007280 -26.241488 -22.835108 -178.809662 -72.642471 178.873352 10.533387 5.424006 15.076028 -5.882103 9.861280 0.702589 -10.936857 -0.360575 7.156197 0.000000 8.774816 0.000000 -16.009214 17.292109 6.100481 -1.844030 2.498502 -2.507274 -10.163589 4.678939 4.621105 -20.975996 -0.000004 0.000004 -21.226255 2.451690 -3.593994 0.000001 -0.000004 0.000001 -1.362682 2.240795 -0.746323 -21.334890 0.584910 3.008320 -13.821195 -0.000001 0.000003 -23.887131 -0.249078 -0.839482 -60.841805 2.630624 -1.532730 -0.294024 1.679685 0.833255 -14.218194 0.093214 1.300579 -34.212002 -0.287562 0.967169 -20.033180 0.964536 1.212841 0.000000 0.000000 0.000000 -3.440383 0.788231 0.501654 -15.928169 -3.167308 2.999704 -6.338817 0.000003 0.000002 -18.123415 3.648175 -4.905661 -0.000004 0.000002 -0.000001 16.874376 18.487631 12.652204 51.192989 46.208717 13.748739 179.994492 55.780842 -179.766357 -16.466869 4.869113 -7.051537 2.243539 -5.255033 -3.180156 14.282875 -0.826593 6.952499 -0.000002 -12.690590 0.000000 15.948400 -17.721216 2.693635 1.665666 -1.955920 -2.878296 4.727793 -4.170582 4.993920 11.020513 0.000004 -0.000002 12.109031 -3.735710 -2.866779 -0.000001 0.000001 0.000001 1.291985 -1.928548 -1.498089 14.800113 0.567468 3.865605 14.242548 -1.341735 -6.660649 19.631937 0.143925 -0.648244 49.229919 -0.574304 -5.927279 0.353029 -1.511150 -0.031941 20.222769 3.684306 2.316629 18.787247 0.000004 -0.000000 10.751613 -0.479868 1.397905 0.000000 0.000000 0.000001 3.273804 0.305947 -0.580112 21.486792 11.830365 2.266134 8.162916 0.000001 0.000002 18.399050 -3.798981 -4.940566 0.000003 -0.000002 0.000001 18.498964 -0.487254 -10.528060 -0.101614 -0.384672 24.566626 -14.068645 11.213234 -4.538844 1.641021 -1.984437 -1.755870 -0.000000 -0.000000 0.000002 2.634540 4.294787 17.708878 -0.076057 0.075086 6.143421 8.240735 -6.297490 -12.483453 -1.466390 1.237746 -1.344412 -0.000000 -0.000000 -0.000001 
0.499364 96.697304 -0.463543 -6.180014 -0.198171 -9.725869 3.364113 -0.011479 -1.319940 0.197893 -0.350615 -5.084215 3.899023 -2.452956 11.762308 -2.277982 4.033663 13.158299 0.418910 3.550002 -3.744760 -4.415416 5.319688 -7.864935 0.000077 -0.000022 0.000006 0.010899 -0.149815 0.111446 0.695597 -3.877178 -10.616002 -0.682675 3.575608 -10.617846 -17.048353 -16.968571 9.425713 -26.055525 -26.264568 -22.747198 -178.819824 -72.650200 178.854782 10.519612 5.446956 15.083374 -5.882098 9.861276 0.702590 -10.936859 -0.360575 7.156199 0.000000 8.774811 0.000000 -16.021379 17.277338 6.083608 -1.844030 2.498501 -2.507276 -10.163589 4.678939 4.621105 -20.975994 -0.000005 0.000004 -21.226250 2.451690 -3.593992 0.000001 -0.000005 -0.000001 -1.362680 2.240796 -0.746323 -21.334890 0.584908 3.008322 -13.821197 -0.000002 0.000003 -23.887129 -0.249079 -0.839478 -60.869217 2.634348 -1.540728 -0.294026 1.679688 0.833257 -14.218194 0.093213 1.300578 -34.211998 -0.287563 0.967170 -20.033178 0.964536 1.212842 0.000000 0.000000 0.000000 -3.440385 0.788232 0.501655 -15.928167 -3.167305 2.999702 -6.338817 -0.000001 0.000003 -18.123415 3.648175 -4.905659 -0.000004 0.000001 -0.000001 16.903162 18.482510 12.706440 51.144157 46.218418 13.755289 179.951202 55.759041 -179.812683 -16.415813 4.871601 -6.987665 2.243541 -5.255033 -3.180155 14.282877 -0.826595 6.952496 -0.000003 -12.690590 0.000001 15.946139 -17.744051 2.681448 1.665665 -1.955920 -2.878295 4.727795 -4.170584 4.993918 11.020514 0.000003 -0.000002 12.109034 -3.735712 -2.866782 -0.000001 -0.000000 0.000000 1.291985 -1.928548 -1.498088 14.800113 0.567466 3.865602 14.242553 -1.341734 -6.660650 19.631939 0.143927 -0.648246 49.181213 -0.592698 -5.916172 0.353028 -1.511149 -0.031939 20.222773 3.684303 2.316625 18.787245 0.000004 -0.000005 10.751612 -0.479867 1.397903 -0.000000 0.000000 0.000001 3.273805 0.305946 -0.580112 21.486790 11.830363 2.266129 8.162916 0.000000 -0.000002 18.399054 -3.798978 -4.940569 0.000003 -0.000002 -0.000000 18.509325 -0.480365 -10.548887 -0.104671 -0.390808 24.515884 -14.095423 11.231565 -4.503025 1.637901 -1.981486 -1.763299 -0.000000 0.000000 0.000002 2.626405 4.242671 17.677000 -0.073796 0.075679 6.139256 8.236800 -6.289803 -12.475109 -1.466845 1.241005 -1.367058 -0.000000 0.000000 -0.000001 
0.510467 96.697578 -0.455916 -6.180147 -0.176209 -9.709515 3.365295 -0.015977 -1.327348 0.199994 -0.343092 -5.074470 3.875835 -2.443383 11.741841 -2.263095 4.000878 13.143250 0.395083 3.609478 -3.752503 -4.421177 5.276143 -7.874561 0.000077 -0.000022 0.000006 0.012110 -0.136109 0.110911 0.693121 -3.865884 -10.602875 -0.681584 3.590584 -10.605621 -17.043930 -16.970989 9.401719 -26.102383 -26.249016 -22.580370 -179.011780 -72.623001 179.022629 10.524973 5.474011 15.118653 -5.882100 9.861277 0.702592 -10.936858 -0.360575 7.156196 0.000000 8.774813 -0.000000 -16.038794 17.282475 6.059738 -1.844029 2.498504 -2.507274 -10.163589 4.678938 4.621104 -20.975996 -0.000007 0.000005 -21.226248 2.451689 -3.593990 0.000001 -0.000006 0.000000 -1.362676 2.240795 -0.746321 -21.334887 0.584905 3.008321 -13.821197 -0.000004 0.000005 -23.887129 -0.249079 -0.839476 -60.901161 2.615341 -1.504195 -0.294024 1.679686 0.833255 -14.218194 0.093212 1.300579 -34.212002 -0.287568 0.967172 -20.033176 0.964533 1.212842 0.000000 0.000000 -0.000001 -3.440384 0.788232 0.501656 -15.928167 -3.167309 2.999704 -6.338817 -0.000002 0.000002 -18.123411 3.648175 -4.905660 -0.000004 -0.000000 -0.000001 16.939159 18.482273 12.770317 51.095112 46.211617 13.776381 179.916489 55.708656 -179.836609 -16.351343 4.880755 -6.854688 2.243539 -5.255033 -3.180155 14.282873 -0.826592 6.952492 -0.000003 -12.690591 0.000001 15.957229 -17.752327 2.667032 1.665665 -1.955920 -2.878296 4.727793 -4.170584 4.993921 11.020510 0.000005 -0.000001 12.109032 -3.735709 -2.866778 -0.000001 -0.000000 0.000002 1.291985 -1.928548 -1.498089 14.800111 0.567469 3.865603 14.242553 -1.341733 -6.660647 19.631939 0.143928 -0.648245 49.161797 -0.614519 -5.909981 0.353028 -1.511150 -0.031939 20.222765 3.684308 2.316626 18.787243 0.000007 -0.000002 10.751610 -0.479866 1.397903 0.000000 0.000000 -0.000001 3.273804 0.305947 -0.580110 21.486792 11.830366 2.266130 8.162916 0.000003 0.000000 18.399048 -3.798977 -4.940564 0.000003 -0.000003 -0.000000 18.497093 -0.478541 -10.580451 -0.102878 -0.394953 24.537027 -14.100396 11.253943 -4.514806 1.635105 -1.992101 -1.776317 0.000000 -0.000000 0.000002 2.600890 4.193007 17.717955 -0.069928 0.079212 6.029931 8.266962 -6.283077 -12.446982 -1.467265 1.236785 -1.375152 0.000000 0.000000 -0.000001 
0.518669 96.701447 -0.442050 -6.183936 -0.152606 -9.689740 3.364238 -0.014063 -1.331521 0.203044 -0.332578 -5.078184 3.861892 -2.439554 11.735832 -2.255118 3.989623 13.120934 0.393725 3.645758 -3.751505 -4.436474 5.254996 -7.892331 0.000077 -0.000022 0.000006 0.011257 -0.136084 0.111131 0.692262 -3.863070 -10.596627 -0.679901 3.592468 -10.601691 -17.061609 -16.971067 9.370512 -26.108198 -26.236847 -22.397091 -179.249802 -72.645187 179.162354 10.525310 5.467017 15.233510 -5.882102 9.861278 0.702590 -10.936858 -0.360574 7.156196 -0.000001 8.774814 -0.000002 -16.036674 17.297672 6.062223 -1.844031 2.498503 -2.507274 -10.163589 4.678941 4.621104 -20.975992 -0.000004 0.000002 -21.226250 2.451691 -3.593994 0.000001 -0.000004 -0.000000 -1.362682 2.240797 -0.746323 -21.334890 0.584909 3.008321 -13.821193 -0.000001 0.000002 -23.887129 -0.249077 -0.839482 -60.904827 2.619431 -1.482375 -0.294025 1.679686 0.833255 -14.218192 0.093215 1.300579 -34.211998 -0.287563 0.967168 -20.033180 0.964532 1.212842 0.000000 0.000000 0.000001 -3.440387 0.788234 0.501656 -15.928165 -3.167307 2.999704 -6.338817 0.000000 0.000003 -18.123413 3.648177 -4.905661 -0.000004 0.000002 -0.000001 16.979307 18.459616 12.827095 51.012577 46.219719 13.778010 179.930695 55.698589 -179.813385 -16.285461 4.901768 -6.665839 2.243539 -5.255032 -3.180152 14.282878 -0.826595 6.952496 -0.000002 -12.690591 0.000000 15.968080 -17.771177 2.670121 1.665665 -1.955920 -2.878296 4.727795 -4.170583 4.993918 11.020513 0.000004 0.000000 12.109033 -3.735709 -2.866776 -0.000001 0.000001 0.000001 1.291985 -1.928548 -1.498088 14.800111 0.567468 3.865604 14.242553 -1.341735 -6.660647 19.631939 0.143925 -0.648243 49.144405 -0.612411 -5.908212 0.353028 -1.511148 -0.031940 20.222771 3.684306 2.316627 18.787245 0.000006 -0.000002 10.751610 -0.479867 1.397904 0.000000 0.000001 0.000001 3.273804 0.305948 -0.580110 21.486788 11.830363 2.266127 8.162916 0.000001 -0.000001 18.399054 -3.798980 -4.940567 0.000003 -0.000002 -0.000000 18.487490 -0.470780 -10.603975 -0.101036 -0.412556 24.541819 -14.106045 11.252612 -4.522896 1.635116 -1.995059 -1.778333 -0.000000 0.000000 0.000002 2.589337 4.155602 17.758808 -0.069683 0.089047 5.920844 8.297656 -6.305672 -12.403841 -1.466287 1.221543 -1.374451 -0.000000 -0.000000 -0.000001 
0.533908 96.703407 -0.439564 -6.184962 -0.140705 -9.676353 3.364835 0.007897 -1.332391 0.200429 -0.337465 -5.084922 3.853067 -2.423497 11.731852 -2.228740 3.984195 13.097807 0.393108 3.633393 -3.744526 -4.471111 5.256713 -7.915688 0.000077 -0.000023 0.000006 0.011538 -0.145796 0.109333 0.690814 -3.874319 -10.602175 -0.679689 3.583430 -10.607833 -17.065271 -16.982664 9.338640 -26.107172 -26.212831 -22.311754 -179.314087 -72.655609 179.184174 10.502080 5.464142 15.286024 -5.882100 9.861278 0.702590 -10.936858 -0.360576 7.156197 -0.000000 8.774816 -0.000000 -16.024441 17.312248 6.062400 -1.844031 2.498501 -2.507275 -10.163589 4.678939 4.621105 -20.975994 -0.000005 0.000004 -21.226248 2.451691 -3.593993 0.000001 -0.000005 -0.000001 -1.362679 2.240794 -0.746323 -21.334887 0.584906 3.008320 -13.821195 -0.000000 0.000003 -23.887133 -0.249077 -0.839481 -60.884022 2.628832 -1.491719 -0.294024 1.679688 0.833254 -14.218194 0.093214 1.300578 -34.212006 -0.287564 0.967168 -20.033178 0.964535 1.212841 -0.000000 -0.000000 -0.000002 -3.440385 0.788233 0.501655 -15.928169 -3.167306 2.999702 -6.338817 -0.000001 0.000003 -18.123413 3.648176 -4.905659 -0.000004 0.000001 -0.000001 16.996119 18.454008 12.849787 50.947407 46.227329 13.790820 179.882050 55.727825 -179.804840 -16.248354 4.903271 -6.566396 2.243539 -5.255032 -3.180156 14.282878 -0.826594 6.952495 -0.000001 -12.690588 0.000000 15.951984 -17.772381 2.691285 1.665666 -1.955920 -2.878298 4.727792 -4.170582 4.993918 11.020511 0.000003 -0.000001 12.109033 -3.735711 -2.866781 0.000000 -0.000000 0.000002 1.291984 -1.928547 -1.498087 14.800114 0.567468 3.865604 14.242553 -1.341734 -6.660647 19.631937 0.143924 -0.648245 49.136189 -0.632239 -5.893466 0.353028 -1.511149 -0.031941 20.222771 3.684307 2.316627 18.787245 0.000005 -0.000003 10.751608 -0.479868 1.397902 -0.000000 -0.000001 0.000000 3.273804 0.305947 -0.580109 21.486790 11.830362 2.266130 8.162917 0.000002 -0.000001 18.399055 -3.798981 -4.940571 0.000003 -0.000003 0.000001 18.477272 -0.480358 -10.627790 -0.106253 -0.414930 24.555470 -14.101786 11.253026 -4.532257 1.635252 -2.005065 -1.792138 0.000000 0.000000 0.000002 2.584440 4.150856 17.760515 -0.072286 0.094131 5.895494 8.321564 -6.327248 -12.390792 -1.467402 1.210225 -1.343876 0.000000 0.000000 -0.000001 
0.521085 96.697655 -0.410122 -6.180619 -0.109009 -9.660540 3.364908 0.013761 -1.343734 0.200009 -0.333554 -5.085102 3.835864 -2.425098 11.735955 -2.195533 4.005940 13.074725 0.386848 3.600263 -3.748238 -4.498329 5.250144 -7.943281 0.000077 -0.000023 0.000006 0.013526 -0.156837 0.105336 0.690466 -3.886812 -10.607251 -0.674571 3.564455 -10.610825 -17.069450 -16.969591 9.317958 -26.048769 -26.221375 -22.247599 -179.386307 -72.719536 179.247284 10.480598 5.407699 15.356283 -5.882102 9.861279 0.702589 -10.936858 -0.360575 7.156196 -0.000001 8.774811 -0.000001 -16.025055 17.323185 6.051069 -1.844031 2.498504 -2.507276 -10.163591 4.678943 4.621104 -20.975994 -0.000003 0.000003 -21.226250 2.451696 -3.593995 0.000001 -0.000006 -0.000000 -1.362680 2.240797 -0.746324 -21.334894 0.584909 3.008321 -13.821197 0.000001 0.000003 -23.887129 -0.249076 -0.839480 -60.855350 2.624583 -1.495530 -0.294024 1.679687 0.833254 -14.218189 0.093215 1.300580 -34.211998 -0.287562 0.967170 -20.033176 0.964536 1.212842 0.000000 0.000000 0.000000 -3.440385 0.788233 0.501656 -15.928167 -3.167305 2.999703 -6.338817 -0.000001 0.000002 -18.123413 3.648177 -4.905662 -0.000004 0.000001 -0.000002 17.006832 18.437695 12.843657 50.928997 46.188866 13.877742 179.907684 55.736568 -179.727966 -16.232199 4.886260 -6.512311 2.243539 -5.255033 -3.180156 14.282875 -0.826593 6.952496 -0.000001 -12.690592 -0.000002 16.001114 -17.747211 2.686411 1.665666 -1.955920 -2.878297 4.727795 -4.170583 4.993918 11.020510 0.000003 0.000002 12.109030 -3.735711 -2.866778 -0.000001 0.000001 -0.000000 1.291985 -1.928548 -1.498087 14.800109 0.567469 3.865607 14.242553 -1.341737 -6.660647 19.631937 0.143925 -0.648242 49.166718 -0.631039 -5.868489 0.353030 -1.511149 -0.031941 20.222765 3.684308 2.316631 18.787245 0.000006 0.000002 10.751610 -0.479868 1.397905 0.000000 0.000001 0.000001 3.273804 0.305947 -0.580109 21.486792 11.830362 2.266135 8.162917 0.000002 0.000000 18.399052 -3.798980 -4.940566 0.000004 -0.000002 -0.000000 18.478989 -0.513477 -10.654194 -0.115970 -0.418034 24.587862 -14.121296 11.267403 -4.567608 1.638477 -2.005136 -1.787076 0.000000 -0.000000 0.000002 2.593924 4.163395 17.803907 -0.069198 0.075982 5.806653 8.296732 -6.381548 -12.400644 -1.465975 1.195063 -1.323390 -0.000000 -0.000000 -0.000001 
0.539247 96.697876 -0.418908 -6.181179 -0.081604 -9.647984 3.370214 0.031183 -1.344987 0.194384 -0.336544 -5.091884 3.825159 -2.432698 11.745075 -2.173812 4.023423 13.054810 0.386539 3.585380 -3.749976 -4.532072 5.261829 -7.985429 0.000077 -0.000023 0.000006 0.014358 -0.180330 0.103168 0.690763 -3.913366 -10.613485 -0.673949 3.545981 -10.619221 -17.081503 -16.955000 9.288985 -25.999506 -26.217829 -22.181089 -179.515381 -72.728958 179.365402 10.438232 5.325089 15.415492 -5.882100 9.861278 0.702589 -10.936858 -0.360577 7.156198 -0.000000 8.774814 -0.000001 -15.984740 17.330580 6.070345 -1.844029 2.498503 -2.507275 -10.163590 4.678942 4.621105 -20.975994 -0.000003 0.000004 -21.226254 2.451692 -3.593992 0.000001 -0.000005 -0.000001 -1.362682 2.240798 -0.746323 -21.334892 0.584907 3.008322 -13.821197 -0.000001 0.000004 -23.887129 -0.249076 -0.839480 -60.822025 2.594764 -1.503159 -0.294024 1.679687 0.833256 -14.218194 0.093214 1.300581 -34.212006 -0.287562 0.967174 -20.033180 0.964538 1.212843 -0.000000 -0.000000 -0.000001 -3.440387 0.788232 0.501656 -15.928167 -3.167306 2.999705 -6.338817 0.000000 0.000001 -18.123415 3.648177 -4.905661 -0.000004 0.000001 -0.000002 17.020428 18.429798 12.793661 50.939056 46.145432 14.072508 -179.965836 55.745079 -179.649109 -16.172091 4.888051 -6.375450 2.243540 -5.255033 -3.180155 14.282877 -0.826593 6.952496 -0.000001 -12.690591 -0.000001 16.023640 -17.728241 2.675900 1.665664 -1.955920 -2.878296 4.727795 -4.170583 4.993918 11.020514 0.000004 0.000001 12.109033 -3.735710 -2.866779 -0.000001 0.000001 0.000001 1.291985 -1.928548 -1.498089 14.800114 0.567469 3.865604 14.242554 -1.341736 -6.660647 19.631939 0.143926 -0.648242 49.156910 -0.628392 -5.869925 0.353028 -1.511149 -0.031941 20.222771 3.684306 2.316627 18.787245 0.000005 -0.000001 10.751612 -0.479865 1.397903 -0.000000 0.000000 0.000000 3.273805 0.305947 -0.580110 21.486792 11.830363 2.266130 8.162919 0.000001 -0.000001 18.399055 -3.798978 -4.940568 0.000003 -0.000003 0.000001 18.463060 -0.541705 -10.695404 -0.120088 -0.416323 24.609203 -14.125696 11.302978 -4.574313 1.642086 -2.005275 -1.804175 -0.000000 0.000000 0.000002 2.597541 4.168754 17.771318 -0.070346 0.071203 5.848347 8.284893 -6.454079 -12.414687 -1.468435 1.189321 -1.322199 -0.000000 0.000000 -0.000001 
0.564536 96.693382 -0.406185 -6.180932 -0.042864 -9.636046 3.371659 0.045999 -1.356776 0.189380 -0.354653 -5.094949 3.811026 -2.431074 11.765769 -2.142167 4.015968 13.037628 0.390252 3.577668 -3.749663 -4.575818 5.248746 -8.031257 0.000077 -0.000023 0.000006 0.014630 -0.196918 0.103257 0.688081 -3.925552 -10.610666 -0.672118 3.540929 -10.617245 -17.103348 -16.941723 9.307488 -25.910498 -26.246571 -22.192680 -179.528152 -72.774658 179.360474 10.402024 5.236276 15.508654 -5.882100 9.861278 0.702591 -10.936860 -0.360576 7.156198 0.000001 8.774813 -0.000001 -15.950509 17.327036 6.084494 -1.844031 2.498502 -2.507276 -10.163589 4.678938 4.621105 -20.975994 -0.000003 0.000005 -21.226250 2.451693 -3.593991 0.000000 -0.000006 -0.000000 -1.362678 2.240795 -0.746323 -21.334892 0.584908 3.008322 -13.821197 -0.000002 0.000005 -23.887131 -0.249078 -0.839478 -60.785442 2.593465 -1.519624 -0.294024 1.679687 0.833255 -14.218190 0.093213 1.300579 -34.212002 -0.287565 0.967174 -20.033176 0.964535 1.212843 -0.000000 0.000000 0.000000 -3.440386 0.788232 0.501655 -15.928169 -3.167307 2.999706 -6.338816 -0.000001 0.000002 -18.123415 3.648178 -4.905659 -0.000004 0.000002 -0.000002 17.048378 18.430307 12.764541 50.870560 46.116230 14.169693 -179.876175 55.741169 -179.644135 -16.129162 4.877266 -6.329469 2.243539 -5.255030 -3.180154 14.282878 -0.826594 6.952495 -0.000001 -12.690590 0.000001 16.015125 -17.690636 2.666256 1.665666 -1.955920 -2.878298 4.727794 -4.170583 4.993918 11.020514 0.000003 0.000000 12.109033 -3.735710 -2.866778 0.000000 0.000001 0.000000 1.291986 -1.928548 -1.498087 14.800114 0.567468 3.865603 14.242554 -1.341736 -6.660645 19.631941 0.143924 -0.648245 49.154888 -0.604667 -5.862339 0.353029 -1.511150 -0.031938 20.222771 3.684305 2.316628 18.787245 0.000004 -0.000003 10.751612 -0.479868 1.397904 -0.000000 0.000001 -0.000000 3.273804 0.305947 -0.580111 21.486790 11.830360 2.266129 8.162919 -0.000001 -0.000001 18.399055 -3.798978 -4.940567 0.000003 -0.000002 -0.000000 18.445744 -0.558367 -10.747482 -0.133827 -0.416045 24.673601 -14.106405 11.326101 -4.608425 1.643405 -2.012019 -1.821769 -0.000000 0.000000 0.000002 2.590876 4.171312 17.771049 -0.065538 0.069049 5.848776 8.265024 -6.499664 -12.427481 -1.469129 1.195025 -1.315615 -0.000000 -0.000000 -0.000001 
0.570267 96.698715 -0.403977 -6.181427 -0.016077 -9.626969 3.372391 0.035725 -1.353870 0.184760 -0.345974 -5.095118 3.801886 -2.444593 11.763310 -2.122828 4.023595 13.022487 0.395921 3.575040 -3.749408 -4.630604 5.276480 -8.088463 0.000077 -0.000022 0.000006 0.014564 -0.197435 0.104433 0.687737 -3.922987 -10.609480 -0.670104 3.531983 -10.611849 -17.138525 -16.934292 9.324531 -25.812515 -26.244087 -22.198963 -179.569595 -72.791794 179.466797 10.405014 5.170206 15.523243 -5.882102 9.861280 0.702589 -10.936858 -0.360575 7.156199 -0.000001 8.774813 -0.000000 -15.973564 17.342648 6.088225 -1.844030 2.498502 -2.507276 -10.163591 4.678939 4.621104 -20.975992 -0.000002 0.000005 -21.226254 2.451696 -3.593993 0.000001 -0.000005 -0.000001 -1.362680 2.240798 -0.746323 -21.334890 0.584908 3.008321 -13.821195 -0.000001 0.000004 -23.887131 -0.249078 -0.839479 -60.817894 2.574963 -1.523406 -0.294024 1.679688 0.833255 -14.218194 0.093215 1.300580 -34.212002 -0.287563 0.967172 -20.033178 0.964536 1.212842 0.000000 0.000000 0.000000 -3.440386 0.788231 0.501654 -15.928169 -3.167308 2.999702 -6.338818 0.000001 0.000002 -18.123413 3.648178 -4.905659 -0.000004 0.000001 -0.000002 17.056728 18.436844 12.721704 50.899628 46.063137 14.305866 -179.757736 55.707722 -179.630081 -16.061317 4.859043 -6.222480 2.243539 -5.255031 -3.180156 14.282873 -0.826594 6.952495 -0.000003 -12.690591 0.000002 16.011623 -17.692688 2.679558 1.665666 -1.955921 -2.878298 4.727793 -4.170585 4.993918 11.020512 0.000004 -0.000001 12.109032 -3.735710 -2.866779 -0.000001 -0.000000 0.000001 1.291984 -1.928548 -1.498088 14.800109 0.567466 3.865602 14.242553 -1.341734 -6.660650 19.631937 0.143928 -0.648244 49.171661 -0.601285 -5.827108 0.353028 -1.511149 -0.031941 20.222767 3.684305 2.316626 18.787245 0.000004 -0.000004 10.751610 -0.479869 1.397902 -0.000000 0.000001 -0.000000 3.273804 0.305947 -0.580110 21.486788 11.830362 2.266128 8.162916 0.000002 0.000000 18.399052 -3.798980 -4.940569 0.000003 -0.000003 -0.000000 18.436373 -0.584456 -10.758341 -0.131113 -0.409333 24.656931 -14.093363 11.357175 -4.596839 1.645456 -2.015592 -1.799313 -0.000000 0.000000 0.000002 2.599373 4.175993 17.730423 -0.065743 0.073552 5.930736 8.236450 -6.543526 -12.423206 -1.470667 1.195334 -1.296434 -0.000000 -0.000000 -0.000001 
0.559570 96.691574 -0.407686 -6.180444 0.014042 -9.621583 3.371091 0.027974 -1.352024 0.184475 -0.349299 -5.105180 3.794492 -2.445729 11.769724 -2.116239 4.021460 12.990727 0.389161 3.584501 -3.751857 -4.668026 5.290642 -8.141272 0.000077 -0.000023 0.000006 0.014157 -0.183113 0.104974 0.684443 -3.909259 -10.616049 -0.664941 3.552783 -10.616923 -17.147768 -16.906137 9.327631 -25.742203 -26.260019 -22.249254 -179.534927 -72.809181 179.455978 10.348814 5.130448 15.449229 -5.882101 9.861278 0.702588 -10.936858 -0.360576 7.156196 0.000000 8.774814 0.000000 -15.943385 17.347643 6.104152 -1.844031 2.498503 -2.507275 -10.163589 4.678940 4.621102 -20.975994 -0.000005 0.000002 -21.226255 2.451689 -3.593995 0.000001 -0.000005 -0.000000 -1.362681 2.240796 -0.746324 -21.334892 0.584910 3.008318 -13.821195 -0.000001 0.000003 -23.887131 -0.249081 -0.839484 -60.818092 2.552840 -1.534299 -0.294023 1.679685 0.833254 -14.218194 0.093217 1.300578 -34.212006 -0.287562 0.967167 -20.033176 0.964533 1.212842 0.000000 0.000001 0.000000 -3.440385 0.788233 0.501653 -15.928164 -3.167307 2.999703 -6.338813 0.000001 0.000000 -18.123413 3.648177 -4.905662 -0.000004 0.000002 -0.000002 17.057987 18.438204 12.659744 50.924992 46.011604 14.373871 -179.821884 55.666012 -179.731918 -16.061012 4.817295 -6.219396 2.243541 -5.255033 -3.180156 14.282877 -0.826594 6.952497 -0.000003 -12.690591 0.000000 16.023796 -17.666561 2.639699 1.665666 -1.955920 -2.878299 4.727794 -4.170584 4.993918 11.020512 0.000004 0.000000 12.109031 -3.735709 -2.866781 -0.000001 -0.000000 0.000000 1.291984 -1.928548 -1.498089 14.800113 0.567468 3.865602 14.242553 -1.341734 -6.660648 19.631941 0.143928 -0.648243 49.177280 -0.596124 -5.831379 0.353028 -1.511150 -0.031937 20.222769 3.684307 2.316628 18.787245 0.000007 -0.000002 10.751610 -0.479869 1.397904 -0.000000 0.000000 0.000000 3.273805 0.305947 -0.580111 21.486792 11.830365 2.266130 8.162916 0.000001 -0.000001 18.399054 -3.798978 -4.940567 0.000003 -0.000003 0.000001 18.437641 -0.621523 -10.793044 -0.128145 -0.398293 24.682961 -14.083437 11.369443 -4.598747 1.645627 -2.025409 -1.767036 -0.000000 0.000000 0.000002 2.609021 4.174739 17.685955 -0.060245 0.071072 6.015491 8.190967 -6.585169 -12.480145 -1.471895 1.188007 -1.284002 -0.000000 -0.000000 -0.000001 
0.524751 96.687065 -0.387042 -6.162809 0.043745 -9.611476 3.357646 0.027600 -1.342344 0.186013 -0.338395 -5.115571 3.781933 -2.454241 11.773753 -2.110196 4.030165 12.939713 0.385466 3.566263 -3.762513 -4.712245 5.306947 -8.215039 0.000077 -0.000023 0.000006 0.014553 -0.163662 0.103990 0.682249 -3.899333 -10.628637 -0.663610 3.562026 -10.624083 -17.177055 -16.894802 9.344017 -25.685020 -26.276474 -22.306526 -179.367706 -72.817284 179.347427 10.321989 5.102836 15.375129 -5.882102 9.861279 0.702589 -10.936859 -0.360574 7.156196 -0.000001 8.774813 -0.000000 -15.954452 17.345371 6.111069 -1.844032 2.498503 -2.507276 -10.163589 4.678941 4.621102 -20.975994 -0.000004 0.000001 -21.226254 2.451694 -3.593995 0.000000 -0.000005 -0.000001 -1.362679 2.240799 -0.746325 -21.334892 0.584910 3.008321 -13.821197 -0.000003 0.000002 -23.887131 -0.249077 -0.839484 -60.854809 2.548852 -1.548699 -0.294026 1.679687 0.833256 -14.218195 0.093215 1.300579 -34.212002 -0.287566 0.967165 -20.033180 0.964532 1.212840 -0.000000 0.000000 0.000001 -3.440385 0.788232 0.501654 -15.928169 -3.167304 2.999703 -6.338815 0.000002 0.000001 -18.123415 3.648175 -4.905663 -0.000004 0.000002 -0.000002 17.070904 18.430557 12.639664 50.903500 45.983814 14.376328 -179.875381 55.632057 -179.768478 -16.078259 4.767098 -6.251843 2.243539 -5.255032 -3.180158 14.282873 -0.826592 6.952495 -0.000003 -12.690590 0.000000 16.027328 -17.671041 2.653531 1.665664 -1.955919 -2.878297 4.727794 -4.170582 4.993920 11.020512 0.000005 -0.000001 12.109032 -3.735708 -2.866780 -0.000001 0.000001 0.000001 1.291984 -1.928548 -1.498088 14.800109 0.567469 3.865605 14.242553 -1.341735 -6.660647 19.631935 0.143926 -0.648244 49.230415 -0.597778 -5.820282 0.353029 -1.511150 -0.031941 20.222769 3.684305 2.316628 18.787245 0.000006 -0.000001 10.751610 -0.479868 1.397905 -0.000000 0.000001 -0.000001 3.273804 0.305946 -0.580112 21.486790 11.830363 2.266130 8.162919 0.000001 -0.000001 18.399050 -3.798977 -4.940567 0.000003 -0.000002 -0.000000 18.436066 -0.659920 -10.794829 -0.123641 -0.387948 24.668058 -14.093695 11.385093 -4.598075 1.644768 -2.035638 -1.723212 -0.000000 0.000000 0.000002 2.610175 4.150870 17.662586 -0.062819 0.083693 6.071817 8.141913 -6.602295 -12.532098 -1.472456 1.185192 -1.279059 -0.000000 -0.000000 -0.000001 
0.514161 96.684761 -0.407275 -6.145442 0.067657 -9.598723 3.344768 0.035445 -1.349879 0.189749 -0.326056 -5.115964 3.767211 -2.485434 11.782619 -2.126135 4.039802 12.882775 0.388218 3.559623 -3.768336 -4.741365 5.283185 -8.275444 0.000077 -0.000023 0.000006 0.015425 -0.153399 0.103476 0.685192 -3.885978 -10.639606 -0.665932 3.581515 -10.634164 -17.194078 -16.883554 9.356031 -25.609150 -26.287184 -22.428991 -179.088745 -72.817726 179.091324 10.263304 5.073608 15.297280 -5.882102 9.861278 0.702589 -10.936861 -0.360575 7.156198 -0.000001 8.774814 -0.000002 -15.960897 17.330523 6.126357 -1.844030 2.498503 -2.507276 -10.163589 4.678938 4.621102 -20.975998 -0.000005 0.000003 -21.226254 2.451689 -3.593992 0.000000 -0.000006 -0.000001 -1.362680 2.240794 -0.746324 -21.334892 0.584906 3.008319 -13.821197 -0.000002 0.000002 -23.887135 -0.249079 -0.839482 -60.884212 2.544408 -1.520333 -0.294026 1.679686 0.833254 -14.218194 0.093215 1.300578 -34.212006 -0.287566 0.967169 -20.033180 0.964533 1.212842 0.000000 0.000000 0.000000 -3.440385 0.788234 0.501655 -15.928169 -3.167306 2.999702 -6.338818 -0.000002 0.000002 -18.123415 3.648176 -4.905661 -0.000004 -0.000000 -0.000002 17.077225 18.417805 12.603599 50.901943 45.957928 14.386611 -179.936249 55.593884 -179.819305 -16.072927 4.750648 -6.233164 2.243541 -5.255033 -3.180155 14.282875 -0.826594 6.952497 -0.000001 -12.690590 0.000001 16.010693 -17.683903 2.656134 1.665664 -1.955920 -2.878297 4.727795 -4.170583 4.993920 11.020513 0.000002 -0.000001 12.109034 -3.735709 -2.866779 0.000000 -0.000000 0.000001 1.291984 -1.928548 -1.498088 14.800114 0.567466 3.865603 14.242554 -1.341733 -6.660649 19.631939 0.143926 -0.648245 49.228798 -0.608092 -5.838114 0.353030 -1.511149 -0.031941 20.222771 3.684304 2.316627 18.787249 0.000005 -0.000002 10.751611 -0.479868 1.397903 -0.000001 0.000001 0.000002 3.273804 0.305947 -0.580110 21.486790 11.830360 2.266130 8.162918 0.000002 -0.000001 18.399052 -3.798978 -4.940567 0.000003 -0.000003 -0.000000 18.419355 -0.716155 -10.823523 -0.123210 -0.373117 24.651636 -14.114816 11.410401 -4.581337 1.642954 -2.039181 -1.721237 -0.000000 0.000000 0.000002 2.602627 4.146254 17.574226 -0.067654 0.076022 6.209819 8.106766 -6.635583 -12.599023 -1.474057 1.185830 -1.283760 -0.000000 0.000000 -0.000001 
0.512231 96.685120 -0.399015 -6.127391 0.083445 -9.592545 3.328804 0.048158 -1.350395 0.192643 -0.332544 -5.099023 3.757381 -2.499902 11.774351 -2.139395 4.049697 12.824056 0.392747 3.539133 -3.765290 -4.770319 5.274239 -8.339037 0.000077 -0.000022 0.000006 0.012601 -0.149870 0.101993 0.687350 -3.880908 -10.634395 -0.670159 3.587142 -10.633820 -17.239466 -16.874115 9.359483 -25.538954 -26.270727 -22.482231 -178.941864 -72.840477 178.929672 10.202409 5.021162 15.352255 -5.882102 9.861280 0.702589 -10.936858 -0.360574 7.156196 -0.000001 8.774816 -0.000002 -15.976201 17.358049 6.136827 -1.844031 2.498503 -2.507276 -10.163589 4.678939 4.621104 -20.975996 -0.000005 0.000002 -21.226250 2.451693 -3.593995 0.000001 -0.000006 -0.000001 -1.362680 2.240797 -0.746323 -21.334894 0.584907 3.008320 -13.821197 -0.000001 0.000003 -23.887131 -0.249080 -0.839481 -60.945168 2.549787 -1.531394 -0.294024 1.679686 0.833254 -14.218190 0.093215 1.300580 -34.211998 -0.287564 0.967168 -20.033180 0.964538 1.212841 0.000000 0.000001 0.000000 -3.440385 0.788233 0.501654 -15.928164 -3.167309 2.999703 -6.338815 0.000000 0.000002 -18.123407 3.648175 -4.905662 -0.000004 -0.000000 -0.000001 17.116785 18.378761 12.605473 50.871746 45.926891 14.416341 -179.923599 55.567753 -179.789932 -16.054832 4.770645 -6.236843 2.243540 -5.255032 -3.180156 14.282875 -0.826594 6.952497 -0.000002 -12.690588 0.000000 15.977940 -17.693773 2.668886 1.665666 -1.955920 -2.878295 4.727793 -4.170582 4.993917 11.020513 0.000003 -0.000001 12.109033 -3.735708 -2.866780 -0.000001 0.000000 -0.000000 1.291985 -1.928547 -1.498088 14.800111 0.567467 3.865603 14.242553 -1.341735 -6.660648 19.631939 0.143925 -0.648244 49.266361 -0.609817 -5.839953 0.353028 -1.511149 -0.031941 20.222771 3.684306 2.316627 18.787247 0.000006 -0.000001 10.751612 -0.479866 1.397905 0.000000 0.000000 0.000000 3.273805 0.305946 -0.580110 21.486790 11.830360 2.266130 8.162916 0.000001 -0.000001 18.399052 -3.798979 -4.940567 0.000003 -0.000002 0.000001 18.391687 -0.754365 -10.824845 -0.120325 -0.382965 24.641617 -14.125913 11.412949 -4.588943 1.643765 -2.032546 -1.722513 -0.000000 -0.000000 0.000002 2.590278 4.136643 17.573402 -0.073977 0.077188 6.209419 8.095718 -6.650128 -12.613417 -1.476817 1.190180 -1.319069 -0.000000 -0.000000 -0.000001 
0.485360 96.686287 -0.410433 -6.114094 0.114008 -9.576629 3.319850 0.050049 -1.354584 0.189026 -0.326809 -5.095922 3.750284 -2.509941 11.772442 -2.145737 4.040877 12.783682 0.393730 3.546686 -3.767471 -4.793204 5.283439 -8.371524 0.000077 -0.000023 0.000006 0.010805 -0.152766 0.101196 0.686931 -3.879196 -10.624073 -0.672936 3.575412 -10.619715 -17.281204 -16.894007 9.338335 -25.474377 -26.251247 -22.479906 -178.864746 -72.863312 178.843201 10.193722 4.992186 15.436605 -5.882100 9.861278 0.702589 -10.936858 -0.360576 7.156195 -0.000001 8.774814 -0.000002 -16.011341 17.357857 6.138451 -1.844031 2.498503 -2.507276 -10.163590 4.678941 4.621103 -20.975996 -0.000002 0.000002 -21.226250 2.451692 -3.593996 -0.000000 -0.000005 0.000000 -1.362681 2.240796 -0.746322 -21.334887 0.584907 3.008318 -13.821195 -0.000001 0.000002 -23.887129 -0.249081 -0.839481 -61.033371 2.551476 -1.511040 -0.294024 1.679686 0.833254 -14.218194 0.093214 1.300578 -34.212006 -0.287562 0.967168 -20.033178 0.964534 1.212840 0.000000 0.000002 0.000000 -3.440385 0.788232 0.501653 -15.928165 -3.167308 2.999703 -6.338815 -0.000001 0.000000 -18.123415 3.648177 -4.905662 -0.000004 0.000001 -0.000002 17.157648 18.358103 12.628438 50.829201 45.923382 14.454457 -179.815109 55.574265 -179.736603 -15.985550 4.780351 -6.158177 2.243538 -5.255032 -3.180154 14.282877 -0.826591 6.952495 -0.000001 -12.690590 -0.000002 15.955384 -17.717762 2.685743 1.665664 -1.955919 -2.878296 4.727795 -4.170582 4.993919 11.020512 0.000004 0.000000 12.109028 -3.735708 -2.866779 0.000000 -0.000000 -0.000000 1.291984 -1.928548 -1.498090 14.800114 0.567469 3.865603 14.242553 -1.341734 -6.660648 19.631937 0.143926 -0.648241 49.290211 -0.594356 -5.846129 0.353030 -1.511149 -0.031941 20.222769 3.684307 2.316628 18.787245 0.000007 -0.000001 10.751611 -0.479866 1.397905 -0.000000 0.000000 0.000001 3.273804 0.305947 -0.580112 21.486797 11.830365 2.266135 8.162918 0.000003 0.000000 18.399048 -3.798977 -4.940566 0.000003 -0.000002 -0.000000 18.384684 -0.765782 -10.839403 -0.114066 -0.390359 24.595530 -14.126305 11.396192 -4.548617 1.641873 -2.022078 -1.733975 -0.000000 0.000000 0.000002 2.601947 4.140805 17.523527 -0.077650 0.071681 6.266095 8.074320 -6.656252 -12.652352 -1.476381 1.195502 -1.344777 -0.000000 -0.000000 -0.000001 
0.458610 96.684639 -0.420246 -6.105527 0.125927 -9.569068 3.317458 0.061736 -1.361047 0.183917 -0.322411 -5.092586 3.740592 -2.529336 11.768133 -2.126136 4.041501 12.763341 0.383605 3.556448 -3.763752 -4.808445 5.278137 -8.393465 0.000077 -0.000022 0.000006 0.011657 -0.152851 0.101395 0.688466 -3.879570 -10.604715 -0.675135 3.574755 -10.603727 -17.326479 -16.912819 9.289736 -25.450678 -26.199915 -22.430479 -178.936035 -72.895988 178.846069 10.215948 4.937427 15.548549 -5.882102 9.861277 0.702591 -10.936858 -0.360574 7.156198 0.000000 8.774811 -0.000001 -16.035170 17.382397 6.108539 -1.844031 2.498502 -2.507276 -10.163589 4.678939 4.621104 -20.975996 -0.000003 0.000004 -21.226248 2.451693 -3.593992 0.000001 -0.000006 -0.000001 -1.362681 2.240797 -0.746324 -21.334892 0.584907 3.008322 -13.821197 -0.000002 0.000004 -23.887125 -0.249078 -0.839481 -61.095764 2.553747 -1.499634 -0.294022 1.679685 0.833254 -14.218194 0.093215 1.300579 -34.212002 -0.287563 0.967169 -20.033176 0.964534 1.212841 -0.000000 0.000001 -0.000000 -3.440385 0.788233 0.501656 -15.928167 -3.167307 2.999704 -6.338815 0.000001 0.000002 -18.123411 3.648175 -4.905660 -0.000004 -0.000000 -0.000002 17.205166 18.331257 12.644667 50.837193 45.884907 14.490087 -179.742950 55.545574 -179.687271 -15.897227 4.774257 -6.059687 2.243540 -5.255032 -3.180155 14.282877 -0.826594 6.952496 -0.000002 -12.690586 0.000002 15.978886 -17.716112 2.697735 1.665665 -1.955919 -2.878296 4.727794 -4.170582 4.993918 11.020513 0.000003 0.000001 12.109032 -3.735708 -2.866779 0.000000 0.000001 0.000000 1.291984 -1.928548 -1.498088 14.800111 0.567468 3.865603 14.242553 -1.341734 -6.660650 19.631941 0.143925 -0.648244 49.273357 -0.615329 -5.822153 0.353028 -1.511149 -0.031941 20.222771 3.684304 2.316629 18.787245 0.000005 0.000001 10.751612 -0.479868 1.397905 -0.000000 -0.000001 0.000000 3.273805 0.305947 -0.580110 21.486790 11.830361 2.266130 8.162916 -0.000000 0.000001 18.399054 -3.798976 -4.940568 0.000003 -0.000002 0.000002 18.387451 -0.758469 -10.844356 -0.105509 -0.393356 24.565203 -14.118244 11.375257 -4.515779 1.642454 -2.018159 -1.749558 -0.000000 0.000000 0.000002 2.609725 4.123774 17.470375 -0.081138 0.086779 6.349231 8.056569 -6.662917 -12.701056 -1.477099 1.195271 -1.383298 -0.000000 -0.000000 -0.000001 
0.405627 96.677216 -0.433399 -6.104224 0.143241 -9.585193 3.319467 0.061438 -1.352188 0.182164 -0.325970 -5.078918 3.729595 -2.531554 11.757488 -2.093091 4.037262 12.771793 0.365229 3.581598 -3.761583 -4.822965 5.258721 -8.388936 0.000077 -0.000023 0.000006 0.013126 -0.159792 0.099628 0.689836 -3.882053 -10.600007 -0.672482 3.564652 -10.598903 -17.366888 -16.930862 9.249882 -25.443903 -26.142681 -22.352760 -179.100693 -72.918274 178.934738 10.219151 4.915468 15.710187 -5.882097 9.861276 0.702590 -10.936860 -0.360574 7.156199 -0.000000 8.774813 -0.000001 -16.008369 17.387020 6.101516 -1.844031 2.498501 -2.507277 -10.163589 4.678938 4.621106 -20.975994 -0.000004 0.000005 -21.226250 2.451690 -3.593991 0.000000 -0.000004 -0.000001 -1.362679 2.240797 -0.746324 -21.334887 0.584907 3.008322 -13.821194 -0.000002 0.000004 -23.887129 -0.249079 -0.839478 -61.124023 2.573539 -1.501164 -0.294024 1.679686 0.833255 -14.218194 0.093215 1.300580 -34.211998 -0.287564 0.967173 -20.033178 0.964537 1.212843 0.000000 0.000000 0.000000 -3.440385 0.788234 0.501657 -15.928167 -3.167308 2.999704 -6.338815 -0.000002 0.000002 -18.123413 3.648178 -4.905658 -0.000004 0.000001 -0.000002 17.259087 18.306896 12.664931 50.861908 45.848961 14.468926 -179.758057 55.568779 -179.699692 -15.849092 4.822047 -5.931120 2.243541 -5.255033 -3.180156 14.282877 -0.826595 6.952495 -0.000000 -12.690591 0.000000 16.001076 -17.755033 2.704916 1.665666 -1.955920 -2.878299 4.727793 -4.170583 4.993919 11.020511 0.000003 -0.000001 12.109029 -3.735711 -2.866779 -0.000001 -0.000000 0.000000 1.291984 -1.928548 -1.498087 14.800109 0.567468 3.865602 14.242553 -1.341736 -6.660650 19.631937 0.143925 -0.648242 49.321198 -0.615197 -5.832792 0.353028 -1.511149 -0.031940 20.222765 3.684306 2.316629 18.787243 0.000006 -0.000002 10.751610 -0.479868 1.397905 -0.000000 0.000000 0.000002 3.273804 0.305946 -0.580109 21.486790 11.830363 2.266131 8.162917 0.000001 0.000000 18.399052 -3.798977 -4.940568 0.000003 -0.000003 0.000001 18.419334 -0.768942 -10.828910 -0.107943 -0.397869 24.531338 -14.112611 11.366396 -4.478757 1.642964 -2.017170 -1.761932 0.000000 0.000000 0.000002 2.630834 4.077587 17.426434 -0.083042 0.099171 6.458082 8.024670 -6.631160 -12.772362 -1.476138 1.195725 -1.397881 -0.000000 0.000000 -0.000001 
0.417835 96.669510 -0.427411 -6.110472 0.175501 -9.597446 3.325017 0.034193 -1.356010 0.190374 -0.298751 -5.066012 3.714811 -2.551856 11.745949 -2.063982 4.043862 12.804857 0.353613 3.599021 -3.766455 -4.820868 5.260500 -8.402753 0.000077 -0.000023 0.000006 0.012568 -0.153374 0.100467 0.690865 -3.878065 -10.606530 -0.675997 3.580802 -10.599818 -17.422863 -16.954449 9.247951 -25.428389 -26.107851 -22.413534 -178.984909 -72.945831 178.763916 10.171515 4.924066 15.811666 -5.882103 9.861280 0.702590 -10.936860 -0.360576 7.156196 -0.000000 8.774812 -0.000001 -15.984370 17.379190 6.071739 -1.844032 2.498504 -2.507277 -10.163589 4.678940 4.621102 -20.975996 -0.000001 0.000003 -21.226254 2.451695 -3.593994 0.000001 -0.000005 -0.000000 -1.362681 2.240798 -0.746324 -21.334892 0.584909 3.008322 -13.821194 -0.000001 0.000004 -23.887129 -0.249078 -0.839480 -61.056793 2.577819 -1.509503 -0.294025 1.679685 0.833255 -14.218194 0.093214 1.300579 -34.212002 -0.287562 0.967170 -20.033180 0.964535 1.212841 -0.000001 0.000000 0.000000 -3.440385 0.788233 0.501653 -15.928169 -3.167307 2.999704 -6.338817 0.000002 0.000002 -18.123415 3.648175 -4.905662 -0.000004 0.000001 -0.000002 17.283783 18.279650 12.635522 50.935040 45.776058 14.403994 -179.908432 55.584263 -179.801590 -15.834094 4.883711 -5.882915 2.243541 -5.255033 -3.180154 14.282877 -0.826593 6.952495 -0.000001 -12.690588 0.000000 16.044584 -17.808865 2.687809 1.665665 -1.955920 -2.878298 4.727794 -4.170584 4.993919 11.020514 0.000003 -0.000001 12.109033 -3.735710 -2.866780 -0.000001 -0.000000 0.000001 1.291984 -1.928547 -1.498087 14.800113 0.567469 3.865605 14.242553 -1.341733 -6.660646 19.631939 0.143926 -0.648242 49.343147 -0.654882 -5.856514 0.353029 -1.511149 -0.031941 20.222769 3.684306 2.316627 18.787245 0.000007 -0.000002 10.751612 -0.479867 1.397904 -0.000000 0.000001 -0.000001 3.273804 0.305947 -0.580111 21.486794 11.830360 2.266130 8.162917 0.000000 -0.000001 18.399054 -3.798978 -4.940567 0.000003 -0.000002 -0.000000 18.412556 -0.793159 -10.856252 -0.106455 -0.396041 24.591532 -14.099784 11.355392 -4.505572 1.645640 -2.016643 -1.787367 0.000000 -0.000000 0.000002 2.623653 4.026047 17.466494 -0.082355 0.112129 6.410038 8.003116 -6.612074 -12.779253 -1.477872 1.187288 -1.407571 -0.000000 0.000000 -0.000001 
0.396125 96.670471 -0.431626 -6.109296 0.202822 -9.626961 3.328923 0.031341 -1.349872 0.194706 -0.293530 -5.069513 3.698525 -2.563078 11.757855 -2.047556 4.034736 12.823462 0.355841 3.625121 -3.764566 -4.803885 5.258891 -8.388147 0.000077 -0.000023 0.000006 0.011657 -0.156940 0.095257 0.692355 -3.888357 -10.614868 -0.679197 3.573654 -10.608282 -17.438501 -16.968845 9.256873 -25.410152 -26.094246 -22.447317 -179.074966 -72.985313 178.815567 10.125682 4.928221 15.858759 -5.882101 9.861278 0.702588 -10.936860 -0.360577 7.156196 -0.000001 8.774811 -0.000002 -15.949073 17.362278 6.070131 -1.844031 2.498502 -2.507277 -10.163589 4.678941 4.621102 -20.975996 -0.000004 0.000002 -21.226255 2.451692 -3.593994 0.000000 -0.000006 -0.000000 -1.362680 2.240796 -0.746324 -21.334887 0.584905 3.008318 -13.821195 -0.000001 0.000003 -23.887131 -0.249078 -0.839482 -60.994400 2.562196 -1.500372 -0.294025 1.679685 0.833254 -14.218190 0.093213 1.300578 -34.212002 -0.287563 0.967169 -20.033180 0.964536 1.212841 0.000000 0.000000 0.000000 -3.440386 0.788233 0.501657 -15.928169 -3.167306 2.999704 -6.338817 0.000001 0.000001 -18.123415 3.648175 -4.905663 -0.000004 -0.000001 -0.000002 17.293407 18.250805 12.637650 50.993870 45.742386 14.290712 179.879135 55.619587 -179.989975 -15.883327 4.959161 -5.951979 2.243538 -5.255032 -3.180155 14.282877 -0.826592 6.952496 -0.000003 -12.690587 -0.000001 16.037165 -17.811499 2.678896 1.665665 -1.955920 -2.878296 4.727795 -4.170582 4.993920 11.020514 0.000003 -0.000001 12.109033 -3.735710 -2.866781 -0.000001 0.000001 0.000002 1.291985 -1.928547 -1.498086 14.800113 0.567467 3.865602 14.242553 -1.341736 -6.660648 19.631939 0.143926 -0.648243 49.335678 -0.663727 -5.872538 0.353029 -1.511149 -0.031939 20.222773 3.684303 2.316630 18.787245 0.000005 -0.000001 10.751611 -0.479868 1.397905 -0.000001 0.000001 0.000001 3.273804 0.305947 -0.580110 21.486790 11.830361 2.266132 8.162917 0.000003 0.000000 18.399054 -3.798979 -4.940569 0.000003 -0.000002 -0.000000 18.416521 -0.841871 -10.819966 -0.101843 -0.394690 24.550308 -14.093699 11.379855 -4.480258 1.648192 -2.019149 -1.825518 0.000000 -0.000000 0.000002 2.627214 3.971006 17.473696 -0.086344 0.112739 6.459526 7.979976 -6.587203 -12.780564 -1.478214 1.180849 -1.410321 -0.000000 -0.000000 -0.000001 
0.366130 96.679153 -0.430593 -6.102465 0.246129 -9.667835 3.338189 0.030957 -1.349353 0.195223 -0.297905 -5.076514 3.685057 -2.573051 11.786463 -2.045611 4.041336 12.866698 0.360833 3.639122 -3.764608 -4.790176 5.256920 -8.368181 0.000077 -0.000023 0.000006 0.011514 -0.166845 0.094576 0.691930 -3.896206 -10.619499 -0.679134 3.563039 -10.612023 -17.449909 -16.978441 9.286599 -25.413315 -26.114944 -22.511421 -179.034714 -73.003662 178.815842 10.085790 4.916229 15.831103 -5.882103 9.861278 0.702590 -10.936859 -0.360575 7.156196 -0.000000 8.774814 -0.000000 -15.950962 17.355314 6.087531 -1.844030 2.498502 -2.507276 -10.163592 4.678941 4.621105 -20.975998 -0.000001 0.000002 -21.226254 2.451696 -3.593994 0.000000 -0.000006 -0.000001 -1.362680 2.240796 -0.746323 -21.334892 0.584908 3.008320 -13.821197 -0.000001 0.000004 -23.887131 -0.249076 -0.839484 -60.986496 2.533805 -1.471007 -0.294025 1.679685 0.833253 -14.218195 0.093216 1.300580 -34.212002 -0.287560 0.967168 -20.033178 0.964537 1.212840 -0.000001 0.000000 0.000000 -3.440385 0.788233 0.501657 -15.928167 -3.167307 2.999702 -6.338817 0.000002 0.000001 -18.123415 3.648181 -4.905663 -0.000004 -0.000000 -0.000002 17.298512 18.229921 12.630413 51.047432 45.681831 14.219670 179.722519 55.624664 179.893082 -15.974590 5.024047 -6.009774 2.243540 -5.255033 -3.180154 14.282877 -0.826594 6.952497 -0.000001 -12.690591 0.000000 16.099876 -17.791464 2.641749 1.665664 -1.955919 -2.878297 4.727794 -4.170583 4.993918 11.020510 0.000003 0.000001 12.109032 -3.735709 -2.866779 -0.000001 0.000001 -0.000000 1.291985 -1.928548 -1.498087 14.800111 0.567468 3.865602 14.242553 -1.341735 -6.660648 19.631939 0.143926 -0.648243 49.303226 -0.646969 -5.903590 0.353028 -1.511150 -0.031941 20.222771 3.684306 2.316629 18.787247 0.000003 -0.000001 10.751610 -0.479870 1.397904 -0.000000 0.000000 0.000001 3.273804 0.305947 -0.580111 21.486792 11.830361 2.266130 8.162917 0.000001 -0.000001 18.399055 -3.798980 -4.940568 0.000003 -0.000002 -0.000000 18.415424 -0.921663 -10.747011 -0.102040 -0.397292 24.453714 -14.105210 11.444162 -4.438614 1.648456 -2.032230 -1.852251 -0.000000 -0.000000 0.000002 2.644087 3.943769 17.491779 -0.091352 0.100890 6.524865 7.933571 -6.560463 -12.751665 -1.478083 1.175369 -1.420541 -0.000000 0.000000 -0.000001 
0.352571 96.672646 -0.408411 -6.100005 0.290548 -9.699437 3.352661 0.017453 -1.354856 0.196264 -0.301331 -5.069785 3.684850 -2.587954 11.784795 -2.053809 4.056427 12.927861 0.383659 3.619899 -3.771062 -4.788554 5.291568 -8.345481 0.000077 -0.000022 0.000006 0.012298 -0.176622 0.096472 0.690753 -3.908752 -10.632360 -0.678662 3.556787 -10.621886 -17.465261 -16.991552 9.301832 -25.464533 -26.116909 -22.481619 -179.046021 -72.989319 178.889755 10.016896 4.926535 15.759962 -5.882101 9.861277 0.702592 -10.936858 -0.360577 7.156196 0.000001 8.774812 -0.000001 -15.926616 17.345551 6.102995 -1.844030 2.498501 -2.507275 -10.163589 4.678936 4.621103 -20.975996 -0.000007 0.000004 -21.226255 2.451689 -3.593992 0.000001 -0.000005 -0.000001 -1.362682 2.240798 -0.746323 -21.334887 0.584906 3.008321 -13.821197 -0.000003 0.000004 -23.887129 -0.249080 -0.839478 -60.940693 2.516106 -1.448775 -0.294025 1.679687 0.833256 -14.218192 0.093215 1.300580 -34.212006 -0.287565 0.967171 -20.033178 0.964533 1.212844 -0.000000 0.000000 0.000000 -3.440386 0.788232 0.501656 -15.928167 -3.167308 2.999702 -6.338817 -0.000001 0.000003 -18.123413 3.648173 -4.905659 -0.000004 0.000001 -0.000002 17.294695 18.208704 12.611895 51.101425 45.626755 14.215580 179.680695 55.633244 179.856277 -16.054749 5.087345 -5.998291 2.243540 -5.255033 -3.180156 14.282878 -0.826594 6.952496 -0.000000 -12.690591 -0.000002 16.093863 -17.776089 2.627812 1.665665 -1.955920 -2.878298 4.727794 -4.170583 4.993919 11.020514 0.000003 -0.000001 12.109034 -3.735710 -2.866779 0.000000 0.000001 0.000000 1.291985 -1.928549 -1.498087 14.800113 0.567466 3.865604 14.242553 -1.341734 -6.660650 19.631941 0.143926 -0.648243 49.283314 -0.632047 -5.919682 0.353029 -1.511150 -0.031940 20.222771 3.684306 2.316626 18.787249 0.000006 -0.000002 10.751613 -0.479870 1.397903 -0.000000 0.000000 0.000000 3.273805 0.305946 -0.580109 21.486794 11.830361 2.266131 8.162919 0.000000 -0.000001 18.399055 -3.798977 -4.940569 0.000003 -0.000002 -0.000000 18.410524 -1.002711 -10.728129 -0.102671 -0.399588 24.473614 -14.124517 11.453263 -4.468404 1.650560 -2.028680 -1.868644 0.000000 -0.000000 0.000002 2.618796 3.921421 17.607471 -0.096927 0.092641 6.480453 7.974210 -6.538061 -12.712465 -1.478295 1.174888 -1.446479 0.000000 0.000000 -0.000001 
0.327364 96.681801 -0.409297 -6.089989 0.328347 -9.741196 3.372528 0.035861 -1.343727 0.175966 -0.352890 -5.085497 3.704729 -2.569968 11.812260 -2.053566 4.071956 12.991144 0.403993 3.608818 -3.763861 -4.804887 5.278924 -8.306554 0.000077 -0.000022 0.000006 0.012687 -0.179991 0.098281 0.691845 -3.914456 -10.639062 -0.676397 3.552988 -10.623706 -17.452868 -17.029144 9.310887 -25.519264 -26.074881 -22.439329 -179.142044 -72.976212 179.005920 9.994674 4.911334 15.702766 -5.882100 9.861278 0.702591 -10.936858 -0.360575 7.156196 0.000001 8.774813 0.000001 -15.968691 17.319956 6.108174 -1.844031 2.498502 -2.507276 -10.163589 4.678938 4.621105 -20.975996 -0.000005 0.000004 -21.226254 2.451693 -3.593990 0.000001 -0.000006 -0.000001 -1.362680 2.240796 -0.746322 -21.334896 0.584908 3.008321 -13.821197 -0.000002 0.000004 -23.887131 -0.249077 -0.839480 -60.954018 2.501109 -1.428330 -0.294023 1.679687 0.833257 -14.218195 0.093212 1.300579 -34.212006 -0.287564 0.967172 -20.033180 0.964534 1.212843 -0.000000 0.000000 0.000001 -3.440386 0.788231 0.501654 -15.928169 -3.167309 2.999704 -6.338815 0.000000 0.000003 -18.123413 3.648174 -4.905661 -0.000004 -0.000000 -0.000002 17.303070 18.193214 12.566789 51.117466 45.536366 14.204764 179.635254 55.653046 179.798569 -16.145302 5.169773 -5.913670 2.243539 -5.255032 -3.180155 14.282875 -0.826594 6.952494 -0.000001 -12.690590 0.000002 16.076780 -17.745710 2.643188 1.665665 -1.955920 -2.878298 4.727791 -4.170582 4.993919 11.020512 0.000002 -0.000001 12.109031 -3.735708 -2.866780 -0.000001 0.000001 -0.000000 1.291984 -1.928547 -1.498089 14.800109 0.567468 3.865601 14.242553 -1.341732 -6.660652 19.631935 0.143927 -0.648244 49.233414 -0.615488 -5.890225 0.353028 -1.511149 -0.031940 20.222767 3.684307 2.316626 18.787245 0.000006 -0.000003 10.751610 -0.479865 1.397903 0.000000 0.000000 0.000000 3.273805 0.305946 -0.580108 21.486788 11.830360 2.266130 8.162914 0.000002 -0.000001 18.399048 -3.798978 -4.940568 0.000003 -0.000003 -0.000000 18.404694 -1.072023 -10.652485 -0.103218 -0.399600 24.376314 -14.142245 11.465211 -4.425871 1.651170 -2.025787 -1.867156 0.000000 -0.000000 0.000002 2.654753 3.875327 17.582531 -0.097856 0.074666 6.543142 7.932202 -6.497692 -12.728810 -1.477885 1.188424 -1.449322 0.000000 0.000000 -0.000001 
0.306419 96.683868 -0.396378 -6.078927 0.383468 -9.768646 3.380342 0.019608 -1.348458 0.162860 -0.373686 -5.088298 3.737035 -2.562871 11.827616 -2.069227 4.079990 13.063038 0.426194 3.574941 -3.757804 -4.809988 5.269169 -8.300664 0.000077 -0.000022 0.000006 0.012256 -0.183264 0.103568 0.691665 -3.919930 -10.640924 -0.677049 3.546208 -10.626175 -17.445456 -17.064857 9.337533 -25.521627 -26.076675 -22.471443 -179.018478 -72.996376 178.916901 9.938445 4.881716 15.657625 -5.882100 9.861276 0.702589 -10.936858 -0.360576 7.156196 -0.000000 8.774813 -0.000001 -15.971252 17.302574 6.104693 -1.844031 2.498503 -2.507276 -10.163589 4.678939 4.621106 -20.975994 -0.000005 0.000003 -21.226248 2.451688 -3.593992 0.000001 -0.000006 -0.000001 -1.362680 2.240795 -0.746324 -21.334892 0.584907 3.008320 -13.821197 -0.000002 0.000003 -23.887133 -0.249079 -0.839481 -60.907574 2.487927 -1.446429 -0.294026 1.679687 0.833256 -14.218190 0.093213 1.300578 -34.211998 -0.287566 0.967170 -20.033176 0.964535 1.212843 -0.000000 0.000000 0.000000 -3.440385 0.788233 0.501656 -15.928165 -3.167310 2.999703 -6.338814 -0.000001 0.000001 -18.123413 3.648176 -4.905660 -0.000004 0.000001 -0.000002 17.280111 18.185364 12.516894 51.154507 45.496750 14.178922 179.682739 55.677711 179.793594 -16.203751 5.242658 -5.808196 2.243540 -5.255033 -3.180156 14.282877 -0.826594 6.952495 -0.000001 -12.690590 0.000001 16.069143 -17.712669 2.626935 1.665665 -1.955920 -2.878298 4.727793 -4.170583 4.993918 11.020512 0.000003 0.000000 12.109031 -3.735709 -2.866779 0.000000 -0.000000 0.000001 1.291985 -1.928547 -1.498088 14.800113 0.567466 3.865602 14.242553 -1.341736 -6.660649 19.631939 0.143924 -0.648244 49.276131 -0.580662 -5.902118 0.353029 -1.511149 -0.031941 20.222767 3.684305 2.316628 18.787245 0.000006 -0.000002 10.751610 -0.479867 1.397904 -0.000001 0.000001 0.000001 3.273804 0.305947 -0.580111 21.486788 11.830360 2.266128 8.162916 0.000002 0.000000 18.399054 -3.798979 -4.940569 0.000003 -0.000002 0.000001 18.394020 -1.131255 -10.616598 -0.102943 -0.399397 24.332638 -14.161992 11.427613 -4.410377 1.650029 -2.025992 -1.868194 -0.000000 0.000000 0.000002 2.612961 3.854814 17.658596 -0.096441 0.066582 6.550485 7.974291 -6.489802 -12.675780 -1.476622 1.193222 -1.464576 0.000000 0.000000 -0.000001 
0.285840 96.681313 -0.405647 -6.065444 0.431744 -9.771156 3.388296 0.010934 -1.359093 0.160822 -0.382852 -5.078135 3.755472 -2.565892 11.823749 -2.076817 4.099658 13.123407 0.427943 3.541701 -3.746581 -4.783891 5.250427 -8.259260 0.000077 -0.000023 0.000006 0.011118 -0.183565 0.108819 0.691211 -3.920409 -10.633987 -0.675706 3.552017 -10.618902 -17.460947 -17.076061 9.348391 -25.529932 -26.071463 -22.524820 -178.753159 -72.975777 178.688843 9.894135 4.895055 15.665772 -5.882100 9.861279 0.702591 -10.936858 -0.360576 7.156197 0.000000 8.774815 -0.000001 -15.982572 17.288332 6.085135 -1.844031 2.498503 -2.507277 -10.163589 4.678939 4.621106 -20.975994 -0.000002 0.000002 -21.226254 2.451691 -3.593993 0.000001 -0.000006 -0.000000 -1.362680 2.240796 -0.746322 -21.334887 0.584907 3.008323 -13.821197 -0.000003 0.000005 -23.887131 -0.249074 -0.839480 -60.895020 2.496877 -1.481969 -0.294024 1.679687 0.833255 -14.218190 0.093214 1.300579 -34.211998 -0.287562 0.967169 -20.033176 0.964536 1.212840 -0.000000 0.000000 0.000000 -3.440384 0.788234 0.501656 -15.928169 -3.167305 2.999705 -6.338817 -0.000001 0.000002 -18.123411 3.648180 -4.905661 -0.000004 0.000001 -0.000002 17.258410 18.172350 12.491682 51.185143 45.468941 14.138684 179.615341 55.700459 179.736023 -16.312971 5.263644 -5.819544 2.243540 -5.255033 -3.180155 14.282878 -0.826593 6.952496 -0.000002 -12.690591 -0.000002 16.081617 -17.693819 2.604295 1.665665 -1.955919 -2.878298 4.727795 -4.170583 4.993916 11.020512 0.000004 -0.000000 12.109031 -3.735709 -2.866778 0.000000 -0.000000 -0.000000 1.291982 -1.928547 -1.498090 14.800113 0.567468 3.865605 14.242551 -1.341735 -6.660647 19.631941 0.143926 -0.648239 49.304375 -0.563982 -5.880185 0.353029 -1.511149 -0.031940 20.222773 3.684305 2.316632 18.787247 0.000005 0.000001 10.751612 -0.479866 1.397905 -0.000000 0.000000 0.000001 3.273805 0.305947 -0.580111 21.486792 11.830366 2.266134 8.162917 0.000002 0.000001 18.399054 -3.798980 -4.940567 0.000003 -0.000002 0.000001 18.386894 -1.148605 -10.629398 -0.107055 -0.397909 24.309292 -14.175130 11.359088 -4.381811 1.651545 -2.019534 -1.863667 0.000000 0.000000 0.000002 2.650959 3.817200 17.581053 -0.093095 0.067569 6.636601 7.922983 -6.497624 -12.770891 -1.477547 1.202724 -1.446796 0.000000 0.000000 -0.000001 
0.255125 96.675262 -0.379982 -6.044856 0.466912 -9.782258 3.392603 0.016300 -1.349738 0.160473 -0.390480 -5.074827 3.775879 -2.565075 11.824190 -2.085635 4.099959 13.169367 0.429292 3.506643 -3.735189 -4.753835 5.238093 -8.229257 0.000077 -0.000023 0.000006 0.012591 -0.170370 0.109209 0.691958 -3.910373 -10.632659 -0.677522 3.561127 -10.622217 -17.487442 -17.064283 9.317548 -25.569559 -26.095675 -22.491562 -178.467102 -73.001938 178.481491 9.871343 4.886026 15.648252 -5.882102 9.861278 0.702588 -10.936858 -0.360576 7.156199 -0.000000 8.774812 0.000000 -15.997502 17.285498 6.067608 -1.844028 2.498501 -2.507276 -10.163589 4.678939 4.621105 -20.975998 -0.000001 0.000003 -21.226254 2.451692 -3.593994 0.000001 -0.000004 -0.000000 -1.362681 2.240795 -0.746321 -21.334894 0.584909 3.008320 -13.821197 -0.000002 0.000004 -23.887131 -0.249079 -0.839482 -60.937237 2.513163 -1.511958 -0.294025 1.679685 0.833255 -14.218194 0.093214 1.300579 -34.212002 -0.287562 0.967169 -20.033178 0.964533 1.212842 0.000000 0.000000 0.000000 -3.440386 0.788234 0.501656 -15.928169 -3.167304 2.999707 -6.338817 0.000000 0.000001 -18.123415 3.648173 -4.905659 -0.000004 -0.000001 -0.000001 17.233654 18.172295 12.455256 51.255329 45.429924 14.109418 179.540604 55.702507 179.665176 -16.440924 5.277150 -5.896472 2.243539 -5.255030 -3.180157 14.282875 -0.826591 6.952497 -0.000002 -12.690587 -0.000001 16.076385 -17.663298 2.596512 1.665666 -1.955920 -2.878297 4.727793 -4.170582 4.993918 11.020512 0.000004 0.000000 12.109035 -3.735708 -2.866779 -0.000001 0.000000 -0.000000 1.291985 -1.928548 -1.498089 14.800114 0.567469 3.865603 14.242553 -1.341733 -6.660647 19.631939 0.143926 -0.648243 49.333687 -0.528700 -5.901569 0.353028 -1.511149 -0.031940 20.222767 3.684307 2.316628 18.787245 0.000006 -0.000002 10.751610 -0.479867 1.397903 -0.000000 0.000001 -0.000000 3.273804 0.305947 -0.580110 21.486790 11.830360 2.266132 8.162916 0.000003 0.000002 18.399054 -3.798978 -4.940566 0.000003 -0.000002 0.000002 18.384449 -1.153166 -10.611174 -0.111455 -0.390452 24.301271 -14.187732 11.270924 -4.381834 1.651829 -2.016449 -1.838318 0.000000 -0.000000 0.000002 2.646349 3.810084 17.613113 -0.084695 0.062235 6.632169 7.908296 -6.519194 -12.810134 -1.478055 1.212299 -1.441502 0.000000 0.000000 -0.000001 
0.271765 96.663071 -0.361955 -6.019015 0.493858 -9.790582 3.404442 0.036082 -1.337202 0.159461 -0.408389 -5.081470 3.784325 -2.559643 11.832732 -2.089853 4.086999 13.206704 0.417146 3.493593 -3.735883 -4.723980 5.206094 -8.195328 0.000077 -0.000022 0.000006 0.010035 -0.169919 0.107583 0.696640 -3.909403 -10.643105 -0.681954 3.561339 -10.629392 -17.527004 -17.061804 9.275681 -25.582502 -26.078529 -22.413919 -178.354614 -73.064667 178.429489 9.867693 4.845982 15.620360 -5.882102 9.861279 0.702590 -10.936858 -0.360573 7.156195 0.000000 8.774812 0.000000 -16.020023 17.299246 6.060654 -1.844031 2.498505 -2.507275 -10.163589 4.678941 4.621102 -20.975994 -0.000003 0.000000 -21.226255 2.451692 -3.593996 0.000001 -0.000006 -0.000001 -1.362681 2.240796 -0.746322 -21.334892 0.584908 3.008316 -13.821197 0.000000 0.000002 -23.887131 -0.249079 -0.839486 -60.950844 2.497737 -1.534209 -0.294024 1.679689 0.833255 -14.218194 0.093216 1.300577 -34.212006 -0.287564 0.967165 -20.033182 0.964533 1.212839 -0.000000 0.000000 0.000000 -3.440385 0.788232 0.501653 -15.928171 -3.167309 2.999702 -6.338818 0.000002 0.000001 -18.123417 3.648178 -4.905665 -0.000004 0.000002 -0.000002 17.225880 18.180630 12.436116 51.214813 45.408562 14.001899 179.485260 55.690941 179.583267 -16.562830 5.294208 -5.996336 2.243540 -5.255032 -3.180155 14.282877 -0.826593 6.952493 0.000000 -12.690590 0.000002 16.086397 -17.647078 2.592211 1.665664 -1.955920 -2.878297 4.727794 -4.170583 4.993919 11.020513 0.000003 -0.000001 12.109034 -3.735711 -2.866779 0.000000 0.000000 0.000001 1.291983 -1.928547 -1.498089 14.800114 0.567468 3.865603 14.242554 -1.341735 -6.660646 19.631939 0.143925 -0.648243 49.365448 -0.529042 -5.905115 0.353028 -1.511149 -0.031938 20.222769 3.684305 2.316627 18.787247 0.000005 -0.000001 10.751611 -0.479870 1.397904 0.000000 0.000001 0.000001 3.273805 0.305947 -0.580111 21.486792 11.830361 2.266132 8.162918 0.000003 -0.000001 18.399052 -3.798979 -4.940566 0.000003 -0.000003 -0.000000 18.342857 -1.146984 -10.637138 -0.111561 -0.389857 24.376314 -14.174846 11.223043 -4.421528 1.650663 -2.032771 -1.822610 0.000000 -0.000000 0.000002 2.612765 3.805047 17.608170 -0.086007 0.070628 6.694691 7.944788 -6.496707 -12.883553 -1.479345 1.217411 -1.465314 -0.000000 0.000000 -0.000001 
0.284193 96.663864 -0.304770 -5.991992 0.516668 -9.776435 3.405589 0.034025 -1.347106 0.172099 -0.394057 -5.075299 3.784531 -2.572539 11.823777 -2.091841 4.093321 13.241382 0.409737 3.433782 -3.752045 -4.682327 5.180672 -8.159197 0.000077 -0.000023 0.000006 0.007296 -0.163614 0.104984 0.696652 -3.902243 -10.648313 -0.691747 3.572795 -10.634515 -17.540550 -17.048824 9.247603 -25.654106 -26.075731 -22.280495 -178.303299 -73.079918 178.468750 9.887688 4.777904 15.645528 -5.882100 9.861278 0.702591 -10.936860 -0.360573 7.156199 0.000001 8.774812 -0.000001 -16.074612 17.330524 6.058471 -1.844031 2.498504 -2.507275 -10.163590 4.678939 4.621106 -20.975994 -0.000003 0.000006 -21.226254 2.451693 -3.593991 0.000001 -0.000006 -0.000001 -1.362681 2.240795 -0.746324 -21.334887 0.584908 3.008322 -13.821197 -0.000000 0.000005 -23.887133 -0.249079 -0.839479 -60.959225 2.501002 -1.537765 -0.294023 1.679685 0.833254 -14.218194 0.093214 1.300580 -34.212006 -0.287562 0.967177 -20.033178 0.964536 1.212845 -0.000000 0.000002 -0.000001 -3.440384 0.788231 0.501655 -15.928167 -3.167306 2.999707 -6.338817 -0.000001 0.000003 -18.123411 3.648177 -4.905658 -0.000004 -0.000000 -0.000002 17.215334 18.170654 12.406901 51.240967 45.357063 13.980221 179.484482 55.697987 179.609314 -16.625891 5.365712 -6.116692 2.243540 -5.255033 -3.180155 14.282875 -0.826593 6.952499 -0.000002 -12.690592 0.000000 16.054031 -17.653484 2.602066 1.665665 -1.955920 -2.878295 4.727794 -4.170583 4.993919 11.020511 0.000004 0.000000 12.109034 -3.735709 -2.866780 0.000000 0.000001 0.000002 1.291984 -1.928548 -1.498085 14.800113 0.567468 3.865604 14.242550 -1.341733 -6.660648 19.631937 0.143928 -0.648242 49.351700 -0.540946 -5.923944 0.353027 -1.511149 -0.031941 20.222765 3.684307 2.316629 18.787249 0.000007 0.000000 10.751612 -0.479867 1.397904 -0.000000 0.000001 0.000001 3.273804 0.305947 -0.580109 21.486792 11.830361 2.266131 8.162916 0.000001 0.000000 18.399054 -3.798981 -4.940566 0.000004 -0.000001 0.000001 18.304573 -1.133813 -10.631913 -0.111310 -0.384253 24.400253 -14.179894 11.155757 -4.463683 1.650083 -2.023209 -1.790463 0.000000 -0.000001 0.000002 2.568623 3.783041 17.677023 -0.083183 0.084800 6.593421 7.969655 -6.497083 -12.861974 -1.479153 1.213075 -1.479080 -0.000000 -0.000000 -0.000001 
0.285878 96.658386 -0.307949 -5.959590 0.549791 -9.774507 3.405610 0.030315 -1.338391 0.178268 -0.395021 -5.061825 3.784285 -2.581844 11.796103 -2.089889 4.077986 13.248560 0.400955 3.421974 -3.754238 -4.642314 5.173163 -8.127761 0.000077 -0.000023 0.000006 0.008029 -0.156957 0.102133 0.699718 -3.897596 -10.645344 -0.692121 3.578877 -10.632238 -17.551395 -17.038486 9.234962 -25.751911 -26.053659 -22.134769 -178.381424 -73.116852 178.556763 9.886962 4.722310 15.752444 -5.882100 9.861278 0.702591 -10.936860 -0.360573 7.156196 0.000000 8.774811 0.000000 -16.076853 17.344337 6.048556 -1.844031 2.498503 -2.507276 -10.163590 4.678941 4.621104 -20.975996 -0.000007 0.000003 -21.226255 2.451691 -3.593992 0.000001 -0.000006 -0.000001 -1.362681 2.240794 -0.746321 -21.334896 0.584909 3.008322 -13.821197 -0.000002 0.000004 -23.887131 -0.249077 -0.839481 -60.941593 2.518574 -1.533364 -0.294022 1.679684 0.833255 -14.218192 0.093214 1.300578 -34.212002 -0.287565 0.967169 -20.033180 0.964534 1.212841 0.000000 0.000001 0.000000 -3.440384 0.788232 0.501656 -15.928169 -3.167306 2.999706 -6.338817 -0.000001 0.000001 -18.123413 3.648176 -4.905661 -0.000004 0.000001 -0.000002 17.238890 18.174429 12.409399 51.168037 45.309761 13.934747 179.511688 55.683846 179.617859 -16.699198 5.436485 -6.082309 2.243540 -5.255032 -3.180155 14.282875 -0.826593 6.952496 -0.000004 -12.690587 0.000001 15.988892 -17.666605 2.614095 1.665664 -1.955920 -2.878296 4.727792 -4.170582 4.993920 11.020511 0.000005 -0.000000 12.109031 -3.735709 -2.866778 0.000000 0.000000 0.000000 1.291984 -1.928548 -1.498088 14.800114 0.567469 3.865603 14.242553 -1.341733 -6.660650 19.631937 0.143928 -0.648243 49.299118 -0.560443 -5.945399 0.353029 -1.511150 -0.031940 20.222767 3.684305 2.316629 18.787245 0.000006 -0.000002 10.751611 -0.479868 1.397904 0.000000 0.000000 -0.000001 3.273804 0.305947 -0.580110 21.486790 11.830362 2.266130 8.162918 0.000001 -0.000001 18.399054 -3.798978 -4.940566 0.000003 -0.000002 0.000001 18.260122 -1.144648 -10.652920 -0.111393 -0.392149 24.410027 -14.178142 11.125027 -4.461635 1.649618 -2.023234 -1.777349 -0.000000 0.000000 0.000002 2.534566 3.773232 17.604591 -0.087242 0.082394 6.750398 7.994475 -6.490280 -12.943889 -1.480439 1.218248 -1.492471 -0.000000 -0.000000 -0.000001 
0.308887 96.654358 -0.278791 -5.932352 0.602066 -9.773581 3.407137 0.030008 -1.345778 0.182297 -0.399449 -5.051912 3.775883 -2.594178 11.790511 -2.063280 4.058282 13.261944 0.382344 3.418575 -3.756213 -4.585052 5.165089 -8.103857 0.000077 -0.000023 0.000006 0.006164 -0.153648 0.100296 0.700381 -3.892066 -10.637454 -0.693871 3.574067 -10.624763 -17.546469 -17.029734 9.228292 -25.797495 -26.015856 -21.999630 -178.641846 -73.091309 178.758041 9.871243 4.713124 15.887470 -5.882100 9.861278 0.702590 -10.936854 -0.360574 7.156196 0.000000 8.774813 -0.000000 -16.089603 17.370350 6.065666 -1.844030 2.498501 -2.507277 -10.163589 4.678940 4.621105 -20.975992 -0.000003 0.000002 -21.226250 2.451694 -3.593995 0.000001 -0.000006 0.000000 -1.362680 2.240796 -0.746324 -21.334887 0.584908 3.008321 -13.821193 -0.000003 0.000004 -23.887129 -0.249080 -0.839481 -60.970356 2.536053 -1.502177 -0.294024 1.679684 0.833253 -14.218190 0.093216 1.300580 -34.211998 -0.287564 0.967170 -20.033176 0.964537 1.212841 -0.000000 0.000000 0.000000 -3.440384 0.788232 0.501655 -15.928167 -3.167306 2.999704 -6.338817 -0.000001 0.000002 -18.123413 3.648175 -4.905662 -0.000004 0.000001 -0.000002 17.247198 18.196800 12.421217 51.094082 45.295223 13.843140 179.528000 55.699787 179.639572 -16.744459 5.522915 -6.058286 2.243540 -5.255033 -3.180156 14.282875 -0.826591 6.952495 -0.000003 -12.690592 -0.000001 15.909327 -17.692448 2.665189 1.665664 -1.955919 -2.878295 4.727795 -4.170583 4.993917 11.020512 0.000004 -0.000001 12.109033 -3.735709 -2.866780 -0.000001 0.000000 0.000001 1.291985 -1.928548 -1.498088 14.800113 0.567467 3.865606 14.242553 -1.341734 -6.660647 19.631939 0.143927 -0.648241 49.297810 -0.577597 -5.935391 0.353028 -1.511149 -0.031940 20.222767 3.684309 2.316625 18.787245 0.000008 -0.000000 10.751610 -0.479868 1.397903 0.000000 0.000000 0.000001 3.273804 0.305947 -0.580110 21.486790 11.830365 2.266132 8.162915 0.000003 0.000000 18.399054 -3.798979 -4.940565 0.000004 -0.000002 -0.000000 18.209438 -1.130940 -10.676635 -0.116407 -0.398209 24.456224 -14.168563 11.047884 -4.489819 1.650130 -2.016838 -1.763458 0.000000 0.000000 0.000002 2.484828 3.736091 17.620171 -0.086702 0.081920 6.764899 8.041401 -6.508708 -12.969228 -1.479783 1.220000 -1.492215 -0.000000 0.000000 -0.000001 
0.330423 96.653152 -0.243085 -5.906358 0.649056 -9.761838 3.398030 0.014952 -1.350901 0.184149 -0.393854 -5.048665 3.778016 -2.611192 11.772995 -2.048588 4.026807 13.276205 0.374367 3.444602 -3.746257 -4.528275 5.141823 -8.111048 0.000077 -0.000023 0.000006 0.006339 -0.153166 0.101890 0.699798 -3.882118 -10.622238 -0.694653 3.582307 -10.610339 -17.547127 -17.015392 9.255618 -25.864969 -26.010393 -21.903513 -178.792191 -73.082260 178.855255 9.849242 4.744389 16.015463 -5.882102 9.861278 0.702589 -10.936858 -0.360575 7.156196 0.000000 8.774810 0.000001 -16.099384 17.370478 6.047194 -1.844031 2.498503 -2.507276 -10.163589 4.678941 4.621102 -20.975992 -0.000003 0.000002 -21.226250 2.451692 -3.593994 0.000001 -0.000006 -0.000001 -1.362680 2.240795 -0.746322 -21.334888 0.584907 3.008319 -13.821197 -0.000001 0.000003 -23.887129 -0.249078 -0.839481 -60.996025 2.536321 -1.498374 -0.294025 1.679687 0.833253 -14.218194 0.093215 1.300579 -34.211998 -0.287562 0.967167 -20.033176 0.964534 1.212841 0.000000 0.000000 0.000000 -3.440385 0.788232 0.501655 -15.928167 -3.167307 2.999704 -6.338815 -0.000001 0.000002 -18.123411 3.648177 -4.905661 -0.000004 -0.000000 -0.000002 17.266518 18.211494 12.440346 51.002468 45.279305 13.772845 179.599014 55.707218 179.716797 -16.754749 5.570324 -5.984935 2.243540 -5.255032 -3.180155 14.282877 -0.826595 6.952496 -0.000003 -12.690586 0.000000 15.909709 -17.704298 2.681922 1.665664 -1.955920 -2.878294 4.727793 -4.170582 4.993919 11.020512 0.000004 -0.000000 12.109031 -3.735708 -2.866780 0.000000 0.000001 0.000002 1.291985 -1.928548 -1.498089 14.800111 0.567467 3.865605 14.242554 -1.341733 -6.660648 19.631937 0.143929 -0.648243 49.307800 -0.611308 -5.918542 0.353028 -1.511149 -0.031942 20.222765 3.684307 2.316628 18.787243 0.000006 -0.000002 10.751610 -0.479867 1.397903 0.000000 0.000000 0.000000 3.273804 0.305947 -0.580109 21.486790 11.830361 2.266132 8.162916 0.000002 -0.000001 18.399048 -3.798977 -4.940566 0.000004 -0.000002 -0.000000 18.083935 -1.093709 -10.677162 -0.106630 -0.410991 24.492184 -14.089801 10.993649 -4.642935 1.651658 -2.006352 -1.765782 -0.000000 0.000000 0.000002 2.392902 3.742985 17.656256 -0.086645 0.071780 6.743233 8.139451 -6.501062 -12.939698 -1.479781 1.223826 -1.481308 -0.000000 0.000000 -0.000001 
0.325992 96.670219 -0.252710 -5.885247 0.670382 -9.755805 3.397096 0.000414 -1.367249 0.184125 -0.384946 -5.045013 3.779712 -2.623719 11.780522 -2.046881 4.019470 13.303618 0.374517 3.486928 -3.743798 -4.474166 5.109970 -8.144444 0.000077 -0.000022 0.000006 0.006318 -0.146924 0.099688 0.699724 -3.880722 -10.621877 -0.694209 3.583769 -10.612844 -17.554155 -17.005575 9.295875 -25.862425 -26.004936 -21.818148 -179.110062 -73.042343 179.100784 9.858272 4.834554 16.126314 -5.882099 9.861278 0.702589 -10.936861 -0.360575 7.156199 0.000000 8.774814 -0.000001 -16.105234 17.360947 6.075737 -1.844031 2.498502 -2.507276 -10.163589 4.678939 4.621107 -20.975992 -0.000004 0.000007 -21.226250 2.451693 -3.593990 0.000002 -0.000006 -0.000000 -1.362680 2.240798 -0.746323 -21.334887 0.584909 3.008323 -13.821197 -0.000002 0.000007 -23.887131 -0.249079 -0.839476 -61.028927 2.545380 -1.452874 -0.294026 1.679685 0.833255 -14.218190 0.093212 1.300581 -34.212002 -0.287563 0.967177 -20.033178 0.964537 1.212846 -0.000000 0.000000 0.000001 -3.440386 0.788232 0.501655 -15.928169 -3.167305 2.999706 -6.338817 0.000001 0.000001 -18.123413 3.648176 -4.905659 -0.000004 -0.000000 -0.000003 17.255537 18.268732 12.451959 50.901268 45.255077 13.694885 179.650787 55.699623 179.773376 -16.790649 5.580664 -5.937060 2.243540 -5.255033 -3.180155 14.282877 -0.826593 6.952492 -0.000001 -12.690591 0.000000 15.906056 -17.699648 2.712993 1.665664 -1.955919 -2.878297 4.727792 -4.170582 4.993918 11.020513 0.000004 -0.000002 12.109032 -3.735710 -2.866781 -0.000001 0.000001 0.000001 1.291984 -1.928547 -1.498088 14.800114 0.567467 3.865602 14.242556 -1.341734 -6.660648 19.631939 0.143928 -0.648243 49.315563 -0.617153 -5.907041 0.353029 -1.511149 -0.031941 20.222771 3.684305 2.316626 18.787247 0.000006 -0.000002 10.751612 -0.479867 1.397904 0.000001 0.000000 0.000000 3.273805 0.305947 -0.580110 21.486792 11.830361 2.266130 8.162917 0.000003 0.000000 18.399050 -3.798979 -4.940566 0.000004 -0.000002 -0.000000 18.127045 -1.068966 -10.663119 -0.103256 -0.420642 24.379005 -14.111022 10.978855 -4.435593 1.652388 -1.999195 -1.748213 -0.000000 -0.000000 0.000002 2.418863 3.699165 17.550499 -0.086914 0.080326 6.924395 8.113787 -6.505690 -12.961809 -1.478093 1.219769 -1.429627 -0.000000 0.000000 -0.000001 
0.331182 96.665726 -0.227785 -5.858162 0.684211 -9.742327 3.392085 -0.003897 -1.388001 0.187168 -0.374106 -5.052148 3.767575 -2.619801 11.776512 -2.036245 4.017260 13.336526 0.387264 3.486400 -3.741538 -4.458140 5.109264 -8.182355 0.000077 -0.000023 0.000006 0.005533 -0.160676 0.097365 0.694636 -3.894094 -10.625712 -0.692514 3.568562 -10.617149 -17.561069 -17.022652 9.303639 -25.825760 -25.990967 -21.752924 -179.179489 -73.076324 179.072449 9.892031 4.864211 16.234837 -5.882100 9.861278 0.702591 -10.936858 -0.360574 7.156196 0.000001 8.774814 -0.000001 -16.059534 17.353781 6.069201 -1.844028 2.498501 -2.507276 -10.163590 4.678939 4.621104 -20.975996 -0.000002 0.000004 -21.226254 2.451694 -3.593991 0.000000 -0.000005 -0.000000 -1.362679 2.240798 -0.746322 -21.334892 0.584910 3.008320 -13.821197 -0.000004 0.000004 -23.887129 -0.249082 -0.839480 -60.984783 2.551384 -1.459715 -0.294026 1.679688 0.833255 -14.218194 0.093213 1.300578 -34.211998 -0.287566 0.967170 -20.033180 0.964533 1.212843 0.000000 0.000000 0.000000 -3.440386 0.788234 0.501655 -15.928167 -3.167306 2.999704 -6.338817 0.000002 0.000001 -18.123411 3.648175 -4.905660 -0.000004 0.000002 -0.000002 17.238760 18.314377 12.443361 50.840649 45.261250 13.581154 179.595764 55.743366 179.741623 -16.820429 5.571414 -5.815101 2.243540 -5.255032 -3.180155 14.282878 -0.826595 6.952494 0.000001 -12.690590 0.000001 15.898094 -17.720741 2.739571 1.665664 -1.955920 -2.878297 4.727796 -4.170585 4.993918 11.020512 0.000003 -0.000001 12.109033 -3.735710 -2.866780 -0.000001 0.000000 0.000002 1.291984 -1.928548 -1.498088 14.800113 0.567467 3.865605 14.242554 -1.341735 -6.660649 19.631939 0.143926 -0.648242 49.275890 -0.634018 -5.894311 0.353028 -1.511148 -0.031941 20.222773 3.684305 2.316629 18.787249 0.000006 -0.000001 10.751612 -0.479868 1.397905 -0.000000 -0.000000 -0.000001 3.273805 0.305947 -0.580111 21.486792 11.830362 2.266129 8.162916 0.000002 -0.000001 18.399055 -3.798980 -4.940568 0.000003 -0.000002 -0.000001 18.026276 -1.041095 -10.639855 -0.102129 -0.406128 24.406775 -14.036265 10.973158 -4.607638 1.654212 -1.999055 -1.755025 0.000000 -0.000000 0.000002 2.388317 3.699378 17.531805 -0.087720 0.085423 6.971909 8.137262 -6.516613 -13.007872 -1.476733 1.212400 -1.407217 -0.000000 -0.000000 -0.000001 
0.340942 96.655525 -0.195957 -5.838081 0.706515 -9.721114 3.392595 -0.013278 -1.411528 0.184522 -0.368021 -5.052300 3.772339 -2.606745 11.756606 -2.043918 4.033889 13.379616 0.392809 3.465845 -3.743741 -4.440678 5.091167 -8.229113 0.000077 -0.000022 0.000006 0.004443 -0.167577 0.096795 0.690037 -3.905585 -10.628444 -0.686538 3.571509 -10.622625 -17.570103 -17.040293 9.254816 -25.843891 -25.959530 -21.605724 -179.202682 -73.116821 179.101532 9.942397 4.859831 16.296721 -5.882100 9.861278 0.702589 -10.936859 -0.360576 7.156196 -0.000000 8.774817 0.000001 -16.030029 17.327398 6.063979 -1.844032 2.498505 -2.507275 -10.163590 4.678939 4.621103 -20.975998 -0.000001 0.000003 -21.226255 2.451694 -3.593993 0.000001 -0.000006 -0.000000 -1.362681 2.240796 -0.746323 -21.334894 0.584910 3.008320 -13.821198 0.000000 0.000003 -23.887131 -0.249079 -0.839482 -60.935070 2.510425 -1.472867 -0.294024 1.679686 0.833255 -14.218194 0.093214 1.300578 -34.212006 -0.287563 0.967169 -20.033182 0.964536 1.212841 0.000000 0.000000 0.000001 -3.440384 0.788232 0.501654 -15.928167 -3.167306 2.999702 -6.338818 0.000002 0.000001 -18.123415 3.648174 -4.905661 -0.000004 0.000001 -0.000002 17.206705 18.370213 12.439878 50.732498 45.278374 13.480506 179.622101 55.807755 179.760239 -16.848272 5.552877 -5.650568 2.243541 -5.255032 -3.180154 14.282875 -0.826594 6.952495 -0.000002 -12.690590 0.000001 15.899634 -17.719023 2.736013 1.665665 -1.955920 -2.878296 4.727793 -4.170582 4.993918 11.020513 0.000004 -0.000001 12.109032 -3.735709 -2.866778 -0.000001 0.000001 -0.000000 1.291986 -1.928548 -1.498089 14.800109 0.567469 3.865602 14.242551 -1.341734 -6.660650 19.631939 0.143927 -0.648244 49.217163 -0.614810 -5.889980 0.353029 -1.511150 -0.031941 20.222769 3.684304 2.316627 18.787247 0.000004 -0.000000 10.751610 -0.479867 1.397905 -0.000000 0.000001 -0.000000 3.273803 0.305947 -0.580110 21.486790 11.830363 2.266130 8.162916 0.000003 0.000001 18.399050 -3.798980 -4.940567 0.000003 -0.000002 -0.000001 18.004272 -1.032766 -10.680631 -0.103704 -0.404589 24.481220 -14.036810 10.992254 -4.655771 1.655480 -2.005583 -1.749073 0.000000 -0.000000 0.000002 2.361566 3.701036 17.511078 -0.082940 0.080807 7.018843 8.148074 -6.535971 -13.070168 -1.474928 1.203473 -1.368131 -0.000000 -0.000000 -0.000001 
0.313292 96.653740 -0.150815 -5.818691 0.726704 -9.725528 3.391293 -0.027692 -1.415164 0.187042 -0.351753 -5.059516 3.770644 -2.609980 11.753749 -2.048740 4.047699 13.411016 0.386573 3.430882 -3.740084 -4.430449 5.048401 -8.293094 0.000077 -0.000023 0.000006 0.005194 -0.174412 0.098670 0.686885 -3.915789 -10.631586 -0.682096 3.555167 -10.621401 -17.556671 -17.056446 9.226581 -25.841900 -25.929111 -21.543737 -179.155380 -73.181198 179.054276 10.002783 4.814027 16.346775 -5.882103 9.861279 0.702589 -10.936857 -0.360574 7.156196 -0.000000 8.774814 -0.000000 -15.995585 17.290348 6.074782 -1.844032 2.498503 -2.507276 -10.163589 4.678941 4.621103 -20.975998 -0.000001 0.000003 -21.226254 2.451695 -3.593993 0.000001 -0.000006 -0.000000 -1.362680 2.240797 -0.746320 -21.334887 0.584910 3.008318 -13.821195 -0.000001 0.000002 -23.887131 -0.249080 -0.839483 -60.885307 2.492426 -1.481079 -0.294025 1.679688 0.833254 -14.218190 0.093214 1.300577 -34.211998 -0.287561 0.967167 -20.033180 0.964537 1.212839 -0.000000 0.000000 0.000001 -3.440385 0.788231 0.501657 -15.928167 -3.167306 2.999704 -6.338818 0.000001 0.000002 -18.123415 3.648173 -4.905661 -0.000003 0.000001 -0.000001 17.168535 18.383253 12.428308 50.676872 45.299137 13.417437 179.548981 55.827740 179.731033 -16.917776 5.490113 -5.516208 2.243540 -5.255033 -3.180156 14.282873 -0.826592 6.952493 -0.000003 -12.690590 0.000002 15.875208 -17.706329 2.733615 1.665665 -1.955920 -2.878296 4.727793 -4.170582 4.993918 11.020511 0.000004 -0.000000 12.109029 -3.735708 -2.866781 0.000000 0.000001 0.000000 1.291984 -1.928548 -1.498089 14.800111 0.567469 3.865602 14.242553 -1.341733 -6.660649 19.631939 0.143927 -0.648245 49.182858 -0.592854 -5.884702 0.353028 -1.511149 -0.031942 20.222767 3.684307 2.316629 18.787245 0.000006 0.000001 10.751611 -0.479867 1.397904 -0.000000 0.000000 0.000000 3.273804 0.305947 -0.580111 21.486792 11.830361 2.266131 8.162916 0.000001 0.000000 18.399052 -3.798978 -4.940566 0.000003 -0.000001 -0.000001 18.064909 -1.056191 -10.687716 -0.103733 -0.397948 24.464762 -14.104753 11.009020 -4.520418 1.654076 -2.015371 -1.716988 -0.000000 0.000000 0.000002 2.358735 3.689028 17.542521 -0.081855 0.085908 7.030818 8.137264 -6.576934 -13.086464 -1.471217 1.200193 -1.336065 -0.000000 -0.000000 -0.000001 
0.327756 96.646393 -0.120464 -5.804583 0.767180 -9.734504 3.393252 -0.030414 -1.416268 0.184124 -0.346014 -5.052878 3.774869 -2.603506 11.736319 -2.050992 4.056298 13.442348 0.378556 3.363463 -3.741758 -4.405297 5.006916 -8.356255 0.000077 -0.000023 0.000006 0.006886 -0.186973 0.104570 0.688446 -3.925965 -10.642600 -0.684895 3.549023 -10.635521 -17.535267 -17.075165 9.206276 -25.862841 -25.907049 -21.538738 -179.021332 -73.179756 178.941879 10.048456 4.794538 16.317436 -5.882100 9.861278 0.702591 -10.936861 -0.360574 7.156196 0.000000 8.774814 0.000000 -15.986429 17.270773 6.087472 -1.844031 2.498503 -2.507277 -10.163589 4.678940 4.621104 -20.975994 -0.000001 0.000003 -21.226255 2.451696 -3.593993 0.000001 -0.000005 -0.000000 -1.362681 2.240795 -0.746323 -21.334894 0.584908 3.008322 -13.821197 -0.000002 0.000004 -23.887133 -0.249077 -0.839481 -60.803658 2.503345 -1.509312 -0.294025 1.679684 0.833255 -14.218195 0.093216 1.300579 -34.212006 -0.287565 0.967166 -20.033178 0.964534 1.212840 -0.000000 0.000000 0.000000 -3.440385 0.788233 0.501655 -15.928171 -3.167305 2.999703 -6.338820 0.000003 0.000002 -18.123417 3.648178 -4.905661 -0.000003 0.000001 -0.000001 17.120993 18.402905 12.410884 50.643951 45.302723 13.288815 179.435562 55.821426 179.641785 -16.940176 5.370598 -5.456356 2.243540 -5.255032 -3.180156 14.282877 -0.826594 6.952497 -0.000000 -12.690587 -0.000002 15.836045 -17.696268 2.720310 1.665665 -1.955921 -2.878296 4.727793 -4.170582 4.993918 11.020514 0.000003 -0.000001 12.109035 -3.735710 -2.866780 -0.000000 0.000000 0.000000 1.291984 -1.928548 -1.498087 14.800111 0.567468 3.865602 14.242553 -1.341735 -6.660647 19.631937 0.143926 -0.648243 49.161663 -0.567201 -5.880353 0.353028 -1.511149 -0.031941 20.222769 3.684307 2.316628 18.787245 0.000005 -0.000000 10.751610 -0.479867 1.397904 -0.000000 -0.000000 -0.000001 3.273804 0.305947 -0.580110 21.486790 11.830361 2.266134 8.162916 0.000003 0.000001 18.399054 -3.798978 -4.940567 0.000003 -0.000001 -0.000001 17.964012 -1.057708 -10.666092 -0.103601 -0.396998 24.524244 -14.032512 10.948608 -4.710563 1.652307 -2.025129 -1.694740 0.000000 -0.000000 0.000002 2.345918 3.694373 17.592392 -0.079603 0.078099 7.001736 8.120509 -6.643195 -13.104433 -1.470550 1.198953 -1.292925 -0.000000 -0.000000 -0.000001 
0.355958 96.640480 -0.094113 -5.790610 0.809765 -9.736562 3.392206 -0.023276 -1.424481 0.192641 -0.330526 -5.060235 3.762793 -2.612628 11.730392 -2.034269 4.087698 13.472600 0.360404 3.290640 -3.734622 -4.383178 4.949000 -8.403644 0.000077 -0.000023 0.000006 0.006723 -0.187442 0.108330 0.691502 -3.928814 -10.636044 -0.686981 3.545760 -10.631685 -17.534365 -17.085115 9.211843 -25.852915 -25.917982 -21.527634 -179.035950 -73.225571 179.016373 10.057168 4.777332 16.254929 -5.882102 9.861279 0.702588 -10.936859 -0.360573 7.156196 0.000001 8.774814 0.000000 -16.037491 17.281664 6.042885 -1.844031 2.498503 -2.507274 -10.163590 4.678941 4.621103 -20.975998 0.000000 0.000002 -21.226255 2.451698 -3.593995 0.000002 -0.000006 -0.000000 -1.362680 2.240798 -0.746321 -21.334887 0.584911 3.008319 -13.821197 -0.000000 0.000003 -23.887131 -0.249078 -0.839483 -60.810825 2.506919 -1.527903 -0.294026 1.679688 0.833256 -14.218192 0.093215 1.300579 -34.212006 -0.287557 0.967167 -20.033176 0.964536 1.212840 -0.000000 0.000001 -0.000000 -3.440385 0.788231 0.501654 -15.928165 -3.167303 2.999701 -6.338818 0.000002 0.000001 -18.123413 3.648178 -4.905662 -0.000004 0.000001 -0.000003 17.112753 18.403151 12.402084 50.562153 45.303951 13.150700 179.287430 55.817188 179.531601 -16.994978 5.236770 -5.471948 2.243539 -5.255032 -3.180155 14.282877 -0.826593 6.952497 -0.000002 -12.690585 0.000000 15.854136 -17.708241 2.676447 1.665665 -1.955919 -2.878297 4.727793 -4.170582 4.993918 11.020510 0.000004 0.000000 12.109032 -3.735709 -2.866779 -0.000001 0.000001 0.000001 1.291984 -1.928547 -1.498088 14.800111 0.567469 3.865602 14.242554 -1.341733 -6.660646 19.631939 0.143924 -0.648243 49.232376 -0.545354 -5.881615 0.353028 -1.511149 -0.031938 20.222769 3.684304 2.316628 18.787245 0.000005 -0.000000 10.751614 -0.479869 1.397903 0.000000 0.000000 0.000000 3.273804 0.305947 -0.580111 21.486794 11.830360 2.266131 8.162918 0.000002 -0.000001 18.399052 -3.798980 -4.940566 0.000004 -0.000002 -0.000001 17.946049 -1.039291 -10.689897 -0.098365 -0.398605 24.592432 -14.023809 10.851000 -4.721457 1.650362 -2.018360 -1.670589 0.000000 -0.000000 0.000002 2.287942 3.719319 17.658697 -0.076843 0.075837 6.974542 8.152841 -6.700670 -13.077528 -1.469815 1.196539 -1.263697 -0.000000 -0.000000 -0.000001 
0.336324 96.639481 -0.058179 -5.763389 0.861893 -9.742498 3.386013 -0.004101 -1.426113 0.197539 -0.329321 -5.063968 3.737521 -2.611793 11.726584 -2.019137 4.077643 13.479754 0.336601 3.252451 -3.724003 -4.361638 4.879320 -8.407211 0.000077 -0.000023 0.000006 0.004607 -0.181094 0.105883 0.693030 -3.916346 -10.638139 -0.691872 3.551595 -10.637469 -17.514042 -17.066847 9.231682 -25.892628 -25.988527 -21.443195 -179.212906 -73.233261 179.192581 10.081259 4.760669 16.247150 -5.882102 9.861278 0.702588 -10.936859 -0.360573 7.156196 -0.000001 8.774814 -0.000002 -16.072117 17.329124 6.046030 -1.844032 2.498504 -2.507275 -10.163590 4.678940 4.621104 -20.975996 -0.000000 0.000004 -21.226254 2.451693 -3.593995 0.000001 -0.000006 -0.000000 -1.362682 2.240796 -0.746324 -21.334892 0.584911 3.008319 -13.821198 -0.000001 0.000004 -23.887131 -0.249078 -0.839483 -60.821068 2.528759 -1.528139 -0.294024 1.679685 0.833254 -14.218194 0.093217 1.300583 -34.212006 -0.287560 0.967169 -20.033180 0.964535 1.212840 0.000000 -0.000000 0.000001 -3.440386 0.788235 0.501655 -15.928171 -3.167305 2.999704 -6.338817 0.000001 0.000002 -18.123415 3.648176 -4.905661 -0.000004 -0.000001 -0.000002 17.106684 18.406796 12.399114 50.451447 45.315880 13.015457 179.270355 55.811863 179.502029 -17.008114 5.136719 -5.526212 2.243539 -5.255034 -3.180155 14.282875 -0.826592 6.952497 -0.000002 -12.690593 0.000000 15.894238 -17.696894 2.632524 1.665665 -1.955920 -2.878298 4.727793 -4.170583 4.993919 11.020513 0.000004 -0.000000 12.109031 -3.735710 -2.866780 -0.000001 0.000001 -0.000000 1.291984 -1.928549 -1.498088 14.800111 0.567469 3.865604 14.242548 -1.341735 -6.660650 19.631939 0.143928 -0.648241 49.275860 -0.540502 -5.911904 0.353028 -1.511149 -0.031941 20.222769 3.684310 2.316629 18.787245 0.000007 0.000001 10.751611 -0.479867 1.397906 -0.000000 0.000001 -0.000000 3.273804 0.305947 -0.580109 21.486790 11.830366 2.266135 8.162916 0.000003 0.000003 18.399048 -3.798980 -4.940566 0.000003 -0.000002 -0.000001 17.913757 -1.017545 -10.662507 -0.103674 -0.404562 24.572332 -13.963189 10.762361 -4.732555 1.649457 -2.004228 -1.665838 0.000000 -0.000000 0.000002 2.274401 3.725041 17.701405 -0.075067 0.064106 6.949512 8.147523 -6.745473 -13.089065 -1.469432 1.198727 -1.258496 -0.000000 0.000000 -0.000001 
0.340412 96.641739 -0.021121 -5.732059 0.875168 -9.734726 3.380227 0.006509 -1.440057 0.203220 -0.317837 -5.081261 3.702674 -2.628762 11.735361 -2.040146 4.056516 13.507246 0.323619 3.258409 -3.736652 -4.356485 4.874122 -8.400802 0.000077 -0.000022 0.000006 0.005544 -0.164135 0.100248 0.692944 -3.898229 -10.632925 -0.691941 3.559100 -10.637571 -17.509739 -17.017401 9.256322 -25.933144 -26.039825 -21.386669 -179.328308 -73.235245 179.269592 10.092586 4.730289 16.298903 -5.882100 9.861282 0.702589 -10.936859 -0.360572 7.156196 0.000001 8.774814 -0.000001 -16.106930 17.387016 6.054434 -1.844032 2.498502 -2.507275 -10.163589 4.678940 4.621105 -20.975994 -0.000001 0.000002 -21.226255 2.451694 -3.593994 0.000000 -0.000005 -0.000001 -1.362679 2.240797 -0.746322 -21.334887 0.584908 3.008319 -13.821197 -0.000002 0.000002 -23.887129 -0.249078 -0.839482 -60.837231 2.567295 -1.536531 -0.294025 1.679687 0.833257 -14.218194 0.093213 1.300579 -34.212002 -0.287563 0.967167 -20.033180 0.964535 1.212841 0.000000 0.000000 0.000000 -3.440384 0.788234 0.501658 -15.928169 -3.167305 2.999704 -6.338818 0.000001 0.000002 -18.123415 3.648177 -4.905661 -0.000004 -0.000001 -0.000002 17.111242 18.418610 12.432998 50.382980 45.343304 13.031594 179.381210 55.812824 179.589172 -16.984648 5.116170 -5.553799 2.243539 -5.255033 -3.180155 14.282875 -0.826593 6.952495 -0.000002 -12.690592 -0.000001 15.927715 -17.730049 2.638725 1.665663 -1.955919 -2.878298 4.727793 -4.170582 4.993918 11.020511 0.000005 0.000000 12.109031 -3.735708 -2.866778 0.000000 -0.000000 0.000001 1.291985 -1.928548 -1.498089 14.800109 0.567470 3.865603 14.242553 -1.341732 -6.660649 19.631939 0.143928 -0.648242 49.285919 -0.549067 -5.920893 0.353028 -1.511149 -0.031941 20.222769 3.684308 2.316628 18.787245 0.000006 -0.000001 10.751610 -0.479866 1.397905 -0.000001 0.000002 0.000001 3.273805 0.305947 -0.580111 21.486792 11.830364 2.266132 8.162916 0.000003 0.000000 18.399046 -3.798978 -4.940563 0.000003 -0.000001 -0.000001 17.890886 -1.009275 -10.648228 -0.110182 -0.399289 24.563032 -13.924610 10.745582 -4.718277 1.648957 -2.000192 -1.694200 0.000000 -0.000000 0.000002 2.259278 3.733983 17.753241 -0.070406 0.061921 6.858426 8.135142 -6.796408 -13.090178 -1.469795 1.200277 -1.269343 -0.000000 -0.000000 -0.000001 
0.349837 96.652512 0.004815 -5.709504 0.880442 -9.720794 3.382871 0.009428 -1.457383 0.209969 -0.311417 -5.091779 3.678673 -2.632347 11.742139 -2.062730 4.029592 13.542567 0.300531 3.323618 -3.744068 -4.345915 4.881679 -8.396397 0.000077 -0.000022 0.000006 0.004399 -0.160711 0.097512 0.687833 -3.885636 -10.622355 -0.688520 3.569561 -10.630034 -17.518276 -16.989704 9.290352 -25.999592 -26.063772 -21.353889 -179.474899 -73.234680 179.392334 10.086311 4.751510 16.407568 -5.882101 9.861279 0.702590 -10.936857 -0.360577 7.156194 0.000002 8.774814 -0.000000 -16.124155 17.386274 6.046542 -1.844030 2.498503 -2.507275 -10.163589 4.678941 4.621103 -20.975992 -0.000003 0.000003 -21.226250 2.451691 -3.593995 0.000001 -0.000006 -0.000001 -1.362681 2.240798 -0.746321 -21.334887 0.584907 3.008318 -13.821194 -0.000002 0.000004 -23.887123 -0.249080 -0.839481 -60.883007 2.562545 -1.489351 -0.294024 1.679685 0.833256 -14.218192 0.093215 1.300580 -34.211998 -0.287565 0.967168 -20.033178 0.964533 1.212841 -0.000000 0.000000 0.000000 -3.440384 0.788232 0.501653 -15.928165 -3.167307 2.999702 -6.338817 0.000000 0.000001 -18.123411 3.648177 -4.905661 -0.000004 0.000001 -0.000002 17.123156 18.434237 12.475851 50.318001 45.365772 13.188566 179.652420 55.853386 179.798416 -16.939957 5.234627 -5.489392 2.243540 -5.255033 -3.180157 14.282875 -0.826592 6.952495 -0.000005 -12.690590 -0.000000 15.969814 -17.762262 2.648412 1.665665 -1.955920 -2.878296 4.727792 -4.170582 4.993921 11.020511 0.000005 -0.000002 12.109032 -3.735709 -2.866780 -0.000001 0.000000 0.000001 1.291984 -1.928548 -1.498088 14.800111 0.567468 3.865603 14.242554 -1.341733 -6.660653 19.631935 0.143928 -0.648243 49.297871 -0.561145 -5.920873 0.353029 -1.511150 -0.031941 20.222763 3.684308 2.316626 18.787243 0.000007 -0.000001 10.751609 -0.479866 1.397904 -0.000000 0.000000 0.000001 3.273804 0.305947 -0.580112 21.486788 11.830366 2.266131 8.162916 0.000003 0.000000 18.399050 -3.798978 -4.940566 0.000004 -0.000002 -0.000001 17.871050 -0.989439 -10.617825 -0.111872 -0.411166 24.517036 -13.885788 10.757991 -4.691684 1.648711 -1.996159 -1.707899 0.000000 -0.000000 0.000002 2.258181 3.746960 17.779812 -0.073583 0.062305 6.809978 8.142677 -6.834563 -13.058158 -1.469681 1.204782 -1.275055 -0.000000 0.000000 -0.000001 
0.348355 96.646484 0.046995 -5.692463 0.897937 -9.692298 3.390798 -0.003505 -1.480812 0.213695 -0.308129 -5.098804 3.667083 -2.629338 11.739931 -2.090824 4.027664 13.579136 0.297831 3.364316 -3.746654 -4.327831 4.909158 -8.424201 0.000077 -0.000023 0.000006 0.004657 -0.157307 0.097492 0.686828 -3.887107 -10.595244 -0.687400 3.566015 -10.601811 -17.529627 -16.965414 9.323165 -26.050299 -26.076906 -21.324446 -179.592194 -73.209892 179.489380 10.085485 4.765168 16.547762 -5.882102 9.861278 0.702590 -10.936859 -0.360573 7.156196 -0.000000 8.774814 -0.000002 -16.110367 17.363428 6.019667 -1.844033 2.498505 -2.507274 -10.163590 4.678941 4.621105 -20.975998 -0.000001 0.000000 -21.226255 2.451694 -3.593997 -0.000000 -0.000006 0.000000 -1.362681 2.240798 -0.746321 -21.334887 0.584909 3.008320 -13.821197 -0.000000 0.000003 -23.887129 -0.249077 -0.839481 -60.892296 2.541668 -1.480168 -0.294025 1.679685 0.833256 -14.218192 0.093216 1.300578 -34.211998 -0.287563 0.967170 -20.033180 0.964536 1.212840 0.000000 0.000000 0.000000 -3.440387 0.788232 0.501655 -15.928167 -3.167305 2.999703 -6.338817 0.000001 0.000000 -18.123417 3.648175 -4.905664 -0.000004 0.000002 -0.000002 17.127489 18.458996 12.536439 50.225460 45.372929 13.297275 179.883179 55.869167 179.997543 -16.888979 5.375545 -5.388029 2.243540 -5.255032 -3.180154 14.282878 -0.826593 6.952497 -0.000002 -12.690587 -0.000001 15.952779 -17.779623 2.682145 1.665665 -1.955920 -2.878297 4.727795 -4.170583 4.993920 11.020513 0.000005 0.000001 12.109035 -3.735709 -2.866777 0.000000 0.000001 0.000001 1.291986 -1.928548 -1.498087 14.800113 0.567469 3.865603 14.242554 -1.341735 -6.660648 19.631941 0.143927 -0.648241 49.257885 -0.608855 -5.907503 0.353029 -1.511150 -0.031940 20.222767 3.684307 2.316629 18.787245 0.000006 0.000000 10.751610 -0.479865 1.397905 -0.000000 0.000000 0.000000 3.273804 0.305948 -0.580109 21.486792 11.830366 2.266132 8.162916 0.000003 -0.000001 18.399052 -3.798977 -4.940565 0.000004 -0.000002 0.000001 17.861349 -0.967420 -10.659487 -0.106272 -0.417772 24.563747 -13.894354 10.742629 -4.699700 1.650569 -2.002408 -1.711247 0.000000 -0.000000 0.000002 2.260787 3.765842 17.821241 -0.075346 0.067411 6.698470 8.153449 -6.872531 -13.086563 -1.467533 1.201785 -1.274263 -0.000000 -0.000000 -0.000001 
0.344237 96.654037 0.060202 -5.689735 0.907590 -9.689252 3.408289 -0.001673 -1.491742 0.207803 -0.339787 -5.111872 3.679166 -2.598885 11.754234 -2.115068 4.032835 13.625695 0.299780 3.419857 -3.738306 -4.310368 4.916829 -8.454392 0.000077 -0.000023 0.000006 0.005592 -0.163722 0.099050 0.685503 -3.892543 -10.599183 -0.685049 3.563587 -10.602613 -17.543831 -16.950666 9.367543 -26.062010 -26.122295 -21.352377 -179.621643 -73.175934 179.521561 10.078413 4.817761 16.624573 -5.882101 9.861276 0.702588 -10.936860 -0.360574 7.156197 0.000001 8.774812 0.000001 -16.087751 17.332552 6.019770 -1.844031 2.498503 -2.507277 -10.163591 4.678941 4.621105 -20.975996 -0.000002 0.000002 -21.226255 2.451689 -3.593994 0.000001 -0.000005 -0.000000 -1.362682 2.240797 -0.746323 -21.334887 0.584907 3.008321 -13.821197 -0.000003 0.000003 -23.887131 -0.249079 -0.839482 -60.893764 2.520981 -1.480305 -0.294023 1.679686 0.833255 -14.218194 0.093216 1.300580 -34.212002 -0.287562 0.967171 -20.033176 0.964535 1.212841 -0.000000 0.000000 0.000000 -3.440386 0.788232 0.501655 -15.928165 -3.167306 2.999702 -6.338818 0.000001 0.000001 -18.123411 3.648178 -4.905662 -0.000004 0.000002 -0.000001 17.152515 18.455671 12.606879 50.074825 45.379929 13.302745 179.984879 55.889198 -179.908859 -16.867554 5.481761 -5.360904 2.243541 -5.255033 -3.180155 14.282877 -0.826594 6.952495 -0.000001 -12.690591 0.000001 15.913418 -17.773436 2.708303 1.665666 -1.955920 -2.878296 4.727795 -4.170585 4.993919 11.020513 0.000003 -0.000001 12.109033 -3.735712 -2.866782 -0.000000 0.000001 0.000001 1.291984 -1.928547 -1.498089 14.800114 0.567465 3.865602 14.242553 -1.341735 -6.660648 19.631939 0.143925 -0.648245 49.206802 -0.626951 -5.866633 0.353029 -1.511149 -0.031940 20.222773 3.684305 2.316626 18.787247 0.000005 -0.000002 10.751612 -0.479868 1.397903 -0.000000 0.000000 0.000001 3.273805 0.305947 -0.580110 21.486797 11.830362 2.266130 8.162915 0.000003 -0.000001 18.399054 -3.798980 -4.940568 0.000003 -0.000002 -0.000001 17.862812 -0.985962 -10.634197 -0.103845 -0.414649 24.523592 -13.877526 10.753134 -4.682466 1.649568 -2.005169 -1.725718 0.000000 -0.000000 0.000002 2.292195 3.814992 17.844101 -0.082941 0.063506 6.678823 8.144156 -6.932524 -13.053755 -1.466375 1.201756 -1.241877 -0.000000 -0.000000 -0.000001 
0.360333 96.659340 0.075759 -5.695091 0.908455 -9.689336 3.421360 -0.012475 -1.502139 0.209386 -0.360017 -5.114995 3.698641 -2.570484 11.758266 -2.121256 4.059190 13.675797 0.314922 3.420402 -3.732819 -4.309624 4.929697 -8.499310 0.000077 -0.000023 0.000006 0.006959 -0.169971 0.106047 0.686770 -3.899689 -10.607283 -0.681753 3.557551 -10.607757 -17.549995 -16.938286 9.397919 -26.062140 -26.162760 -21.359825 -179.598724 -73.124947 179.501266 10.100408 4.865736 16.606880 -5.882102 9.861278 0.702590 -10.936860 -0.360577 7.156198 0.000000 8.774812 -0.000000 -16.056616 17.326542 6.028538 -1.844031 2.498503 -2.507276 -10.163591 4.678940 4.621104 -20.975998 -0.000002 0.000003 -21.226254 2.451692 -3.593991 0.000001 -0.000006 -0.000001 -1.362681 2.240797 -0.746322 -21.334894 0.584909 3.008322 -13.821198 -0.000001 0.000004 -23.887135 -0.249080 -0.839480 -60.890793 2.518341 -1.459224 -0.294025 1.679686 0.833255 -14.218194 0.093215 1.300581 -34.212002 -0.287563 0.967171 -20.033178 0.964536 1.212843 -0.000000 0.000000 0.000000 -3.440384 0.788231 0.501655 -15.928169 -3.167307 2.999703 -6.338819 0.000002 0.000002 -18.123415 3.648175 -4.905661 -0.000004 0.000002 -0.000002 17.158939 18.433641 12.635093 50.008514 45.371384 13.240482 179.901184 55.876808 -179.978989 -16.874689 5.513899 -5.454477 2.243540 -5.255034 -3.180156 14.282878 -0.826595 6.952498 -0.000001 -12.690590 -0.000001 15.876240 -17.743198 2.713881 1.665663 -1.955919 -2.878296 4.727793 -4.170582 4.993919 11.020513 0.000003 0.000000 12.109034 -3.735708 -2.866780 0.000000 0.000001 0.000000 1.291984 -1.928548 -1.498087 14.800114 0.567467 3.865602 14.242553 -1.341736 -6.660648 19.631939 0.143926 -0.648243 49.215538 -0.650976 -5.879769 0.353029 -1.511150 -0.031941 20.222771 3.684305 2.316628 18.787247 0.000005 -0.000001 10.751610 -0.479869 1.397902 -0.000001 0.000001 0.000001 3.273804 0.305947 -0.580112 21.486792 11.830363 2.266131 8.162916 0.000003 -0.000001 18.399054 -3.798983 -4.940568 0.000003 -0.000003 -0.000000 17.872620 -1.041597 -10.627917 -0.099814 -0.401071 24.524681 -13.862782 10.773149 -4.667839 1.649364 -2.001717 -1.729515 -0.000000 0.000000 0.000002 2.327721 3.847384 17.881044 -0.084497 0.058892 6.655996 8.132167 -7.009967 -13.018591 -1.466056 1.206776 -1.229323 -0.000000 0.000000 -0.000001 
0.344355 96.656990 0.098654 -5.696880 0.929434 -9.690394 3.425787 -0.005687 -1.520167 0.209140 -0.376639 -5.128331 3.717665 -2.565653 11.782085 -2.129290 4.076736 13.731369 0.325527 3.402792 -3.732636 -4.327198 4.969752 -8.553654 0.000077 -0.000023 0.000006 0.006391 -0.174231 0.109034 0.684801 -3.908211 -10.616666 -0.680434 3.562802 -10.622582 -17.572464 -16.936176 9.400332 -26.066980 -26.211803 -21.444456 -179.382874 -73.071388 179.334808 10.115576 4.925589 16.504551 -5.882102 9.861281 0.702590 -10.936858 -0.360576 7.156197 0.000001 8.774814 -0.000002 -16.048777 17.276201 6.017359 -1.844030 2.498502 -2.507274 -10.163589 4.678939 4.621104 -20.975996 -0.000003 0.000003 -21.226254 2.451694 -3.593992 0.000001 -0.000006 -0.000000 -1.362682 2.240796 -0.746322 -21.334890 0.584908 3.008319 -13.821197 -0.000002 0.000002 -23.887133 -0.249081 -0.839482 -60.911465 2.512889 -1.466302 -0.294023 1.679685 0.833254 -14.218194 0.093214 1.300580 -34.212006 -0.287567 0.967172 -20.033178 0.964534 1.212843 0.000000 0.000000 0.000000 -3.440385 0.788233 0.501653 -15.928169 -3.167307 2.999703 -6.338817 0.000002 0.000001 -18.123415 3.648176 -4.905662 -0.000004 -0.000000 -0.000003 17.182758 18.441906 12.650512 49.923862 45.324516 13.116367 179.780731 55.864597 179.902466 -16.878325 5.515852 -5.589710 2.243539 -5.255032 -3.180155 14.282877 -0.826593 6.952494 -0.000002 -12.690591 0.000001 15.859372 -17.715714 2.703226 1.665663 -1.955920 -2.878297 4.727795 -4.170582 4.993918 11.020511 0.000004 -0.000001 12.109032 -3.735709 -2.866781 -0.000000 0.000001 -0.000000 1.291984 -1.928547 -1.498088 14.800111 0.567470 3.865604 14.242553 -1.341734 -6.660649 19.631939 0.143928 -0.648242 49.273056 -0.667751 -5.876744 0.353029 -1.511149 -0.031941 20.222769 3.684307 2.316627 18.787245 0.000007 0.000000 10.751610 -0.479868 1.397906 0.000000 0.000000 0.000000 3.273804 0.305947 -0.580112 21.486792 11.830363 2.266133 8.162917 0.000002 -0.000002 18.399052 -3.798977 -4.940566 0.000002 -0.000003 -0.000001 17.872072 -1.127855 -10.620048 -0.095700 -0.400154 24.530163 -13.857471 10.820457 -4.701548 1.649843 -1.997966 -1.736640 0.000000 0.000000 0.000002 2.362366 3.876087 17.940033 -0.080750 0.034854 6.572727 8.113469 -7.082410 -13.013882 -1.466022 1.214082 -1.235154 -0.000000 0.000000 -0.000001 
0.317678 96.657234 0.127385 -5.703697 0.948135 -9.684371 3.431982 0.001611 -1.561383 0.214572 -0.388469 -5.131709 3.743006 -2.564360 11.801217 -2.142266 4.114198 13.771794 0.327570 3.380514 -3.739781 -4.333198 4.985678 -8.574155 0.000077 -0.000022 0.000006 0.008661 -0.176752 0.114087 0.684459 -3.911774 -10.616579 -0.678192 3.564545 -10.623469 -17.611580 -16.902506 9.445099 -26.037092 -26.333858 -21.601171 -179.025269 -73.092873 179.060501 10.108846 4.932164 16.406136 -5.882102 9.861277 0.702590 -10.936860 -0.360576 7.156197 -0.000001 8.774815 -0.000000 -16.088121 17.273552 6.010908 -1.844031 2.498502 -2.507277 -10.163590 4.678937 4.621102 -20.975996 -0.000004 0.000001 -21.226254 2.451694 -3.593994 0.000001 -0.000005 -0.000001 -1.362680 2.240796 -0.746323 -21.334892 0.584910 3.008321 -13.821195 -0.000001 0.000003 -23.887125 -0.249077 -0.839484 -60.933117 2.512515 -1.469473 -0.294025 1.679687 0.833254 -14.218190 0.093213 1.300578 -34.212002 -0.287563 0.967168 -20.033176 0.964536 1.212840 0.000000 0.000000 0.000000 -3.440385 0.788232 0.501653 -15.928167 -3.167306 2.999705 -6.338817 0.000003 0.000000 -18.123415 3.648178 -4.905664 -0.000004 0.000001 -0.000001 17.207701 18.455126 12.673800 49.841248 45.291874 13.006117 179.708511 55.840279 179.812271 -16.863829 5.440221 -5.767445 2.243540 -5.255033 -3.180156 14.282875 -0.826592 6.952495 -0.000002 -12.690591 -0.000001 15.854704 -17.682722 2.674009 1.665664 -1.955919 -2.878298 4.727794 -4.170585 4.993920 11.020511 0.000004 -0.000000 12.109031 -3.735708 -2.866780 -0.000001 0.000000 -0.000000 1.291985 -1.928548 -1.498088 14.800109 0.567469 3.865602 14.242551 -1.341735 -6.660647 19.631939 0.143928 -0.648243 49.330799 -0.638475 -5.899817 0.353029 -1.511151 -0.031940 20.222765 3.684308 2.316629 18.787245 0.000007 -0.000001 10.751607 -0.479867 1.397904 -0.000000 -0.000001 0.000000 3.273804 0.305947 -0.580112 21.486792 11.830367 2.266131 8.162914 0.000003 0.000001 18.399050 -3.798979 -4.940565 0.000003 -0.000001 -0.000001 17.877522 -1.191531 -10.605029 -0.085861 -0.393324 24.517071 -13.858027 10.880240 -4.736895 1.646895 -2.001109 -1.763036 0.000000 -0.000000 0.000002 2.376889 3.876214 17.993744 -0.073364 0.029608 6.478262 8.100107 -7.128016 -12.986135 -1.468510 1.219068 -1.258293 -0.000000 0.000000 -0.000001 
0.334942 96.655640 0.163021 -5.705882 0.931749 -9.690580 3.435088 0.021521 -1.585382 0.213651 -0.401270 -5.145025 3.766158 -2.580935 11.825293 -2.136580 4.129500 13.820240 0.326985 3.372849 -3.745819 -4.362176 5.026820 -8.595170 0.000077 -0.000023 0.000006 0.008087 -0.170729 0.113113 0.680907 -3.908098 -10.618703 -0.674434 3.559413 -10.624578 -17.635752 -16.852676 9.446998 -26.032715 -26.415951 -21.724802 -178.711472 -73.069946 178.779099 10.098964 4.975246 16.302656 -5.882102 9.861279 0.702588 -10.936858 -0.360575 7.156196 0.000001 8.774810 0.000000 -16.109215 17.259043 6.004277 -1.844031 2.498501 -2.507277 -10.163589 4.678941 4.621102 -20.975998 -0.000004 0.000002 -21.226255 2.451692 -3.593995 0.000001 -0.000006 -0.000000 -1.362679 2.240796 -0.746324 -21.334894 0.584908 3.008317 -13.821198 -0.000004 0.000002 -23.887135 -0.249079 -0.839482 -60.971420 2.508710 -1.475167 -0.294024 1.679686 0.833255 -14.218195 0.093216 1.300577 -34.212006 -0.287564 0.967165 -20.033180 0.964534 1.212839 -0.000000 0.000000 0.000000 -3.440387 0.788233 0.501655 -15.928169 -3.167307 2.999701 -6.338819 0.000002 0.000000 -18.123415 3.648173 -4.905662 -0.000004 -0.000000 -0.000002 17.259279 18.467379 12.697525 49.792000 45.294613 13.015285 179.740982 55.817577 179.796066 -16.815451 5.345220 -5.859481 2.243540 -5.255033 -3.180156 14.282875 -0.826592 6.952496 -0.000001 -12.690590 -0.000001 15.869965 -17.665716 2.675768 1.665666 -1.955920 -2.878299 4.727793 -4.170582 4.993917 11.020512 0.000004 -0.000001 12.109033 -3.735708 -2.866779 -0.000001 0.000001 0.000001 1.291985 -1.928548 -1.498087 14.800113 0.567469 3.865603 14.242553 -1.341735 -6.660648 19.631939 0.143927 -0.648243 49.317764 -0.599144 -5.907069 0.353030 -1.511149 -0.031939 20.222771 3.684308 2.316627 18.787245 0.000006 -0.000001 10.751608 -0.479867 1.397904 -0.000000 0.000001 -0.000000 3.273805 0.305946 -0.580110 21.486792 11.830364 2.266132 8.162914 0.000002 0.000001 18.399050 -3.798980 -4.940567 0.000003 -0.000002 -0.000001 17.879677 -1.239936 -10.604980 -0.085801 -0.394683 24.560661 -13.885154 10.941336 -4.760516 1.646361 -2.004803 -1.773708 0.000000 -0.000000 0.000002 2.395486 3.874802 18.109047 -0.063152 0.017556 6.282991 8.076491 -7.169616 -12.949458 -1.468852 1.224423 -1.264139 -0.000000 0.000000 -0.000001 
0.306929 96.654945 0.176307 -5.711638 0.928381 -9.698658 3.444278 0.027236 -1.613133 0.213348 -0.416559 -5.165209 3.786393 -2.581647 11.854991 -2.120757 4.148963 13.856984 0.319158 3.376258 -3.751707 -4.372637 5.044647 -8.599004 0.000077 -0.000023 0.000006 0.007740 -0.170794 0.110487 0.676993 -3.905844 -10.622814 -0.670041 3.558980 -10.626060 -17.654314 -16.817972 9.440886 -26.053091 -26.479326 -21.764668 -178.682175 -73.061623 178.711517 10.062860 4.976245 16.328075 -5.882102 9.861280 0.702589 -10.936858 -0.360577 7.156196 0.000000 8.774812 0.000000 -16.107813 17.253893 5.997996 -1.844031 2.498502 -2.507276 -10.163587 4.678939 4.621103 -20.975996 -0.000001 0.000002 -21.226250 2.451693 -3.593993 0.000002 -0.000005 0.000000 -1.362679 2.240795 -0.746324 -21.334892 0.584906 3.008320 -13.821197 -0.000000 0.000004 -23.887129 -0.249078 -0.839483 -60.962959 2.515021 -1.492958 -0.294025 1.679686 0.833255 -14.218192 0.093213 1.300577 -34.211998 -0.287564 0.967168 -20.033176 0.964536 1.212840 0.000000 0.000000 0.000000 -3.440386 0.788234 0.501656 -15.928167 -3.167306 2.999702 -6.338818 0.000001 0.000001 -18.123411 3.648173 -4.905661 -0.000004 -0.000000 -0.000002 17.296877 18.464981 12.703218 49.839314 45.255749 13.138821 179.800552 55.765064 179.842667 -16.759487 5.265252 -5.894772 2.243540 -5.255033 -3.180154 14.282878 -0.826592 6.952493 -0.000001 -12.690592 -0.000001 15.831141 -17.624939 2.685581 1.665665 -1.955920 -2.878295 4.727794 -4.170583 4.993917 11.020513 0.000003 0.000002 12.109033 -3.735711 -2.866779 -0.000001 0.000000 0.000001 1.291984 -1.928548 -1.498085 14.800114 0.567468 3.865606 14.242553 -1.341735 -6.660649 19.631939 0.143926 -0.648242 49.275982 -0.577189 -5.888006 0.353028 -1.511149 -0.031937 20.222769 3.684308 2.316628 18.787247 0.000004 -0.000000 10.751610 -0.479867 1.397903 -0.000000 -0.000000 -0.000001 3.273804 0.305948 -0.580110 21.486794 11.830363 2.266133 8.162917 0.000003 -0.000001 18.399052 -3.798980 -4.940566 0.000003 -0.000003 -0.000001 17.899191 -1.266086 -10.567126 -0.090328 -0.390415 24.538530 -13.912179 10.991455 -4.791134 1.644013 -2.005129 -1.770859 0.000000 -0.000000 0.000002 2.408713 3.858371 18.166878 -0.068062 0.034139 6.196898 8.068634 -7.198826 -12.926417 -1.468256 1.224419 -1.247790 -0.000000 -0.000000 -0.000001 
0.290318 96.660324 0.176720 -5.724463 0.912846 -9.705000 3.450178 0.024586 -1.633426 0.218226 -0.422158 -5.182102 3.806610 -2.579174 11.878305 -2.094233 4.135728 13.879611 0.320982 3.399147 -3.757276 -4.386654 5.066540 -8.611835 0.000077 -0.000023 0.000006 0.009262 -0.170508 0.109137 0.675638 -3.905331 -10.615675 -0.667384 3.559817 -10.618484 -17.667845 -16.797367 9.440085 -26.077814 -26.506136 -21.718699 -178.767136 -73.091553 178.766235 10.028159 4.943882 16.315935 -5.882102 9.861278 0.702588 -10.936858 -0.360574 7.156195 -0.000000 8.774814 -0.000002 -16.074017 17.264362 5.996897 -1.844028 2.498501 -2.507278 -10.163590 4.678938 4.621101 -20.975994 -0.000000 0.000002 -21.226255 2.451692 -3.593995 0.000001 -0.000006 -0.000000 -1.362680 2.240796 -0.746324 -21.334887 0.584907 3.008321 -13.821197 -0.000001 0.000003 -23.887129 -0.249080 -0.839481 -60.972801 2.492756 -1.519607 -0.294023 1.679685 0.833257 -14.218194 0.093215 1.300579 -34.212002 -0.287564 0.967169 -20.033180 0.964533 1.212841 -0.000000 0.000000 0.000000 -3.440385 0.788232 0.501655 -15.928164 -3.167304 2.999703 -6.338817 0.000001 0.000002 -18.123415 3.648178 -4.905662 -0.000004 -0.000001 -0.000002 17.351599 18.451393 12.718930 49.862579 45.217457 13.262525 179.890244 55.712322 179.914139 -16.685055 5.245412 -5.809265 2.243539 -5.255033 -3.180155 14.282877 -0.826594 6.952495 -0.000001 -12.690593 0.000001 15.821795 -17.607401 2.685416 1.665665 -1.955919 -2.878297 4.727793 -4.170583 4.993919 11.020512 0.000003 -0.000001 12.109031 -3.735710 -2.866779 -0.000001 -0.000000 0.000000 1.291986 -1.928549 -1.498086 14.800111 0.567465 3.865602 14.242553 -1.341734 -6.660649 19.631939 0.143925 -0.648242 49.275780 -0.565373 -5.878950 0.353027 -1.511149 -0.031939 20.222769 3.684305 2.316629 18.787247 0.000005 -0.000001 10.751610 -0.479867 1.397905 0.000000 -0.000000 0.000001 3.273804 0.305947 -0.580109 21.486790 11.830362 2.266132 8.162917 0.000001 0.000001 18.399052 -3.798980 -4.940568 0.000003 -0.000003 0.000001 17.926546 -1.288688 -10.527224 -0.099135 -0.393102 24.496540 -13.951047 11.010360 -4.798475 1.645053 -1.998983 -1.758969 -0.000000 0.000000 0.000002 2.427019 3.836689 18.194557 -0.073576 0.040368 6.170978 8.048619 -7.183857 -12.880322 -1.467436 1.220688 -1.220872 -0.000000 -0.000000 -0.000001 
0.290218 96.656281 0.198873 -5.745990 0.886901 -9.722588 3.467041 0.035782 -1.636885 0.226472 -0.446095 -5.188663 3.826699 -2.578464 11.885653 -2.078136 4.147432 13.898186 0.329438 3.423834 -3.761818 -4.393794 5.068355 -8.639359 0.000077 -0.000023 0.000006 0.011536 -0.160322 0.110459 0.676528 -3.892102 -10.611997 -0.664818 3.571430 -10.613274 -17.702330 -16.799519 9.406389 -26.106916 -26.504745 -21.642300 -178.859314 -73.138618 178.816925 10.037465 4.883649 16.360037 -5.882102 9.861280 0.702589 -10.936860 -0.360575 7.156197 0.000000 8.774815 -0.000001 -16.088804 17.279341 6.017694 -1.844030 2.498502 -2.507277 -10.163589 4.678941 4.621104 -20.975992 -0.000001 0.000004 -21.226250 2.451694 -3.593992 0.000000 -0.000006 0.000000 -1.362680 2.240798 -0.746321 -21.334892 0.584908 3.008320 -13.821197 -0.000001 0.000004 -23.887131 -0.249078 -0.839481 -61.038475 2.504327 -1.533128 -0.294024 1.679685 0.833255 -14.218190 0.093214 1.300578 -34.211998 -0.287564 0.967169 -20.033176 0.964535 1.212841 0.000000 0.000001 0.000000 -3.440386 0.788234 0.501655 -15.928164 -3.167305 2.999704 -6.338817 0.000002 0.000001 -18.123411 3.648178 -4.905662 -0.000003 0.000001 -0.000002 17.405535 18.437349 12.750401 49.905479 45.200233 13.425091 179.974182 55.687542 179.965759 -16.643171 5.292061 -5.654228 2.243541 -5.255033 -3.180155 14.282873 -0.826590 6.952493 -0.000004 -12.690590 -0.000001 15.793474 -17.621044 2.707573 1.665664 -1.955921 -2.878297 4.727793 -4.170583 4.993917 11.020509 0.000005 -0.000000 12.109028 -3.735708 -2.866776 -0.000001 -0.000000 0.000001 1.291984 -1.928548 -1.498087 14.800111 0.567470 3.865602 14.242550 -1.341734 -6.660650 19.631935 0.143929 -0.648242 49.276974 -0.565687 -5.887137 0.353028 -1.511149 -0.031939 20.222767 3.684309 2.316627 18.787245 0.000007 -0.000001 10.751610 -0.479867 1.397905 -0.000000 -0.000000 -0.000001 3.273803 0.305948 -0.580110 21.486790 11.830369 2.266132 8.162916 0.000003 0.000000 18.399048 -3.798977 -4.940566 0.000003 -0.000002 -0.000000 17.968657 -1.303201 -10.517378 -0.108154 -0.389118 24.536234 -13.981546 11.027062 -4.813663 1.643960 -1.999151 -1.747624 -0.000000 -0.000000 0.000002 2.448535 3.827570 18.242689 -0.076315 0.045162 6.141317 8.037421 -7.133101 -12.854324 -1.467836 1.211800 -1.213166 -0.000000 -0.000000 -0.000001 
0.244091 96.666183 0.230034 -5.753190 0.845019 -9.748587 3.476402 0.033248 -1.628907 0.233547 -0.463550 -5.181636 3.842530 -2.554395 11.884077 -2.055535 4.130486 13.909782 0.326050 3.455360 -3.765591 -4.399695 5.071953 -8.648050 0.000077 -0.000023 0.000006 0.011691 -0.153450 0.112728 0.677902 -3.881590 -10.610084 -0.664887 3.581953 -10.610800 -17.721493 -16.792294 9.393622 -26.119503 -26.462233 -21.609781 -178.969055 -73.158287 178.877228 9.971019 4.829922 16.370781 -5.882101 9.861278 0.702591 -10.936859 -0.360575 7.156197 0.000001 8.774814 0.000002 -16.053463 17.296484 6.029183 -1.844030 2.498502 -2.507276 -10.163590 4.678941 4.621104 -20.975996 -0.000004 0.000002 -21.226255 2.451693 -3.593994 0.000002 -0.000006 -0.000000 -1.362682 2.240797 -0.746322 -21.334894 0.584907 3.008321 -13.821197 -0.000003 0.000003 -23.887131 -0.249081 -0.839479 -61.078705 2.511498 -1.539948 -0.294025 1.679686 0.833255 -14.218195 0.093212 1.300578 -34.212006 -0.287565 0.967171 -20.033186 0.964534 1.212843 0.000000 0.000000 0.000000 -3.440385 0.788233 0.501655 -15.928171 -3.167308 2.999705 -6.338817 0.000001 0.000002 -18.123415 3.648175 -4.905661 -0.000004 0.000001 -0.000003 17.469055 18.425077 12.762010 49.939541 45.176945 13.498591 -179.994415 55.663200 -179.969971 -16.618425 5.301980 -5.563274 2.243540 -5.255033 -3.180156 14.282877 -0.826593 6.952495 -0.000001 -12.690590 -0.000001 15.828051 -17.629770 2.707303 1.665664 -1.955920 -2.878298 4.727795 -4.170583 4.993918 11.020512 0.000004 -0.000001 12.109033 -3.735712 -2.866778 -0.000001 0.000001 0.000001 1.291986 -1.928549 -1.498088 14.800114 0.567467 3.865604 14.242553 -1.341735 -6.660648 19.631939 0.143927 -0.648243 49.306026 -0.552827 -5.886740 0.353029 -1.511149 -0.031940 20.222771 3.684306 2.316626 18.787245 0.000006 -0.000001 10.751611 -0.479870 1.397904 0.000000 -0.000001 -0.000000 3.273804 0.305947 -0.580108 21.486792 11.830363 2.266131 8.162917 0.000001 -0.000001 18.399054 -3.798978 -4.940568 0.000003 -0.000002 -0.000000 17.989994 -1.318547 -10.422239 -0.108741 -0.384738 24.437269 -13.996875 11.040139 -4.804300 1.641948 -1.999341 -1.731564 -0.000000 0.000000 0.000002 2.439595 3.800213 18.277258 -0.072591 0.052915 6.138075 8.015428 -7.082170 -12.782656 -1.468512 1.209655 -1.214748 -0.000000 -0.000000 -0.000001 
0.219609 96.663048 0.213346 -5.763235 0.816853 -9.764777 3.493235 0.025670 -1.627417 0.240712 -0.468086 -5.181619 3.857125 -2.529944 11.879104 -2.053579 4.103692 13.922716 0.328564 3.486414 -3.769895 -4.409359 5.071710 -8.656283 0.000077 -0.000023 0.000006 0.011212 -0.143648 0.112099 0.678158 -3.872836 -10.606462 -0.667463 3.587128 -10.605742 -17.734159 -16.779608 9.394842 -26.135111 -26.461924 -21.626453 -178.936310 -73.211853 178.804214 9.920581 4.791265 16.369131 -5.882100 9.861276 0.702592 -10.936858 -0.360578 7.156197 0.000001 8.774813 0.000000 -16.071878 17.268206 6.012504 -1.844028 2.498502 -2.507275 -10.163589 4.678938 4.621105 -20.975992 -0.000002 0.000006 -21.226250 2.451692 -3.593990 0.000001 -0.000006 0.000000 -1.362679 2.240796 -0.746323 -21.334892 0.584903 3.008322 -13.821193 -0.000003 0.000005 -23.887123 -0.249079 -0.839478 -61.109509 2.504649 -1.524466 -0.294023 1.679685 0.833255 -14.218190 0.093212 1.300581 -34.211998 -0.287567 0.967175 -20.033176 0.964533 1.212844 0.000000 0.000000 0.000000 -3.440386 0.788233 0.501657 -15.928167 -3.167308 2.999707 -6.338816 -0.000001 0.000002 -18.123411 3.648176 -4.905656 -0.000003 0.000002 -0.000002 17.516533 18.408693 12.763400 49.996048 45.159813 13.524944 179.970383 55.649761 -179.998367 -16.557659 5.315263 -5.535763 2.243539 -5.255031 -3.180156 14.282877 -0.826594 6.952496 -0.000002 -12.690587 0.000001 15.859331 -17.640230 2.696902 1.665665 -1.955920 -2.878297 4.727795 -4.170583 4.993918 11.020513 0.000003 -0.000001 12.109032 -3.735709 -2.866778 -0.000001 -0.000000 0.000001 1.291985 -1.928547 -1.498087 14.800113 0.567466 3.865603 14.242554 -1.341735 -6.660650 19.631939 0.143926 -0.648246 49.321854 -0.539200 -5.895571 0.353029 -1.511150 -0.031940 20.222771 3.684304 2.316627 18.787247 0.000005 -0.000002 10.751612 -0.479868 1.397905 0.000000 -0.000001 -0.000000 3.273805 0.305947 -0.580111 21.486788 11.830360 2.266129 8.162916 0.000001 -0.000001 18.399052 -3.798980 -4.940567 0.000003 -0.000002 -0.000000 18.008495 -1.358635 -10.385705 -0.103047 -0.375115 24.418684 -14.006531 11.034719 -4.826648 1.639973 -1.996375 -1.717868 0.000000 0.000000 0.000002 2.434518 3.769735 18.258966 -0.065940 0.061012 6.212598 8.008449 -7.056301 -12.794664 -1.471173 1.203248 -1.225390 -0.000000 0.000000 -0.000001 
0.211595 96.668297 0.235239 -5.762319 0.784518 -9.777167 3.501521 0.023567 -1.626493 0.242605 -0.466592 -5.181655 3.871719 -2.509747 11.873081 -2.052241 4.078485 13.937308 0.322006 3.525105 -3.769079 -4.433226 5.068887 -8.653614 0.000077 -0.000023 0.000006 0.010155 -0.140234 0.110240 0.681410 -3.869355 -10.607836 -0.671059 3.586350 -10.613637 -17.726408 -16.769268 9.400009 -26.125311 -26.444920 -21.696939 -178.836029 -73.299713 178.682144 9.866266 4.749845 16.300713 -5.882102 9.861279 0.702589 -10.936858 -0.360575 7.156198 -0.000000 8.774812 -0.000001 -16.053644 17.278122 6.012405 -1.844033 2.498502 -2.507275 -10.163590 4.678941 4.621102 -20.975998 -0.000001 0.000001 -21.226255 2.451692 -3.593995 0.000001 -0.000005 -0.000000 -1.362682 2.240796 -0.746322 -21.334892 0.584909 3.008319 -13.821197 -0.000001 0.000003 -23.887129 -0.249079 -0.839482 -61.126366 2.511417 -1.530924 -0.294025 1.679686 0.833255 -14.218194 0.093216 1.300579 -34.212006 -0.287563 0.967167 -20.033180 0.964535 1.212840 0.000000 0.000000 0.000001 -3.440385 0.788235 0.501656 -15.928169 -3.167306 2.999703 -6.338818 0.000000 0.000001 -18.123415 3.648173 -4.905662 -0.000004 -0.000000 -0.000002 17.529079 18.387295 12.746802 50.064007 45.177757 13.516677 179.922241 55.675251 179.955673 -16.521471 5.296574 -5.576087 2.243539 -5.255033 -3.180155 14.282875 -0.826593 6.952496 -0.000002 -12.690591 0.000001 15.849272 -17.641047 2.706327 1.665663 -1.955919 -2.878295 4.727795 -4.170583 4.993920 11.020514 0.000003 0.000000 12.109031 -3.735711 -2.866781 0.000000 0.000001 0.000001 1.291985 -1.928548 -1.498087 14.800111 0.567469 3.865603 14.242551 -1.341732 -6.660649 19.631941 0.143925 -0.648242 49.296356 -0.555414 -5.882592 0.353028 -1.511150 -0.031940 20.222769 3.684307 2.316628 18.787245 0.000007 -0.000002 10.751610 -0.479868 1.397904 0.000000 -0.000000 0.000001 3.273805 0.305947 -0.580109 21.486790 11.830364 2.266130 8.162916 0.000003 0.000000 18.399054 -3.798978 -4.940567 0.000003 -0.000002 -0.000001 18.017467 -1.375718 -10.341459 -0.091796 -0.370287 24.384615 -14.005235 11.054986 -4.803618 1.638691 -1.989050 -1.721811 0.000000 0.000000 0.000002 2.420400 3.760131 18.293810 -0.058950 0.053671 6.170390 7.993720 -7.014865 -12.750598 -1.473247 1.197402 -1.257130 -0.000000 0.000000 -0.000001 
0.233574 96.663376 0.239042 -5.758414 0.760108 -9.768898 3.502249 0.006078 -1.642641 0.244617 -0.455830 -5.185157 3.891421 -2.492914 11.860858 -2.074696 4.041471 13.931494 0.336658 3.570740 -3.772077 -4.443117 5.087462 -8.667608 0.000077 -0.000023 0.000006 0.010130 -0.133424 0.109229 0.683096 -3.862298 -10.614278 -0.672636 3.590581 -10.618960 -17.711531 -16.748045 9.420517 -26.096348 -26.418573 -21.766575 -178.745651 -73.356613 178.581390 9.811710 4.733603 16.216568 -5.882102 9.861278 0.702590 -10.936860 -0.360574 7.156199 0.000001 8.774814 0.000000 -16.049534 17.262993 6.002492 -1.844031 2.498502 -2.507276 -10.163589 4.678942 4.621104 -20.975996 -0.000003 0.000004 -21.226254 2.451694 -3.593994 0.000001 -0.000005 -0.000000 -1.362679 2.240797 -0.746324 -21.334887 0.584911 3.008319 -13.821195 -0.000002 0.000004 -23.887129 -0.249079 -0.839480 -61.116112 2.515060 -1.524006 -0.294023 1.679687 0.833257 -14.218194 0.093214 1.300578 -34.211998 -0.287564 0.967169 -20.033176 0.964537 1.212840 -0.000000 0.000001 -0.000000 -3.440385 0.788233 0.501654 -15.928167 -3.167307 2.999705 -6.338817 0.000000 0.000001 -18.123415 3.648178 -4.905661 -0.000004 0.000001 -0.000001 17.563736 18.378822 12.721386 50.094051 45.197765 13.547513 179.914124 55.690060 179.979752 -16.495577 5.290957 -5.666062 2.243540 -5.255033 -3.180154 14.282878 -0.826593 6.952495 -0.000002 -12.690588 0.000000 15.769529 -17.669651 2.749738 1.665664 -1.955921 -2.878296 4.727793 -4.170582 4.993918 11.020511 0.000004 0.000000 12.109031 -3.735708 -2.866778 0.000000 0.000001 0.000000 1.291983 -1.928547 -1.498088 14.800111 0.567469 3.865604 14.242553 -1.341733 -6.660648 19.631939 0.143927 -0.648243 49.223766 -0.575498 -5.859872 0.353028 -1.511150 -0.031940 20.222773 3.684307 2.316628 18.787247 0.000006 -0.000002 10.751610 -0.479868 1.397904 -0.000000 -0.000000 -0.000001 3.273805 0.305947 -0.580110 21.486795 11.830361 2.266132 8.162916 0.000003 0.000001 18.399048 -3.798977 -4.940565 0.000003 -0.000002 -0.000001 18.020817 -1.397671 -10.367771 -0.088482 -0.370830 24.437841 -13.999071 11.067710 -4.803690 1.641206 -1.981895 -1.726860 -0.000000 0.000000 0.000002 2.404337 3.742355 18.331602 -0.053107 0.053451 6.050913 7.977849 -6.998116 -12.755095 -1.474381 1.192900 -1.255497 -0.000000 0.000000 -0.000001 
0.233050 96.664940 0.244953 -5.755210 0.731011 -9.766222 3.508465 0.029475 -1.659251 0.240683 -0.471492 -5.211368 3.902743 -2.495220 11.882963 -2.101281 4.024795 13.930602 0.356038 3.644839 -3.786091 -4.463862 5.076662 -8.684362 0.000077 -0.000022 0.000006 0.009264 -0.123195 0.106506 0.685089 -3.852553 -10.625573 -0.678103 3.614225 -10.633485 -17.702099 -16.744694 9.415753 -26.019194 -26.367329 -21.812262 -178.700592 -73.457077 178.498825 9.785908 4.724516 16.216732 -5.882102 9.861279 0.702590 -10.936858 -0.360573 7.156198 0.000000 8.774814 -0.000002 -16.066149 17.302900 6.010555 -1.844031 2.498501 -2.507277 -10.163589 4.678938 4.621103 -20.975996 -0.000002 0.000001 -21.226255 2.451692 -3.593996 0.000001 -0.000006 -0.000000 -1.362682 2.240798 -0.746323 -21.334890 0.584907 3.008318 -13.821197 -0.000003 0.000004 -23.887131 -0.249078 -0.839482 -61.083363 2.534793 -1.513974 -0.294025 1.679685 0.833254 -14.218194 0.093214 1.300579 -34.212002 -0.287566 0.967170 -20.033176 0.964537 1.212842 0.000000 0.000001 0.000001 -3.440385 0.788231 0.501655 -15.928167 -3.167309 2.999704 -6.338817 0.000001 0.000001 -18.123415 3.648174 -4.905662 -0.000004 -0.000000 -0.000002 17.588100 18.380348 12.729993 50.081696 45.235321 13.538257 179.935165 55.721931 179.955017 -16.477663 5.283923 -5.700963 2.243539 -5.255031 -3.180155 14.282875 -0.826592 6.952494 -0.000002 -12.690590 -0.000001 15.722255 -17.673738 2.769044 1.665665 -1.955920 -2.878299 4.727793 -4.170583 4.993918 11.020513 0.000003 -0.000001 12.109030 -3.735709 -2.866779 -0.000001 0.000001 0.000001 1.291983 -1.928548 -1.498088 14.800113 0.567469 3.865602 14.242553 -1.341734 -6.660650 19.631935 0.143928 -0.648245 49.154987 -0.569683 -5.868336 0.353029 -1.511149 -0.031940 20.222769 3.684304 2.316626 18.787247 0.000005 -0.000003 10.751610 -0.479870 1.397904 0.000000 -0.000001 -0.000000 3.273804 0.305947 -0.580111 21.486790 11.830360 2.266131 8.162915 0.000001 -0.000001 18.399048 -3.798977 -4.940566 0.000003 -0.000002 -0.000000 18.028269 -1.413116 -10.349690 -0.095257 -0.381523 24.428785 -14.019581 11.146722 -4.810196 1.642685 -1.988376 -1.724083 0.000000 -0.000000 0.000002 2.388714 3.745950 18.326200 -0.055469 0.056034 6.065957 7.983470 -6.957384 -12.743537 -1.475072 1.195446 -1.229409 0.000000 0.000000 -0.000001 
0.210745 96.664963 0.235109 -5.759393 0.697631 -9.764566 3.507391 0.038838 -1.681626 0.248289 -0.457630 -5.211642 3.913785 -2.520066 11.893661 -2.119588 4.025477 13.885755 0.406260 3.673113 -3.782451 -4.494525 5.094789 -8.677891 0.000077 -0.000022 0.000006 0.009372 -0.116490 0.102688 0.688127 -3.844040 -10.623983 -0.677504 3.612207 -10.631747 -17.696014 -16.754597 9.391066 -25.937176 -26.285995 -21.823662 -178.753189 -73.508949 178.522736 9.755308 4.727423 16.210325 -5.882102 9.861278 0.702588 -10.936861 -0.360573 7.156198 -0.000000 8.774812 0.000001 -16.049856 17.337851 6.059017 -1.844030 2.498501 -2.507277 -10.163592 4.678941 4.621104 -20.975996 0.000001 0.000002 -21.226255 2.451694 -3.593994 0.000002 -0.000006 -0.000000 -1.362679 2.240797 -0.746322 -21.334892 0.584911 3.008321 -13.821197 -0.000000 0.000003 -23.887131 -0.249078 -0.839482 -61.085590 2.524766 -1.485912 -0.294025 1.679684 0.833256 -14.218195 0.093215 1.300582 -34.212006 -0.287561 0.967170 -20.033178 0.964538 1.212840 0.000000 0.000002 0.000000 -3.440386 0.788232 0.501656 -15.928165 -3.167304 2.999703 -6.338818 0.000003 0.000002 -18.123415 3.648178 -4.905661 -0.000004 -0.000000 -0.000002 17.623386 18.373629 12.771169 50.071663 45.287971 13.559972 -179.992798 55.746357 -179.949249 -16.412764 5.311804 -5.768494 2.243541 -5.255034 -3.180156 14.282877 -0.826593 6.952496 -0.000001 -12.690590 -0.000001 15.663114 -17.689148 2.794849 1.665663 -1.955919 -2.878296 4.727795 -4.170583 4.993921 11.020512 0.000003 0.000000 12.109030 -3.735710 -2.866780 -0.000001 -0.000000 0.000000 1.291985 -1.928548 -1.498089 14.800113 0.567466 3.865604 14.242551 -1.341735 -6.660647 19.631939 0.143927 -0.648242 49.101795 -0.579109 -5.840916 0.353030 -1.511150 -0.031940 20.222765 3.684306 2.316628 18.787247 0.000003 -0.000000 10.751611 -0.479869 1.397904 -0.000000 0.000000 0.000000 3.273804 0.305946 -0.580109 21.486790 11.830363 2.266131 8.162916 0.000003 -0.000001 18.399054 -3.798982 -4.940567 0.000003 -0.000002 -0.000000 18.038197 -1.425623 -10.339408 -0.095352 -0.383603 24.399843 -14.014786 11.207175 -4.804213 1.644223 -1.991070 -1.740611 0.000000 -0.000000 0.000002 2.385230 3.741680 18.304152 -0.056050 0.057530 6.090158 8.001559 -6.914428 -12.749135 -1.474491 1.191440 -1.223927 -0.000000 0.000000 -0.000001 
0.208809 96.685852 0.213510 -5.777881 0.710522 -9.785254 3.520729 0.016905 -1.686466 0.261140 -0.432757 -5.208839 3.922779 -2.527892 11.896585 -2.122804 4.015425 13.850141 0.436333 3.702518 -3.780307 -4.509145 5.102251 -8.677653 0.000077 -0.000023 0.000006 0.011208 -0.123460 0.100037 0.687292 -3.854646 -10.626571 -0.676738 3.601853 -10.634556 -17.708395 -16.762703 9.352588 -25.872438 -26.222422 -21.782925 -178.880112 -73.545029 178.629456 9.673809 4.711120 16.218559 -5.882103 9.861281 0.702591 -10.936858 -0.360577 7.156197 0.000001 8.774813 -0.000001 -16.055660 17.323912 6.031283 -1.844031 2.498505 -2.507273 -10.163590 4.678938 4.621105 -20.975996 0.000000 0.000002 -21.226255 2.451694 -3.593995 0.000001 -0.000006 -0.000000 -1.362680 2.240796 -0.746322 -21.334892 0.584911 3.008322 -13.821198 -0.000000 0.000004 -23.887131 -0.249075 -0.839485 -61.052406 2.474273 -1.494008 -0.294025 1.679686 0.833256 -14.218195 0.093216 1.300581 -34.211998 -0.287560 0.967167 -20.033180 0.964534 1.212840 0.000000 0.000000 0.000000 -3.440386 0.788234 0.501655 -15.928169 -3.167307 2.999703 -6.338819 0.000001 0.000001 -18.123415 3.648180 -4.905663 -0.000004 0.000001 -0.000002 17.665783 18.346716 12.812061 50.012188 45.339775 13.558582 -179.924377 55.779293 -179.934647 -16.346779 5.340396 -5.678359 2.243540 -5.255032 -3.180155 14.282875 -0.826592 6.952496 -0.000002 -12.690587 0.000000 15.695947 -17.722429 2.780467 1.665664 -1.955920 -2.878296 4.727794 -4.170583 4.993918 11.020513 0.000004 -0.000000 12.109033 -3.735707 -2.866780 -0.000001 0.000001 0.000001 1.291983 -1.928547 -1.498087 14.800113 0.567467 3.865602 14.242553 -1.341734 -6.660648 19.631937 0.143929 -0.648244 49.090935 -0.578259 -5.905573 0.353028 -1.511149 -0.031941 20.222771 3.684306 2.316627 18.787245 0.000006 -0.000002 10.751609 -0.479867 1.397905 -0.000000 -0.000000 -0.000001 3.273804 0.305947 -0.580112 21.486788 11.830362 2.266129 8.162916 0.000003 0.000000 18.399052 -3.798979 -4.940566 0.000003 -0.000002 -0.000001 18.055038 -1.476350 -10.284646 -0.086063 -0.371224 24.282486 -14.008454 11.260272 -4.721807 1.643451 -1.990434 -1.751147 -0.000000 0.000000 0.000002 2.408287 3.700130 18.307680 -0.058255 0.064256 6.124169 7.991585 -6.892167 -12.648432 -1.472889 1.180888 -1.233343 -0.000000 -0.000000 -0.000001 
0.196016 96.701309 0.203419 -5.797431 0.710498 -9.813425 3.538582 0.018089 -1.662767 0.269338 -0.431362 -5.205644 3.929402 -2.535592 11.883680 -2.108186 3.993632 13.810092 0.439784 3.721153 -3.777518 -4.529680 5.120853 -8.670023 0.000077 -0.000023 0.000006 0.012012 -0.130333 0.100998 0.686771 -3.857878 -10.622941 -0.672505 3.589932 -10.624331 -17.724962 -16.758909 9.302046 -25.817375 -26.135658 -21.733707 -179.111908 -73.556854 178.840927 9.580445 4.692170 16.160336 -5.882102 9.861277 0.702590 -10.936861 -0.360575 7.156199 -0.000002 8.774813 -0.000001 -16.072319 17.347170 6.019874 -1.844030 2.498501 -2.507276 -10.163589 4.678940 4.621104 -20.975994 0.000001 0.000004 -21.226255 2.451694 -3.593994 0.000002 -0.000006 0.000001 -1.362680 2.240795 -0.746323 -21.334892 0.584910 3.008324 -13.821197 -0.000000 0.000005 -23.887131 -0.249074 -0.839480 -61.055954 2.476437 -1.501628 -0.294024 1.679686 0.833255 -14.218192 0.093216 1.300579 -34.211998 -0.287561 0.967169 -20.033178 0.964534 1.212842 -0.000000 0.000000 0.000000 -3.440386 0.788232 0.501657 -15.928167 -3.167306 2.999704 -6.338817 0.000004 0.000002 -18.123415 3.648176 -4.905662 -0.000004 0.000002 -0.000002 17.690790 18.325632 12.836185 49.994240 45.349739 13.501897 -179.938202 55.790176 -179.930969 -16.296656 5.370900 -5.648719 2.243539 -5.255032 -3.180155 14.282877 -0.826594 6.952493 -0.000002 -12.690587 -0.000001 15.739344 -17.739513 2.781306 1.665665 -1.955919 -2.878297 4.727793 -4.170582 4.993920 11.020513 0.000003 -0.000001 12.109033 -3.735709 -2.866779 -0.000001 0.000000 -0.000000 1.291984 -1.928548 -1.498088 14.800114 0.567467 3.865603 14.242553 -1.341733 -6.660646 19.631941 0.143925 -0.648244 49.120670 -0.577391 -5.926601 0.353029 -1.511149 -0.031940 20.222769 3.684304 2.316627 18.787247 0.000005 -0.000002 10.751611 -0.479867 1.397904 -0.000000 -0.000000 -0.000001 3.273804 0.305946 -0.580111 21.486788 11.830360 2.266131 8.162916 0.000002 0.000000 18.399052 -3.798978 -4.940567 0.000004 -0.000002 -0.000001 18.081585 -1.530021 -10.222516 -0.086705 -0.358341 24.183956 -14.028919 11.285522 -4.667614 1.644456 -1.987039 -1.766520 -0.000000 0.000000 0.000002 2.434175 3.675579 18.320232 -0.062776 0.064687 6.138129 8.000320 -6.884737 -12.569643 -1.472528 1.176466 -1.270640 -0.000000 0.000000 -0.000001 
0.179788 96.717545 0.205883 -5.813024 0.747013 -9.832907 3.553350 0.021205 -1.647094 0.265354 -0.435794 -5.206250 3.936343 -2.525833 11.883672 -2.080188 3.980272 13.776925 0.435907 3.726499 -3.775270 -4.535883 5.077915 -8.661313 0.000077 -0.000022 0.000006 0.010902 -0.133749 0.101179 0.686693 -3.864084 -10.629414 -0.673046 3.590311 -10.633679 -17.716387 -16.758490 9.269279 -25.770689 -26.127401 -21.714945 -179.139938 -73.570023 178.850342 9.508240 4.680686 16.009287 -5.882102 9.861278 0.702590 -10.936861 -0.360575 7.156197 0.000000 8.774812 -0.000000 -16.104065 17.326136 5.988784 -1.844030 2.498503 -2.507277 -10.163589 4.678940 4.621103 -20.975998 -0.000002 0.000003 -21.226254 2.451693 -3.593992 0.000002 -0.000006 -0.000000 -1.362681 2.240796 -0.746322 -21.334890 0.584909 3.008322 -13.821197 -0.000002 0.000004 -23.887129 -0.249075 -0.839480 -61.046574 2.456532 -1.497772 -0.294024 1.679686 0.833254 -14.218190 0.093215 1.300579 -34.212006 -0.287565 0.967171 -20.033178 0.964534 1.212843 -0.000000 0.000001 -0.000000 -3.440387 0.788232 0.501657 -15.928169 -3.167306 2.999704 -6.338819 0.000000 0.000001 -18.123415 3.648173 -4.905661 -0.000004 0.000001 -0.000002 17.685122 18.325054 12.823517 49.958851 45.324066 13.365541 179.955765 55.821964 179.980576 -16.294130 5.371897 -5.639072 2.243541 -5.255033 -3.180156 14.282877 -0.826594 6.952495 -0.000002 -12.690592 0.000001 15.768326 -17.723448 2.783373 1.665666 -1.955920 -2.878296 4.727794 -4.170584 4.993917 11.020512 0.000002 -0.000001 12.109032 -3.735711 -2.866778 -0.000001 -0.000000 0.000000 1.291984 -1.928548 -1.498087 14.800113 0.567465 3.865606 14.242553 -1.341734 -6.660648 19.631939 0.143923 -0.648244 49.183704 -0.573757 -5.917463 0.353029 -1.511150 -0.031939 20.222769 3.684304 2.316629 18.787247 0.000003 -0.000002 10.751613 -0.479871 1.397904 -0.000001 0.000000 0.000001 3.273804 0.305947 -0.580110 21.486792 11.830363 2.266133 8.162916 -0.000000 0.000001 18.399055 -3.798980 -4.940567 0.000003 -0.000002 -0.000001 18.095230 -1.581636 -10.178780 -0.087511 -0.346935 24.083563 -14.030260 11.311749 -4.610085 1.643044 -1.987541 -1.764674 -0.000000 0.000000 0.000002 2.463468 3.645004 18.361164 -0.062854 0.060628 6.076414 7.999682 -6.912140 -12.482161 -1.473008 1.177386 -1.299477 -0.000000 0.000000 -0.000001 
0.155808 96.725914 0.190757 -5.825387 0.768322 -9.827055 3.565817 0.027328 -1.648056 0.256221 -0.425673 -5.199513 3.955600 -2.519000 11.867982 -2.062038 3.994241 13.764765 0.422704 3.697308 -3.778692 -4.541439 5.031890 -8.654412 0.000077 -0.000022 0.000006 0.011112 -0.133626 0.104653 0.688247 -3.862295 -10.625772 -0.676097 3.586799 -10.630318 -17.711884 -16.779722 9.265563 -25.744959 -26.090193 -21.686956 -179.172379 -73.602348 178.897522 9.479451 4.649799 15.868677 -5.882100 9.861279 0.702590 -10.936854 -0.360577 7.156196 0.000000 8.774814 0.000000 -16.155920 17.306446 5.946843 -1.844030 2.498501 -2.507278 -10.163589 4.678939 4.621103 -20.975994 -0.000003 0.000001 -21.226250 2.451693 -3.593993 0.000001 -0.000006 -0.000000 -1.362680 2.240797 -0.746323 -21.334894 0.584909 3.008320 -13.821197 -0.000002 0.000003 -23.887129 -0.249079 -0.839480 -61.041985 2.436060 -1.498190 -0.294026 1.679687 0.833255 -14.218192 0.093215 1.300578 -34.211998 -0.287567 0.967168 -20.033175 0.964532 1.212841 -0.000000 0.000001 0.000001 -3.440385 0.788231 0.501656 -15.928165 -3.167306 2.999702 -6.338817 0.000003 0.000001 -18.123413 3.648177 -4.905662 -0.000004 -0.000000 -0.000002 17.668661 18.324871 12.776946 49.948219 45.237438 13.222996 179.813950 55.801884 179.877335 -16.324690 5.374422 -5.617086 2.243539 -5.255031 -3.180155 14.282877 -0.826594 6.952497 -0.000002 -12.690588 -0.000001 15.777621 -17.709860 2.773928 1.665665 -1.955921 -2.878299 4.727796 -4.170584 4.993918 11.020513 0.000003 -0.000001 12.109033 -3.735709 -2.866780 -0.000001 -0.000000 0.000001 1.291985 -1.928548 -1.498087 14.800111 0.567469 3.865603 14.242553 -1.341734 -6.660649 19.631939 0.143926 -0.648242 49.229076 -0.568345 -5.942125 0.353029 -1.511149 -0.031941 20.222769 3.684306 2.316628 18.787247 0.000006 -0.000001 10.751611 -0.479868 1.397904 -0.000000 -0.000001 -0.000001 3.273803 0.305947 -0.580110 21.486794 11.830360 2.266130 8.162917 0.000002 -0.000001 18.399054 -3.798978 -4.940567 0.000003 -0.000002 -0.000000 18.119638 -1.606175 -10.166466 -0.092715 -0.349683 24.016607 -14.024941 11.313107 -4.571011 1.640447 -1.994814 -1.747563 -0.000000 -0.000000 0.000002 2.485000 3.640333 18.329662 -0.065131 0.056962 6.121988 8.008066 -6.966465 -12.456914 -1.474582 1.176333 -1.313161 -0.000000 -0.000000 -0.000001 
0.126247 96.731720 0.203785 -5.823666 0.789168 -9.828107 3.569256 0.054627 -1.642362 0.238997 -0.465031 -5.219110 3.969683 -2.492362 11.890347 -2.031518 3.979370 13.764807 0.395483 3.681990 -3.779750 -4.552573 4.968853 -8.629291 0.000077 -0.000023 0.000006 0.010782 -0.130142 0.106374 0.689633 -3.853955 -10.636132 -0.677848 3.597254 -10.638834 -17.690536 -16.785999 9.294509 -25.694752 -26.075327 -21.746248 -179.058563 -73.650513 178.800156 9.458234 4.659109 15.712170 -5.882102 9.861279 0.702589 -10.936856 -0.360575 7.156197 -0.000001 8.774815 -0.000001 -16.160513 17.281485 5.945379 -1.844031 2.498501 -2.507277 -10.163589 4.678938 4.621104 -20.975994 -0.000005 0.000005 -21.226250 2.451693 -3.593992 0.000002 -0.000006 -0.000000 -1.362680 2.240795 -0.746323 -21.334890 0.584907 3.008320 -13.821195 -0.000003 0.000005 -23.887131 -0.249078 -0.839483 -61.031246 2.443782 -1.484012 -0.294025 1.679687 0.833255 -14.218197 0.093216 1.300581 -34.211998 -0.287563 0.967172 -20.033180 0.964533 1.212842 0.000000 0.000000 0.000001 -3.440387 0.788231 0.501656 -15.928165 -3.167308 2.999706 -6.338817 0.000000 0.000002 -18.123411 3.648178 -4.905660 -0.000004 0.000001 -0.000002 17.635981 18.352379 12.723491 49.931801 45.206127 13.092484 179.718155 55.813416 179.728775 -16.347382 5.391574 -5.560872 2.243540 -5.255033 -3.180151 14.282877 -0.826595 6.952497 -0.000000 -12.690590 -0.000001 15.690928 -17.668629 2.758204 1.665665 -1.955920 -2.878295 4.727793 -4.170584 4.993921 11.020512 0.000003 0.000001 12.109031 -3.735710 -2.866780 -0.000000 0.000000 0.000001 1.291984 -1.928547 -1.498086 14.800109 0.567468 3.865603 14.242554 -1.341737 -6.660648 19.631939 0.143926 -0.648241 49.237476 -0.540042 -5.960496 0.353029 -1.511150 -0.031940 20.222765 3.684306 2.316628 18.787245 0.000005 -0.000001 10.751611 -0.479866 1.397903 -0.000000 0.000000 0.000000 3.273806 0.305947 -0.580110 21.486788 11.830363 2.266131 8.162917 0.000001 0.000000 18.399055 -3.798982 -4.940567 0.000004 -0.000002 -0.000001 18.121786 -1.630785 -10.165504 -0.099986 -0.355526 23.987513 -14.031285 11.307591 -4.536286 1.639331 -1.992230 -1.738753 -0.000000 0.000000 0.000002 2.492107 3.649126 18.349300 -0.064264 0.032045 6.067908 8.001756 -6.996521 -12.428406 -1.476871 1.191984 -1.325693 -0.000000 -0.000000 -0.000001 
0.129807 96.743332 0.193944 -5.826863 0.826502 -9.826524 3.562543 0.019064 -1.649666 0.245311 -0.415320 -5.202994 3.979589 -2.511736 11.880758 -2.025708 3.968971 13.772988 0.373694 3.642311 -3.784727 -4.556116 4.959068 -8.605920 0.000077 -0.000022 0.000006 0.009909 -0.139864 0.110181 0.690341 -3.865149 -10.630614 -0.679447 3.581669 -10.632970 -17.691233 -16.823389 9.343207 -25.665136 -26.049604 -21.804329 -178.807861 -73.693237 178.622437 9.438257 4.641319 15.653983 -5.882102 9.861278 0.702589 -10.936859 -0.360576 7.156197 -0.000001 8.774814 -0.000002 -16.202095 17.284040 5.921828 -1.844030 2.498503 -2.507275 -10.163587 4.678941 4.621102 -20.975994 -0.000003 0.000004 -21.226250 2.451694 -3.593993 0.000002 -0.000006 -0.000000 -1.362680 2.240795 -0.746324 -21.334888 0.584909 3.008319 -13.821195 -0.000003 0.000003 -23.887129 -0.249077 -0.839481 -61.035107 2.448716 -1.491037 -0.294023 1.679687 0.833255 -14.218192 0.093215 1.300580 -34.211998 -0.287562 0.967170 -20.033178 0.964534 1.212841 -0.000000 0.000000 0.000000 -3.440386 0.788234 0.501655 -15.928167 -3.167305 2.999703 -6.338815 0.000002 0.000002 -18.123411 3.648176 -4.905662 -0.000003 0.000001 -0.000002 17.622890 18.336946 12.707644 49.958553 45.226963 13.090888 179.765549 55.829712 179.716263 -16.295309 5.423675 -5.488594 2.243539 -5.255033 -3.180155 14.282875 -0.826594 6.952496 -0.000001 -12.690592 0.000000 15.643936 -17.688160 2.777278 1.665665 -1.955920 -2.878296 4.727795 -4.170584 4.993919 11.020513 0.000004 -0.000001 12.109034 -3.735709 -2.866780 0.000000 -0.000000 0.000002 1.291984 -1.928548 -1.498087 14.800109 0.567468 3.865602 14.242553 -1.341733 -6.660647 19.631941 0.143926 -0.648243 49.253960 -0.553664 -5.970959 0.353029 -1.511150 -0.031940 20.222769 3.684308 2.316629 18.787245 0.000006 -0.000002 10.751610 -0.479869 1.397906 -0.000001 0.000001 -0.000001 3.273804 0.305948 -0.580110 21.486790 11.830365 2.266129 8.162916 0.000003 -0.000001 18.399054 -3.798980 -4.940567 0.000003 -0.000002 -0.000002 18.122532 -1.681774 -10.193380 -0.100987 -0.356093 23.966963 -14.044048 11.309327 -4.457093 1.640330 -1.988792 -1.742583 0.000000 -0.000000 0.000002 2.514940 3.639488 18.364450 -0.057033 0.033400 6.011408 7.964220 -7.060884 -12.382121 -1.476833 1.198605 -1.326041 0.000000 -0.000000 -0.000001 
0.114366 96.744179 0.156620 -5.834184 0.850089 -9.827778 3.567730 0.033267 -1.640461 0.238494 -0.438609 -5.182213 3.980252 -2.513355 11.875072 -2.010053 3.950793 13.772339 0.369040 3.658092 -3.784292 -4.561983 4.950513 -8.578692 0.000077 -0.000022 0.000006 0.009289 -0.136416 0.110885 0.690954 -3.867963 -10.635250 -0.681792 3.592342 -10.637291 -17.704386 -16.808229 9.376057 -25.655243 -26.054800 -21.817148 -178.732056 -73.746300 178.588196 9.407255 4.641694 15.621166 -5.882102 9.861282 0.702590 -10.936857 -0.360574 7.156197 -0.000000 8.774815 -0.000002 -16.288429 17.302029 5.915643 -1.844031 2.498504 -2.507276 -10.163589 4.678941 4.621107 -20.975992 -0.000000 0.000004 -21.226250 2.451692 -3.593993 0.000000 -0.000005 -0.000000 -1.362681 2.240796 -0.746323 -21.334892 0.584910 3.008322 -13.821197 -0.000000 0.000003 -23.887131 -0.249076 -0.839481 -61.090424 2.470581 -1.471202 -0.294024 1.679685 0.833254 -14.218190 0.093215 1.300580 -34.211998 -0.287564 0.967169 -20.033178 0.964535 1.212843 -0.000000 0.000000 0.000000 -3.440385 0.788230 0.501656 -15.928167 -3.167306 2.999703 -6.338817 0.000001 0.000003 -18.123411 3.648178 -4.905660 -0.000003 -0.000000 -0.000002 17.638842 18.330309 12.726696 49.909740 45.261974 13.060147 179.732834 55.815983 179.646881 -16.308123 5.435758 -5.500396 2.243539 -5.255033 -3.180157 14.282877 -0.826595 6.952495 -0.000002 -12.690585 -0.000001 15.670731 -17.706764 2.765824 1.665665 -1.955921 -2.878296 4.727794 -4.170583 4.993919 11.020511 0.000003 0.000000 12.109035 -3.735710 -2.866779 -0.000001 0.000001 0.000001 1.291985 -1.928548 -1.498086 14.800111 0.567467 3.865602 14.242551 -1.341735 -6.660647 19.631939 0.143925 -0.648243 49.286739 -0.542066 -6.006333 0.353029 -1.511149 -0.031941 20.222767 3.684305 2.316631 18.787247 0.000006 -0.000001 10.751612 -0.479868 1.397904 0.000000 -0.000001 -0.000001 3.273804 0.305947 -0.580109 21.486792 11.830361 2.266134 8.162916 0.000002 0.000000 18.399052 -3.798980 -4.940566 0.000003 -0.000002 -0.000001 18.126024 -1.709008 -10.191814 -0.100873 -0.361457 23.907923 -14.067967 11.327410 -4.447158 1.641552 -1.989115 -1.744460 -0.000000 0.000000 0.000002 2.540534 3.656190 18.322783 -0.061647 0.039883 6.080633 7.964436 -7.069559 -12.400652 -1.479844 1.212266 -1.344819 -0.000000 -0.000000 -0.000001 
0.096782 96.744698 0.128895 -5.843049 0.891198 -9.833450 3.561890 0.018900 -1.624222 0.248997 -0.420184 -5.169147 3.973268 -2.535479 11.868773 -2.012967 3.908566 13.779931 0.397359 3.696516 -3.784189 -4.562932 4.976678 -8.521016 0.000077 -0.000023 0.000006 0.011010 -0.142925 0.112689 0.693620 -3.872247 -10.624440 -0.682042 3.595855 -10.626257 -17.726954 -16.804167 9.370040 -25.675226 -26.049330 -21.712856 -178.782761 -73.785454 178.583221 9.396550 4.647667 15.694757 -5.882100 9.861278 0.702589 -10.936857 -0.360574 7.156196 -0.000001 8.774815 -0.000001 -16.343550 17.318176 5.901230 -1.844031 2.498502 -2.507275 -10.163589 4.678938 4.621103 -20.975992 -0.000002 0.000002 -21.226250 2.451693 -3.593996 0.000001 -0.000006 -0.000000 -1.362679 2.240798 -0.746324 -21.334887 0.584909 3.008318 -13.821194 -0.000001 0.000003 -23.887129 -0.249080 -0.839484 -61.155346 2.484232 -1.454082 -0.294022 1.679686 0.833254 -14.218194 0.093216 1.300578 -34.212002 -0.287562 0.967168 -20.033175 0.964538 1.212840 -0.000000 0.000000 0.000001 -3.440386 0.788233 0.501655 -15.928164 -3.167306 2.999703 -6.338817 -0.000001 0.000002 -18.123415 3.648175 -4.905662 -0.000004 -0.000000 -0.000002 17.662125 18.297544 12.760550 49.880577 45.314217 13.123259 179.782959 55.840851 179.687485 -16.299133 5.457922 -5.575068 2.243539 -5.255033 -3.180155 14.282877 -0.826592 6.952495 -0.000000 -12.690591 -0.000003 15.705469 -17.700174 2.775712 1.665663 -1.955920 -2.878293 4.727794 -4.170584 4.993917 11.020511 0.000003 0.000000 12.109032 -3.735712 -2.866780 0.000000 0.000001 0.000000 1.291984 -1.928548 -1.498086 14.800113 0.567467 3.865605 14.242554 -1.341735 -6.660648 19.631939 0.143924 -0.648243 49.323669 -0.576057 -5.992626 0.353029 -1.511150 -0.031938 20.222769 3.684307 2.316629 18.787245 0.000006 -0.000001 10.751611 -0.479867 1.397904 0.000000 0.000000 -0.000001 3.273804 0.305947 -0.580109 21.486790 11.830367 2.266134 8.162918 0.000002 0.000000 18.399050 -3.798978 -4.940568 0.000003 -0.000002 -0.000000 18.135008 -1.737531 -10.194170 -0.097459 -0.358513 23.858315 -14.078963 11.315047 -4.423372 1.640821 -1.988988 -1.745312 0.000000 0.000000 0.000002 2.556360 3.620846 18.321045 -0.057559 0.047520 6.055712 7.958152 -7.047643 -12.404472 -1.479723 1.211740 -1.335313 -0.000000 -0.000000 -0.000001 
0.067794 96.753609 0.122472 -5.850979 0.920798 -9.845543 3.561731 0.017576 -1.605402 0.250068 -0.422603 -5.179352 3.961831 -2.554911 11.871300 -1.991245 3.895766 13.802670 0.405083 3.714990 -3.780742 -4.556055 4.976266 -8.498907 0.000077 -0.000022 0.000006 0.008927 -0.153097 0.113842 0.690661 -3.882772 -10.623768 -0.681310 3.584726 -10.625274 -17.753241 -16.783262 9.317090 -25.778982 -26.040401 -21.549736 -178.740616 -73.852264 178.542511 9.346635 4.647656 15.809338 -5.882102 9.861276 0.702590 -10.936860 -0.360575 7.156199 0.000000 8.774812 -0.000001 -16.341961 17.330620 5.916772 -1.844028 2.498501 -2.507275 -10.163589 4.678940 4.621104 -20.975998 -0.000005 0.000003 -21.226255 2.451692 -3.593993 0.000000 -0.000005 -0.000000 -1.362682 2.240795 -0.746324 -21.334892 0.584907 3.008320 -13.821197 -0.000002 0.000003 -23.887133 -0.249081 -0.839482 -61.171669 2.508951 -1.432563 -0.294024 1.679687 0.833254 -14.218194 0.093215 1.300577 -34.212002 -0.287567 0.967167 -20.033178 0.964531 1.212840 0.000000 0.000000 0.000000 -3.440385 0.788231 0.501654 -15.928167 -3.167304 2.999702 -6.338817 -0.000001 0.000002 -18.123413 3.648173 -4.905660 -0.000004 0.000002 -0.000002 17.709980 18.264881 12.774892 49.828148 45.321945 13.153856 179.763458 55.885551 179.695679 -16.322882 5.517971 -5.706275 2.243540 -5.255033 -3.180157 14.282875 -0.826593 6.952495 -0.000001 -12.690591 0.000001 15.827143 -17.701105 2.754437 1.665666 -1.955920 -2.878295 4.727794 -4.170583 4.993918 11.020511 0.000003 -0.000001 12.109032 -3.735709 -2.866780 -0.000001 0.000001 -0.000000 1.291984 -1.928548 -1.498088 14.800113 0.567467 3.865602 14.242554 -1.341735 -6.660651 19.631939 0.143926 -0.648245 49.351753 -0.585770 -5.992110 0.353028 -1.511149 -0.031940 20.222767 3.684305 2.316627 18.787245 0.000004 -0.000002 10.751609 -0.479868 1.397904 0.000000 0.000000 0.000000 3.273803 0.305947 -0.580109 21.486790 11.830361 2.266131 8.162916 0.000001 0.000000 18.399054 -3.798980 -4.940567 0.000004 -0.000002 -0.000001 18.144724 -1.749803 -10.178144 -0.099444 -0.355077 23.810003 -14.073764 11.297721 -4.375023 1.640652 -1.998832 -1.738116 -0.000000 -0.000000 0.000002 2.572266 3.597237 18.346525 -0.061997 0.051992 5.994916 7.961442 -7.009852 -12.356178 -1.478313 1.200969 -1.327624 -0.000000 0.000000 -0.000001 
0.062148 96.762421 0.093478 -5.862716 0.934313 -9.846329 3.565966 0.004453 -1.595409 0.254780 -0.401482 -5.166198 3.947172 -2.579853 11.847232 -1.962802 3.907097 13.824303 0.416334 3.652797 -3.783408 -4.561583 5.012747 -8.504597 0.000077 -0.000022 0.000006 0.009244 -0.157309 0.114124 0.690096 -3.893716 -10.624636 -0.680343 3.586145 -10.624242 -17.761667 -16.779259 9.270655 -25.857542 -25.988674 -21.373919 -178.871109 -73.874588 178.621170 9.330853 4.672088 15.899971 -5.882100 9.861279 0.702592 -10.936858 -0.360574 7.156197 -0.000002 8.774817 -0.000001 -16.360243 17.354595 5.912630 -1.844030 2.498505 -2.507274 -10.163591 4.678941 4.621104 -20.975996 -0.000002 0.000002 -21.226250 2.451693 -3.593993 0.000001 -0.000006 -0.000001 -1.362679 2.240799 -0.746323 -21.334890 0.584909 3.008316 -13.821197 -0.000001 0.000002 -23.887129 -0.249080 -0.839483 -61.172680 2.509834 -1.421757 -0.294023 1.679687 0.833257 -14.218189 0.093216 1.300578 -34.212002 -0.287564 0.967169 -20.033176 0.964534 1.212841 0.000000 0.000000 0.000000 -3.440385 0.788234 0.501654 -15.928165 -3.167306 2.999702 -6.338817 0.000001 0.000002 -18.123415 3.648177 -4.905662 -0.000004 -0.000000 -0.000002 17.714666 18.225101 12.736664 49.855701 45.300797 13.216839 179.708694 55.974468 179.726440 -16.327414 5.624352 -5.891951 2.243540 -5.255033 -3.180156 14.282877 -0.826593 6.952495 -0.000002 -12.690588 -0.000001 15.875456 -17.671480 2.767572 1.665665 -1.955919 -2.878297 4.727794 -4.170583 4.993918 11.020512 0.000003 -0.000001 12.109033 -3.735710 -2.866779 -0.000001 0.000000 -0.000000 1.291984 -1.928547 -1.498086 14.800113 0.567467 3.865605 14.242554 -1.341735 -6.660648 19.631939 0.143927 -0.648243 49.354343 -0.610521 -5.938957 0.353029 -1.511150 -0.031939 20.222771 3.684303 2.316631 18.787245 0.000005 -0.000003 10.751610 -0.479867 1.397904 -0.000000 0.000000 0.000000 3.273803 0.305947 -0.580111 21.486790 11.830363 2.266133 8.162918 0.000001 -0.000001 18.399054 -3.798978 -4.940567 0.000003 -0.000002 -0.000000 18.158644 -1.784004 -10.165606 -0.090923 -0.357237 23.760559 -14.068204 11.289524 -4.332430 1.641263 -2.002231 -1.736268 0.000000 -0.000000 0.000002 2.595466 3.563226 18.338867 -0.067996 0.068058 5.967872 7.972559 -7.007697 -12.326387 -1.476146 1.184299 -1.300156 -0.000000 0.000000 -0.000001 
0.014424 96.758240 0.087616 -5.875259 0.936751 -9.846557 3.567247 0.008603 -1.588732 0.257164 -0.414868 -5.179611 3.933980 -2.594089 11.858114 -1.919929 3.926444 13.842676 0.403226 3.588131 -3.775683 -4.588464 5.020131 -8.540857 0.000077 -0.000023 0.000006 0.008981 -0.164116 0.114300 0.692255 -3.908163 -10.621217 -0.681948 3.566358 -10.623578 -17.783566 -16.792532 9.267845 -25.890320 -25.927155 -21.269918 -178.952118 -73.922333 178.646851 9.341495 4.690858 15.909156 -5.882101 9.861279 0.702591 -10.936859 -0.360573 7.156198 0.000001 8.774814 -0.000002 -16.308880 17.364376 5.934591 -1.844031 2.498503 -2.507277 -10.163589 4.678940 4.621104 -20.975996 -0.000002 0.000005 -21.226255 2.451696 -3.593992 0.000002 -0.000006 0.000000 -1.362681 2.240795 -0.746323 -21.334892 0.584908 3.008321 -13.821197 -0.000002 0.000004 -23.887129 -0.249076 -0.839481 -61.122238 2.513849 -1.395526 -0.294023 1.679687 0.833257 -14.218192 0.093213 1.300581 -34.212006 -0.287564 0.967171 -20.033178 0.964536 1.212843 0.000000 0.000000 0.000000 -3.440384 0.788234 0.501656 -15.928171 -3.167304 2.999705 -6.338818 0.000000 0.000002 -18.123415 3.648176 -4.905661 -0.000003 0.000001 -0.000002 17.716839 18.218576 12.681628 49.846462 45.258240 13.259593 179.725311 56.061199 179.773438 -16.326595 5.755130 -6.017239 2.243540 -5.255033 -3.180156 14.282875 -0.826594 6.952496 -0.000002 -12.690591 -0.000002 15.873179 -17.668049 2.791904 1.665666 -1.955921 -2.878296 4.727796 -4.170585 4.993918 11.020511 0.000003 -0.000001 12.109031 -3.735711 -2.866781 -0.000001 0.000001 0.000001 1.291984 -1.928547 -1.498087 14.800109 0.567466 3.865603 14.242553 -1.341736 -6.660648 19.631939 0.143924 -0.648243 49.335354 -0.601126 -5.912355 0.353028 -1.511149 -0.031940 20.222769 3.684305 2.316629 18.787247 0.000004 -0.000000 10.751611 -0.479869 1.397903 0.000000 0.000001 0.000000 3.273804 0.305946 -0.580109 21.486790 11.830361 2.266133 8.162916 0.000001 0.000000 18.399050 -3.798980 -4.940567 0.000003 -0.000001 -0.000000 18.182276 -1.835039 -10.141432 -0.101564 -0.366403 23.692068 -14.037457 11.336543 -4.352607 1.644362 -2.005189 -1.734901 -0.000000 -0.000000 0.000002 2.617616 3.573542 18.301365 -0.071323 0.069038 6.034778 7.989621 -7.009668 -12.357916 -1.475950 1.174141 -1.288579 -0.000000 0.000000 -0.000001 
0.044032 96.758339 0.072742 -5.889510 0.938599 -9.846766 3.573150 0.008131 -1.592579 0.255441 -0.410024 -5.176877 3.919806 -2.619916 11.870081 -1.877411 3.960326 13.852360 0.383609 3.497210 -3.776892 -4.623706 4.995951 -8.604514 0.000077 -0.000023 0.000006 0.007754 -0.167447 0.114362 0.691051 -3.908514 -10.617515 -0.684172 3.565013 -10.626228 -17.814529 -16.814112 9.303949 -25.918325 -25.853106 -21.177605 -179.010834 -73.904121 178.680603 9.392874 4.729599 15.902925 -5.882099 9.861279 0.702589 -10.936860 -0.360574 7.156200 0.000001 8.774814 -0.000001 -16.268143 17.385775 5.955837 -1.844031 2.498501 -2.507275 -10.163591 4.678938 4.621106 -20.975992 -0.000003 0.000007 -21.226248 2.451693 -3.593990 0.000001 -0.000006 -0.000001 -1.362680 2.240795 -0.746322 -21.334890 0.584909 3.008322 -13.821195 -0.000002 0.000005 -23.887131 -0.249077 -0.839479 -61.081478 2.513263 -1.402119 -0.294022 1.679685 0.833253 -14.218192 0.093213 1.300582 -34.211998 -0.287564 0.967176 -20.033180 0.964534 1.212844 0.000001 0.000000 0.000000 -3.440386 0.788232 0.501656 -15.928169 -3.167307 2.999708 -6.338817 0.000002 0.000002 -18.123413 3.648175 -4.905660 -0.000004 0.000001 -0.000002 17.699129 18.209932 12.627985 49.871250 45.248287 13.283676 179.708313 56.149273 179.777679 -16.336239 5.855355 -6.089115 2.243539 -5.255033 -3.180157 14.282878 -0.826593 6.952496 -0.000001 -12.690590 -0.000001 15.847262 -17.679689 2.805640 1.665665 -1.955920 -2.878296 4.727795 -4.170583 4.993920 11.020513 0.000003 -0.000001 12.109035 -3.735710 -2.866779 -0.000001 0.000001 -0.000000 1.291985 -1.928548 -1.498087 14.800111 0.567468 3.865603 14.242553 -1.341736 -6.660647 19.631937 0.143924 -0.648242 49.339527 -0.605100 -5.910298 0.353029 -1.511150 -0.031939 20.222773 3.684306 2.316627 18.787247 0.000004 -0.000003 10.751610 -0.479870 1.397904 -0.000000 0.000000 0.000000 3.273806 0.305946 -0.580109 21.486790 11.830361 2.266132 8.162919 0.000000 0.000000 18.399052 -3.798980 -4.940567 0.000004 -0.000001 -0.000001 18.214422 -1.880315 -10.170538 -0.104855 -0.378065 23.731983 -14.038274 11.390176 -4.315629 1.647382 -1.998005 -1.739476 0.000000 0.000000 0.000002 2.644635 3.589499 18.299446 -0.067561 0.069944 5.998977 7.976013 -7.027616 -12.355876 -1.475026 1.171613 -1.265642 -0.000000 0.000000 -0.000001 
0.025996 96.746315 0.042437 -5.909894 0.940809 -9.858770 3.586732 0.008192 -1.583544 0.243680 -0.438041 -5.182958 3.909724 -2.633409 11.901514 -1.847114 3.981159 13.859333 0.370564 3.465165 -3.775925 -4.660354 4.972431 -8.644518 0.000077 -0.000023 0.000006 0.007092 -0.177337 0.111078 0.692008 -3.913236 -10.627880 -0.685133 3.553186 -10.629476 -17.838139 -16.797417 9.350240 -25.916719 -25.802322 -21.120987 -179.347000 -73.857597 178.956131 9.403949 4.757151 15.895606 -5.882100 9.861277 0.702590 -10.936858 -0.360576 7.156199 -0.000001 8.774813 -0.000001 -16.262346 17.425543 5.974307 -1.844031 2.498501 -2.507277 -10.163590 4.678937 4.621105 -20.975994 0.000000 0.000005 -21.226254 2.451694 -3.593993 0.000001 -0.000006 -0.000001 -1.362680 2.240796 -0.746322 -21.334887 0.584911 3.008320 -13.821195 0.000000 0.000003 -23.887133 -0.249078 -0.839480 -61.123634 2.494138 -1.423378 -0.294024 1.679686 0.833255 -14.218190 0.093216 1.300581 -34.212006 -0.287561 0.967171 -20.033178 0.964535 1.212842 0.000001 0.000000 0.000000 -3.440387 0.788234 0.501656 -15.928169 -3.167305 2.999707 -6.338817 -0.000001 0.000003 -18.123415 3.648178 -4.905660 -0.000004 -0.000000 -0.000002 17.700848 18.222687 12.634760 49.818993 45.287380 13.292366 179.777481 56.231987 179.807327 -16.366001 5.934372 -6.098212 2.243539 -5.255031 -3.180156 14.282873 -0.826592 6.952496 -0.000001 -12.690587 -0.000001 15.854030 -17.690439 2.782799 1.665665 -1.955919 -2.878298 4.727793 -4.170582 4.993916 11.020513 0.000004 -0.000001 12.109032 -3.735710 -2.866780 0.000000 0.000001 0.000001 1.291984 -1.928548 -1.498089 14.800113 0.567468 3.865603 14.242553 -1.341732 -6.660650 19.631939 0.143926 -0.648243 49.330070 -0.584867 -5.941380 0.353029 -1.511150 -0.031942 20.222767 3.684305 2.316627 18.787247 0.000006 -0.000002 10.751609 -0.479867 1.397903 -0.000001 -0.000000 -0.000001 3.273806 0.305946 -0.580110 21.486790 11.830360 2.266130 8.162917 0.000001 -0.000001 18.399048 -3.798979 -4.940567 0.000004 -0.000002 -0.000000 18.239395 -1.936134 -10.170608 -0.107165 -0.386644 23.732758 -14.020832 11.450758 -4.357046 1.650616 -2.003995 -1.743338 0.000000 -0.000000 0.000002 2.685458 3.618894 18.236357 -0.069849 0.068246 6.139044 7.996306 -7.047572 -12.433874 -1.475201 1.175372 -1.253995 -0.000000 0.000000 -0.000001 
0.025803 96.740593 0.021631 -5.928769 0.914330 -9.861060 3.608229 0.031191 -1.573311 0.224712 -0.469077 -5.188853 3.906111 -2.635985 11.930784 -1.840864 3.987318 13.844288 0.374828 3.464655 -3.774196 -4.682339 4.915380 -8.640794 0.000077 -0.000023 0.000006 0.007762 -0.171075 0.106855 0.691971 -3.906641 -10.616656 -0.684995 3.556199 -10.626142 -17.867378 -16.795048 9.413332 -25.868656 -25.781569 -21.131025 -179.521408 -73.837936 179.165192 9.369783 4.797791 15.845290 -5.882101 9.861279 0.702591 -10.936857 -0.360576 7.156198 0.000000 8.774814 -0.000001 -16.261702 17.431465 6.005511 -1.844030 2.498501 -2.507275 -10.163588 4.678940 4.621105 -20.975994 -0.000004 0.000004 -21.226250 2.451692 -3.593991 0.000001 -0.000006 -0.000000 -1.362680 2.240795 -0.746322 -21.334888 0.584906 3.008320 -13.821195 -0.000002 0.000003 -23.887125 -0.249078 -0.839480 -61.172852 2.459122 -1.407980 -0.294026 1.679687 0.833254 -14.218194 0.093215 1.300579 -34.212006 -0.287564 0.967170 -20.033180 0.964535 1.212842 0.000001 0.000001 0.000000 -3.440383 0.788232 0.501654 -15.928169 -3.167305 2.999703 -6.338817 0.000000 0.000002 -18.123413 3.648175 -4.905660 -0.000004 0.000002 -0.000002 17.696453 18.242453 12.628239 49.793262 45.293312 13.312071 179.800110 56.252422 179.802200 -16.429144 5.986624 -6.116341 2.243539 -5.255032 -3.180156 14.282877 -0.826594 6.952494 -0.000003 -12.690587 0.000001 15.832340 -17.696787 2.773340 1.665665 -1.955920 -2.878295 4.727794 -4.170583 4.993917 11.020512 0.000002 0.000000 12.109030 -3.735709 -2.866779 -0.000001 -0.000000 0.000000 1.291984 -1.928547 -1.498088 14.800113 0.567466 3.865604 14.242554 -1.341735 -6.660651 19.631939 0.143925 -0.648245 49.305077 -0.573567 -5.954668 0.353030 -1.511149 -0.031939 20.222765 3.684305 2.316626 18.787245 0.000007 -0.000002 10.751606 -0.479868 1.397905 -0.000000 0.000000 0.000000 3.273802 0.305947 -0.580111 21.486790 11.830357 2.266128 8.162916 0.000000 -0.000001 18.399055 -3.798978 -4.940568 0.000003 -0.000002 -0.000000 18.276815 -1.967593 -10.191138 -0.113584 -0.392858 23.778618 -14.015072 11.497284 -4.355928 1.652939 -2.010049 -1.742909 0.000000 -0.000000 0.000002 2.726804 3.647982 18.180504 -0.067591 0.062772 6.250934 8.001323 -7.054683 -12.481111 -1.476700 1.182494 -1.250083 -0.000000 -0.000000 -0.000001 
0.025103 96.731255 -0.005969 -5.951096 0.938478 -9.840257 3.607588 0.011763 -1.590076 0.221556 -0.444880 -5.165348 3.913058 -2.657921 11.919988 -1.848429 3.978737 13.825919 0.390956 3.450160 -3.783522 -4.690794 4.912057 -8.583074 0.000077 -0.000023 0.000006 0.007138 -0.167559 0.108481 0.690317 -3.911561 -10.620448 -0.685947 3.563997 -10.631955 -17.887873 -16.778580 9.472526 -25.876705 -25.805700 -21.215143 -179.303040 -73.772667 179.084061 9.368380 4.808307 15.728051 -5.882102 9.861276 0.702589 -10.936860 -0.360575 7.156196 -0.000001 8.774813 -0.000001 -16.309589 17.415968 5.981118 -1.844031 2.498503 -2.507278 -10.163590 4.678938 4.621104 -20.975996 -0.000002 0.000004 -21.226254 2.451691 -3.593990 0.000001 -0.000006 -0.000000 -1.362679 2.240796 -0.746322 -21.334896 0.584908 3.008322 -13.821197 -0.000001 0.000005 -23.887131 -0.249079 -0.839479 -61.230572 2.433171 -1.414900 -0.294024 1.679686 0.833252 -14.218194 0.093213 1.300578 -34.212002 -0.287561 0.967171 -20.033180 0.964535 1.212842 0.000000 0.000001 0.000000 -3.440386 0.788231 0.501655 -15.928169 -3.167308 2.999704 -6.338817 0.000000 0.000003 -18.123415 3.648178 -4.905658 -0.000004 -0.000000 -0.000002 17.716183 18.228025 12.643632 49.701435 45.314655 13.348727 179.932190 56.259575 179.903641 -16.445454 6.062604 -6.054825 2.243540 -5.255033 -3.180153 14.282875 -0.826593 6.952493 -0.000003 -12.690588 0.000001 15.800653 -17.707396 2.750458 1.665665 -1.955919 -2.878297 4.727793 -4.170583 4.993917 11.020513 0.000004 0.000001 12.109032 -3.735709 -2.866779 0.000000 -0.000000 0.000001 1.291984 -1.928547 -1.498088 14.800113 0.567467 3.865602 14.242554 -1.341734 -6.660649 19.631939 0.143927 -0.648242 49.275475 -0.559963 -5.992811 0.353029 -1.511150 -0.031939 20.222769 3.684304 2.316626 18.787249 0.000005 -0.000001 10.751611 -0.479868 1.397905 -0.000001 0.000001 -0.000000 3.273804 0.305947 -0.580110 21.486794 11.830361 2.266130 8.162917 0.000000 0.000000 18.399052 -3.798980 -4.940566 0.000003 -0.000002 -0.000000 18.294910 -2.032490 -10.246719 -0.105279 -0.374537 23.826590 -14.017919 11.487573 -4.402556 1.655296 -2.009958 -1.744388 -0.000000 -0.000000 0.000002 2.773834 3.627821 18.122093 -0.063628 0.066831 6.301177 7.991241 -7.094879 -12.548745 -1.475803 1.185280 -1.206094 -0.000000 -0.000000 -0.000001 
-0.000176 96.731804 -0.014030 -5.962960 0.975172 -9.828241 3.600083 0.024139 -1.581063 0.211435 -0.452059 -5.175257 3.917699 -2.663832 11.925533 -1.858499 3.967993 13.814759 0.403471 3.439133 -3.788103 -4.692673 4.893954 -8.530662 0.000077 -0.000023 0.000006 0.007780 -0.166927 0.113641 0.690319 -3.909638 -10.627058 -0.682905 3.575437 -10.633922 -17.880341 -16.789156 9.499515 -25.839106 -25.825525 -21.370626 -178.977768 -73.733551 178.841370 9.381687 4.816729 15.588285 -5.882103 9.861275 0.702589 -10.936859 -0.360576 7.156197 0.000000 8.774813 0.000002 -16.401960 17.382605 5.942873 -1.844029 2.498504 -2.507274 -10.163589 4.678940 4.621102 -20.975996 -0.000000 0.000004 -21.226254 2.451692 -3.593994 0.000000 -0.000004 0.000000 -1.362681 2.240795 -0.746324 -21.334890 0.584908 3.008320 -13.821197 -0.000000 0.000003 -23.887129 -0.249077 -0.839483 -61.278397 2.396909 -1.412496 -0.294025 1.679688 0.833256 -14.218194 0.093215 1.300579 -34.212002 -0.287559 0.967171 -20.033178 0.964538 1.212840 0.000001 0.000001 0.000000 -3.440387 0.788233 0.501654 -15.928169 -3.167306 2.999704 -6.338817 0.000000 0.000002 -18.123413 3.648175 -4.905661 -0.000004 0.000001 -0.000002 17.691198 18.235641 12.622642 49.612759 45.319302 13.323526 -179.956726 56.252712 179.980698 -16.481115 6.119161 -6.004774 2.243540 -5.255033 -3.180158 14.282875 -0.826593 6.952496 -0.000001 -12.690593 0.000002 15.771296 -17.707380 2.735074 1.665664 -1.955920 -2.878296 4.727795 -4.170584 4.993918 11.020513 0.000003 -0.000001 12.109033 -3.735711 -2.866782 -0.000001 -0.000000 0.000001 1.291985 -1.928547 -1.498087 14.800111 0.567466 3.865602 14.242553 -1.341735 -6.660650 19.631937 0.143927 -0.648245 49.265644 -0.552418 -6.012845 0.353028 -1.511149 -0.031941 20.222767 3.684308 2.316628 18.787243 0.000005 -0.000003 10.751612 -0.479868 1.397903 0.000000 -0.000000 0.000001 3.273805 0.305947 -0.580111 21.486790 11.830360 2.266130 8.162917 0.000001 -0.000001 18.399052 -3.798980 -4.940567 0.000003 -0.000001 -0.000000 18.301128 -2.064801 -10.262165 -0.098964 -0.377519 23.802120 -14.008690 11.480680 -4.405903 1.656131 -2.010227 -1.757103 0.000000 -0.000000 0.000002 2.808365 3.623089 18.083244 -0.060700 0.065951 6.351536 7.979258 -7.140676 -12.567207 -1.476271 1.188713 -1.197438 -0.000000 -0.000000 -0.000001 
-0.009830 96.729935 -0.020814 -5.968566 1.000335 -9.819080 3.575131 0.034078 -1.571263 0.208560 -0.458888 -5.164909 3.924932 -2.661914 11.910178 -1.864048 3.947735 13.794640 0.408667 3.418470 -3.783826 -4.679271 4.888190 -8.461655 0.000077 -0.000023 0.000006 0.007867 -0.166909 0.113664 0.689439 -3.907432 -10.622330 -0.679567 3.570122 -10.627022 -17.836916 -16.815094 9.486404 -25.803236 -25.813379 -21.513783 -178.621796 -73.708572 178.515274 9.415593 4.827856 15.436771 -5.882102 9.861279 0.702590 -10.936858 -0.360575 7.156196 -0.000002 8.774816 -0.000001 -16.430159 17.357922 5.908040 -1.844031 2.498502 -2.507276 -10.163588 4.678941 4.621103 -20.975994 -0.000002 -0.000000 -21.226254 2.451690 -3.593996 0.000000 -0.000006 -0.000000 -1.362680 2.240797 -0.746323 -21.334887 0.584909 3.008319 -13.821195 -0.000002 0.000002 -23.887125 -0.249079 -0.839482 -61.232506 2.383867 -1.434945 -0.294025 1.679688 0.833256 -14.218194 0.093217 1.300578 -34.212002 -0.287565 0.967164 -20.033180 0.964531 1.212839 0.000000 0.000000 0.000001 -3.440386 0.788233 0.501655 -15.928167 -3.167305 2.999703 -6.338817 0.000000 0.000001 -18.123413 3.648175 -4.905663 -0.000004 -0.000000 -0.000003 17.646049 18.241365 12.561415 49.571789 45.292870 13.338537 -179.862183 56.236732 -179.932968 -16.476667 6.140159 -6.012189 2.243539 -5.255032 -3.180154 14.282877 -0.826592 6.952497 -0.000003 -12.690591 -0.000001 15.717879 -17.676363 2.729860 1.665664 -1.955919 -2.878296 4.727793 -4.170583 4.993918 11.020512 0.000003 0.000001 12.109032 -3.735709 -2.866779 -0.000001 0.000001 0.000001 1.291984 -1.928547 -1.498087 14.800113 0.567468 3.865605 14.242551 -1.341734 -6.660648 19.631939 0.143925 -0.648242 49.237518 -0.551663 -6.005457 0.353029 -1.511149 -0.031941 20.222771 3.684308 2.316630 18.787245 0.000005 0.000001 10.751609 -0.479867 1.397904 -0.000001 0.000001 -0.000000 3.273804 0.305947 -0.580110 21.486792 11.830367 2.266132 8.162916 0.000002 0.000001 18.399054 -3.798980 -4.940566 0.000003 -0.000002 -0.000001 18.309628 -2.041917 -10.281804 -0.097903 -0.372544 23.804987 -13.977001 11.422195 -4.398462 1.655070 -2.010224 -1.758199 -0.000000 0.000000 0.000002 2.830460 3.650350 18.066210 -0.058798 0.046037 6.345882 7.937282 -7.159610 -12.580347 -1.476407 1.194375 -1.198285 -0.000000 -0.000000 -0.000001 
-0.028684 96.733894 -0.023827 -5.962628 0.994904 -9.797706 3.551650 0.027711 -1.554263 0.210999 -0.430906 -5.168651 3.912347 -2.677280 11.894686 -1.857960 3.942385 13.781440 0.414098 3.368019 -3.775666 -4.656892 4.919826 -8.406276 0.000077 -0.000023 0.000006 0.007273 -0.160573 0.112036 0.688651 -3.903872 -10.615219 -0.681729 3.570228 -10.620131 -17.787594 -16.841513 9.485621 -25.775747 -25.801180 -21.614616 -178.360550 -73.704865 178.298492 9.450369 4.836500 15.368649 -5.882101 9.861278 0.702589 -10.936858 -0.360576 7.156199 -0.000001 8.774813 -0.000001 -16.439222 17.345644 5.871950 -1.844030 2.498505 -2.507275 -10.163589 4.678937 4.621105 -20.975996 0.000001 0.000003 -21.226254 2.451695 -3.593995 0.000001 -0.000006 -0.000001 -1.362680 2.240796 -0.746322 -21.334892 0.584908 3.008321 -13.821195 -0.000000 0.000004 -23.887125 -0.249078 -0.839482 -61.208900 2.398722 -1.475076 -0.294023 1.679685 0.833254 -14.218194 0.093215 1.300581 -34.211998 -0.287562 0.967171 -20.033178 0.964538 1.212842 -0.000001 0.000000 0.000000 -3.440387 0.788232 0.501655 -15.928169 -3.167305 2.999707 -6.338817 0.000002 0.000002 -18.123413 3.648175 -4.905661 -0.000004 0.000002 -0.000002 17.594543 18.266573 12.507867 49.561382 45.282654 13.411534 -179.773438 56.225113 -179.831146 -16.486961 6.154181 -6.020699 2.243540 -5.255033 -3.180154 14.282877 -0.826593 6.952496 -0.000002 -12.690587 -0.000001 15.688873 -17.705757 2.713971 1.665663 -1.955919 -2.878293 4.727793 -4.170583 4.993918 11.020510 0.000003 -0.000001 12.109032 -3.735709 -2.866780 -0.000001 0.000001 -0.000000 1.291984 -1.928547 -1.498090 14.800113 0.567468 3.865604 14.242553 -1.341736 -6.660647 19.631937 0.143924 -0.648242 49.237675 -0.569643 -6.025509 0.353028 -1.511149 -0.031938 20.222769 3.684306 2.316629 18.787245 0.000005 -0.000000 10.751610 -0.479869 1.397905 -0.000001 0.000000 0.000000 3.273806 0.305948 -0.580110 21.486790 11.830359 2.266133 8.162916 0.000001 0.000000 18.399050 -3.798980 -4.940566 0.000003 -0.000002 -0.000000 18.312136 -1.973730 -10.275185 -0.096576 -0.381058 23.760809 -13.946385 11.396580 -4.376293 1.657012 -2.009795 -1.768350 0.000000 -0.000000 0.000002 2.840094 3.683517 18.024748 -0.058445 0.037534 6.365883 7.920854 -7.206476 -12.590968 -1.477188 1.198479 -1.210146 -0.000000 0.000000 -0.000001 
-0.064256 96.741089 -0.051596 -5.957544 0.977839 -9.786254 3.538685 0.047767 -1.529779 0.209450 -0.442905 -5.165054 3.891406 -2.684736 11.883163 -1.837891 3.930889 13.777160 0.409694 3.360431 -3.765080 -4.631828 4.935653 -8.373906 0.000077 -0.000023 0.000006 0.008621 -0.156308 0.109881 0.690620 -3.894236 -10.611873 -0.682992 3.577960 -10.615535 -17.714735 -16.872440 9.455474 -25.740036 -25.761883 -21.606230 -178.562759 -73.731346 178.455338 9.485309 4.845303 15.346004 -5.882099 9.861276 0.702591 -10.936858 -0.360573 7.156196 0.000001 8.774812 0.000000 -16.442417 17.373243 5.889458 -1.844031 2.498502 -2.507275 -10.163589 4.678938 4.621101 -20.975992 -0.000005 0.000002 -21.226250 2.451689 -3.593992 0.000000 -0.000006 -0.000001 -1.362680 2.240797 -0.746322 -21.334887 0.584904 3.008320 -13.821194 -0.000003 0.000003 -23.887125 -0.249083 -0.839481 -61.215214 2.427281 -1.481769 -0.294025 1.679686 0.833255 -14.218192 0.093213 1.300579 -34.211998 -0.287567 0.967170 -20.033175 0.964532 1.212842 0.000000 0.000000 0.000001 -3.440385 0.788234 0.501654 -15.928165 -3.167308 2.999703 -6.338815 0.000000 0.000002 -18.123411 3.648171 -4.905658 -0.000004 -0.000000 -0.000003 17.546692 18.308672 12.486321 49.492085 45.339588 13.427796 -179.644531 56.242172 -179.785858 -16.479342 6.125120 -5.982591 2.243539 -5.255033 -3.180156 14.282875 -0.826595 6.952494 -0.000002 -12.690593 0.000002 15.726072 -17.720938 2.703667 1.665664 -1.955919 -2.878298 4.727792 -4.170584 4.993918 11.020511 0.000004 0.000000 12.109029 -3.735710 -2.866780 -0.000001 0.000001 -0.000000 1.291985 -1.928548 -1.498088 14.800111 0.567466 3.865602 14.242553 -1.341736 -6.660651 19.631937 0.143925 -0.648245 49.292324 -0.582512 -6.027519 0.353030 -1.511150 -0.031941 20.222767 3.684307 2.316626 18.787245 0.000004 -0.000001 10.751609 -0.479867 1.397903 0.000001 0.000000 0.000000 3.273804 0.305947 -0.580110 21.486790 11.830362 2.266130 8.162917 0.000001 0.000000 18.399052 -3.798978 -4.940569 0.000003 -0.000002 -0.000000 18.313519 -1.855929 -10.242648 -0.110433 -0.387841 23.663527 -13.895678 11.372732 -4.343393 1.654331 -2.019757 -1.748756 -0.000000 0.000000 0.000002 2.836128 3.733258 17.927904 -0.061341 0.033405 6.518416 7.934876 -7.194123 -12.602545 -1.476543 1.205386 -1.244720 -0.000000 0.000000 -0.000001 
-0.054260 96.745193 -0.052730 -5.956558 0.968456 -9.764721 3.527107 -0.000064 -1.515452 0.219653 -0.385735 -5.142253 3.859869 -2.716977 11.843402 -1.801381 3.916058 13.787992 0.386004 3.329434 -3.755152 -4.597847 4.988343 -8.340976 0.000077 -0.000023 0.000006 0.005864 -0.157245 0.108303 0.686598 -3.896024 -10.599938 -0.683964 3.569690 -10.604682 -17.658892 -16.899462 9.452324 -25.750200 -25.742512 -21.524204 -179.066116 -73.706223 178.983109 9.502829 4.858389 15.397254 -5.882102 9.861278 0.702587 -10.936858 -0.360576 7.156199 -0.000001 8.774813 -0.000002 -16.431189 17.410328 5.916055 -1.844031 2.498503 -2.507277 -10.163589 4.678937 4.621104 -20.975996 -0.000002 0.000003 -21.226250 2.451693 -3.593992 0.000001 -0.000004 -0.000000 -1.362679 2.240795 -0.746322 -21.334887 0.584906 3.008321 -13.821197 -0.000001 0.000004 -23.887131 -0.249078 -0.839480 -61.241692 2.455365 -1.490058 -0.294024 1.679686 0.833256 -14.218194 0.093215 1.300579 -34.212002 -0.287565 0.967170 -20.033180 0.964535 1.212843 0.000001 0.000001 0.000000 -3.440386 0.788231 0.501656 -15.928169 -3.167307 2.999705 -6.338819 0.000003 0.000002 -18.123415 3.648174 -4.905662 -0.000004 -0.000000 -0.000002 17.537733 18.340052 12.502492 49.455059 45.377331 13.480700 -179.467972 56.249981 -179.644913 -16.465088 6.149307 -5.942541 2.243540 -5.255033 -3.180154 14.282877 -0.826593 6.952499 -0.000002 -12.690590 -0.000001 15.784207 -17.748133 2.684153 1.665665 -1.955920 -2.878295 4.727796 -4.170584 4.993919 11.020513 0.000003 -0.000001 12.109033 -3.735711 -2.866779 0.000000 0.000001 0.000000 1.291984 -1.928548 -1.498087 14.800113 0.567467 3.865606 14.242554 -1.341735 -6.660650 19.631941 0.143926 -0.648244 49.378086 -0.590248 -6.044616 0.353029 -1.511150 -0.031938 20.222773 3.684307 2.316629 18.787249 0.000007 -0.000002 10.751612 -0.479870 1.397904 -0.000001 -0.000000 -0.000001 3.273803 0.305948 -0.580112 21.486792 11.830364 2.266133 8.162918 0.000002 -0.000001 18.399054 -3.798979 -4.940567 0.000003 -0.000002 0.000001 18.306013 -1.761850 -10.257394 -0.102364 -0.400838 23.658382 -13.887611 11.364424 -4.329156 1.656577 -2.012394 -1.756661 -0.000000 0.000000 0.000002 2.836721 3.762439 17.916397 -0.061432 0.032068 6.457883 7.938546 -7.193437 -12.590109 -1.475275 1.201069 -1.262671 -0.000000 -0.000000 -0.000001 
-0.077803 96.757454 -0.044938 -5.952296 0.939321 -9.763167 3.525795 -0.015378 -1.493587 0.216141 -0.370952 -5.132195 3.825127 -2.725789 11.828589 -1.766192 3.859627 13.805344 0.378492 3.371485 -3.747112 -4.559095 5.008238 -8.315943 0.000077 -0.000023 0.000006 0.005011 -0.153909 0.105804 0.684222 -3.896533 -10.603209 -0.684201 3.580217 -10.607104 -17.626329 -16.924217 9.463813 -25.743906 -25.702974 -21.453966 -179.520828 -73.698273 179.397842 9.508679 4.894300 15.396740 -5.882102 9.861279 0.702590 -10.936859 -0.360576 7.156197 -0.000001 8.774816 0.000000 -16.374685 17.419930 5.929895 -1.844031 2.498502 -2.507277 -10.163589 4.678939 4.621106 -20.975996 -0.000001 0.000004 -21.226254 2.451695 -3.593993 0.000001 -0.000006 -0.000000 -1.362679 2.240795 -0.746324 -21.334887 0.584911 3.008319 -13.821197 -0.000000 0.000004 -23.887131 -0.249078 -0.839481 -61.232704 2.485850 -1.482075 -0.294025 1.679686 0.833255 -14.218192 0.093215 1.300580 -34.212002 -0.287564 0.967169 -20.033178 0.964535 1.212841 0.000000 0.000002 0.000000 -3.440384 0.788232 0.501654 -15.928169 -3.167307 2.999705 -6.338818 0.000000 0.000002 -18.123415 3.648176 -4.905660 -0.000004 -0.000000 -0.000002 17.539753 18.373425 12.520205 49.408703 45.376228 13.509268 -179.339890 56.245087 -179.559052 -16.442081 6.166608 -5.954202 2.243540 -5.255033 -3.180156 14.282878 -0.826596 6.952496 0.000001 -12.690592 -0.000000 15.801908 -17.739071 2.669218 1.665665 -1.955920 -2.878296 4.727793 -4.170584 4.993919 11.020513 0.000003 0.000001 12.109035 -3.735710 -2.866780 0.000000 0.000001 0.000001 1.291984 -1.928547 -1.498087 14.800113 0.567465 3.865602 14.242556 -1.341735 -6.660648 19.631941 0.143925 -0.648245 49.406837 -0.590771 -6.028451 0.353029 -1.511150 -0.031940 20.222767 3.684303 2.316629 18.787247 0.000003 -0.000002 10.751610 -0.479868 1.397903 0.000000 0.000000 -0.000001 3.273803 0.305946 -0.580109 21.486790 11.830360 2.266128 8.162917 0.000001 -0.000002 18.399055 -3.798981 -4.940569 0.000004 -0.000002 -0.000000 18.393887 -1.689894 -10.245998 -0.102037 -0.392355 23.580652 -13.949320 11.358199 -4.116222 1.655082 -2.002454 -1.745849 -0.000000 -0.000000 0.000002 2.827169 3.761140 17.895960 -0.061586 0.033533 6.487854 7.944051 -7.135454 -12.546049 -1.475054 1.199519 -1.260444 -0.000000 0.000000 -0.000001 
-0.053913 96.747009 -0.053224 -5.956566 0.908609 -9.744072 3.526373 -0.029969 -1.500169 0.217128 -0.342379 -5.115500 3.798746 -2.761309 11.798656 -1.723319 3.822356 13.817451 0.369038 3.399161 -3.743437 -4.522515 5.035484 -8.244594 0.000077 -0.000023 0.000006 0.005256 -0.157348 0.107592 0.683477 -3.895599 -10.598712 -0.681826 3.578350 -10.598246 -17.623793 -16.927204 9.452974 -25.786922 -25.671831 -21.398308 -179.808228 -73.675934 179.664383 9.536496 4.872879 15.432287 -5.882100 9.861278 0.702592 -10.936858 -0.360576 7.156197 -0.000001 8.774813 -0.000001 -16.358122 17.425232 5.946174 -1.844031 2.498503 -2.507274 -10.163589 4.678941 4.621106 -20.975998 -0.000002 0.000002 -21.226255 2.451692 -3.593993 0.000001 -0.000005 -0.000000 -1.362679 2.240795 -0.746322 -21.334892 0.584905 3.008320 -13.821197 -0.000002 0.000004 -23.887131 -0.249079 -0.839480 -61.227131 2.482105 -1.445600 -0.294024 1.679685 0.833255 -14.218192 0.093214 1.300579 -34.212006 -0.287567 0.967170 -20.033180 0.964533 1.212842 0.000000 0.000000 0.000001 -3.440386 0.788234 0.501656 -15.928167 -3.167309 2.999700 -6.338817 0.000003 0.000002 -18.123413 3.648175 -4.905662 -0.000004 -0.000000 -0.000002 17.554018 18.383615 12.495708 49.449768 45.337673 13.542001 -179.356476 56.228928 -179.515900 -16.462152 6.165122 -5.984356 2.243540 -5.255033 -3.180155 14.282877 -0.826593 6.952496 -0.000003 -12.690591 0.000000 15.832808 -17.741308 2.677831 1.665665 -1.955920 -2.878298 4.727794 -4.170582 4.993919 11.020511 0.000003 0.000000 12.109031 -3.735710 -2.866780 -0.000001 -0.000000 0.000000 1.291985 -1.928548 -1.498089 14.800109 0.567470 3.865603 14.242553 -1.341734 -6.660649 19.631939 0.143926 -0.648243 49.407249 -0.587038 -6.018867 0.353029 -1.511149 -0.031939 20.222771 3.684307 2.316629 18.787247 0.000005 -0.000000 10.751611 -0.479867 1.397904 -0.000000 0.000001 -0.000001 3.273805 0.305947 -0.580109 21.486792 11.830363 2.266130 8.162916 0.000001 0.000001 18.399055 -3.798979 -4.940569 0.000003 -0.000002 -0.000000 18.312595 -1.636546 -10.261515 -0.096120 -0.393163 23.652456 -13.883854 11.355153 -4.314533 1.655063 -1.995566 -1.761748 -0.000000 -0.000000 0.000002 2.826134 3.746902 17.889256 -0.061421 0.039009 6.446168 7.943926 -7.109937 -12.590231 -1.473659 1.187601 -1.270596 -0.000000 -0.000000 -0.000001 
-0.074113 96.747879 -0.025974 -5.946552 0.896474 -9.722321 3.519591 -0.041254 -1.502885 0.211300 -0.335667 -5.122315 3.778403 -2.759139 11.790841 -1.681937 3.792170 13.803728 0.369094 3.426470 -3.752828 -4.476934 5.036848 -8.169639 0.000077 -0.000023 0.000006 0.003704 -0.157509 0.101482 0.681387 -3.900337 -10.604836 -0.682570 3.577120 -10.605799 -17.594929 -16.910854 9.468580 -25.829348 -25.677832 -21.372099 -179.952957 -73.654518 179.735672 9.587587 4.825537 15.372510 -5.882101 9.861279 0.702588 -10.936860 -0.360574 7.156195 -0.000000 8.774815 -0.000000 -16.272715 17.410818 5.951690 -1.844030 2.498503 -2.507277 -10.163589 4.678941 4.621102 -20.975996 -0.000002 0.000001 -21.226254 2.451695 -3.593995 0.000001 -0.000006 -0.000000 -1.362682 2.240797 -0.746324 -21.334887 0.584908 3.008317 -13.821197 -0.000004 0.000001 -23.887131 -0.249081 -0.839483 -61.123783 2.469337 -1.448373 -0.294026 1.679687 0.833256 -14.218190 0.093214 1.300578 -34.211998 -0.287565 0.967167 -20.033176 0.964533 1.212841 0.000000 0.000001 0.000000 -3.440385 0.788234 0.501654 -15.928169 -3.167306 2.999699 -6.338818 0.000002 0.000002 -18.123415 3.648175 -4.905664 -0.000004 0.000001 -0.000003 17.530752 18.386801 12.459112 49.465397 45.295731 13.485337 -179.415283 56.250050 -179.504501 -16.525009 6.179716 -6.114038 2.243540 -5.255032 -3.180153 14.282875 -0.826594 6.952497 -0.000002 -12.690587 0.000001 15.799967 -17.734976 2.697563 1.665665 -1.955919 -2.878296 4.727793 -4.170582 4.993919 11.020512 0.000005 0.000000 12.109032 -3.735710 -2.866779 -0.000001 0.000000 0.000001 1.291984 -1.928548 -1.498087 14.800111 0.567468 3.865604 14.242553 -1.341734 -6.660645 19.631939 0.143925 -0.648243 49.369091 -0.592535 -6.002149 0.353029 -1.511149 -0.031941 20.222771 3.684307 2.316630 18.787245 0.000007 0.000000 10.751610 -0.479867 1.397905 -0.000000 0.000001 -0.000001 3.273806 0.305947 -0.580112 21.486790 11.830365 2.266132 8.162921 0.000002 0.000000 18.399054 -3.798980 -4.940566 0.000004 -0.000001 -0.000000 18.395538 -1.640039 -10.283671 -0.099888 -0.392465 23.634428 -13.946377 11.375679 -4.170550 1.653633 -1.985055 -1.774303 -0.000000 0.000000 0.000002 2.811560 3.721372 17.895117 -0.066287 0.044965 6.384316 7.948822 -7.105397 -12.590801 -1.470859 1.179317 -1.286518 -0.000000 -0.000000 -0.000001 
-0.078534 96.760635 -0.022693 -5.936280 0.880287 -9.710880 3.518124 -0.026533 -1.512933 0.197657 -0.340374 -5.145716 3.766647 -2.755912 11.789136 -1.629419 3.788815 13.796149 0.363354 3.428310 -3.767596 -4.456485 5.029187 -8.109043 0.000077 -0.000023 0.000006 0.004890 -0.164506 0.097933 0.679851 -3.907577 -10.611816 -0.679881 3.573592 -10.614594 -17.567518 -16.907747 9.508105 -25.850948 -25.719107 -21.362446 179.929718 -73.692551 179.750412 9.659492 4.764302 15.313478 -5.882100 9.861278 0.702588 -10.936858 -0.360576 7.156196 -0.000000 8.774811 -0.000000 -16.211891 17.386932 5.928885 -1.844030 2.498500 -2.507276 -10.163588 4.678938 4.621105 -20.975994 -0.000002 0.000001 -21.226254 2.451692 -3.593997 0.000002 -0.000006 -0.000000 -1.362682 2.240797 -0.746323 -21.334887 0.584909 3.008317 -13.821194 -0.000002 0.000001 -23.887129 -0.249081 -0.839486 -61.042599 2.456764 -1.446973 -0.294026 1.679687 0.833256 -14.218189 0.093214 1.300579 -34.211998 -0.287562 0.967167 -20.033176 0.964536 1.212839 0.000001 -0.000000 0.000001 -3.440384 0.788234 0.501656 -15.928165 -3.167304 2.999703 -6.338817 0.000002 0.000001 -18.123411 3.648177 -4.905662 -0.000004 -0.000001 -0.000002 17.509514 18.386696 12.397647 49.516548 45.201481 13.425965 -179.529373 56.239059 -179.570175 -16.599951 6.182135 -6.317870 2.243540 -5.255033 -3.180156 14.282873 -0.826591 6.952497 -0.000004 -12.690590 -0.000001 15.785289 -17.707586 2.714856 1.665664 -1.955920 -2.878298 4.727792 -4.170582 4.993917 11.020511 0.000003 0.000000 12.109029 -3.735708 -2.866780 0.000000 0.000000 0.000001 1.291984 -1.928548 -1.498089 14.800111 0.567469 3.865605 14.242553 -1.341735 -6.660650 19.631933 0.143928 -0.648243 49.299736 -0.590577 -5.958392 0.353028 -1.511149 -0.031941 20.222763 3.684308 2.316628 18.787241 0.000007 -0.000001 10.751608 -0.479868 1.397905 -0.000001 -0.000001 0.000000 3.273804 0.305947 -0.580110 21.486790 11.830365 2.266131 8.162916 0.000002 0.000001 18.399052 -3.798978 -4.940566 0.000003 -0.000002 -0.000000 18.385654 -1.646065 -10.245708 -0.094090 -0.388780 23.555380 -13.929824 11.398259 -4.136580 1.651733 -1.984749 -1.790664 -0.000000 -0.000000 0.000002 2.792779 3.716830 17.885534 -0.066649 0.039873 6.376437 7.940069 -7.089814 -12.541052 -1.469791 1.175754 -1.292815 -0.000000 0.000000 -0.000001 
-0.063238 96.772423 0.019311 -5.927952 0.864964 -9.713525 3.515900 0.014551 -1.520020 0.181704 -0.406919 -5.171461 3.762833 -2.725500 11.786241 -1.562065 3.778816 13.766212 0.375086 3.452044 -3.769282 -4.459877 5.015631 -8.078231 0.000077 -0.000023 0.000006 0.007556 -0.164199 0.093021 0.683842 -3.905339 -10.608338 -0.676476 3.567880 -10.614635 -17.542974 -16.912563 9.540348 -25.875036 -25.738689 -21.348042 -179.926544 -73.689224 179.525467 9.736230 4.707033 15.294520 -5.882100 9.861277 0.702590 -10.936859 -0.360577 7.156197 0.000000 8.774817 0.000000 -16.215687 17.381107 5.925136 -1.844033 2.498503 -2.507276 -10.163588 4.678940 4.621101 -20.975992 -0.000003 0.000003 -21.226254 2.451694 -3.593993 0.000000 -0.000005 0.000000 -1.362680 2.240796 -0.746323 -21.334887 0.584908 3.008320 -13.821197 -0.000002 0.000003 -23.887131 -0.249080 -0.839479 -60.998375 2.453453 -1.430478 -0.294024 1.679687 0.833255 -14.218194 0.093214 1.300579 -34.211998 -0.287567 0.967172 -20.033178 0.964534 1.212844 -0.000000 0.000000 0.000000 -3.440385 0.788232 0.501656 -15.928167 -3.167308 2.999702 -6.338817 0.000001 0.000002 -18.123415 3.648175 -4.905659 -0.000004 0.000001 -0.000001 17.489590 18.391518 12.346024 49.521629 45.077347 13.331810 -179.648117 56.209469 -179.669052 -16.630442 6.173303 -6.521065 2.243540 -5.255033 -3.180157 14.282877 -0.826594 6.952495 -0.000001 -12.690588 0.000002 15.709414 -17.649872 2.741742 1.665664 -1.955919 -2.878298 4.727793 -4.170582 4.993918 11.020511 0.000004 0.000000 12.109033 -3.735712 -2.866780 -0.000001 0.000000 0.000001 1.291984 -1.928547 -1.498090 14.800111 0.567467 3.865603 14.242554 -1.341735 -6.660648 19.631937 0.143927 -0.648246 49.167931 -0.563754 -5.957308 0.353027 -1.511149 -0.031939 20.222771 3.684305 2.316628 18.787245 0.000007 -0.000002 10.751610 -0.479869 1.397903 -0.000001 -0.000000 -0.000001 3.273805 0.305946 -0.580109 21.486792 11.830361 2.266129 8.162917 0.000000 -0.000001 18.399052 -3.798979 -4.940568 0.000003 -0.000001 -0.000001 18.368889 -1.667819 -10.188767 -0.096435 -0.380666 23.521339 -13.911944 11.419024 -4.156008 1.651317 -1.988083 -1.793021 0.000000 -0.000000 0.000002 2.789154 3.760432 17.950634 -0.066959 0.020034 6.259731 7.897963 -7.117433 -12.458300 -1.469376 1.183407 -1.260068 -0.000000 -0.000000 -0.000001 
-0.066807 96.781891 0.023024 -5.928545 0.851263 -9.712823 3.513198 0.022145 -1.542907 0.177235 -0.423739 -5.181358 3.765941 -2.719136 11.768134 -1.505748 3.776522 13.748599 0.377321 3.480022 -3.778180 -4.452876 5.021548 -8.064337 0.000077 -0.000022 0.000006 0.008664 -0.154580 0.090911 0.686284 -3.890784 -10.606609 -0.678554 3.576302 -10.621266 -17.537857 -16.917101 9.574665 -25.856491 -25.754465 -21.427340 -179.747253 -73.692520 179.352173 9.794319 4.635446 15.264168 -5.882101 9.861279 0.702589 -10.936860 -0.360574 7.156197 -0.000002 8.774813 -0.000001 -16.207926 17.359852 5.926207 -1.844029 2.498503 -2.507276 -10.163591 4.678940 4.621105 -20.975996 -0.000001 0.000003 -21.226255 2.451693 -3.593992 0.000002 -0.000006 -0.000000 -1.362681 2.240798 -0.746322 -21.334892 0.584907 3.008320 -13.821195 -0.000000 0.000004 -23.887133 -0.249076 -0.839482 -60.989090 2.450789 -1.423894 -0.294026 1.679685 0.833257 -14.218192 0.093215 1.300579 -34.212002 -0.287559 0.967168 -20.033176 0.964539 1.212841 0.000000 0.000001 0.000000 -3.440386 0.788232 0.501656 -15.928164 -3.167305 2.999704 -6.338818 0.000000 0.000003 -18.123411 3.648181 -4.905661 -0.000004 -0.000000 -0.000002 17.501661 18.404346 12.296328 49.525970 44.963890 13.340033 -179.711639 56.177479 -179.746765 -16.623867 6.192778 -6.621709 2.243540 -5.255032 -3.180156 14.282875 -0.826594 6.952496 -0.000001 -12.690591 -0.000001 15.678451 -17.603996 2.741126 1.665665 -1.955919 -2.878296 4.727794 -4.170583 4.993917 11.020513 0.000003 0.000000 12.109031 -3.735710 -2.866778 -0.000001 0.000001 0.000001 1.291985 -1.928547 -1.498090 14.800113 0.567468 3.865603 14.242553 -1.341736 -6.660649 19.631939 0.143925 -0.648243 49.047623 -0.547819 -5.924632 0.353029 -1.511149 -0.031938 20.222773 3.684304 2.316629 18.787249 0.000004 -0.000000 10.751613 -0.479870 1.397903 -0.000000 0.000000 0.000000 3.273805 0.305946 -0.580110 21.486794 11.830360 2.266132 8.162920 0.000000 -0.000001 18.399054 -3.798980 -4.940567 0.000003 -0.000002 -0.000000 18.372463 -1.658388 -10.153272 -0.094665 -0.381482 23.466053 -13.904401 11.426135 -4.132504 1.652516 -1.980536 -1.812939 -0.000000 0.000000 0.000002 2.829639 3.790385 18.019283 -0.061461 0.014483 6.227615 7.851879 -7.172903 -12.391974 -1.469351 1.196329 -1.248335 -0.000000 0.000000 -0.000001 
-0.055856 96.783142 0.023191 -5.915939 0.848339 -9.709075 3.494583 0.028965 -1.583004 0.178280 -0.444993 -5.194575 3.776580 -2.706836 11.762568 -1.461053 3.778203 13.701694 0.394176 3.512203 -3.774991 -4.450685 5.045374 -8.058933 0.000077 -0.000023 0.000006 0.008735 -0.150685 0.091405 0.686431 -3.882969 -10.607145 -0.678106 3.578902 -10.615574 -17.544966 -16.899143 9.576914 -25.850523 -25.776327 -21.472820 -179.401398 -73.659927 179.028458 9.862226 4.586868 15.303575 -5.882102 9.861280 0.702591 -10.936859 -0.360576 7.156197 -0.000000 8.774815 -0.000000 -16.264187 17.353283 5.898328 -1.844031 2.498501 -2.507276 -10.163589 4.678939 4.621104 -20.975994 -0.000003 0.000002 -21.226250 2.451692 -3.593993 0.000001 -0.000005 -0.000001 -1.362679 2.240795 -0.746325 -21.334887 0.584906 3.008320 -13.821197 -0.000002 0.000003 -23.887129 -0.249080 -0.839482 -60.985771 2.448708 -1.429468 -0.294026 1.679686 0.833254 -14.218194 0.093214 1.300579 -34.212006 -0.287565 0.967169 -20.033178 0.964532 1.212841 0.000000 0.000000 0.000000 -3.440385 0.788233 0.501655 -15.928169 -3.167306 2.999703 -6.338816 -0.000001 0.000001 -18.123411 3.648176 -4.905663 -0.000004 0.000002 -0.000001 17.531717 18.420530 12.292123 49.491890 44.868229 13.323247 -179.730682 56.170586 -179.740509 -16.565340 6.282674 -6.558798 2.243540 -5.255033 -3.180156 14.282871 -0.826590 6.952497 -0.000002 -12.690587 -0.000001 15.657001 -17.590227 2.702990 1.665665 -1.955920 -2.878296 4.727793 -4.170582 4.993918 11.020510 0.000004 0.000000 12.109029 -3.735709 -2.866781 -0.000001 0.000000 0.000001 1.291983 -1.928548 -1.498088 14.800113 0.567469 3.865602 14.242548 -1.341733 -6.660648 19.631935 0.143927 -0.648241 49.030804 -0.546272 -5.956341 0.353027 -1.511149 -0.031941 20.222765 3.684306 2.316628 18.787243 0.000006 0.000001 10.751609 -0.479870 1.397905 -0.000000 0.000001 -0.000000 3.273805 0.305946 -0.580110 21.486788 11.830361 2.266132 8.162917 0.000002 0.000000 18.399046 -3.798977 -4.940563 0.000003 -0.000002 0.000002 18.349394 -1.629677 -10.153780 -0.087332 -0.384053 23.465052 -13.897760 11.405486 -4.128014 1.653652 -1.973525 -1.830675 0.000000 -0.000000 0.000002 2.822119 3.829504 18.028889 -0.060526 0.013367 6.206081 7.854152 -7.202945 -12.391292 -1.470058 1.209246 -1.241270 -0.000000 0.000000 -0.000001 
-0.056161 96.778412 0.034661 -5.907471 0.831084 -9.715134 3.485512 0.050538 -1.613668 0.178773 -0.466547 -5.200956 3.787111 -2.685559 11.752721 -1.432348 3.760122 13.642009 0.414554 3.579391 -3.763333 -4.436303 5.071921 -8.059194 0.000077 -0.000023 0.000006 0.008829 -0.147805 0.092302 0.687834 -3.884332 -10.608978 -0.682059 3.592593 -10.620892 -17.558352 -16.886923 9.578141 -25.791164 -25.802320 -21.509882 -179.120621 -73.636047 178.826660 9.903699 4.592991 15.393333 -5.882103 9.861278 0.702589 -10.936860 -0.360575 7.156199 -0.000000 8.774810 -0.000000 -16.328983 17.374931 5.888657 -1.844032 2.498501 -2.507277 -10.163589 4.678940 4.621105 -20.975994 -0.000002 0.000002 -21.226254 2.451690 -3.593995 0.000000 -0.000006 -0.000001 -1.362682 2.240798 -0.746322 -21.334892 0.584907 3.008320 -13.821197 -0.000001 0.000003 -23.887129 -0.249078 -0.839482 -61.042789 2.453134 -1.415945 -0.294026 1.679687 0.833254 -14.218190 0.093214 1.300579 -34.211998 -0.287563 0.967169 -20.033176 0.964536 1.212841 -0.000000 0.000000 0.000001 -3.440384 0.788232 0.501655 -15.928164 -3.167305 2.999703 -6.338817 0.000001 0.000001 -18.123413 3.648175 -4.905661 -0.000004 0.000001 -0.000001 17.582705 18.439575 12.309370 49.368618 44.806190 13.252824 -179.770462 56.129795 -179.807922 -16.501480 6.355381 -6.372181 2.243540 -5.255033 -3.180156 14.282878 -0.826595 6.952495 0.000001 -12.690591 -0.000001 15.675661 -17.594479 2.675421 1.665665 -1.955920 -2.878296 4.727793 -4.170582 4.993918 11.020512 0.000002 0.000000 12.109030 -3.735708 -2.866781 -0.000001 0.000001 -0.000000 1.291984 -1.928549 -1.498087 14.800111 0.567467 3.865602 14.242553 -1.341737 -6.660647 19.631939 0.143925 -0.648243 49.045906 -0.546384 -5.964890 0.353029 -1.511149 -0.031941 20.222769 3.684304 2.316630 18.787245 0.000005 -0.000003 10.751610 -0.479868 1.397903 -0.000000 0.000000 0.000000 3.273805 0.305946 -0.580110 21.486790 11.830360 2.266131 8.162915 0.000001 -0.000001 18.399052 -3.798980 -4.940567 0.000004 -0.000002 0.000001 18.284679 -1.572173 -10.100518 -0.092380 -0.388899 23.487740 -13.851395 11.406073 -4.296093 1.654607 -1.970241 -1.851545 -0.000000 0.000000 0.000002 2.811170 3.850367 18.044176 -0.057366 -0.004796 6.206763 7.874008 -7.158803 -12.408404 -1.469559 1.223079 -1.267350 -0.000000 0.000000 -0.000001 
-0.039749 96.781387 0.061852 -5.897492 0.826472 -9.706621 3.476932 0.024482 -1.653252 0.189481 -0.425677 -5.201787 3.800092 -2.680849 11.730145 -1.428149 3.737750 13.557836 0.434875 3.642412 -3.759430 -4.382785 5.116066 -8.065361 0.000077 -0.000023 0.000006 0.006504 -0.144345 0.095145 0.686964 -3.885020 -10.599325 -0.683681 3.592205 -10.610826 -17.560051 -16.865723 9.546618 -25.811865 -25.851517 -21.469213 -179.052200 -73.635376 178.831329 9.846135 4.594634 15.586682 -5.882101 9.861278 0.702590 -10.936860 -0.360575 7.156197 -0.000000 8.774811 -0.000000 -16.405031 17.350861 5.808261 -1.844030 2.498502 -2.507277 -10.163589 4.678938 4.621105 -20.975992 -0.000001 0.000005 -21.226254 2.451690 -3.593992 0.000001 -0.000006 -0.000001 -1.362678 2.240796 -0.746323 -21.334896 0.584908 3.008323 -13.821197 -0.000003 0.000004 -23.887131 -0.249079 -0.839479 -61.057407 2.429569 -1.429226 -0.294025 1.679687 0.833253 -14.218194 0.093215 1.300580 -34.212006 -0.287562 0.967172 -20.033178 0.964534 1.212843 -0.000000 0.000001 -0.000000 -3.440385 0.788233 0.501654 -15.928169 -3.167307 2.999703 -6.338817 0.000000 0.000002 -18.123413 3.648178 -4.905661 -0.000003 0.000002 -0.000002 17.600370 18.426704 12.328410 49.321068 44.796471 13.266721 -179.757568 56.110809 -179.761765 -16.412012 6.411487 -6.125626 2.243539 -5.255032 -3.180155 14.282878 -0.826595 6.952496 -0.000000 -12.690586 -0.000002 15.731339 -17.630104 2.646598 1.665665 -1.955920 -2.878294 4.727794 -4.170581 4.993918 11.020513 0.000002 0.000001 12.109032 -3.735709 -2.866780 -0.000001 0.000001 -0.000000 1.291985 -1.928548 -1.498087 14.800117 0.567467 3.865602 14.242554 -1.341734 -6.660650 19.631941 0.143924 -0.648244 49.085430 -0.571145 -6.004673 0.353029 -1.511150 -0.031940 20.222773 3.684303 2.316628 18.787249 0.000004 -0.000001 10.751611 -0.479867 1.397904 0.000000 -0.000001 -0.000001 3.273804 0.305946 -0.580110 21.486790 11.830360 2.266129 8.162917 0.000001 0.000000 18.399055 -3.798980 -4.940567 0.000003 -0.000002 -0.000002 18.269573 -1.525097 -10.114775 -0.087816 -0.384861 23.499537 -13.858336 11.380852 -4.276688 1.653202 -1.957593 -1.855260 0.000000 -0.000000 0.000002 2.767169 3.799236 18.115559 -0.055724 0.017542 6.066669 7.897010 -7.109531 -12.356854 -1.468357 1.225574 -1.277404 -0.000000 -0.000000 -0.000001 
-0.034845 96.797318 0.104768 -5.882165 0.811347 -9.712749 3.471927 0.026643 -1.669886 0.187240 -0.433571 -5.208354 3.817216 -2.637253 11.712721 -1.424886 3.705834 13.458960 0.445198 3.720647 -3.744734 -4.338641 5.168105 -8.094468 0.000077 -0.000023 0.000006 0.006131 -0.147320 0.097666 0.684327 -3.884968 -10.596432 -0.681601 3.583922 -10.608081 -17.544113 -16.867727 9.506203 -25.768248 -25.886490 -21.467892 -178.969269 -73.657509 178.788864 9.795423 4.610087 15.672613 -5.882101 9.861279 0.702589 -10.936858 -0.360573 7.156196 -0.000000 8.774814 -0.000001 -16.460932 17.362535 5.776881 -1.844033 2.498503 -2.507276 -10.163589 4.678938 4.621103 -20.975992 -0.000003 0.000002 -21.226254 2.451694 -3.593995 0.000002 -0.000006 0.000000 -1.362681 2.240796 -0.746323 -21.334887 0.584908 3.008318 -13.821197 -0.000002 0.000003 -23.887129 -0.249081 -0.839484 -61.098457 2.427439 -1.463475 -0.294024 1.679687 0.833255 -14.218192 0.093214 1.300580 -34.212002 -0.287564 0.967167 -20.033178 0.964534 1.212841 0.000000 0.000000 0.000000 -3.440386 0.788233 0.501655 -15.928164 -3.167306 2.999702 -6.338815 0.000000 0.000002 -18.123411 3.648175 -4.905660 -0.000004 0.000001 -0.000002 17.626249 18.428848 12.368595 49.249733 44.792473 13.232983 -179.828156 56.064896 -179.781677 -16.383469 6.405604 -5.984917 2.243540 -5.255033 -3.180155 14.282877 -0.826593 6.952496 -0.000001 -12.690590 -0.000002 15.786371 -17.675316 2.628560 1.665666 -1.955919 -2.878297 4.727793 -4.170583 4.993917 11.020511 0.000004 -0.000003 12.109034 -3.735710 -2.866781 0.000000 0.000001 0.000001 1.291983 -1.928547 -1.498086 14.800111 0.567468 3.865602 14.242554 -1.341735 -6.660649 19.631939 0.143927 -0.648244 49.120739 -0.581693 -6.023851 0.353028 -1.511150 -0.031939 20.222767 3.684305 2.316626 18.787245 0.000005 -0.000003 10.751610 -0.479867 1.397903 -0.000000 -0.000002 0.000000 3.273803 0.305947 -0.580109 21.486788 11.830362 2.266131 8.162918 0.000003 0.000000 18.399048 -3.798977 -4.940567 0.000003 -0.000003 -0.000001 18.249672 -1.475145 -10.064204 -0.087102 -0.381415 23.423447 -13.861605 11.390856 -4.225873 1.651899 -1.968549 -1.868887 0.000000 -0.000000 0.000002 2.723463 3.752665 18.196173 -0.055681 0.015427 5.957750 7.901214 -7.046145 -12.246459 -1.467415 1.223492 -1.307093 -0.000000 -0.000000 -0.000001 
-0.015446 96.816895 0.111421 -5.868375 0.793670 -9.718756 3.471428 0.022818 -1.685317 0.184790 -0.438411 -5.211036 3.829274 -2.593793 11.694876 -1.420547 3.683706 13.365266 0.464917 3.769504 -3.730311 -4.320957 5.227618 -8.125477 0.000077 -0.000023 0.000006 0.006755 -0.143945 0.099972 0.681859 -3.882129 -10.588751 -0.678960 3.583719 -10.601397 -17.502434 -16.869736 9.449207 -25.740768 -25.892160 -21.395994 -179.078445 -73.668610 178.885574 9.735845 4.647322 15.685620 -5.882103 9.861280 0.702590 -10.936858 -0.360572 7.156198 -0.000001 8.774817 -0.000001 -16.467194 17.362823 5.743429 -1.844030 2.498504 -2.507276 -10.163590 4.678938 4.621104 -20.975992 0.000000 0.000002 -21.226254 2.451696 -3.593995 0.000001 -0.000006 -0.000000 -1.362681 2.240796 -0.746323 -21.334887 0.584912 3.008320 -13.821197 -0.000001 0.000003 -23.887133 -0.249076 -0.839484 -61.105000 2.434103 -1.480649 -0.294023 1.679685 0.833255 -14.218190 0.093216 1.300578 -34.211998 -0.287562 0.967166 -20.033175 0.964537 1.212840 -0.000000 0.000000 0.000000 -3.440386 0.788234 0.501655 -15.928167 -3.167306 2.999703 -6.338817 0.000001 0.000002 -18.123413 3.648175 -4.905664 -0.000004 0.000001 -0.000002 17.625359 18.421196 12.384067 49.188400 44.836388 13.173145 -179.937592 56.055035 -179.887253 -16.402311 6.360102 -5.927354 2.243541 -5.255033 -3.180154 14.282877 -0.826595 6.952494 -0.000001 -12.690590 -0.000001 15.832319 -17.686462 2.618653 1.665665 -1.955920 -2.878296 4.727794 -4.170583 4.993917 11.020513 0.000003 -0.000002 12.109030 -3.735710 -2.866779 0.000001 0.000000 0.000002 1.291984 -1.928547 -1.498088 14.800114 0.567468 3.865604 14.242556 -1.341733 -6.660647 19.631939 0.143926 -0.648242 49.157082 -0.565995 -6.054102 0.353028 -1.511149 -0.031939 20.222767 3.684305 2.316627 18.787249 0.000006 -0.000003 10.751611 -0.479868 1.397903 -0.000000 0.000000 0.000000 3.273805 0.305947 -0.580109 21.486790 11.830360 2.266130 8.162916 0.000002 -0.000001 18.399050 -3.798979 -4.940567 0.000003 -0.000002 -0.000002 18.228676 -1.429356 -9.999911 -0.095242 -0.388195 23.329329 -13.864087 11.402442 -4.181813 1.648840 -1.983453 -1.869772 0.000000 -0.000000 0.000002 2.669741 3.691087 18.237730 -0.055003 0.014435 5.889758 7.905627 -7.015731 -12.137398 -1.466040 1.217063 -1.318049 -0.000000 -0.000000 -0.000001 
-0.026761 96.835464 0.115523 -5.857719 0.772305 -9.714080 3.467532 0.015466 -1.701614 0.187892 -0.423486 -5.211299 3.840967 -2.561685 11.663466 -1.414786 3.662351 13.296777 0.477848 3.796294 -3.740195 -4.315925 5.286378 -8.167313 0.000077 -0.000023 0.000006 0.007336 -0.147422 0.100092 0.680894 -3.880209 -10.581290 -0.676532 3.577441 -10.593383 -17.472725 -16.869862 9.403842 -25.739458 -25.932220 -21.327496 -179.075211 -73.715691 178.954071 9.703784 4.674601 15.631949 -5.882102 9.861278 0.702589 -10.936860 -0.360576 7.156197 -0.000000 8.774813 -0.000001 -16.462334 17.384935 5.725167 -1.844030 2.498502 -2.507275 -10.163590 4.678938 4.621104 -20.975996 -0.000003 0.000004 -21.226255 2.451693 -3.593991 0.000001 -0.000005 -0.000000 -1.362681 2.240795 -0.746323 -21.334890 0.584907 3.008320 -13.821197 -0.000001 0.000004 -23.887131 -0.249079 -0.839482 -61.073704 2.473971 -1.528124 -0.294023 1.679685 0.833255 -14.218194 0.093215 1.300579 -34.212002 -0.287565 0.967172 -20.033178 0.964535 1.212843 -0.000000 0.000000 0.000000 -3.440385 0.788233 0.501657 -15.928171 -3.167306 2.999705 -6.338817 -0.000001 0.000002 -18.123415 3.648175 -4.905659 -0.000004 0.000002 -0.000002 17.611620 18.406744 12.383089 49.190968 44.876759 13.143699 179.895111 56.055176 179.993057 -16.410463 6.297569 -5.979930 2.243540 -5.255033 -3.180156 14.282873 -0.826594 6.952496 -0.000000 -12.690591 -0.000001 15.802294 -17.712814 2.623293 1.665665 -1.955921 -2.878296 4.727792 -4.170583 4.993918 11.020513 0.000003 -0.000003 12.109033 -3.735710 -2.866781 -0.000001 0.000001 0.000001 1.291985 -1.928548 -1.498089 14.800109 0.567467 3.865600 14.242553 -1.341735 -6.660652 19.631939 0.143925 -0.648248 49.119667 -0.576916 -6.055607 0.353029 -1.511150 -0.031940 20.222767 3.684306 2.316626 18.787245 0.000006 -0.000003 10.751610 -0.479865 1.397904 0.000000 0.000000 -0.000001 3.273804 0.305946 -0.580112 21.486788 11.830361 2.266129 8.162916 0.000003 -0.000001 18.399050 -3.798977 -4.940568 0.000003 -0.000002 -0.000001 18.211960 -1.412215 -9.933552 -0.099206 -0.392376 23.206087 -13.873518 11.427483 -4.150172 1.647367 -1.997967 -1.876719 -0.000000 -0.000000 0.000002 2.602696 3.638690 18.209431 -0.056808 0.022212 5.843731 7.909973 -7.034170 -12.061350 -1.467812 1.214766 -1.353708 -0.000000 -0.000000 -0.000001 
-0.010232 96.839279 0.147003 -5.854224 0.742474 -9.727748 3.469991 0.021145 -1.714608 0.190124 -0.423345 -5.218111 3.851393 -2.538787 11.654761 -1.419131 3.676182 13.248617 0.489014 3.785038 -3.750971 -4.332704 5.319719 -8.214670 0.000077 -0.000023 0.000006 0.007365 -0.151294 0.097448 0.680751 -3.882626 -10.582850 -0.675886 3.573670 -10.593410 -17.481342 -16.854887 9.363464 -25.663136 -25.975689 -21.287882 -179.150055 -73.781929 179.048889 9.639963 4.742565 15.580286 -5.882101 9.861278 0.702590 -10.936857 -0.360574 7.156197 -0.000000 8.774815 -0.000001 -16.427740 17.373226 5.730982 -1.844029 2.498501 -2.507275 -10.163589 4.678938 4.621104 -20.975994 -0.000003 0.000004 -21.226250 2.451695 -3.593992 0.000002 -0.000006 -0.000000 -1.362680 2.240798 -0.746324 -21.334888 0.584909 3.008320 -13.821197 -0.000002 0.000004 -23.887129 -0.249078 -0.839482 -61.084469 2.491684 -1.552234 -0.294023 1.679684 0.833255 -14.218195 0.093216 1.300578 -34.212006 -0.287564 0.967169 -20.033178 0.964535 1.212839 0.000000 0.000000 0.000000 -3.440384 0.788231 0.501654 -15.928167 -3.167307 2.999704 -6.338815 0.000001 0.000001 -18.123411 3.648178 -4.905659 -0.000004 -0.000000 -0.000001 17.605598 18.416790 12.395593 49.210041 44.915230 13.147782 179.880890 56.066990 179.952942 -16.396339 6.268380 -6.013912 2.243539 -5.255033 -3.180156 14.282875 -0.826593 6.952499 -0.000005 -12.690590 0.000002 15.780540 -17.725767 2.657304 1.665665 -1.955920 -2.878298 4.727791 -4.170584 4.993919 11.020511 0.000004 -0.000001 12.109031 -3.735709 -2.866779 0.000000 -0.000000 0.000001 1.291984 -1.928547 -1.498088 14.800113 0.567468 3.865603 14.242551 -1.341734 -6.660648 19.631937 0.143926 -0.648244 49.140514 -0.558713 -6.043504 0.353028 -1.511149 -0.031941 20.222767 3.684307 2.316628 18.787245 0.000008 -0.000001 10.751609 -0.479868 1.397904 -0.000001 -0.000001 0.000000 3.273804 0.305947 -0.580111 21.486792 11.830363 2.266130 8.162916 0.000003 0.000000 18.399052 -3.798980 -4.940566 0.000003 -0.000001 -0.000001 18.277096 -1.417871 -9.869062 -0.093711 -0.389605 23.211800 -13.982947 11.448657 -4.112473 1.646263 -1.998786 -1.888003 -0.000000 0.000000 0.000002 2.610527 3.617963 18.384266 -0.054447 0.012191 5.622683 7.873206 -7.054602 -11.961908 -1.469374 1.216504 -1.378325 0.000000 0.000000 -0.000001 
-0.002132 96.841499 0.114856 -5.859272 0.738099 -9.748595 3.476374 0.027123 -1.728529 0.189837 -0.414690 -5.221652 3.852588 -2.544489 11.653232 -1.415882 3.680709 13.227832 0.478236 3.793144 -3.770115 -4.333334 5.325766 -8.259839 0.000077 -0.000023 0.000006 0.008411 -0.161176 0.099344 0.680798 -3.886409 -10.591272 -0.676042 3.573578 -10.599361 -17.500664 -16.818882 9.325693 -25.660841 -26.061554 -21.264238 -179.184723 -73.818344 179.079269 9.552081 4.764735 15.534737 -5.882100 9.861278 0.702590 -10.936858 -0.360576 7.156198 -0.000000 8.774812 -0.000000 -16.352093 17.347477 5.763076 -1.844031 2.498503 -2.507277 -10.163588 4.678941 4.621102 -20.975994 -0.000001 0.000002 -21.226250 2.451693 -3.593996 0.000002 -0.000006 -0.000000 -1.362680 2.240797 -0.746324 -21.334888 0.584909 3.008321 -13.821194 -0.000002 0.000004 -23.887131 -0.249078 -0.839481 -61.083698 2.510860 -1.566497 -0.294024 1.679687 0.833256 -14.218194 0.093214 1.300579 -34.211998 -0.287562 0.967168 -20.033178 0.964537 1.212841 0.000000 0.000000 0.000000 -3.440383 0.788232 0.501656 -15.928167 -3.167304 2.999704 -6.338817 0.000000 0.000002 -18.123415 3.648177 -4.905660 -0.000004 0.000001 -0.000002 17.589344 18.428818 12.428229 49.214489 44.978390 13.113104 179.893845 56.070808 179.922562 -16.348324 6.245326 -6.085614 2.243539 -5.255034 -3.180154 14.282878 -0.826592 6.952499 -0.000001 -12.690592 -0.000001 15.779532 -17.711222 2.644459 1.665665 -1.955920 -2.878296 4.727794 -4.170584 4.993918 11.020512 0.000004 0.000001 12.109033 -3.735712 -2.866780 0.000001 0.000001 0.000002 1.291985 -1.928548 -1.498089 14.800113 0.567469 3.865604 14.242551 -1.341734 -6.660649 19.631937 0.143924 -0.648243 49.151283 -0.527423 -6.022279 0.353030 -1.511150 -0.031941 20.222767 3.684308 2.316631 18.787247 0.000005 -0.000000 10.751610 -0.479868 1.397905 -0.000001 0.000000 0.000000 3.273804 0.305947 -0.580109 21.486792 11.830367 2.266134 8.162917 0.000004 0.000001 18.399055 -3.798980 -4.940566 0.000003 -0.000002 -0.000001 18.276474 -1.436220 -9.857459 -0.098050 -0.391977 23.191803 -13.995470 11.473996 -4.092601 1.643421 -1.992632 -1.881417 -0.000000 -0.000000 0.000002 2.594153 3.612305 18.374500 -0.051850 0.007809 5.549843 7.877052 -7.079305 -11.957243 -1.472715 1.225048 -1.381568 0.000000 -0.000000 -0.000001 
-0.005487 96.829903 0.122475 -5.859204 0.735702 -9.769513 3.475710 0.031964 -1.742314 0.193802 -0.401011 -5.228743 3.852577 -2.547968 11.649806 -1.417337 3.688759 13.230761 0.466835 3.801204 -3.783347 -4.339468 5.333577 -8.290222 0.000077 -0.000023 0.000006 0.007351 -0.154774 0.096700 0.677314 -3.887408 -10.584694 -0.672553 3.572134 -10.593091 -17.532728 -16.757214 9.305597 -25.693499 -26.170702 -21.213795 -179.196091 -73.914772 179.063721 9.480228 4.728670 15.570460 -5.882099 9.861278 0.702591 -10.936858 -0.360575 7.156196 0.000000 8.774816 -0.000001 -16.333677 17.325127 5.797667 -1.844031 2.498504 -2.507275 -10.163589 4.678939 4.621101 -20.975994 -0.000004 0.000002 -21.226250 2.451692 -3.593994 0.000000 -0.000006 -0.000001 -1.362679 2.240795 -0.746323 -21.334890 0.584907 3.008317 -13.821197 -0.000001 0.000003 -23.887131 -0.249081 -0.839482 -61.134262 2.523749 -1.571286 -0.294023 1.679687 0.833255 -14.218190 0.093214 1.300577 -34.212002 -0.287566 0.967167 -20.033176 0.964534 1.212840 0.000000 0.000000 0.000000 -3.440385 0.788232 0.501655 -15.928165 -3.167311 2.999701 -6.338818 -0.000002 0.000001 -18.123413 3.648176 -4.905661 -0.000004 0.000001 -0.000002 17.569828 18.434311 12.456427 49.281452 44.982113 13.085442 179.887589 56.083984 179.933533 -16.304054 6.281171 -6.156376 2.243540 -5.255032 -3.180155 14.282875 -0.826593 6.952499 -0.000003 -12.690590 0.000000 15.770805 -17.723122 2.652273 1.665664 -1.955920 -2.878296 4.727795 -4.170583 4.993917 11.020512 0.000003 -0.000001 12.109034 -3.735710 -2.866779 0.000000 0.000001 0.000000 1.291984 -1.928548 -1.498089 14.800111 0.567469 3.865603 14.242553 -1.341733 -6.660650 19.631937 0.143926 -0.648242 49.154343 -0.516646 -6.024628 0.353029 -1.511149 -0.031939 20.222769 3.684306 2.316628 18.787245 0.000006 -0.000002 10.751608 -0.479867 1.397904 -0.000001 -0.000000 -0.000001 3.273804 0.305947 -0.580109 21.486790 11.830361 2.266133 8.162918 0.000002 0.000001 18.399054 -3.798978 -4.940567 0.000003 -0.000003 -0.000002 18.278440 -1.474504 -9.858448 -0.091798 -0.376138 23.249252 -14.017125 11.479563 -4.132920 1.642040 -1.986220 -1.866090 -0.000000 -0.000000 0.000002 2.615613 3.620524 18.517332 -0.053713 -0.002913 5.399408 7.845871 -7.079887 -11.939147 -1.473722 1.228447 -1.364110 0.000000 0.000000 -0.000001 
-0.000121 96.816582 0.086075 -5.857744 0.717893 -9.779114 3.479111 0.036319 -1.761647 0.195209 -0.383877 -5.229050 3.848486 -2.559198 11.645206 -1.422423 3.712987 13.234218 0.454943 3.809170 -3.789052 -4.331169 5.338034 -8.299541 0.000077 -0.000023 0.000006 0.007136 -0.150861 0.100307 0.674552 -3.878882 -10.574960 -0.672439 3.578662 -10.587887 -17.566805 -16.700214 9.298871 -25.721151 -26.246798 -21.195551 -179.149612 -73.950874 178.980209 9.446811 4.700639 15.609034 -5.882102 9.861281 0.702589 -10.936858 -0.360574 7.156197 -0.000001 8.774816 -0.000002 -16.301662 17.281879 5.811256 -1.844031 2.498503 -2.507276 -10.163590 4.678942 4.621103 -20.975996 -0.000001 0.000002 -21.226254 2.451694 -3.593995 0.000001 -0.000006 -0.000000 -1.362681 2.240799 -0.746324 -21.334890 0.584910 3.008321 -13.821197 -0.000001 0.000004 -23.887131 -0.249076 -0.839483 -61.151970 2.488018 -1.546923 -0.294025 1.679685 0.833254 -14.218194 0.093214 1.300577 -34.212002 -0.287562 0.967166 -20.033178 0.964535 1.212840 0.000000 0.000000 0.000000 -3.440385 0.788233 0.501655 -15.928169 -3.167306 2.999704 -6.338817 0.000000 0.000002 -18.123413 3.648177 -4.905662 -0.000004 0.000001 -0.000002 17.545662 18.444582 12.457282 49.393829 44.977737 13.097651 179.928741 56.126732 179.991699 -16.220755 6.260221 -6.296381 2.243540 -5.255033 -3.180154 14.282877 -0.826593 6.952496 -0.000003 -12.690592 0.000000 15.741776 -17.699400 2.663308 1.665664 -1.955920 -2.878296 4.727795 -4.170584 4.993917 11.020513 0.000004 0.000000 12.109030 -3.735708 -2.866777 0.000001 0.000000 0.000001 1.291983 -1.928548 -1.498088 14.800111 0.567469 3.865606 14.242551 -1.341735 -6.660647 19.631939 0.143925 -0.648241 49.168625 -0.530058 -5.992688 0.353028 -1.511149 -0.031940 20.222771 3.684306 2.316630 18.787245 0.000006 0.000001 10.751610 -0.479870 1.397905 -0.000001 0.000000 0.000000 3.273802 0.305948 -0.580111 21.486794 11.830362 2.266134 8.162919 0.000000 0.000000 18.399050 -3.798979 -4.940563 0.000003 -0.000003 -0.000000 18.205000 -1.505151 -9.890741 -0.086635 -0.371773 23.309174 -13.955153 11.506642 -4.247711 1.640899 -1.972830 -1.850625 0.000000 -0.000000 0.000002 2.603251 3.640079 18.464218 -0.053239 -0.007272 5.395915 7.847424 -7.067205 -12.028489 -1.472337 1.225415 -1.346924 0.000000 0.000000 -0.000001 
0.009219 96.814804 0.106980 -5.865461 0.704179 -9.792487 3.492884 0.070002 -1.771593 0.198706 -0.397649 -5.256112 3.842151 -2.557301 11.671742 -1.443699 3.729500 13.223184 0.433620 3.822888 -3.786800 -4.305498 5.339827 -8.295360 0.000077 -0.000023 0.000006 0.007601 -0.137516 0.102774 0.673457 -3.867739 -10.578919 -0.670343 3.591122 -10.590749 -17.586159 -16.671085 9.311467 -25.769411 -26.277687 -21.217842 -178.983551 -73.947678 178.752701 9.457042 4.650960 15.641528 -5.882102 9.861278 0.702589 -10.936858 -0.360574 7.156197 -0.000002 8.774814 -0.000000 -16.285778 17.281420 5.810641 -1.844030 2.498503 -2.507274 -10.163592 4.678941 4.621105 -20.975994 -0.000002 0.000004 -21.226255 2.451691 -3.593993 0.000002 -0.000005 0.000000 -1.362681 2.240798 -0.746324 -21.334892 0.584912 3.008322 -13.821197 -0.000003 0.000004 -23.887131 -0.249077 -0.839481 -61.109180 2.482584 -1.548371 -0.294025 1.679687 0.833255 -14.218194 0.093214 1.300579 -34.212002 -0.287560 0.967170 -20.033180 0.964535 1.212841 0.000000 0.000000 -0.000001 -3.440386 0.788232 0.501655 -15.928169 -3.167306 2.999705 -6.338816 -0.000001 0.000002 -18.123415 3.648178 -4.905662 -0.000004 0.000002 -0.000002 17.538973 18.445061 12.445404 49.506073 44.963596 13.094140 179.858261 56.135715 179.921509 -16.175068 6.218725 -6.354164 2.243540 -5.255033 -3.180156 14.282877 -0.826594 6.952500 -0.000002 -12.690591 -0.000001 15.718336 -17.682838 2.674451 1.665665 -1.955920 -2.878298 4.727794 -4.170582 4.993919 11.020513 0.000002 0.000001 12.109033 -3.735708 -2.866781 0.000001 0.000001 0.000002 1.291985 -1.928548 -1.498086 14.800111 0.567467 3.865605 14.242551 -1.341735 -6.660650 19.631937 0.143923 -0.648242 49.127766 -0.515773 -5.986532 0.353030 -1.511150 -0.031940 20.222769 3.684306 2.316629 18.787245 0.000005 -0.000001 10.751613 -0.479866 1.397904 -0.000000 -0.000001 -0.000001 3.273804 0.305947 -0.580110 21.486792 11.830363 2.266132 8.162917 0.000000 -0.000001 18.399054 -3.798978 -4.940568 0.000003 -0.000003 -0.000000 18.233440 -1.534543 -9.891582 -0.087650 -0.364685 23.341053 -13.966810 11.535484 -4.224133 1.642590 -1.971813 -1.873259 0.000000 -0.000000 0.000002 2.618336 3.633013 18.572741 -0.052871 -0.003673 5.305146 7.839684 -7.039919 -11.973156 -1.472139 1.213623 -1.330510 0.000000 -0.000000 -0.000001 
0.012556 96.802574 0.081376 -5.871794 0.694404 -9.813062 3.504819 0.065291 -1.778334 0.211578 -0.382765 -5.260011 3.830291 -2.555327 11.691673 -1.471507 3.737926 13.204437 0.424593 3.834377 -3.780951 -4.291849 5.329906 -8.288430 0.000077 -0.000023 0.000006 0.008790 -0.137162 0.104315 0.674480 -3.858169 -10.565897 -0.670109 3.596408 -10.585873 -17.614052 -16.648909 9.331929 -25.774860 -26.330074 -21.280670 -178.777023 -73.970062 178.513916 9.496775 4.655697 15.590824 -5.882098 9.861276 0.702590 -10.936859 -0.360575 7.156196 0.000000 8.774814 -0.000000 -16.338795 17.261765 5.761799 -1.844030 2.498501 -2.507277 -10.163587 4.678939 4.621103 -20.975994 -0.000005 0.000004 -21.226250 2.451688 -3.593992 0.000002 -0.000006 -0.000000 -1.362679 2.240793 -0.746324 -21.334896 0.584907 3.008319 -13.821194 -0.000003 0.000004 -23.887129 -0.249080 -0.839480 -61.082481 2.483732 -1.531055 -0.294025 1.679685 0.833255 -14.218194 0.093214 1.300578 -34.212002 -0.287568 0.967168 -20.033176 0.964532 1.212841 -0.000000 0.000000 0.000000 -3.440384 0.788231 0.501653 -15.928165 -3.167307 2.999701 -6.338818 0.000002 0.000002 -18.123413 3.648175 -4.905660 -0.000004 0.000001 -0.000002 17.544758 18.425890 12.463512 49.574806 44.979576 13.078967 179.853180 56.161919 179.901428 -16.133476 6.233588 -6.336493 2.243540 -5.255033 -3.180156 14.282875 -0.826595 6.952495 -0.000002 -12.690588 0.000002 15.720943 -17.721693 2.713111 1.665665 -1.955920 -2.878296 4.727794 -4.170584 4.993918 11.020512 0.000003 -0.000001 12.109031 -3.735709 -2.866779 0.000000 0.000001 0.000001 1.291985 -1.928547 -1.498087 14.800114 0.567466 3.865603 14.242553 -1.341734 -6.660650 19.631937 0.143927 -0.648246 49.107883 -0.531085 -5.967985 0.353029 -1.511149 -0.031940 20.222767 3.684304 2.316626 18.787245 0.000005 -0.000004 10.751610 -0.479867 1.397903 -0.000000 -0.000000 -0.000001 3.273805 0.305947 -0.580112 21.486788 11.830359 2.266130 8.162915 0.000001 0.000000 18.399052 -3.798980 -4.940566 0.000003 -0.000003 -0.000000 18.253429 -1.569990 -9.910118 -0.087475 -0.354642 23.399439 -13.974508 11.558312 -4.228859 1.644663 -1.971010 -1.885288 -0.000000 0.000000 0.000002 2.615045 3.628366 18.485142 -0.047913 0.004532 5.427144 7.851667 -7.029106 -12.075135 -1.472296 1.207043 -1.337504 0.000000 0.000000 -0.000001 
0.016910 96.802910 0.064449 -5.878231 0.665462 -9.832651 3.515441 0.073312 -1.784680 0.221524 -0.389363 -5.263479 3.829488 -2.540667 11.721168 -1.498162 3.728650 13.184225 0.417114 3.845681 -3.781158 -4.287770 5.320997 -8.286613 0.000077 -0.000022 0.000006 0.008637 -0.127177 0.105974 0.674718 -3.857611 -10.570911 -0.668113 3.601479 -10.585835 -17.629293 -16.639063 9.349402 -25.769190 -26.356960 -21.311241 -178.627335 -73.994942 178.362274 9.518320 4.647745 15.483859 -5.882100 9.861276 0.702589 -10.936860 -0.360575 7.156198 -0.000001 8.774814 -0.000001 -16.372587 17.271833 5.749025 -1.844031 2.498503 -2.507276 -10.163591 4.678940 4.621104 -20.975998 -0.000004 0.000003 -21.226255 2.451692 -3.593992 0.000001 -0.000005 -0.000000 -1.362679 2.240795 -0.746323 -21.334890 0.584907 3.008320 -13.821198 -0.000001 0.000003 -23.887135 -0.249080 -0.839482 -61.063255 2.482608 -1.521461 -0.294024 1.679686 0.833256 -14.218194 0.093214 1.300579 -34.212006 -0.287561 0.967170 -20.033180 0.964534 1.212842 -0.000000 0.000000 0.000000 -3.440386 0.788232 0.501657 -15.928167 -3.167306 2.999703 -6.338820 0.000000 0.000002 -18.123415 3.648176 -4.905662 -0.000003 0.000001 -0.000001 17.581472 18.402712 12.531868 49.589924 45.041000 13.076077 179.839798 56.203213 179.869537 -16.120445 6.246132 -6.273756 2.243539 -5.255032 -3.180156 14.282877 -0.826594 6.952495 0.000000 -12.690587 -0.000001 15.728036 -17.733904 2.709892 1.665664 -1.955920 -2.878295 4.727795 -4.170583 4.993917 11.020514 0.000003 0.000000 12.109035 -3.735711 -2.866781 0.000001 0.000001 0.000002 1.291983 -1.928548 -1.498086 14.800111 0.567468 3.865605 14.242554 -1.341735 -6.660650 19.631937 0.143925 -0.648243 49.048782 -0.524614 -5.974638 0.353028 -1.511149 -0.031941 20.222771 3.684305 2.316628 18.787249 0.000004 -0.000003 10.751610 -0.479869 1.397904 -0.000000 0.000000 0.000001 3.273805 0.305947 -0.580110 21.486790 11.830360 2.266133 8.162919 0.000000 0.000000 18.399052 -3.798979 -4.940566 0.000003 -0.000003 -0.000000 18.271534 -1.589949 -9.872349 -0.098277 -0.351895 23.392557 -13.949093 11.603560 -4.234135 1.646905 -1.983187 -1.941168 -0.000000 0.000000 0.000002 2.616979 3.612339 18.467684 -0.042790 0.007995 5.489284 7.859830 -7.018894 -12.083899 -1.474286 1.203105 -1.365622 -0.000000 -0.000000 -0.000001 
-0.002469 96.801231 0.028694 -5.886828 0.631762 -9.870740 3.528185 0.069732 -1.774414 0.225980 -0.399801 -5.266706 3.841743 -2.528633 11.765561 -1.530940 3.716639 13.181395 0.428965 3.846341 -3.782683 -4.308219 5.292293 -8.327528 0.000077 -0.000023 0.000006 0.010896 -0.126762 0.110278 0.675291 -3.853617 -10.571546 -0.663785 3.601801 -10.588911 -17.637934 -16.628462 9.364377 -25.765837 -26.400824 -21.325970 -178.562698 -74.053642 178.337448 9.552482 4.644265 15.427233 -5.882102 9.861281 0.702589 -10.936859 -0.360572 7.156196 -0.000001 8.774813 -0.000002 -16.390121 17.274811 5.721594 -1.844033 2.498503 -2.507275 -10.163591 4.678940 4.621104 -20.975992 -0.000001 0.000002 -21.226255 2.451695 -3.593995 0.000001 -0.000006 -0.000000 -1.362679 2.240795 -0.746323 -21.334892 0.584909 3.008321 -13.821197 0.000001 0.000003 -23.887131 -0.249078 -0.839483 -61.032818 2.472189 -1.520939 -0.294024 1.679687 0.833254 -14.218194 0.093217 1.300579 -34.211998 -0.287561 0.967166 -20.033180 0.964535 1.212840 0.000000 0.000000 -0.000001 -3.440387 0.788233 0.501656 -15.928167 -3.167305 2.999704 -6.338818 0.000000 0.000001 -18.123415 3.648178 -4.905662 -0.000003 -0.000000 -0.000003 17.610826 18.384317 12.590837 49.588284 45.106548 13.087586 179.829865 56.205406 179.844177 -16.142958 6.265866 -6.198209 2.243539 -5.255033 -3.180155 14.282877 -0.826593 6.952495 -0.000002 -12.690591 0.000000 15.711115 -17.748169 2.744012 1.665664 -1.955919 -2.878296 4.727792 -4.170584 4.993919 11.020510 0.000003 -0.000001 12.109032 -3.735712 -2.866781 0.000001 -0.000000 0.000001 1.291984 -1.928548 -1.498087 14.800109 0.567467 3.865603 14.242553 -1.341736 -6.660648 19.631937 0.143925 -0.648242 49.013500 -0.519715 -5.975345 0.353027 -1.511149 -0.031941 20.222769 3.684307 2.316629 18.787245 0.000006 0.000000 10.751611 -0.479868 1.397904 -0.000000 0.000000 0.000000 3.273804 0.305947 -0.580111 21.486792 11.830365 2.266133 8.162918 -0.000000 0.000001 18.399052 -3.798979 -4.940567 0.000003 -0.000002 -0.000000 18.279621 -1.628018 -9.809776 -0.090110 -0.347522 23.353874 -13.933051 11.613163 -4.242786 1.649000 -1.982491 -1.960673 -0.000000 -0.000000 0.000002 2.616430 3.579799 18.450422 -0.042025 0.013745 5.569604 7.852859 -6.996603 -12.099830 -1.474602 1.209312 -1.385433 0.000000 0.000000 -0.000001 
-0.000683 96.794601 0.007277 -5.888980 0.605396 -9.905675 3.528427 0.071675 -1.760752 0.224684 -0.409613 -5.256274 3.862608 -2.521333 11.790360 -1.566298 3.723498 13.205040 0.451154 3.839197 -3.788487 -4.346562 5.244171 -8.371249 0.000077 -0.000022 0.000006 0.009559 -0.120672 0.107571 0.673310 -3.852413 -10.588913 -0.663256 3.608216 -10.599891 -17.624836 -16.614870 9.358844 -25.792770 -26.443897 -21.268913 -178.691650 -74.081474 178.491623 9.563166 4.638621 15.427269 -5.882100 9.861278 0.702591 -10.936858 -0.360575 7.156196 0.000000 8.774813 -0.000002 -16.426954 17.287617 5.719495 -1.844032 2.498503 -2.507275 -10.163592 4.678943 4.621102 -20.975998 -0.000001 0.000002 -21.226254 2.451694 -3.593994 0.000002 -0.000006 -0.000001 -1.362681 2.240797 -0.746321 -21.334887 0.584910 3.008318 -13.821198 -0.000002 0.000003 -23.887131 -0.249080 -0.839483 -61.055206 2.446760 -1.498273 -0.294025 1.679686 0.833255 -14.218190 0.093216 1.300576 -34.211998 -0.287564 0.967165 -20.033178 0.964533 1.212840 -0.000000 0.000001 -0.000000 -3.440386 0.788233 0.501655 -15.928169 -3.167308 2.999701 -6.338818 0.000000 0.000001 -18.123415 3.648176 -4.905663 -0.000004 -0.000000 -0.000002 17.635160 18.369228 12.640884 49.579926 45.151730 13.047202 179.718399 56.216824 179.732727 -16.185942 6.329498 -6.042676 2.243540 -5.255033 -3.180156 14.282877 -0.826595 6.952496 -0.000003 -12.690590 0.000002 15.733466 -17.756229 2.745067 1.665664 -1.955918 -2.878298 4.727794 -4.170585 4.993918 11.020512 0.000004 -0.000001 12.109031 -3.735711 -2.866780 0.000000 0.000000 0.000002 1.291985 -1.928548 -1.498088 14.800113 0.567469 3.865602 14.242551 -1.341734 -6.660647 19.631939 0.143926 -0.648244 49.044891 -0.526355 -5.983428 0.353030 -1.511150 -0.031939 20.222769 3.684305 2.316629 18.787245 0.000005 -0.000002 10.751612 -0.479868 1.397905 -0.000001 -0.000000 -0.000001 3.273803 0.305948 -0.580109 21.486792 11.830362 2.266129 8.162916 0.000001 0.000001 18.399054 -3.798981 -4.940567 0.000003 -0.000003 -0.000002 18.279545 -1.660505 -9.781703 -0.086128 -0.340399 23.372688 -13.904720 11.614218 -4.254938 1.649523 -1.985215 -1.994850 0.000000 -0.000000 0.000002 2.620721 3.555039 18.457741 -0.042462 0.018552 5.616255 7.839391 -6.960148 -12.132150 -1.475034 1.217024 -1.388112 0.000000 0.000000 -0.000001 
0.006486 96.789642 0.027285 -5.895540 0.618712 -9.927434 3.526802 0.057430 -1.756642 0.217756 -0.406087 -5.239176 3.876065 -2.538318 11.789625 -1.607072 3.741513 13.228214 0.469876 3.831277 -3.786166 -4.360279 5.198642 -8.370716 0.000077 -0.000023 0.000006 0.009894 -0.120194 0.111053 0.671828 -3.851491 -10.582650 -0.660799 3.607409 -10.597068 -17.623402 -16.601648 9.366700 -25.806992 -26.495747 -21.194714 -178.864426 -74.140282 178.690491 9.553516 4.574300 15.464356 -5.882102 9.861278 0.702588 -10.936861 -0.360574 7.156199 -0.000002 8.774815 -0.000002 -16.415190 17.326876 5.744498 -1.844031 2.498502 -2.507275 -10.163589 4.678940 4.621104 -20.975994 -0.000002 0.000004 -21.226255 2.451694 -3.593994 0.000002 -0.000006 -0.000000 -1.362681 2.240797 -0.746321 -21.334890 0.584909 3.008321 -13.821197 -0.000000 0.000004 -23.887133 -0.249078 -0.839480 -61.052113 2.436334 -1.481854 -0.294022 1.679685 0.833255 -14.218194 0.093213 1.300580 -34.211998 -0.287560 0.967171 -20.033176 0.964537 1.212843 0.000000 0.000001 0.000000 -3.440388 0.788235 0.501656 -15.928167 -3.167306 2.999705 -6.338817 0.000001 0.000001 -18.123415 3.648178 -4.905661 -0.000004 0.000001 -0.000002 17.661095 18.358227 12.656583 49.581028 45.168602 12.998437 179.629150 56.243942 179.609589 -16.221384 6.363966 -5.911473 2.243539 -5.255033 -3.180155 14.282875 -0.826591 6.952498 -0.000003 -12.690588 -0.000000 15.696353 -17.739548 2.754645 1.665664 -1.955920 -2.878296 4.727792 -4.170582 4.993918 11.020513 0.000004 -0.000000 12.109030 -3.735709 -2.866780 0.000001 0.000001 0.000002 1.291984 -1.928548 -1.498087 14.800114 0.567470 3.865605 14.242553 -1.341734 -6.660647 19.631939 0.143925 -0.648241 49.099125 -0.527134 -5.965479 0.353029 -1.511150 -0.031937 20.222769 3.684308 2.316629 18.787245 0.000007 0.000000 10.751611 -0.479867 1.397905 0.000000 0.000000 -0.000001 3.273806 0.305947 -0.580109 21.486795 11.830365 2.266133 8.162915 0.000003 0.000001 18.399048 -3.798977 -4.940566 0.000003 -0.000003 -0.000001 18.293804 -1.716262 -9.800346 -0.081815 -0.338356 23.416880 -13.884651 11.629292 -4.222804 1.649695 -1.991890 -1.997318 0.000000 -0.000000 0.000002 2.627175 3.546332 18.511961 -0.041345 0.015543 5.534432 7.821931 -6.955557 -12.124529 -1.474498 1.223091 -1.380543 0.000000 0.000000 -0.000001 
-0.045902 96.773407 -0.006854 -5.903633 0.609210 -9.948027 3.529023 0.071816 -1.736123 0.208886 -0.432447 -5.238547 3.886870 -2.555279 11.791640 -1.633508 3.790306 13.253839 0.475588 3.816857 -3.795677 -4.361614 5.135702 -8.325541 0.000077 -0.000023 0.000006 0.011206 -0.120183 0.111884 0.674693 -3.858178 -10.586787 -0.662255 3.610506 -10.610386 -17.623461 -16.593355 9.348503 -25.821625 -26.527067 -21.153490 -178.939499 -74.184181 178.789825 9.551788 4.520135 15.453011 -5.882099 9.861280 0.702590 -10.936858 -0.360575 7.156198 -0.000000 8.774814 -0.000000 -16.406628 17.334030 5.789422 -1.844030 2.498502 -2.507277 -10.163589 4.678940 4.621106 -20.975992 -0.000005 0.000004 -21.226248 2.451692 -3.593995 0.000002 -0.000006 0.000000 -1.362679 2.240798 -0.746322 -21.334885 0.584908 3.008322 -13.821195 -0.000001 0.000004 -23.887123 -0.249077 -0.839480 -61.091751 2.406374 -1.452823 -0.294023 1.679687 0.833256 -14.218190 0.093216 1.300580 -34.211998 -0.287564 0.967172 -20.033176 0.964537 1.212840 0.000000 0.000001 0.000001 -3.440385 0.788232 0.501656 -15.928167 -3.167306 2.999704 -6.338815 0.000000 0.000002 -18.123411 3.648175 -4.905659 -0.000003 0.000001 -0.000002 17.688366 18.348688 12.637135 49.593552 45.132233 12.962888 179.527176 56.250729 179.560562 -16.265375 6.356591 -5.848103 2.243538 -5.255032 -3.180155 14.282877 -0.826593 6.952497 -0.000004 -12.690591 0.000000 15.716290 -17.721281 2.748924 1.665665 -1.955920 -2.878297 4.727793 -4.170583 4.993918 11.020512 0.000004 0.000000 12.109033 -3.735709 -2.866779 0.000001 0.000001 0.000001 1.291984 -1.928548 -1.498087 14.800107 0.567469 3.865602 14.242553 -1.341734 -6.660648 19.631939 0.143926 -0.648241 49.124699 -0.539568 -5.960502 0.353029 -1.511150 -0.031939 20.222767 3.684308 2.316628 18.787245 0.000007 -0.000002 10.751610 -0.479869 1.397903 -0.000001 0.000000 0.000000 3.273806 0.305947 -0.580110 21.486792 11.830361 2.266131 8.162916 0.000003 0.000000 18.399050 -3.798980 -4.940567 0.000003 -0.000003 -0.000001 18.307032 -1.758983 -9.800209 -0.082553 -0.337225 23.424894 -13.850329 11.648764 -4.253878 1.650455 -1.991118 -2.004478 0.000000 -0.000000 0.000002 2.646287 3.555425 18.456570 -0.046138 0.017315 5.684027 7.826726 -6.932656 -12.223802 -1.474099 1.225685 -1.380105 0.000000 0.000000 -0.000001 
-0.037965 96.761993 -0.002315 -5.903228 0.604620 -9.947785 3.523631 0.059767 -1.722729 0.199008 -0.431239 -5.238387 3.897832 -2.563294 11.795425 -1.658861 3.806012 13.249027 0.492242 3.773705 -3.797723 -4.353037 5.097304 -8.284216 0.000077 -0.000023 0.000006 0.011171 -0.123585 0.112012 0.677357 -3.857008 -10.590409 -0.664932 3.608209 -10.611934 -17.613516 -16.590038 9.329724 -25.828915 -26.552916 -21.131853 -178.816833 -74.214714 178.660858 9.590256 4.468553 15.405718 -5.882101 9.861275 0.702590 -10.936858 -0.360577 7.156197 0.000000 8.774812 -0.000001 -16.373606 17.330832 5.826660 -1.844030 2.498502 -2.507277 -10.163589 4.678939 4.621100 -20.975992 -0.000004 0.000002 -21.226255 2.451690 -3.593994 0.000002 -0.000005 0.000001 -1.362680 2.240794 -0.746325 -21.334887 0.584905 3.008321 -13.821197 -0.000003 0.000003 -23.887131 -0.249082 -0.839479 -61.072304 2.427726 -1.446017 -0.294023 1.679686 0.833255 -14.218194 0.093214 1.300578 -34.212002 -0.287566 0.967169 -20.033180 0.964533 1.212843 0.000000 0.000000 0.000000 -3.440385 0.788236 0.501656 -15.928164 -3.167309 2.999702 -6.338817 0.000001 0.000002 -18.123413 3.648176 -4.905661 -0.000004 -0.000000 -0.000002 17.673241 18.330618 12.571339 49.675343 45.134262 12.966201 179.378510 56.311848 179.402908 -16.310389 6.332423 -5.788406 2.243539 -5.255033 -3.180156 14.282871 -0.826592 6.952495 -0.000003 -12.690590 -0.000001 15.694025 -17.718481 2.757774 1.665664 -1.955920 -2.878299 4.727792 -4.170582 4.993918 11.020512 0.000004 -0.000001 12.109034 -3.735708 -2.866781 0.000001 0.000001 0.000001 1.291985 -1.928549 -1.498087 14.800107 0.567469 3.865602 14.242551 -1.341733 -6.660650 19.631939 0.143926 -0.648243 49.182354 -0.541711 -5.946741 0.353027 -1.511149 -0.031939 20.222763 3.684306 2.316626 18.787245 0.000004 -0.000003 10.751610 -0.479868 1.397902 -0.000000 0.000000 0.000000 3.273803 0.305948 -0.580110 21.486790 11.830363 2.266130 8.162917 0.000001 -0.000001 18.399046 -3.798978 -4.940567 0.000004 -0.000002 -0.000001 18.316309 -1.769889 -9.845013 -0.085433 -0.327294 23.499954 -13.845438 11.626554 -4.260647 1.651153 -1.987594 -1.999242 0.000000 -0.000000 0.000002 2.648891 3.530786 18.455576 -0.047909 0.028863 5.677920 7.838665 -6.914528 -12.281328 -1.473483 1.224355 -1.354658 0.000000 0.000000 -0.000001 
-0.057113 96.756393 0.001755 -5.910831 0.611367 -9.941165 3.520465 0.053611 -1.712532 0.201059 -0.443105 -5.241560 3.907890 -2.555540 11.802666 -1.664283 3.807018 13.242246 0.488070 3.722811 -3.792538 -4.332360 5.079230 -8.241776 0.000077 -0.000023 0.000006 0.010662 -0.140107 0.114934 0.677018 -3.870191 -10.585011 -0.664378 3.594024 -10.603262 -17.632971 -16.613920 9.315589 -25.830210 -26.586218 -21.140280 -178.619675 -74.276024 178.479462 9.658324 4.425558 15.276607 -5.882100 9.861280 0.702588 -10.936859 -0.360573 7.156198 0.000001 8.774815 -0.000000 -16.364492 17.314898 5.836937 -1.844029 2.498502 -2.507275 -10.163589 4.678940 4.621105 -20.975994 -0.000005 0.000005 -21.226248 2.451692 -3.593991 0.000002 -0.000006 -0.000000 -1.362681 2.240796 -0.746323 -21.334887 0.584908 3.008321 -13.821197 -0.000002 0.000004 -23.887133 -0.249079 -0.839479 -61.052750 2.437601 -1.465630 -0.294024 1.679685 0.833255 -14.218190 0.093214 1.300580 -34.211998 -0.287564 0.967172 -20.033176 0.964534 1.212845 -0.000000 0.000001 -0.000000 -3.440387 0.788234 0.501655 -15.928167 -3.167306 2.999703 -6.338819 0.000000 0.000002 -18.123415 3.648178 -4.905661 -0.000003 0.000002 -0.000002 17.678032 18.305050 12.525696 49.719303 45.109142 13.041998 179.367691 56.336525 179.362305 -16.332483 6.280322 -5.769514 2.243540 -5.255032 -3.180155 14.282878 -0.826594 6.952495 -0.000003 -12.690590 0.000000 15.685609 -17.732803 2.793770 1.665665 -1.955920 -2.878298 4.727794 -4.170584 4.993917 11.020512 0.000003 -0.000001 12.109030 -3.735710 -2.866779 0.000001 0.000001 0.000002 1.291985 -1.928547 -1.498088 14.800111 0.567469 3.865604 14.242551 -1.341734 -6.660649 19.631937 0.143926 -0.648244 49.263016 -0.547068 -5.926139 0.353029 -1.511149 -0.031940 20.222765 3.684307 2.316626 18.787245 0.000005 -0.000003 10.751610 -0.479869 1.397904 -0.000001 -0.000000 -0.000001 3.273803 0.305947 -0.580110 21.486792 11.830362 2.266130 8.162916 0.000003 -0.000001 18.399055 -3.798980 -4.940568 0.000003 -0.000002 -0.000001 18.322653 -1.756281 -9.861822 -0.089446 -0.339759 23.516666 -13.854732 11.621228 -4.290493 1.651000 -1.980752 -2.001242 -0.000000 0.000000 0.000002 2.648280 3.510831 18.439262 -0.050510 0.030813 5.662662 7.872043 -6.872998 -12.308197 -1.476809 1.235191 -1.334214 0.000000 -0.000000 -0.000001 
-0.035095 96.751175 -0.008881 -5.924039 0.601186 -9.940712 3.522196 0.048581 -1.691597 0.203788 -0.449135 -5.217638 3.917525 -2.552131 11.783430 -1.668596 3.776820 13.238103 0.490539 3.698760 -3.786921 -4.297091 5.065533 -8.185808 0.000077 -0.000023 0.000006 0.011598 -0.140071 0.120121 0.681178 -3.873328 -10.579051 -0.668508 3.595829 -10.588353 -17.668276 -16.644579 9.282578 -25.803928 -26.603004 -21.128023 -178.449570 -74.278801 178.304932 9.709951 4.388102 15.230549 -5.882104 9.861282 0.702588 -10.936861 -0.360574 7.156196 0.000000 8.774812 -0.000001 -16.338123 17.308781 5.844223 -1.844030 2.498502 -2.507276 -10.163590 4.678941 4.621104 -20.975994 -0.000003 0.000003 -21.226255 2.451696 -3.593996 0.000001 -0.000006 0.000000 -1.362678 2.240797 -0.746323 -21.334890 0.584909 3.008320 -13.821197 -0.000001 0.000003 -23.887133 -0.249078 -0.839482 -61.052059 2.469608 -1.485148 -0.294025 1.679686 0.833256 -14.218194 0.093215 1.300580 -34.212006 -0.287562 0.967166 -20.033178 0.964534 1.212838 -0.000000 0.000000 0.000001 -3.440387 0.788233 0.501654 -15.928169 -3.167304 2.999705 -6.338817 0.000001 0.000001 -18.123415 3.648181 -4.905663 -0.000004 0.000001 -0.000002 17.683922 18.289469 12.518842 49.741150 45.064850 13.153481 179.420609 56.319668 179.316986 -16.408642 6.252984 -5.657992 2.243540 -5.255031 -3.180155 14.282878 -0.826592 6.952494 -0.000002 -12.690591 0.000000 15.723597 -17.743561 2.820939 1.665664 -1.955919 -2.878295 4.727795 -4.170583 4.993918 11.020513 0.000004 -0.000000 12.109035 -3.735708 -2.866780 0.000000 0.000000 0.000000 1.291984 -1.928547 -1.498088 14.800117 0.567469 3.865602 14.242554 -1.341733 -6.660648 19.631941 0.143926 -0.648244 49.337803 -0.542854 -5.925394 0.353029 -1.511149 -0.031940 20.222769 3.684307 2.316626 18.787245 0.000006 -0.000001 10.751612 -0.479869 1.397905 -0.000000 0.000000 0.000001 3.273804 0.305947 -0.580110 21.486792 11.830360 2.266128 8.162916 0.000003 -0.000001 18.399052 -3.798977 -4.940567 0.000003 -0.000002 -0.000001 18.341372 -1.729697 -9.902529 -0.093002 -0.342300 23.577171 -13.889247 11.621813 -4.289492 1.650998 -1.977314 -2.006235 -0.000000 0.000000 0.000002 2.661707 3.489176 18.431156 -0.055880 0.045197 5.653331 7.895515 -6.820814 -12.328639 -1.478663 1.247848 -1.333410 0.000000 -0.000000 -0.000001 
-0.074974 96.743927 -0.000854 -5.935968 0.596988 -9.933542 3.517077 0.048722 -1.684578 0.209363 -0.446551 -5.214298 3.914968 -2.568299 11.777369 -1.667629 3.744447 13.258454 0.486159 3.686681 -3.779241 -4.269470 5.056390 -8.156306 0.000077 -0.000023 0.000006 0.011601 -0.137134 0.120019 0.682873 -3.872849 -10.577585 -0.667921 3.592957 -10.582895 -17.707739 -16.645056 9.246088 -25.785067 -26.632475 -21.093931 -178.236542 -74.257988 178.099075 9.768296 4.400735 15.287558 -5.882100 9.861278 0.702590 -10.936860 -0.360576 7.156198 -0.000001 8.774814 -0.000001 -16.331505 17.285391 5.852932 -1.844031 2.498502 -2.507275 -10.163589 4.678941 4.621102 -20.975994 -0.000002 0.000002 -21.226255 2.451691 -3.593995 0.000001 -0.000005 -0.000000 -1.362681 2.240796 -0.746324 -21.334887 0.584906 3.008320 -13.821197 -0.000002 0.000003 -23.887133 -0.249079 -0.839482 -61.079906 2.461379 -1.473610 -0.294025 1.679685 0.833255 -14.218194 0.093216 1.300580 -34.211998 -0.287561 0.967168 -20.033178 0.964537 1.212840 0.000001 0.000000 0.000000 -3.440386 0.788231 0.501655 -15.928165 -3.167307 2.999703 -6.338814 0.000002 0.000001 -18.123413 3.648177 -4.905662 -0.000004 0.000001 -0.000002 17.697594 18.278307 12.523067 49.813046 45.030472 13.313367 179.550507 56.319935 179.410980 -16.477093 6.263288 -5.583289 2.243540 -5.255033 -3.180154 14.282877 -0.826592 6.952498 -0.000001 -12.690592 -0.000001 15.760193 -17.765699 2.847989 1.665664 -1.955919 -2.878298 4.727794 -4.170584 4.993921 11.020512 0.000003 -0.000001 12.109031 -3.735711 -2.866779 -0.000000 0.000000 -0.000000 1.291985 -1.928548 -1.498089 14.800113 0.567468 3.865604 14.242551 -1.341734 -6.660646 19.631941 0.143925 -0.648242 49.394817 -0.534811 -5.924037 0.353029 -1.511150 -0.031940 20.222769 3.684306 2.316630 18.787245 0.000005 -0.000001 10.751612 -0.479868 1.397905 -0.000001 0.000001 -0.000000 3.273804 0.305948 -0.580111 21.486795 11.830363 2.266134 8.162916 0.000001 0.000001 18.399050 -3.798980 -4.940567 0.000003 -0.000002 -0.000000 18.354059 -1.692627 -9.916932 -0.089371 -0.351135 23.581455 -13.936739 11.629774 -4.323512 1.649133 -1.961272 -2.026835 0.000000 -0.000000 0.000002 2.667268 3.445790 18.473154 -0.055821 0.051073 5.648738 7.917194 -6.737151 -12.323296 -1.479869 1.249423 -1.349658 -0.000000 0.000000 -0.000001 
-0.066372 96.731445 -0.008901 -5.946086 0.592654 -9.919340 3.505598 0.034787 -1.687504 0.212104 -0.429109 -5.197539 3.913512 -2.587010 11.761938 -1.669979 3.731419 13.276780 0.481321 3.692112 -3.781145 -4.249766 5.018957 -8.135457 0.000077 -0.000023 0.000006 0.010568 -0.133659 0.120093 0.680851 -3.866298 -10.574627 -0.667899 3.598730 -10.576212 -17.735359 -16.633816 9.182290 -25.817368 -26.629845 -20.988451 -178.155594 -74.214638 178.022125 9.795905 4.392900 15.415038 -5.882099 9.861277 0.702591 -10.936862 -0.360574 7.156199 -0.000001 8.774812 -0.000002 -16.320198 17.287172 5.852035 -1.844030 2.498501 -2.507277 -10.163589 4.678937 4.621107 -20.975996 -0.000002 0.000007 -21.226254 2.451694 -3.593991 0.000001 -0.000005 -0.000000 -1.362681 2.240797 -0.746321 -21.334887 0.584907 3.008325 -13.821197 -0.000000 0.000006 -23.887125 -0.249076 -0.839477 -61.089180 2.469157 -1.462571 -0.294026 1.679686 0.833256 -14.218194 0.093214 1.300583 -34.212006 -0.287560 0.967177 -20.033180 0.964539 1.212846 -0.000000 0.000001 -0.000000 -3.440386 0.788231 0.501654 -15.928167 -3.167306 2.999707 -6.338817 -0.000002 0.000004 -18.123413 3.648175 -4.905655 -0.000004 -0.000000 -0.000002 17.691860 18.279951 12.516965 49.841141 44.995964 13.427640 179.622345 56.354652 179.458603 -16.560701 6.293431 -5.568849 2.243541 -5.255033 -3.180157 14.282877 -0.826596 6.952496 0.000000 -12.690593 -0.000001 15.788149 -17.779928 2.832336 1.665666 -1.955920 -2.878297 4.727795 -4.170585 4.993920 11.020511 0.000002 -0.000001 12.109033 -3.735711 -2.866781 -0.000001 0.000001 -0.000000 1.291984 -1.928548 -1.498088 14.800117 0.567466 3.865601 14.242554 -1.341738 -6.660651 19.631939 0.143927 -0.648246 49.394001 -0.520228 -5.954551 0.353028 -1.511149 -0.031941 20.222773 3.684305 2.316629 18.787245 0.000005 -0.000004 10.751611 -0.479867 1.397903 0.000000 0.000000 -0.000001 3.273804 0.305946 -0.580108 21.486794 11.830363 2.266129 8.162917 0.000001 -0.000001 18.399054 -3.798982 -4.940571 0.000003 -0.000001 -0.000001 18.371552 -1.674473 -9.974814 -0.085774 -0.354918 23.668896 -14.003340 11.627664 -4.361489 1.647202 -1.956054 -2.021248 -0.000000 0.000000 0.000002 2.660667 3.416963 18.442305 -0.057129 0.055956 5.670280 7.944285 -6.665104 -12.377925 -1.478299 1.244230 -1.378885 -0.000000 0.000000 -0.000001 
-0.077280 96.730492 -0.006933 -5.951499 0.594530 -9.912454 3.501342 0.037345 -1.684117 0.209129 -0.416934 -5.180699 3.903780 -2.600596 11.743600 -1.656368 3.722448 13.294590 0.480075 3.678714 -3.774312 -4.257802 4.979007 -8.155357 0.000077 -0.000023 0.000006 0.009944 -0.133634 0.117546 0.682479 -3.865083 -10.571155 -0.669992 3.592988 -10.573607 -17.731434 -16.654337 9.150837 -25.844772 -26.637789 -20.878067 -178.207504 -74.207733 178.040497 9.823308 4.386977 15.550624 -5.882101 9.861279 0.702591 -10.936859 -0.360575 7.156196 -0.000001 8.774816 -0.000001 -16.325907 17.277031 5.855407 -1.844031 2.498504 -2.507278 -10.163589 4.678940 4.621105 -20.975996 -0.000005 0.000003 -21.226255 2.451693 -3.593992 0.000001 -0.000006 -0.000000 -1.362680 2.240797 -0.746323 -21.334887 0.584910 3.008320 -13.821197 -0.000002 0.000003 -23.887131 -0.249080 -0.839482 -61.087807 2.446913 -1.435910 -0.294026 1.679685 0.833255 -14.218192 0.093213 1.300581 -34.212006 -0.287563 0.967171 -20.033182 0.964534 1.212842 -0.000000 0.000000 0.000001 -3.440384 0.788230 0.501655 -15.928169 -3.167305 2.999703 -6.338817 0.000001 0.000002 -18.123411 3.648178 -4.905660 -0.000004 0.000001 -0.000002 17.691250 18.267538 12.504815 49.830982 44.946087 13.445415 179.613373 56.392391 179.454163 -16.642979 6.328125 -5.594604 2.243540 -5.255033 -3.180155 14.282875 -0.826594 6.952496 -0.000001 -12.690587 0.000000 15.794509 -17.782940 2.852165 1.665664 -1.955919 -2.878299 4.727795 -4.170584 4.993917 11.020512 0.000004 -0.000001 12.109033 -3.735710 -2.866780 0.000000 0.000001 0.000001 1.291984 -1.928548 -1.498089 14.800113 0.567466 3.865602 14.242553 -1.341735 -6.660648 19.631939 0.143927 -0.648244 49.347164 -0.525760 -5.955424 0.353030 -1.511149 -0.031940 20.222767 3.684307 2.316626 18.787247 0.000008 -0.000001 10.751610 -0.479867 1.397905 -0.000001 0.000000 0.000001 3.273804 0.305947 -0.580110 21.486792 11.830363 2.266132 8.162916 0.000002 0.000000 18.399050 -3.798980 -4.940567 0.000003 -0.000002 -0.000001 18.387518 -1.653588 -9.990623 -0.087076 -0.359129 23.667320 -14.023178 11.618179 -4.344392 1.645796 -1.960222 -2.031062 0.000000 0.000000 0.000002 2.660830 3.409592 18.366009 -0.059343 0.054903 5.717558 7.973941 -6.604941 -12.419037 -1.475661 1.232854 -1.409751 0.000000 0.000000 -0.000001 
-0.083744 96.733788 -0.012676 -5.943477 0.583337 -9.911831 3.495873 0.055350 -1.677165 0.197389 -0.431443 -5.200606 3.897282 -2.585065 11.768819 -1.645716 3.706403 13.308472 0.471342 3.682966 -3.772681 -4.249830 4.933403 -8.183342 0.000077 -0.000023 0.000006 0.011388 -0.137247 0.113899 0.684974 -3.867268 -10.574808 -0.671227 3.591293 -10.580049 -17.716803 -16.676577 9.130499 -25.886143 -26.622175 -20.794588 -178.172104 -74.208870 177.988922 9.827066 4.360593 15.660936 -5.882099 9.861279 0.702590 -10.936858 -0.360576 7.156199 0.000000 8.774817 0.000000 -16.317350 17.304338 5.818317 -1.844031 2.498503 -2.507275 -10.163589 4.678941 4.621105 -20.975994 -0.000003 0.000004 -21.226250 2.451694 -3.593992 0.000001 -0.000006 -0.000000 -1.362679 2.240797 -0.746323 -21.334890 0.584908 3.008322 -13.821197 -0.000000 0.000004 -23.887131 -0.249075 -0.839481 -61.033752 2.467139 -1.471018 -0.294025 1.679686 0.833256 -14.218190 0.093213 1.300580 -34.211998 -0.287561 0.967171 -20.033178 0.964537 1.212844 0.000000 0.000001 0.000000 -3.440386 0.788233 0.501656 -15.928169 -3.167306 2.999705 -6.338817 0.000001 0.000002 -18.123413 3.648177 -4.905659 -0.000003 -0.000000 -0.000003 17.676210 18.244093 12.493241 49.848038 44.933006 13.422141 179.554932 56.449345 179.412933 -16.662395 6.341928 -5.581734 2.243539 -5.255033 -3.180155 14.282875 -0.826592 6.952497 -0.000003 -12.690588 0.000000 15.815109 -17.796465 2.816979 1.665664 -1.955919 -2.878298 4.727794 -4.170584 4.993920 11.020510 0.000004 -0.000001 12.109030 -3.735709 -2.866779 0.000000 0.000000 0.000001 1.291983 -1.928548 -1.498088 14.800113 0.567468 3.865603 14.242551 -1.341736 -6.660648 19.631937 0.143924 -0.648244 49.292976 -0.539132 -5.995598 0.353029 -1.511150 -0.031941 20.222771 3.684308 2.316628 18.787245 0.000006 0.000000 10.751610 -0.479867 1.397904 -0.000000 0.000001 -0.000000 3.273804 0.305948 -0.580110 21.486790 11.830365 2.266134 8.162916 0.000002 0.000002 18.399052 -3.798978 -4.940567 0.000003 -0.000003 -0.000000 18.381411 -1.620338 -9.980284 -0.085836 -0.366175 23.632635 -14.005407 11.621639 -4.310967 1.644837 -1.957049 -2.019537 0.000000 -0.000000 0.000002 2.656624 3.418756 18.356535 -0.056744 0.054299 5.755666 7.992499 -6.561914 -12.417025 -1.476161 1.227227 -1.419134 -0.000000 0.000000 -0.000001 
-0.076839 96.736809 0.009469 -5.936793 0.608835 -9.895588 3.495533 0.044510 -1.687971 0.193785 -0.407947 -5.194231 3.878687 -2.610215 11.769380 -1.644763 3.707712 13.331153 0.471434 3.665492 -3.779989 -4.238661 4.901098 -8.210768 0.000077 -0.000023 0.000006 0.010217 -0.137285 0.109717 0.683492 -3.870298 -10.572987 -0.671382 3.580569 -10.582295 -17.723888 -16.699081 9.139248 -25.870241 -26.588104 -20.691795 -178.380234 -74.187492 178.101318 9.802259 4.360684 15.773450 -5.882099 9.861276 0.702590 -10.936858 -0.360575 7.156196 0.000000 8.774813 -0.000001 -16.355951 17.308931 5.778605 -1.844031 2.498502 -2.507278 -10.163589 4.678938 4.621102 -20.975996 -0.000007 0.000002 -21.226255 2.451689 -3.593993 0.000001 -0.000006 0.000001 -1.362682 2.240797 -0.746323 -21.334887 0.584909 3.008318 -13.821195 -0.000003 0.000004 -23.887131 -0.249080 -0.839480 -61.039757 2.448234 -1.466585 -0.294024 1.679686 0.833254 -14.218194 0.093214 1.300578 -34.211998 -0.287564 0.967169 -20.033178 0.964534 1.212841 -0.000000 0.000000 0.000000 -3.440386 0.788233 0.501653 -15.928165 -3.167307 2.999703 -6.338817 0.000000 0.000001 -18.123415 3.648173 -4.905661 -0.000004 -0.000000 -0.000002 17.652605 18.214598 12.475084 49.802074 44.916924 13.392558 179.598068 56.499058 179.442307 -16.614706 6.370925 -5.584376 2.243540 -5.255031 -3.180155 14.282875 -0.826594 6.952495 -0.000003 -12.690590 0.000003 15.812466 -17.800356 2.795213 1.665664 -1.955919 -2.878296 4.727794 -4.170583 4.993918 11.020514 0.000003 -0.000001 12.109035 -3.735711 -2.866780 -0.000001 0.000001 -0.000000 1.291985 -1.928548 -1.498088 14.800111 0.567468 3.865604 14.242554 -1.341734 -6.660648 19.631941 0.143927 -0.648243 49.273830 -0.536975 -6.011896 0.353029 -1.511149 -0.031939 20.222771 3.684308 2.316628 18.787249 0.000005 -0.000002 10.751611 -0.479869 1.397902 0.000000 0.000001 0.000000 3.273804 0.305947 -0.580110 21.486792 11.830365 2.266129 8.162918 0.000001 0.000000 18.399054 -3.798980 -4.940567 0.000004 -0.000002 -0.000002 18.375948 -1.598802 -10.000398 -0.095731 -0.360063 23.636097 -13.973463 11.620393 -4.298234 1.646468 -1.963545 -1.994197 0.000000 0.000000 0.000002 2.653418 3.390313 18.380720 -0.054519 0.061811 5.697535 8.013185 -6.558089 -12.401802 -1.473205 1.215164 -1.419540 -0.000000 -0.000000 -0.000001 
-0.070463 96.729591 -0.003126 -5.934989 0.628408 -9.900095 3.498963 0.034439 -1.678070 0.182467 -0.396504 -5.194275 3.873394 -2.636164 11.777081 -1.628503 3.718693 13.340891 0.450963 3.634466 -3.786662 -4.229155 4.870207 -8.229665 0.000077 -0.000023 0.000006 0.009574 -0.136537 0.116635 0.678362 -3.862053 -10.570662 -0.667301 3.590293 -10.580728 -17.767776 -16.709785 9.178516 -25.800814 -26.546820 -20.639971 -178.539856 -74.141960 178.246460 9.756123 4.373761 15.821488 -5.882102 9.861278 0.702590 -10.936857 -0.360574 7.156196 -0.000001 8.774812 0.000000 -16.379412 17.342850 5.764963 -1.844030 2.498502 -2.507275 -10.163589 4.678939 4.621105 -20.975994 -0.000005 0.000002 -21.226250 2.451692 -3.593992 0.000001 -0.000005 -0.000000 -1.362680 2.240795 -0.746324 -21.334896 0.584909 3.008321 -13.821197 -0.000003 0.000004 -23.887129 -0.249079 -0.839481 -61.036274 2.457415 -1.498952 -0.294024 1.679685 0.833256 -14.218189 0.093214 1.300578 -34.211998 -0.287561 0.967170 -20.033180 0.964535 1.212841 -0.000000 0.000001 0.000001 -3.440384 0.788232 0.501656 -15.928165 -3.167307 2.999702 -6.338817 -0.000002 0.000002 -18.123413 3.648174 -4.905660 -0.000003 0.000001 -0.000002 17.637836 18.191895 12.499085 49.731628 44.934242 13.360024 179.625961 56.539467 179.478455 -16.579641 6.394588 -5.577322 2.243539 -5.255033 -3.180156 14.282875 -0.826593 6.952496 -0.000002 -12.690592 -0.000001 15.807549 -17.789848 2.789042 1.665665 -1.955920 -2.878297 4.727792 -4.170582 4.993920 11.020513 0.000004 -0.000000 12.109029 -3.735708 -2.866779 -0.000000 0.000001 -0.000000 1.291984 -1.928547 -1.498088 14.800113 0.567469 3.865604 14.242554 -1.341735 -6.660650 19.631939 0.143927 -0.648242 49.252659 -0.539877 -6.008193 0.353029 -1.511149 -0.031941 20.222767 3.684306 2.316628 18.787245 0.000006 -0.000002 10.751612 -0.479869 1.397903 -0.000001 0.000000 0.000000 3.273803 0.305947 -0.580109 21.486792 11.830361 2.266132 8.162914 0.000003 -0.000001 18.399048 -3.798977 -4.940565 0.000003 -0.000002 -0.000001 18.373802 -1.580726 -10.012161 -0.096930 -0.358922 23.676352 -13.969792 11.586299 -4.324691 1.649309 -1.960296 -1.977038 -0.000000 -0.000000 0.000002 2.661731 3.386751 18.371168 -0.049676 0.051078 5.749490 8.013406 -6.558410 -12.445606 -1.474120 1.216214 -1.400190 -0.000000 -0.000000 -0.000001 
-0.095750 96.713570 0.030023 -5.931378 0.646528 -9.918550 3.497448 0.039396 -1.668390 0.179151 -0.406949 -5.194069 3.872904 -2.653677 11.797002 -1.626301 3.727733 13.341554 0.436264 3.612709 -3.788235 -4.220130 4.845037 -8.237106 0.000077 -0.000022 0.000006 0.009874 -0.123326 0.121842 0.675016 -3.855952 -10.574256 -0.664496 3.606827 -10.583749 -17.809530 -16.733397 9.193971 -25.722067 -26.509697 -20.607014 -178.476746 -74.130142 178.224747 9.731546 4.368903 15.763604 -5.882099 9.861278 0.702590 -10.936858 -0.360575 7.156197 0.000002 8.774813 -0.000001 -16.430355 17.396788 5.744719 -1.844030 2.498502 -2.507277 -10.163589 4.678937 4.621102 -20.975996 -0.000005 0.000004 -21.226254 2.451691 -3.593994 0.000002 -0.000006 -0.000000 -1.362681 2.240794 -0.746322 -21.334892 0.584906 3.008321 -13.821194 -0.000003 0.000004 -23.887123 -0.249079 -0.839478 -61.043316 2.466168 -1.506910 -0.294025 1.679684 0.833256 -14.218190 0.093213 1.300580 -34.211998 -0.287564 0.967172 -20.033176 0.964533 1.212843 -0.000000 0.000001 -0.000000 -3.440385 0.788233 0.501655 -15.928165 -3.167308 2.999703 -6.338817 0.000000 0.000003 -18.123413 3.648173 -4.905659 -0.000003 0.000001 -0.000002 17.624416 18.172281 12.523217 49.597145 44.960556 13.345477 179.707932 56.578854 179.556641 -16.581245 6.458328 -5.600669 2.243541 -5.255033 -3.180155 14.282875 -0.826594 6.952495 -0.000001 -12.690587 -0.000001 15.783328 -17.790615 2.809759 1.665665 -1.955919 -2.878295 4.727795 -4.170584 4.993917 11.020513 0.000002 -0.000002 12.109032 -3.735708 -2.866780 0.000000 0.000000 0.000001 1.291984 -1.928547 -1.498090 14.800111 0.567467 3.865602 14.242554 -1.341734 -6.660648 19.631937 0.143925 -0.648244 49.248291 -0.541296 -6.003965 0.353028 -1.511149 -0.031939 20.222769 3.684304 2.316626 18.787245 0.000005 -0.000003 10.751610 -0.479869 1.397903 0.000000 0.000000 -0.000001 3.273804 0.305946 -0.580110 21.486790 11.830360 2.266127 8.162916 0.000003 -0.000001 18.399052 -3.798979 -4.940568 0.000003 -0.000002 -0.000001 18.377108 -1.559577 -10.010107 -0.111020 -0.364686 23.740831 -13.998864 11.567970 -4.399976 1.653026 -1.954433 -1.978268 -0.000000 0.000000 0.000002 2.683773 3.419760 18.412148 -0.049378 0.048834 5.732657 7.973274 -6.598608 -12.506616 -1.476148 1.222728 -1.373692 0.000000 0.000000 -0.000001 
-0.106795 96.699158 0.063730 -5.916558 0.636633 -9.942501 3.493998 0.059843 -1.651160 0.172047 -0.427331 -5.207228 3.876481 -2.657913 11.821316 -1.635439 3.742050 13.344905 0.430681 3.599837 -3.786556 -4.217166 4.802669 -8.241782 0.000077 -0.000023 0.000006 0.010648 -0.109562 0.125098 0.673374 -3.847177 -10.587357 -0.659684 3.618973 -10.600367 -17.858786 -16.757694 9.228257 -25.630630 -26.448109 -20.589554 -178.498734 -74.109543 178.297104 9.754367 4.381316 15.664844 -5.882100 9.861279 0.702589 -10.936857 -0.360573 7.156197 0.000001 8.774812 -0.000001 -16.449806 17.449703 5.785435 -1.844031 2.498502 -2.507276 -10.163590 4.678939 4.621103 -20.975994 -0.000003 0.000002 -21.226250 2.451693 -3.593994 0.000002 -0.000006 -0.000000 -1.362681 2.240795 -0.746322 -21.334887 0.584910 3.008319 -13.821194 -0.000002 0.000003 -23.887129 -0.249079 -0.839483 -61.070206 2.471385 -1.498245 -0.294025 1.679685 0.833257 -14.218189 0.093213 1.300580 -34.211998 -0.287562 0.967171 -20.033176 0.964534 1.212840 0.000000 0.000000 0.000001 -3.440385 0.788234 0.501654 -15.928165 -3.167308 2.999703 -6.338817 0.000001 0.000003 -18.123411 3.648177 -4.905660 -0.000004 0.000001 -0.000002 17.603027 18.170242 12.521033 49.526920 44.953972 13.346709 179.771439 56.569065 179.632248 -16.624065 6.485691 -5.587923 2.243540 -5.255032 -3.180153 14.282877 -0.826595 6.952497 -0.000000 -12.690591 0.000000 15.752877 -17.779116 2.826207 1.665666 -1.955920 -2.878298 4.727792 -4.170583 4.993917 11.020513 0.000003 -0.000001 12.109035 -3.735710 -2.866778 -0.000000 0.000001 -0.000000 1.291984 -1.928547 -1.498086 14.800114 0.567467 3.865602 14.242553 -1.341736 -6.660648 19.631941 0.143925 -0.648245 49.239155 -0.519424 -5.997224 0.353029 -1.511150 -0.031941 20.222771 3.684304 2.316628 18.787249 0.000004 -0.000003 10.751612 -0.479867 1.397902 -0.000000 0.000000 0.000000 3.273804 0.305947 -0.580109 21.486792 11.830359 2.266131 8.162919 0.000002 -0.000002 18.399055 -3.798980 -4.940568 0.000003 -0.000002 -0.000001 18.370420 -1.535080 -9.985697 -0.108900 -0.374431 23.803297 -14.041885 11.530827 -4.462717 1.652637 -1.968354 -1.979217 -0.000000 0.000000 0.000002 2.701262 3.477450 18.439974 -0.048368 0.037312 5.761012 7.912335 -6.633058 -12.575120 -1.477115 1.238456 -1.360892 0.000000 0.000000 -0.000001 
-0.125606 96.695503 0.134303 -5.910282 0.664460 -9.961434 3.483029 0.047475 -1.655036 0.176566 -0.426923 -5.214125 3.885619 -2.661963 11.840940 -1.661452 3.770005 13.341191 0.435087 3.554775 -3.780536 -4.194839 4.804033 -8.236947 0.000077 -0.000023 0.000006 0.010130 -0.109399 0.129422 0.670735 -3.843580 -10.589744 -0.659766 3.622666 -10.603116 -17.865370 -16.790024 9.271431 -25.610527 -26.408495 -20.580000 -178.316376 -74.030022 178.229874 9.805275 4.422930 15.462714 -5.882100 9.861278 0.702589 -10.936858 -0.360574 7.156197 0.000000 8.774815 -0.000001 -16.527092 17.457632 5.789431 -1.844030 2.498501 -2.507277 -10.163589 4.678938 4.621103 -20.975994 -0.000006 0.000003 -21.226250 2.451691 -3.593992 0.000000 -0.000004 0.000000 -1.362680 2.240796 -0.746322 -21.334892 0.584908 3.008321 -13.821197 -0.000004 0.000004 -23.887133 -0.249080 -0.839481 -61.101009 2.475258 -1.493564 -0.294025 1.679686 0.833257 -14.218192 0.093214 1.300579 -34.212002 -0.287564 0.967171 -20.033176 0.964533 1.212842 -0.000000 0.000000 0.000001 -3.440386 0.788233 0.501656 -15.928165 -3.167307 2.999702 -6.338817 -0.000002 0.000002 -18.123413 3.648174 -4.905661 -0.000004 0.000001 -0.000001 17.568222 18.182543 12.495540 49.491657 44.932884 13.363709 179.845169 56.562874 179.731949 -16.657265 6.455015 -5.633880 2.243540 -5.255033 -3.180154 14.282877 -0.826593 6.952495 0.000001 -12.690591 -0.000001 15.736875 -17.786478 2.824993 1.665665 -1.955920 -2.878296 4.727796 -4.170584 4.993917 11.020513 0.000003 0.000000 12.109033 -3.735710 -2.866780 -0.000001 0.000000 0.000001 1.291985 -1.928548 -1.498087 14.800117 0.567466 3.865604 14.242554 -1.341735 -6.660648 19.631939 0.143925 -0.648243 49.257599 -0.510666 -5.988480 0.353028 -1.511149 -0.031941 20.222771 3.684304 2.316629 18.787247 0.000004 -0.000002 10.751611 -0.479866 1.397903 -0.000000 -0.000001 -0.000001 3.273804 0.305947 -0.580110 21.486794 11.830360 2.266133 8.162919 0.000000 0.000000 18.399057 -3.798979 -4.940567 0.000003 0.000000 -0.000002 18.448109 -1.504706 -9.918395 -0.110010 -0.379071 23.822456 -14.151279 11.465660 -4.442938 1.650952 -1.969349 -1.976296 -0.000000 -0.000000 0.000002 2.723289 3.498321 18.602137 -0.051314 0.043232 5.640521 7.844633 -6.670317 -12.511681 -1.476210 1.242055 -1.341296 -0.000000 -0.000000 -0.000001 
-0.118346 96.680740 0.192174 -5.900469 0.652985 -9.960785 3.478249 0.040042 -1.654452 0.177341 -0.429694 -5.237873 3.891607 -2.664603 11.857875 -1.686949 3.787841 13.333282 0.447438 3.529821 -3.777276 -4.173842 4.816901 -8.224668 0.000077 -0.000023 0.000006 0.010191 -0.106654 0.126820 0.671175 -3.847278 -10.596597 -0.659721 3.626802 -10.609406 -17.850845 -16.822660 9.289650 -25.611563 -26.361126 -20.517309 -178.261734 -74.002777 178.221817 9.865336 4.469673 15.292677 -5.882100 9.861277 0.702590 -10.936858 -0.360574 7.156199 0.000000 8.774813 -0.000002 -16.559143 17.460062 5.817297 -1.844029 2.498502 -2.507276 -10.163587 4.678938 4.621105 -20.975992 -0.000004 0.000006 -21.226246 2.451693 -3.593990 0.000001 -0.000006 -0.000001 -1.362681 2.240798 -0.746320 -21.334894 0.584908 3.008324 -13.821193 -0.000002 0.000007 -23.887129 -0.249076 -0.839477 -61.142811 2.471997 -1.494307 -0.294026 1.679686 0.833257 -14.218194 0.093214 1.300580 -34.211998 -0.287563 0.967173 -20.033175 0.964538 1.212843 0.000001 0.000002 0.000000 -3.440383 0.788232 0.501656 -15.928164 -3.167309 2.999706 -6.338817 -0.000002 0.000003 -18.123413 3.648178 -4.905658 -0.000004 0.000002 -0.000002 17.549656 18.207472 12.484390 49.497246 44.899338 13.456198 179.951706 56.522678 179.902985 -16.684366 6.426950 -5.643475 2.243540 -5.255031 -3.180155 14.282877 -0.826595 6.952494 -0.000002 -12.690586 0.000002 15.687434 -17.771479 2.840317 1.665665 -1.955920 -2.878295 4.727794 -4.170583 4.993917 11.020512 0.000003 -0.000001 12.109034 -3.735708 -2.866781 0.000000 -0.000000 -0.000000 1.291984 -1.928547 -1.498088 14.800113 0.567467 3.865602 14.242554 -1.341735 -6.660649 19.631939 0.143926 -0.648243 49.239849 -0.514377 -5.953633 0.353029 -1.511149 -0.031942 20.222769 3.684305 2.316626 18.787249 0.000005 -0.000003 10.751610 -0.479869 1.397903 -0.000000 0.000000 0.000000 3.273803 0.305946 -0.580109 21.486788 11.830360 2.266127 8.162916 0.000002 -0.000002 18.399052 -3.798978 -4.940568 0.000004 -0.000002 -0.000000 18.437958 -1.452869 -9.927794 -0.103049 -0.380708 23.930618 -14.151581 11.420962 -4.525245 1.647936 -1.979367 -1.961166 0.000000 0.000000 0.000002 2.726101 3.536873 18.647041 -0.048502 0.042730 5.616008 7.807703 -6.718700 -12.558838 -1.474307 1.246953 -1.330459 -0.000000 -0.000000 -0.000001 
-0.162543 96.682533 0.200724 -5.890465 0.659949 -9.954075 3.470593 0.031082 -1.647438 0.176577 -0.431173 -5.234421 3.892446 -2.672724 11.831047 -1.698836 3.771736 13.338857 0.449979 3.540336 -3.772156 -4.155663 4.840323 -8.207637 0.000077 -0.000023 0.000006 0.010833 -0.112944 0.126700 0.672786 -3.848750 -10.596612 -0.660565 3.628648 -10.611490 -17.804018 -16.881023 9.324224 -25.612383 -26.288292 -20.503708 -178.192535 -73.902527 178.137619 9.922695 4.547362 15.206871 -5.882100 9.861279 0.702589 -10.936859 -0.360576 7.156198 -0.000000 8.774816 0.000001 -16.587769 17.431519 5.785752 -1.844032 2.498502 -2.507276 -10.163589 4.678941 4.621105 -20.975996 -0.000005 0.000004 -21.226254 2.451692 -3.593992 0.000002 -0.000006 -0.000000 -1.362680 2.240797 -0.746324 -21.334892 0.584909 3.008322 -13.821197 -0.000003 0.000004 -23.887131 -0.249082 -0.839478 -61.142258 2.470606 -1.512681 -0.294022 1.679685 0.833256 -14.218194 0.093213 1.300581 -34.211998 -0.287565 0.967177 -20.033180 0.964534 1.212847 0.000000 0.000001 0.000000 -3.440386 0.788230 0.501654 -15.928167 -3.167309 2.999703 -6.338815 -0.000001 0.000002 -18.123411 3.648174 -4.905659 -0.000003 -0.000000 -0.000002 17.546635 18.234224 12.457161 49.496517 44.878345 13.482756 179.949173 56.469769 179.989899 -16.726460 6.356171 -5.666175 2.243539 -5.255032 -3.180155 14.282879 -0.826597 6.952494 -0.000002 -12.690591 0.000002 15.686389 -17.745745 2.811985 1.665664 -1.955920 -2.878295 4.727795 -4.170584 4.993918 11.020513 0.000002 -0.000002 12.109034 -3.735710 -2.866779 -0.000000 0.000001 0.000002 1.291986 -1.928548 -1.498089 14.800111 0.567466 3.865601 14.242554 -1.341735 -6.660649 19.631941 0.143924 -0.648246 49.220921 -0.480923 -5.981931 0.353028 -1.511149 -0.031938 20.222773 3.684306 2.316628 18.787245 0.000004 -0.000003 10.751610 -0.479870 1.397903 0.000000 -0.000001 -0.000001 3.273804 0.305947 -0.580110 21.486790 11.830363 2.266126 8.162917 0.000001 -0.000002 18.399054 -3.798981 -4.940570 0.000003 -0.000002 -0.000001 18.460035 -1.409299 -9.900341 -0.100888 -0.374425 23.865244 -14.143549 11.402546 -4.478306 1.645193 -1.986030 -1.930609 0.000000 -0.000000 0.000002 2.740201 3.524364 18.612795 -0.053661 0.046885 5.698329 7.796643 -6.735812 -12.585882 -1.472260 1.246144 -1.313987 -0.000000 -0.000000 -0.000001 
-0.174043 96.673813 0.235367 -5.876026 0.677129 -9.940846 3.466244 0.035059 -1.654709 0.177530 -0.447398 -5.241031 3.890912 -2.665175 11.813653 -1.691750 3.757161 13.336012 0.437530 3.528059 -3.773447 -4.143806 4.835735 -8.194854 0.000077 -0.000023 0.000006 0.011746 -0.116467 0.124133 0.672830 -3.851490 -10.597615 -0.658489 3.619240 -10.610758 -17.773216 -16.933416 9.347876 -25.596174 -26.285427 -20.517643 -178.091309 -73.871513 178.065231 9.950438 4.576362 15.142093 -5.882101 9.861278 0.702589 -10.936858 -0.360575 7.156198 0.000000 8.774812 0.000000 -16.627085 17.407198 5.752803 -1.844031 2.498501 -2.507276 -10.163589 4.678940 4.621102 -20.976000 -0.000005 0.000003 -21.226255 2.451692 -3.593993 0.000000 -0.000006 -0.000000 -1.362680 2.240797 -0.746322 -21.334890 0.584908 3.008320 -13.821194 -0.000000 0.000004 -23.887131 -0.249079 -0.839481 -61.172844 2.471518 -1.511410 -0.294025 1.679686 0.833255 -14.218192 0.093215 1.300579 -34.211998 -0.287564 0.967171 -20.033180 0.964534 1.212842 -0.000000 0.000000 0.000000 -3.440384 0.788234 0.501657 -15.928169 -3.167306 2.999702 -6.338817 0.000000 0.000002 -18.123415 3.648172 -4.905662 -0.000004 0.000002 -0.000002 17.544510 18.258921 12.432914 49.512981 44.874542 13.479532 179.914169 56.468506 -179.997009 -16.775747 6.348487 -5.668383 2.243540 -5.255033 -3.180156 14.282878 -0.826593 6.952497 -0.000003 -12.690591 -0.000001 15.674052 -17.729641 2.814139 1.665666 -1.955920 -2.878297 4.727793 -4.170583 4.993918 11.020513 0.000004 -0.000002 12.109033 -3.735712 -2.866782 -0.000001 0.000001 -0.000000 1.291984 -1.928548 -1.498089 14.800111 0.567468 3.865603 14.242553 -1.341734 -6.660650 19.631939 0.143927 -0.648244 49.213753 -0.481292 -5.997745 0.353029 -1.511150 -0.031941 20.222769 3.684307 2.316625 18.787245 0.000008 -0.000002 10.751608 -0.479868 1.397903 -0.000000 -0.000000 -0.000001 3.273803 0.305947 -0.580112 21.486790 11.830361 2.266131 8.162918 0.000002 -0.000001 18.399050 -3.798978 -4.940567 0.000003 -0.000002 -0.000001 18.391506 -1.357293 -9.964681 -0.096146 -0.366148 23.908726 -14.062298 11.355398 -4.518280 1.642725 -1.968700 -1.907804 0.000000 -0.000000 0.000002 2.727990 3.494312 18.614342 -0.058755 0.041393 5.719505 7.810206 -6.732988 -12.633735 -1.469845 1.247140 -1.305750 -0.000000 -0.000000 -0.000001 
-0.198323 96.677971 0.282732 -5.850736 0.691649 -9.920399 3.452597 0.032925 -1.668497 0.183535 -0.449396 -5.220798 3.880526 -2.653545 11.775704 -1.687194 3.743364 13.315405 0.426178 3.510340 -3.773277 -4.112107 4.819036 -8.165738 0.000077 -0.000023 0.000006 0.010596 -0.123352 0.122490 0.675030 -3.856856 -10.593088 -0.661396 3.613766 -10.604819 -17.763111 -16.980391 9.394429 -25.568136 -26.256903 -20.543705 -178.177246 -73.808212 178.146988 9.944291 4.580121 15.220394 -5.882101 9.861278 0.702589 -10.936859 -0.360575 7.156196 -0.000001 8.774817 -0.000002 -16.666098 17.406275 5.718192 -1.844032 2.498502 -2.507277 -10.163589 4.678942 4.621106 -20.975994 -0.000002 0.000001 -21.226255 2.451691 -3.593995 0.000003 -0.000006 0.000000 -1.362680 2.240797 -0.746324 -21.334887 0.584907 3.008318 -13.821197 -0.000003 0.000003 -23.887129 -0.249078 -0.839482 -61.186390 2.484549 -1.504976 -0.294024 1.679686 0.833255 -14.218194 0.093214 1.300578 -34.212006 -0.287562 0.967166 -20.033178 0.964536 1.212839 -0.000000 0.000000 0.000000 -3.440385 0.788231 0.501655 -15.928167 -3.167305 2.999703 -6.338818 0.000001 0.000001 -18.123415 3.648175 -4.905663 -0.000004 0.000001 -0.000002 17.551834 18.259766 12.432940 49.535847 44.901348 13.534484 179.946060 56.456711 -179.962860 -16.809414 6.342618 -5.614063 2.243539 -5.255033 -3.180155 14.282873 -0.826592 6.952495 -0.000001 -12.690591 0.000001 15.677733 -17.726263 2.808940 1.665664 -1.955921 -2.878298 4.727792 -4.170582 4.993917 11.020513 0.000003 -0.000001 12.109033 -3.735710 -2.866781 -0.000000 0.000000 0.000001 1.291984 -1.928547 -1.498089 14.800111 0.567468 3.865601 14.242553 -1.341736 -6.660648 19.631939 0.143927 -0.648243 49.212433 -0.468984 -5.987979 0.353029 -1.511149 -0.031941 20.222767 3.684306 2.316626 18.787245 0.000006 -0.000002 10.751611 -0.479867 1.397903 -0.000001 0.000000 0.000000 3.273805 0.305946 -0.580109 21.486792 11.830362 2.266131 8.162916 0.000003 -0.000001 18.399054 -3.798980 -4.940567 0.000003 -0.000002 -0.000001 18.441475 -1.327725 -9.891744 -0.089532 -0.368842 23.865892 -14.132695 11.287265 -4.495498 1.641336 -1.955006 -1.878798 0.000000 -0.000000 0.000002 2.699097 3.452514 18.627472 -0.061466 0.032678 5.706737 7.821955 -6.719167 -12.625281 -1.469552 1.252335 -1.287137 -0.000000 -0.000000 -0.000001 
-0.194975 96.695564 0.324374 -5.826099 0.701252 -9.905501 3.443664 0.034190 -1.671132 0.189046 -0.474110 -5.220577 3.867169 -2.617310 11.758100 -1.689391 3.703446 13.264384 0.422257 3.496268 -3.762128 -4.067164 4.792898 -8.123569 0.000077 -0.000022 0.000006 0.009347 -0.137219 0.115758 0.677513 -3.872016 -10.590416 -0.667821 3.594931 -10.603535 -17.757395 -16.997858 9.435226 -25.526588 -26.307129 -20.590485 -178.219818 -73.797356 178.204590 9.927831 4.567594 15.321898 -5.882102 9.861278 0.702589 -10.936861 -0.360574 7.156197 -0.000001 8.774815 -0.000002 -16.651861 17.405958 5.684072 -1.844031 2.498503 -2.507276 -10.163591 4.678942 4.621103 -20.975998 -0.000001 0.000002 -21.226255 2.451696 -3.593995 0.000001 -0.000004 -0.000001 -1.362682 2.240797 -0.746322 -21.334892 0.584913 3.008316 -13.821197 -0.000001 0.000002 -23.887133 -0.249078 -0.839482 -61.168861 2.495192 -1.510944 -0.294025 1.679686 0.833257 -14.218195 0.093215 1.300578 -34.212006 -0.287563 0.967168 -20.033180 0.964536 1.212838 0.000000 0.000000 -0.000001 -3.440387 0.788233 0.501655 -15.928171 -3.167306 2.999704 -6.338818 0.000000 0.000001 -18.123417 3.648177 -4.905662 -0.000003 0.000001 -0.000002 17.548557 18.258509 12.429767 49.534916 44.878876 13.480786 179.907639 56.401974 179.985733 -16.831738 6.379720 -5.540806 2.243540 -5.255033 -3.180156 14.282878 -0.826596 6.952499 -0.000001 -12.690591 0.000000 15.681231 -17.709360 2.814353 1.665665 -1.955920 -2.878298 4.727794 -4.170582 4.993918 11.020511 0.000003 -0.000001 12.109034 -3.735710 -2.866777 -0.000000 0.000001 0.000001 1.291985 -1.928546 -1.498086 14.800109 0.567468 3.865604 14.242553 -1.341737 -6.660650 19.631939 0.143925 -0.648243 49.210327 -0.456994 -5.986085 0.353027 -1.511149 -0.031940 20.222767 3.684307 2.316626 18.787247 0.000004 -0.000001 10.751611 -0.479867 1.397904 -0.000000 -0.000001 0.000000 3.273805 0.305947 -0.580110 21.486792 11.830363 2.266130 8.162915 0.000002 0.000000 18.399048 -3.798981 -4.940568 0.000003 -0.000002 -0.000001 18.405249 -1.287790 -9.836999 -0.077131 -0.375556 23.779486 -14.118860 11.279295 -4.470322 1.639767 -1.941362 -1.875647 0.000000 -0.000000 0.000002 2.671178 3.432681 18.666494 -0.062053 0.029128 5.640693 7.803452 -6.744579 -12.543617 -1.470765 1.246607 -1.283081 -0.000000 -0.000000 -0.000001 
-0.238215 96.692169 0.364898 -5.795243 0.691300 -9.897798 3.429255 0.038536 -1.673997 0.190174 -0.496103 -5.223660 3.850840 -2.598527 11.748645 -1.677246 3.702263 13.209123 0.418883 3.471321 -3.753067 -4.033886 4.799413 -8.091948 0.000077 -0.000022 0.000006 0.009121 -0.146975 0.112332 0.680514 -3.880128 -10.587916 -0.670259 3.579891 -10.600276 -17.758614 -17.005955 9.437116 -25.518124 -26.341555 -20.607584 -178.167374 -73.764259 178.141922 9.941468 4.512055 15.490494 -5.882104 9.861276 0.702589 -10.936858 -0.360572 7.156197 0.000000 8.774816 -0.000002 -16.634924 17.447573 5.711296 -1.844031 2.498502 -2.507277 -10.163591 4.678941 4.621104 -20.975996 -0.000001 0.000002 -21.226254 2.451696 -3.593995 0.000001 -0.000006 -0.000001 -1.362682 2.240797 -0.746322 -21.334894 0.584910 3.008318 -13.821197 -0.000002 0.000004 -23.887131 -0.249078 -0.839483 -61.169544 2.526093 -1.498896 -0.294025 1.679685 0.833254 -14.218194 0.093215 1.300579 -34.212006 -0.287564 0.967167 -20.033182 0.964532 1.212842 0.000000 0.000001 0.000001 -3.440386 0.788232 0.501656 -15.928169 -3.167308 2.999704 -6.338817 0.000000 0.000003 -18.123415 3.648174 -4.905661 -0.000004 0.000002 -0.000002 17.555079 18.279572 12.425577 49.527569 44.857300 13.429941 179.843796 56.356529 179.954285 -16.894474 6.417104 -5.556663 2.243540 -5.255033 -3.180155 14.282877 -0.826594 6.952499 -0.000002 -12.690590 -0.000002 15.695610 -17.703279 2.835538 1.665666 -1.955920 -2.878297 4.727794 -4.170583 4.993920 11.020513 0.000003 -0.000001 12.109033 -3.735708 -2.866779 0.000001 -0.000000 -0.000000 1.291985 -1.928547 -1.498089 14.800111 0.567468 3.865604 14.242553 -1.341736 -6.660648 19.631937 0.143925 -0.648245 49.234478 -0.447252 -5.980037 0.353028 -1.511150 -0.031940 20.222769 3.684305 2.316627 18.787245 0.000006 -0.000002 10.751610 -0.479867 1.397903 -0.000000 0.000000 0.000000 3.273804 0.305947 -0.580110 21.486788 11.830361 2.266132 8.162915 0.000002 0.000000 18.399048 -3.798979 -4.940566 0.000003 -0.000002 -0.000001 18.406652 -1.235482 -9.793677 -0.080903 -0.385155 23.742109 -14.132309 11.232931 -4.469778 1.640584 -1.934353 -1.890648 -0.000000 0.000000 0.000002 2.665355 3.441931 18.695116 -0.064127 0.029888 5.613980 7.773440 -6.778032 -12.576083 -1.472100 1.239066 -1.287242 -0.000000 -0.000000 -0.000001 
-0.259400 96.697487 0.388796 -5.772256 0.679744 -9.874827 3.416469 0.033202 -1.676646 0.196743 -0.496899 -5.213558 3.830413 -2.589914 11.712965 -1.646481 3.702562 13.191753 0.423368 3.447550 -3.757684 -4.015680 4.796844 -8.080169 0.000077 -0.000022 0.000006 0.008404 -0.164218 0.108127 0.680158 -3.895723 -10.592673 -0.673796 3.572128 -10.608795 -17.732082 -16.984116 9.442129 -25.544319 -26.401026 -20.570360 -178.181137 -73.720467 178.142746 9.956815 4.510624 15.638698 -5.882098 9.861273 0.702589 -10.936858 -0.360574 7.156196 0.000001 8.774813 -0.000000 -16.575867 17.464314 5.710339 -1.844030 2.498500 -2.507277 -10.163590 4.678939 4.621105 -20.975992 -0.000004 0.000005 -21.226248 2.451689 -3.593991 0.000001 -0.000006 -0.000000 -1.362681 2.240797 -0.746323 -21.334888 0.584907 3.008322 -13.821192 -0.000003 0.000003 -23.887123 -0.249080 -0.839479 -61.165886 2.532152 -1.496204 -0.294025 1.679686 0.833254 -14.218190 0.093215 1.300580 -34.211998 -0.287566 0.967171 -20.033180 0.964533 1.212842 0.000000 0.000000 0.000000 -3.440384 0.788233 0.501656 -15.928165 -3.167308 2.999703 -6.338817 -0.000001 0.000002 -18.123415 3.648177 -4.905658 -0.000003 0.000001 -0.000002 17.547441 18.305418 12.401892 49.535595 44.811733 13.402734 179.778076 56.315289 179.908157 -16.986847 6.426201 -5.612820 2.243539 -5.255033 -3.180155 14.282875 -0.826593 6.952494 -0.000000 -12.690592 -0.000001 15.742781 -17.713587 2.824559 1.665664 -1.955920 -2.878297 4.727792 -4.170584 4.993919 11.020510 0.000003 -0.000001 12.109034 -3.735710 -2.866779 0.000000 0.000000 0.000001 1.291985 -1.928547 -1.498088 14.800111 0.567467 3.865602 14.242553 -1.341735 -6.660649 19.631935 0.143925 -0.648245 49.291283 -0.462015 -5.963496 0.353029 -1.511149 -0.031940 20.222765 3.684306 2.316627 18.787243 0.000004 -0.000002 10.751610 -0.479868 1.397903 0.000000 0.000000 0.000000 3.273803 0.305946 -0.580109 21.486790 11.830363 2.266130 8.162914 0.000002 0.000000 18.399048 -3.798979 -4.940567 0.000003 -0.000002 -0.000002 18.402727 -1.183082 -9.767924 -0.087089 -0.390561 23.687254 -14.108859 11.206970 -4.446678 1.639830 -1.937132 -1.901506 -0.000000 0.000000 0.000002 2.660906 3.462722 18.707760 -0.067652 0.022897 5.568287 7.731832 -6.796388 -12.562845 -1.470788 1.224679 -1.261865 -0.000000 0.000000 -0.000001 
-0.259847 96.684807 0.409554 -5.759849 0.667397 -9.862411 3.415126 0.030469 -1.669921 0.196746 -0.504771 -5.220229 3.817414 -2.595457 11.697630 -1.639406 3.691531 13.191487 0.432077 3.442872 -3.763986 -4.026718 4.815856 -8.089233 0.000077 -0.000023 0.000006 0.007083 -0.164861 0.108387 0.678171 -3.900179 -10.589348 -0.674776 3.568643 -10.608954 -17.706682 -16.968672 9.428918 -25.584103 -26.434139 -20.477711 -178.374466 -73.679825 178.269104 9.976281 4.494562 15.736895 -5.882098 9.861279 0.702592 -10.936858 -0.360573 7.156199 -0.000000 8.774815 -0.000000 -16.563091 17.468376 5.710312 -1.844031 2.498500 -2.507276 -10.163589 4.678940 4.621106 -20.975992 -0.000004 0.000005 -21.226250 2.451693 -3.593994 0.000001 -0.000005 -0.000000 -1.362681 2.240796 -0.746324 -21.334887 0.584907 3.008320 -13.821194 -0.000001 0.000004 -23.887123 -0.249076 -0.839480 -61.166424 2.537615 -1.496826 -0.294024 1.679685 0.833256 -14.218192 0.093215 1.300580 -34.211998 -0.287563 0.967171 -20.033176 0.964535 1.212842 0.000000 -0.000000 0.000001 -3.440386 0.788233 0.501657 -15.928167 -3.167306 2.999706 -6.338817 -0.000001 0.000003 -18.123411 3.648176 -4.905659 -0.000003 0.000002 -0.000002 17.519672 18.353188 12.379268 49.533047 44.782532 13.395670 179.826767 56.322678 179.903336 -17.030094 6.455436 -5.689805 2.243540 -5.255032 -3.180156 14.282875 -0.826594 6.952491 -0.000001 -12.690593 0.000000 15.746427 -17.739859 2.838351 1.665666 -1.955921 -2.878296 4.727793 -4.170584 4.993919 11.020511 0.000004 -0.000001 12.109031 -3.735709 -2.866779 0.000001 -0.000000 0.000001 1.291984 -1.928548 -1.498088 14.800111 0.567465 3.865604 14.242553 -1.341734 -6.660648 19.631939 0.143926 -0.648246 49.325962 -0.488750 -5.958651 0.353028 -1.511149 -0.031940 20.222769 3.684304 2.316627 18.787245 0.000005 -0.000003 10.751611 -0.479870 1.397903 0.000000 0.000000 0.000000 3.273804 0.305946 -0.580110 21.486790 11.830361 2.266128 8.162916 0.000003 -0.000001 18.399054 -3.798978 -4.940568 0.000003 -0.000003 -0.000000 18.397785 -1.153605 -9.797185 -0.092542 -0.391487 23.759983 -14.088120 11.212284 -4.489369 1.640865 -1.933181 -1.923934 0.000000 -0.000000 0.000002 2.653903 3.494699 18.714144 -0.062326 0.025207 5.565042 7.711575 -6.798366 -12.619728 -1.470445 1.216677 -1.249181 0.000000 0.000000 -0.000001 
-0.249109 96.669731 0.426086 -5.755129 0.654069 -9.854700 3.420687 0.031929 -1.669598 0.191951 -0.498406 -5.230460 3.812882 -2.617771 11.701934 -1.644689 3.686011 13.210724 0.433986 3.457937 -3.775638 -4.025710 4.815443 -8.122354 0.000077 -0.000023 0.000006 0.005733 -0.161357 0.109242 0.677442 -3.895638 -10.592991 -0.675422 3.566199 -10.612631 -17.679474 -16.963249 9.464814 -25.575815 -26.468382 -20.407665 -178.765747 -73.621094 178.559753 9.940744 4.527044 15.747029 -5.882100 9.861278 0.702591 -10.936859 -0.360574 7.156196 -0.000000 8.774811 -0.000001 -16.507538 17.472998 5.720966 -1.844031 2.498500 -2.507276 -10.163590 4.678940 4.621102 -20.975996 -0.000003 0.000002 -21.226255 2.451692 -3.593994 0.000001 -0.000005 -0.000000 -1.362681 2.240798 -0.746322 -21.334887 0.584910 3.008321 -13.821197 -0.000001 0.000003 -23.887131 -0.249078 -0.839481 -61.184879 2.523432 -1.537000 -0.294022 1.679685 0.833257 -14.218194 0.093216 1.300581 -34.212006 -0.287563 0.967172 -20.033178 0.964535 1.212843 -0.000000 0.000000 0.000000 -3.440385 0.788234 0.501656 -15.928167 -3.167307 2.999705 -6.338817 -0.000001 0.000003 -18.123415 3.648178 -4.905662 -0.000003 0.000002 -0.000002 17.483072 18.425291 12.360843 49.514389 44.740509 13.379062 179.811325 56.326786 179.847549 -17.098337 6.489601 -5.716822 2.243540 -5.255032 -3.180154 14.282879 -0.826594 6.952496 -0.000000 -12.690588 -0.000001 15.734334 -17.723289 2.820992 1.665663 -1.955920 -2.878297 4.727796 -4.170582 4.993918 11.020512 0.000004 -0.000001 12.109033 -3.735709 -2.866778 0.000001 0.000001 0.000001 1.291985 -1.928548 -1.498087 14.800114 0.567467 3.865607 14.242553 -1.341733 -6.660647 19.631939 0.143924 -0.648242 49.313789 -0.499717 -5.991195 0.353028 -1.511149 -0.031939 20.222771 3.684305 2.316630 18.787249 0.000004 0.000002 10.751612 -0.479867 1.397905 -0.000000 0.000001 -0.000001 3.273805 0.305947 -0.580109 21.486795 11.830359 2.266134 8.162918 0.000002 0.000000 18.399055 -3.798979 -4.940566 0.000003 -0.000002 -0.000002 18.387081 -1.133278 -9.838521 -0.085306 -0.395059 23.861666 -14.071349 11.236424 -4.546343 1.641289 -1.932585 -1.940371 0.000000 -0.000000 0.000002 2.653194 3.514092 18.728092 -0.060444 0.023504 5.553605 7.735798 -6.801839 -12.681629 -1.469155 1.212642 -1.235016 -0.000000 0.000000 -0.000001 
-0.252092 96.657494 0.462041 -5.749627 0.632311 -9.836045 3.428662 0.040633 -1.672626 0.178629 -0.494850 -5.233674 3.818120 -2.625957 11.709850 -1.662621 3.697141 13.227537 0.440535 3.469978 -3.784524 -4.032155 4.825437 -8.152575 0.000077 -0.000023 0.000006 0.005464 -0.157858 0.112872 0.670468 -3.893967 -10.589822 -0.670231 3.569544 -10.610748 -17.646711 -16.954376 9.495576 -25.580429 -26.501955 -20.365189 -179.002197 -73.594032 178.766724 9.919931 4.577083 15.734049 -5.882101 9.861279 0.702591 -10.936858 -0.360576 7.156195 -0.000000 8.774814 -0.000001 -16.541237 17.435377 5.688325 -1.844030 2.498503 -2.507275 -10.163589 4.678941 4.621104 -20.975992 -0.000001 0.000003 -21.226250 2.451694 -3.593993 0.000001 -0.000003 -0.000000 -1.362680 2.240795 -0.746322 -21.334887 0.584908 3.008318 -13.821195 -0.000000 0.000004 -23.887131 -0.249077 -0.839482 -61.197712 2.492114 -1.573957 -0.294023 1.679685 0.833255 -14.218189 0.093215 1.300580 -34.211998 -0.287563 0.967169 -20.033176 0.964534 1.212842 0.000000 0.000000 0.000001 -3.440385 0.788232 0.501653 -15.928165 -3.167306 2.999702 -6.338817 0.000000 0.000003 -18.123413 3.648179 -4.905662 -0.000004 0.000001 -0.000002 17.434692 18.501173 12.351630 49.507118 44.747231 13.371161 179.813019 56.374367 179.797501 -17.150473 6.547569 -5.734298 2.243541 -5.255032 -3.180156 14.282877 -0.826594 6.952496 -0.000001 -12.690588 0.000000 15.684518 -17.728405 2.818802 1.665665 -1.955919 -2.878297 4.727794 -4.170583 4.993921 11.020511 0.000004 -0.000001 12.109030 -3.735710 -2.866778 0.000000 0.000000 0.000001 1.291983 -1.928547 -1.498086 14.800109 0.567468 3.865603 14.242553 -1.341735 -6.660647 19.631939 0.143926 -0.648242 49.262901 -0.515763 -6.008871 0.353028 -1.511149 -0.031941 20.222771 3.684305 2.316628 18.787247 0.000005 -0.000000 10.751612 -0.479867 1.397903 0.000000 0.000000 0.000000 3.273803 0.305947 -0.580109 21.486790 11.830360 2.266131 8.162916 0.000002 -0.000002 18.399050 -3.798977 -4.940567 0.000003 -0.000001 -0.000001 18.388500 -1.144604 -9.863564 -0.079884 -0.381687 23.940926 -14.083579 11.303109 -4.614091 1.642025 -1.951948 -1.940157 -0.000000 -0.000000 0.000002 2.651916 3.532218 18.748373 -0.063914 0.029746 5.513768 7.765356 -6.798530 -12.726548 -1.467430 1.215097 -1.222853 0.000000 0.000000 -0.000001 
-0.235919 96.651550 0.461247 -5.753027 0.590894 -9.819963 3.439919 0.055289 -1.675303 0.163799 -0.497781 -5.243483 3.835627 -2.623713 11.737423 -1.703177 3.719255 13.233808 0.453897 3.486132 -3.786894 -4.051000 4.822854 -8.159666 0.000077 -0.000023 0.000006 0.006430 -0.150835 0.119720 0.665980 -3.882513 -10.579038 -0.663136 3.584302 -10.599579 -17.632217 -16.967541 9.570425 -25.545322 -26.525879 -20.412039 -179.135284 -73.612671 178.979156 9.910488 4.590808 15.648755 -5.882098 9.861279 0.702592 -10.936858 -0.360577 7.156197 -0.000000 8.774816 -0.000002 -16.576284 17.429470 5.689502 -1.844030 2.498502 -2.507277 -10.163589 4.678937 4.621103 -20.975992 -0.000005 0.000001 -21.226250 2.451691 -3.593993 0.000002 -0.000006 -0.000000 -1.362679 2.240797 -0.746323 -21.334887 0.584908 3.008320 -13.821197 -0.000003 0.000004 -23.887131 -0.249080 -0.839479 -61.255196 2.468013 -1.564904 -0.294024 1.679686 0.833255 -14.218192 0.093215 1.300581 -34.212002 -0.287563 0.967170 -20.033178 0.964535 1.212842 0.000000 0.000001 0.000000 -3.440385 0.788230 0.501657 -15.928167 -3.167307 2.999705 -6.338815 -0.000001 0.000003 -18.123413 3.648177 -4.905660 -0.000004 0.000001 -0.000002 17.399815 18.549212 12.360231 49.523266 44.781265 13.379766 179.772369 56.396904 179.745560 -17.178625 6.575298 -5.781738 2.243539 -5.255033 -3.180154 14.282877 -0.826595 6.952497 -0.000003 -12.690593 0.000001 15.669343 -17.735914 2.796505 1.665663 -1.955919 -2.878297 4.727794 -4.170585 4.993920 11.020512 0.000003 -0.000001 12.109032 -3.735711 -2.866778 0.000000 0.000001 0.000001 1.291985 -1.928548 -1.498089 14.800111 0.567466 3.865604 14.242551 -1.341735 -6.660649 19.631939 0.143928 -0.648245 49.185360 -0.514972 -6.011423 0.353029 -1.511150 -0.031941 20.222769 3.684305 2.316627 18.787243 0.000004 -0.000002 10.751610 -0.479867 1.397902 0.000000 -0.000000 0.000001 3.273803 0.305947 -0.580109 21.486792 11.830364 2.266131 8.162915 0.000002 0.000001 18.399050 -3.798980 -4.940568 0.000003 -0.000002 -0.000001 18.394426 -1.155097 -9.891739 -0.085736 -0.361580 23.998503 -14.095175 11.374962 -4.656774 1.642113 -1.958640 -1.915643 0.000000 -0.000000 0.000002 2.642635 3.550565 18.702114 -0.060817 0.032519 5.587442 7.805770 -6.769298 -12.765851 -1.467115 1.214672 -1.205140 -0.000000 -0.000000 -0.000001 
-0.201317 96.645294 0.463908 -5.749138 0.526813 -9.788681 3.443598 0.068618 -1.680511 0.156073 -0.487964 -5.250207 3.842103 -2.609351 11.747879 -1.738115 3.754435 13.216146 0.470941 3.466391 -3.777581 -4.070237 4.827493 -8.145213 0.000077 -0.000023 0.000006 0.009126 -0.140463 0.125428 0.665796 -3.874544 -10.566717 -0.658830 3.591318 -10.588908 -17.604940 -16.959702 9.608192 -25.501173 -26.519325 -20.513977 -179.043427 -73.646576 178.970795 9.885386 4.599199 15.529721 -5.882101 9.861277 0.702590 -10.936861 -0.360575 7.156198 0.000000 8.774816 -0.000001 -16.630735 17.440619 5.688609 -1.844032 2.498504 -2.507275 -10.163591 4.678940 4.621106 -20.975998 -0.000004 0.000004 -21.226255 2.451690 -3.593990 0.000001 -0.000006 -0.000000 -1.362679 2.240795 -0.746323 -21.334894 0.584909 3.008322 -13.821197 -0.000002 0.000005 -23.887135 -0.249079 -0.839478 -61.278557 2.472069 -1.555913 -0.294024 1.679686 0.833255 -14.218194 0.093214 1.300580 -34.212002 -0.287567 0.967173 -20.033180 0.964535 1.212844 -0.000000 0.000000 0.000000 -3.440386 0.788233 0.501657 -15.928171 -3.167305 2.999705 -6.338819 -0.000001 0.000002 -18.123415 3.648178 -4.905659 -0.000004 0.000002 -0.000002 17.371458 18.583548 12.359423 49.553326 44.809380 13.339663 179.740372 56.390072 179.724411 -17.183016 6.521961 -5.916378 2.243540 -5.255032 -3.180155 14.282875 -0.826594 6.952497 -0.000002 -12.690590 0.000000 15.646236 -17.726746 2.801167 1.665666 -1.955920 -2.878297 4.727794 -4.170583 4.993918 11.020512 0.000004 -0.000000 12.109031 -3.735709 -2.866781 0.000000 -0.000000 0.000001 1.291984 -1.928548 -1.498087 14.800111 0.567469 3.865603 14.242553 -1.341735 -6.660648 19.631937 0.143927 -0.648244 49.159386 -0.512216 -5.998903 0.353029 -1.511149 -0.031941 20.222769 3.684305 2.316626 18.787247 0.000006 -0.000002 10.751608 -0.479868 1.397903 0.000000 -0.000001 -0.000001 3.273804 0.305947 -0.580110 21.486790 11.830360 2.266130 8.162916 0.000002 0.000000 18.399052 -3.798977 -4.940568 0.000004 -0.000003 -0.000001 18.378990 -1.153547 -9.934521 -0.085478 -0.350330 24.080462 -14.099502 11.437646 -4.720226 1.641417 -1.972446 -1.878240 -0.000000 0.000000 0.000002 2.619007 3.591805 18.675360 -0.055323 0.028317 5.574379 7.829638 -6.743342 -12.793939 -1.465026 1.216555 -1.186278 -0.000000 -0.000000 -0.000001 
-0.220038 96.651306 0.485093 -5.738266 0.491713 -9.761130 3.445719 0.080456 -1.685631 0.148565 -0.487295 -5.256879 3.833555 -2.582835 11.756508 -1.763934 3.775541 13.172526 0.468539 3.463680 -3.764927 -4.081322 4.808141 -8.123859 0.000077 -0.000023 0.000006 0.010682 -0.133568 0.126169 0.664089 -3.866006 -10.565552 -0.652853 3.596904 -10.588556 -17.546680 -16.937378 9.608038 -25.554266 -26.542215 -20.592531 -178.700790 -73.711586 178.750320 9.882689 4.570363 15.420932 -5.882100 9.861279 0.702591 -10.936858 -0.360574 7.156197 0.000000 8.774814 -0.000001 -16.675594 17.473364 5.680817 -1.844031 2.498504 -2.507275 -10.163591 4.678937 4.621103 -20.975998 -0.000004 0.000005 -21.226254 2.451694 -3.593993 0.000002 -0.000006 -0.000000 -1.362681 2.240796 -0.746322 -21.334890 0.584907 3.008319 -13.821197 -0.000002 0.000003 -23.887129 -0.249081 -0.839480 -61.280113 2.479468 -1.569703 -0.294025 1.679686 0.833255 -14.218194 0.093212 1.300577 -34.212006 -0.287562 0.967171 -20.033180 0.964534 1.212843 -0.000000 0.000001 -0.000000 -3.440384 0.788231 0.501655 -15.928165 -3.167309 2.999702 -6.338817 -0.000001 0.000003 -18.123413 3.648174 -4.905661 -0.000004 0.000001 -0.000002 17.350014 18.612225 12.330525 49.580189 44.815304 13.314776 179.712631 56.396828 179.693878 -17.151976 6.456314 -6.098007 2.243540 -5.255033 -3.180155 14.282877 -0.826593 6.952496 -0.000002 -12.690587 0.000000 15.659999 -17.696407 2.800215 1.665665 -1.955920 -2.878296 4.727795 -4.170583 4.993919 11.020513 0.000003 0.000000 12.109035 -3.735711 -2.866779 0.000000 -0.000000 0.000001 1.291985 -1.928548 -1.498086 14.800117 0.567466 3.865603 14.242554 -1.341735 -6.660651 19.631939 0.143925 -0.648243 49.147430 -0.488486 -5.957479 0.353028 -1.511148 -0.031940 20.222771 3.684304 2.316627 18.787249 0.000005 -0.000002 10.751612 -0.479867 1.397904 0.000000 0.000000 0.000000 3.273806 0.305947 -0.580111 21.486790 11.830360 2.266131 8.162917 0.000002 0.000000 18.399054 -3.798980 -4.940566 0.000003 -0.000002 -0.000001 18.384747 -1.135980 -9.909477 -0.080927 -0.345215 24.032770 -14.103515 11.441592 -4.713683 1.641986 -1.966081 -1.831285 0.000000 -0.000000 0.000002 2.609021 3.595012 18.620459 -0.050418 0.024057 5.540886 7.766988 -6.725309 -12.802731 -1.464891 1.224208 -1.164840 0.000000 0.000000 -0.000001 
-0.186108 96.650154 0.487570 -5.735448 0.460300 -9.727995 3.448508 0.078921 -1.669226 0.150872 -0.462117 -5.253875 3.826463 -2.564486 11.725492 -1.795014 3.790292 13.133628 0.458427 3.413146 -3.770077 -4.072799 4.835945 -8.082629 0.000077 -0.000022 0.000006 0.010932 -0.123879 0.126046 0.666670 -3.856518 -10.558993 -0.654594 3.602487 -10.586183 -17.502882 -16.933075 9.562786 -25.584400 -26.555058 -20.670811 -178.383484 -73.837120 178.455627 9.871551 4.553625 15.344729 -5.882104 9.861280 0.702590 -10.936858 -0.360573 7.156199 -0.000000 8.774817 -0.000001 -16.698137 17.496456 5.684376 -1.844030 2.498505 -2.507277 -10.163588 4.678941 4.621105 -20.975994 -0.000004 0.000002 -21.226248 2.451694 -3.593995 0.000001 -0.000006 -0.000000 -1.362680 2.240797 -0.746322 -21.334887 0.584911 3.008319 -13.821194 0.000001 0.000003 -23.887123 -0.249078 -0.839484 -61.272114 2.519607 -1.573806 -0.294028 1.679688 0.833257 -14.218190 0.093216 1.300580 -34.211998 -0.287562 0.967167 -20.033176 0.964537 1.212840 -0.000000 0.000000 0.000001 -3.440387 0.788232 0.501655 -15.928167 -3.167304 2.999703 -6.338817 0.000000 0.000001 -18.123413 3.648176 -4.905661 -0.000003 0.000002 -0.000003 17.332478 18.634197 12.296740 49.612282 44.856922 13.279855 179.670853 56.402496 179.682159 -17.100277 6.338035 -6.311612 2.243541 -5.255033 -3.180155 14.282877 -0.826594 6.952495 -0.000001 -12.690591 0.000001 15.652739 -17.714069 2.840595 1.665664 -1.955919 -2.878297 4.727794 -4.170584 4.993918 11.020511 0.000004 0.000000 12.109033 -3.735710 -2.866781 -0.000001 0.000001 0.000001 1.291984 -1.928547 -1.498087 14.800113 0.567468 3.865605 14.242553 -1.341734 -6.660651 19.631935 0.143928 -0.648242 49.193150 -0.492610 -5.930328 0.353030 -1.511149 -0.031939 20.222767 3.684305 2.316630 18.787245 0.000004 0.000001 10.751612 -0.479868 1.397905 -0.000001 0.000002 -0.000000 3.273804 0.305946 -0.580110 21.486790 11.830360 2.266131 8.162919 0.000002 0.000000 18.399050 -3.798980 -4.940567 0.000003 -0.000002 -0.000001 18.373199 -1.083228 -9.955681 -0.091859 -0.342016 24.088852 -14.062374 11.420511 -4.738935 1.642423 -1.966069 -1.810707 0.000000 -0.000000 0.000002 2.589418 3.592640 18.625366 -0.046863 0.029115 5.462900 7.738542 -6.740039 -12.792879 -1.466044 1.242852 -1.172633 0.000000 0.000000 -0.000001 
-0.179200 96.662895 0.492630 -5.726176 0.443732 -9.697891 3.448011 0.072288 -1.650442 0.162489 -0.438389 -5.244286 3.808573 -2.547151 11.687349 -1.842059 3.795101 13.087695 0.437862 3.381055 -3.780538 -4.046221 4.870431 -8.066949 0.000077 -0.000022 0.000006 0.012516 -0.130125 0.123390 0.672120 -3.856573 -10.552780 -0.658492 3.591539 -10.582147 -17.462572 -16.936344 9.483737 -25.676477 -26.551615 -20.697958 -178.062714 -73.933014 178.146606 9.874504 4.533253 15.209314 -5.882102 9.861276 0.702588 -10.936858 -0.360575 7.156197 -0.000000 8.774813 -0.000001 -16.742989 17.525637 5.656472 -1.844032 2.498503 -2.507276 -10.163589 4.678938 4.621100 -20.975992 -0.000007 0.000002 -21.226248 2.451690 -3.593993 0.000002 -0.000005 -0.000000 -1.362681 2.240795 -0.746323 -21.334888 0.584907 3.008320 -13.821195 -0.000003 0.000005 -23.887125 -0.249081 -0.839480 -61.278992 2.542963 -1.575872 -0.294024 1.679685 0.833256 -14.218190 0.093213 1.300579 -34.211998 -0.287566 0.967171 -20.033178 0.964535 1.212843 -0.000000 0.000002 -0.000000 -3.440386 0.788234 0.501654 -15.928164 -3.167303 2.999701 -6.338817 -0.000001 0.000001 -18.123415 3.648176 -4.905663 -0.000004 0.000002 -0.000002 17.312365 18.676170 12.294361 49.615559 44.903015 13.272788 179.769180 56.403042 179.776932 -17.033329 6.267419 -6.471202 2.243540 -5.255033 -3.180156 14.282878 -0.826596 6.952498 -0.000002 -12.690591 0.000001 15.664727 -17.693661 2.856911 1.665664 -1.955919 -2.878297 4.727795 -4.170584 4.993920 11.020513 0.000003 -0.000001 12.109033 -3.735711 -2.866778 -0.000001 0.000001 0.000002 1.291985 -1.928548 -1.498089 14.800111 0.567467 3.865604 14.242553 -1.341734 -6.660649 19.631937 0.143926 -0.648244 49.236721 -0.484047 -5.925515 0.353030 -1.511149 -0.031940 20.222771 3.684307 2.316629 18.787245 0.000006 -0.000002 10.751610 -0.479869 1.397904 -0.000001 0.000000 0.000000 3.273804 0.305948 -0.580109 21.486792 11.830363 2.266130 8.162916 0.000002 0.000000 18.399050 -3.798978 -4.940567 0.000003 -0.000002 -0.000001 18.364666 -1.025187 -9.947145 -0.090665 -0.335835 24.032335 -14.044995 11.392257 -4.705247 1.641056 -1.966099 -1.795482 -0.000000 0.000000 0.000002 2.531046 3.568613 18.680569 -0.042396 0.034528 5.373447 7.745944 -6.739864 -12.682775 -1.466525 1.258272 -1.194987 0.000000 0.000000 -0.000001 
-0.137509 96.666756 0.455522 -5.712462 0.428343 -9.676042 3.445038 0.084455 -1.622547 0.172721 -0.441962 -5.223456 3.786077 -2.531865 11.617940 -1.898063 3.792445 13.069224 0.422618 3.390226 -3.785386 -4.011806 4.896698 -8.101866 0.000077 -0.000023 0.000006 0.012391 -0.123313 0.119863 0.674271 -3.850668 -10.551457 -0.661242 3.604431 -10.584160 -17.433414 -16.937302 9.404300 -25.755081 -26.538568 -20.696507 -177.972885 -74.021912 178.050064 9.861647 4.590590 15.095158 -5.882100 9.861279 0.702590 -10.936858 -0.360573 7.156196 -0.000000 8.774815 -0.000001 -16.718147 17.582054 5.650948 -1.844030 2.498502 -2.507276 -10.163589 4.678942 4.621104 -20.975996 -0.000005 0.000003 -21.226254 2.451691 -3.593993 0.000001 -0.000006 -0.000000 -1.362680 2.240797 -0.746322 -21.334887 0.584908 3.008322 -13.821197 -0.000002 0.000004 -23.887129 -0.249078 -0.839480 -61.281826 2.553539 -1.573809 -0.294024 1.679685 0.833258 -14.218194 0.093213 1.300579 -34.212002 -0.287564 0.967171 -20.033180 0.964536 1.212842 -0.000000 0.000002 -0.000000 -3.440385 0.788234 0.501654 -15.928165 -3.167306 2.999703 -6.338817 0.000001 0.000001 -18.123411 3.648178 -4.905660 -0.000003 0.000001 -0.000002 17.273848 18.727444 12.311224 49.562538 44.994431 13.210504 179.767624 56.419174 179.738113 -17.019346 6.218983 -6.565179 2.243541 -5.255033 -3.180156 14.282878 -0.826595 6.952497 -0.000001 -12.690590 0.000000 15.713182 -17.719213 2.849355 1.665665 -1.955920 -2.878298 4.727795 -4.170585 4.993919 11.020514 0.000004 0.000000 12.109031 -3.735711 -2.866779 -0.000001 0.000000 -0.000000 1.291984 -1.928548 -1.498087 14.800111 0.567467 3.865604 14.242558 -1.341735 -6.660648 19.631941 0.143926 -0.648245 49.240608 -0.498129 -5.943340 0.353029 -1.511149 -0.031940 20.222771 3.684306 2.316626 18.787247 0.000006 -0.000003 10.751611 -0.479866 1.397902 0.000000 0.000000 0.000001 3.273805 0.305947 -0.580110 21.486792 11.830365 2.266129 8.162916 0.000001 -0.000002 18.399054 -3.798980 -4.940568 0.000003 -0.000002 0.000001 18.322832 -0.983511 -9.992159 -0.093414 -0.349313 24.043932 -14.016885 11.419927 -4.688764 1.637479 -1.973224 -1.793607 0.000000 -0.000000 0.000002 2.491310 3.515394 18.599319 -0.041757 0.044146 5.365093 7.762449 -6.695556 -12.719171 -1.468774 1.271185 -1.278965 0.000000 0.000000 -0.000001 
-0.119068 96.691025 0.472578 -5.698708 0.392015 -9.642629 3.436429 0.081183 -1.602394 0.188883 -0.413727 -5.210455 3.762345 -2.529047 11.545711 -1.951207 3.781765 13.046505 0.420436 3.436258 -3.786917 -3.980378 4.901526 -8.090551 0.000077 -0.000022 0.000006 0.010029 -0.119859 0.118267 0.677910 -3.842485 -10.540697 -0.665628 3.602100 -10.570451 -17.427004 -16.928257 9.355319 -25.760967 -26.517103 -20.676640 -178.023987 -74.098068 178.078278 9.901034 4.624527 14.961836 -5.882098 9.861279 0.702590 -10.936859 -0.360576 7.156198 0.000000 8.774817 -0.000001 -16.684885 17.550560 5.666288 -1.844031 2.498502 -2.507276 -10.163589 4.678937 4.621105 -20.975992 -0.000003 0.000003 -21.226250 2.451692 -3.593993 0.000002 -0.000004 -0.000000 -1.362682 2.240796 -0.746323 -21.334887 0.584906 3.008319 -13.821194 -0.000000 0.000004 -23.887125 -0.249082 -0.839481 -61.352211 2.556724 -1.555018 -0.294024 1.679687 0.833255 -14.218190 0.093214 1.300579 -34.211998 -0.287564 0.967170 -20.033176 0.964532 1.212841 0.000000 0.000001 0.000000 -3.440387 0.788234 0.501655 -15.928167 -3.167309 2.999703 -6.338817 0.000001 0.000002 -18.123415 3.648175 -4.905662 -0.000004 0.000002 -0.000002 17.231348 18.780975 12.332935 49.564800 45.091358 13.139544 179.736603 56.434860 179.706421 -16.988123 6.239709 -6.621491 2.243539 -5.255033 -3.180154 14.282875 -0.826595 6.952496 -0.000003 -12.690592 0.000000 15.728735 -17.757275 2.866134 1.665665 -1.955919 -2.878298 4.727795 -4.170585 4.993919 11.020511 0.000003 -0.000001 12.109035 -3.735710 -2.866780 0.000000 0.000001 0.000000 1.291983 -1.928548 -1.498089 14.800111 0.567467 3.865605 14.242553 -1.341734 -6.660652 19.631939 0.143927 -0.648244 49.224693 -0.517553 -5.943318 0.353029 -1.511149 -0.031940 20.222769 3.684304 2.316627 18.787245 0.000004 -0.000002 10.751609 -0.479868 1.397903 -0.000000 0.000000 0.000000 3.273804 0.305947 -0.580109 21.486788 11.830360 2.266131 8.162916 0.000000 0.000000 18.399052 -3.798981 -4.940568 0.000003 -0.000003 0.000001 18.291645 -0.963921 -9.945606 -0.080902 -0.354870 23.940483 -14.019478 11.458449 -4.661707 1.636775 -1.979699 -1.817741 -0.000000 -0.000000 0.000002 2.394293 3.462273 18.635250 -0.034224 0.051359 5.296395 7.856971 -6.606678 -12.564154 -1.470041 1.264507 -1.342975 0.000000 0.000000 -0.000001 
-0.106678 96.719719 0.465069 -5.684230 0.355320 -9.604517 3.423260 0.086738 -1.603664 0.206648 -0.410481 -5.200596 3.738015 -2.510525 11.476018 -1.996905 3.796398 13.026293 0.438890 3.486254 -3.780272 -3.965200 4.876083 -8.063138 0.000077 -0.000023 0.000006 0.011756 -0.122608 0.119910 0.678481 -3.843464 -10.532588 -0.664221 3.600133 -10.562685 -17.398195 -16.944565 9.307695 -25.723391 -26.492901 -20.672689 -178.213394 -74.136963 178.218643 9.934892 4.665216 14.873891 -5.882099 9.861279 0.702589 -10.936859 -0.360574 7.156199 -0.000001 8.774813 -0.000001 -16.657185 17.537464 5.710584 -1.844033 2.498501 -2.507276 -10.163588 4.678938 4.621102 -20.975994 -0.000003 0.000004 -21.226254 2.451695 -3.593995 0.000001 -0.000004 -0.000000 -1.362679 2.240797 -0.746325 -21.334892 0.584910 3.008319 -13.821197 -0.000001 0.000004 -23.887133 -0.249078 -0.839482 -61.433689 2.546737 -1.508190 -0.294025 1.679685 0.833254 -14.218194 0.093216 1.300581 -34.211998 -0.287563 0.967172 -20.033180 0.964537 1.212843 -0.000000 0.000001 -0.000000 -3.440386 0.788232 0.501655 -15.928167 -3.167305 2.999705 -6.338815 0.000000 0.000002 -18.123413 3.648177 -4.905662 -0.000004 -0.000000 -0.000002 17.184816 18.839195 12.348864 49.542057 45.175930 13.011832 179.661179 56.447617 179.655701 -16.977364 6.285514 -6.609980 2.243540 -5.255033 -3.180154 14.282877 -0.826593 6.952499 -0.000001 -12.690590 -0.000001 15.750779 -17.775124 2.836654 1.665664 -1.955920 -2.878295 4.727795 -4.170582 4.993919 11.020511 0.000002 0.000000 12.109030 -3.735710 -2.866780 0.000000 0.000001 0.000001 1.291983 -1.928549 -1.498089 14.800113 0.567467 3.865605 14.242553 -1.341735 -6.660650 19.631941 0.143926 -0.648243 49.204151 -0.540907 -5.961132 0.353029 -1.511149 -0.031942 20.222769 3.684306 2.316628 18.787247 0.000006 -0.000001 10.751612 -0.479870 1.397903 -0.000001 0.000000 0.000000 3.273803 0.305947 -0.580108 21.486790 11.830361 2.266133 8.162917 -0.000000 0.000001 18.399055 -3.798981 -4.940566 0.000003 -0.000002 -0.000001 18.265930 -0.960460 -9.900096 -0.082317 -0.366582 23.795506 -14.025618 11.520600 -4.605434 1.637299 -1.979971 -1.819842 0.000000 -0.000000 0.000002 2.340793 3.407184 18.512926 -0.033223 0.053076 5.367551 7.922047 -6.492636 -12.503472 -1.471020 1.251806 -1.393933 0.000000 -0.000000 -0.000001 
-0.082694 96.737862 0.470734 -5.677410 0.304733 -9.562255 3.413935 0.077031 -1.614684 0.217093 -0.386248 -5.200990 3.724345 -2.490603 11.419477 -2.024628 3.807518 13.020608 0.466215 3.519073 -3.779608 -3.965118 4.853314 -8.044253 0.000077 -0.000023 0.000006 0.012583 -0.123289 0.118080 0.679146 -3.854126 -10.549246 -0.665435 3.604836 -10.577724 -17.336575 -16.956823 9.247065 -25.657457 -26.491915 -20.678440 -178.267349 -74.163925 178.235199 9.950553 4.691242 14.838935 -5.882098 9.861278 0.702590 -10.936858 -0.360574 7.156198 -0.000000 8.774812 -0.000000 -16.639235 17.538626 5.740052 -1.844030 2.498501 -2.507276 -10.163588 4.678940 4.621104 -20.975992 -0.000005 0.000003 -21.226248 2.451693 -3.593992 0.000001 -0.000004 -0.000000 -1.362680 2.240796 -0.746323 -21.334887 0.584908 3.008321 -13.821195 -0.000003 0.000004 -23.887125 -0.249079 -0.839480 -61.507286 2.531599 -1.500958 -0.294024 1.679687 0.833255 -14.218190 0.093215 1.300579 -34.211998 -0.287562 0.967171 -20.033178 0.964537 1.212842 0.000000 0.000001 0.000000 -3.440384 0.788232 0.501654 -15.928164 -3.167304 2.999703 -6.338815 -0.000001 0.000002 -18.123411 3.648175 -4.905659 -0.000004 -0.000000 -0.000002 17.122509 18.893267 12.339437 49.545010 45.231106 12.881912 179.609329 56.474800 179.653381 -16.975594 6.344149 -6.653470 2.243539 -5.255033 -3.180153 14.282877 -0.826593 6.952493 -0.000003 -12.690591 0.000000 15.743804 -17.792921 2.841979 1.665665 -1.955920 -2.878295 4.727793 -4.170584 4.993917 11.020513 0.000003 -0.000001 12.109030 -3.735710 -2.866780 0.000001 -0.000000 0.000001 1.291984 -1.928547 -1.498087 14.800117 0.567467 3.865604 14.242553 -1.341735 -6.660647 19.631939 0.143925 -0.648243 49.177448 -0.553556 -5.948380 0.353028 -1.511148 -0.031941 20.222773 3.684306 2.316627 18.787245 0.000005 -0.000002 10.751610 -0.479867 1.397903 -0.000000 0.000000 0.000000 3.273804 0.305947 -0.580110 21.486792 11.830365 2.266131 8.162917 0.000002 -0.000001 18.399054 -3.798980 -4.940567 0.000003 -0.000002 -0.000000 18.244532 -0.987315 -9.886030 -0.085208 -0.370913 23.733915 -14.044847 11.575608 -4.609554 1.636526 -1.980105 -1.810215 -0.000000 0.000000 0.000002 2.293245 3.386669 18.457317 -0.035526 0.051680 5.391153 7.974521 -6.394719 -12.432457 -1.470021 1.235322 -1.397910 0.000000 -0.000000 -0.000001 
-0.041711 96.755966 0.479074 -5.660049 0.245600 -9.520726 3.402706 0.082189 -1.640340 0.218435 -0.377981 -5.197612 3.715206 -2.456275 11.360814 -2.031622 3.830045 13.001019 0.492387 3.520609 -3.781984 -3.951771 4.866944 -8.005370 0.000077 -0.000023 0.000006 0.012847 -0.129612 0.115552 0.678393 -3.857119 -10.555499 -0.662912 3.598667 -10.581480 -17.252075 -16.977272 9.206891 -25.617008 -26.508228 -20.739494 -178.304276 -74.154045 178.261169 9.913066 4.756918 14.833396 -5.882101 9.861278 0.702591 -10.936860 -0.360574 7.156196 -0.000000 8.774815 -0.000001 -16.588469 17.527182 5.780478 -1.844029 2.498502 -2.507276 -10.163589 4.678940 4.621102 -20.975996 -0.000004 0.000001 -21.226254 2.451692 -3.593995 0.000001 -0.000005 -0.000000 -1.362680 2.240795 -0.746323 -21.334887 0.584908 3.008317 -13.821195 -0.000004 0.000002 -23.887129 -0.249082 -0.839481 -61.496063 2.559910 -1.495031 -0.294023 1.679687 0.833255 -14.218194 0.093215 1.300579 -34.212002 -0.287565 0.967171 -20.033176 0.964533 1.212843 -0.000000 0.000000 0.000000 -3.440383 0.788232 0.501654 -15.928164 -3.167305 2.999701 -6.338816 -0.000001 0.000001 -18.123413 3.648174 -4.905662 -0.000004 0.000002 -0.000002 17.071489 18.902893 12.341656 49.582577 45.327827 12.762803 179.587921 56.483757 179.703079 -16.931648 6.352738 -6.698704 2.243541 -5.255033 -3.180154 14.282878 -0.826593 6.952496 -0.000002 -12.690588 -0.000001 15.699754 -17.814924 2.842965 1.665664 -1.955919 -2.878296 4.727793 -4.170583 4.993918 11.020514 0.000003 0.000000 12.109035 -3.735710 -2.866779 0.000001 0.000001 0.000001 1.291984 -1.928548 -1.498089 14.800114 0.567467 3.865601 14.242554 -1.341734 -6.660648 19.631939 0.143926 -0.648241 49.156208 -0.538037 -5.946413 0.353029 -1.511149 -0.031940 20.222771 3.684306 2.316627 18.787247 0.000006 0.000000 10.751611 -0.479869 1.397904 -0.000000 0.000001 -0.000000 3.273805 0.305947 -0.580110 21.486790 11.830362 2.266132 8.162917 0.000000 -0.000001 18.399054 -3.798978 -4.940568 0.000003 -0.000003 -0.000002 18.200155 -0.972888 -9.871567 -0.080565 -0.378520 23.686602 -14.041914 11.593328 -4.615091 1.638181 -1.960674 -1.770511 -0.000000 -0.000000 0.000002 2.244087 3.400344 18.420286 -0.036455 0.042779 5.370408 8.000423 -6.343338 -12.361432 -1.472275 1.227960 -1.356222 0.000000 0.000000 -0.000001 
-0.033601 96.761902 0.471528 -5.642713 0.206978 -9.501256 3.395990 0.055626 -1.662654 0.215545 -0.339976 -5.218477 3.707923 -2.423909 11.352240 -2.042497 3.841886 12.982217 0.528711 3.524526 -3.784613 -3.918828 4.881321 -7.938371 0.000077 -0.000022 0.000006 0.012272 -0.140003 0.112289 0.677218 -3.867662 -10.556564 -0.661155 3.585157 -10.583301 -17.138861 -16.957563 9.137815 -25.608597 -26.559103 -20.713432 -178.500107 -74.143478 178.411911 9.847956 4.734908 14.944928 -5.882098 9.861278 0.702590 -10.936859 -0.360574 7.156197 -0.000001 8.774812 -0.000001 -16.596779 17.537102 5.752000 -1.844030 2.498501 -2.507277 -10.163589 4.678939 4.621103 -20.975994 -0.000004 0.000004 -21.226255 2.451693 -3.593992 0.000001 -0.000006 0.000001 -1.362682 2.240797 -0.746323 -21.334887 0.584909 3.008321 -13.821197 -0.000003 0.000004 -23.887131 -0.249077 -0.839481 -61.447056 2.576351 -1.553993 -0.294025 1.679687 0.833254 -14.218192 0.093213 1.300578 -34.211998 -0.287565 0.967171 -20.033178 0.964535 1.212843 0.000001 0.000000 0.000000 -3.440385 0.788234 0.501655 -15.928167 -3.167306 2.999704 -6.338816 -0.000001 0.000002 -18.123413 3.648175 -4.905659 -0.000003 0.000001 -0.000002 17.026808 18.891634 12.351212 49.613884 45.466431 12.589950 179.517090 56.508049 179.716949 -16.927116 6.305689 -6.841199 2.243539 -5.255033 -3.180154 14.282877 -0.826593 6.952497 -0.000003 -12.690592 0.000000 15.709558 -17.863976 2.856852 1.665664 -1.955920 -2.878296 4.727792 -4.170584 4.993920 11.020513 0.000003 0.000001 12.109029 -3.735710 -2.866778 0.000000 0.000000 0.000002 1.291984 -1.928547 -1.498090 14.800114 0.567469 3.865604 14.242553 -1.341735 -6.660647 19.631939 0.143926 -0.648242 49.170322 -0.558190 -5.965859 0.353029 -1.511150 -0.031941 20.222773 3.684306 2.316629 18.787245 0.000006 0.000001 10.751611 -0.479867 1.397905 -0.000000 0.000001 -0.000000 3.273803 0.305947 -0.580108 21.486792 11.830364 2.266132 8.162917 0.000001 0.000000 18.399052 -3.798978 -4.940566 0.000002 -0.000003 -0.000001 18.184006 -0.972502 -9.862300 -0.088033 -0.373062 23.652945 -14.024673 11.646302 -4.604590 1.640254 -1.956846 -1.757208 -0.000000 0.000000 0.000002 2.212910 3.415521 18.378010 -0.041171 0.042494 5.409213 8.016472 -6.333765 -12.359550 -1.472263 1.220728 -1.324982 0.000000 0.000000 -0.000001 
-0.000409 96.769745 0.465553 -5.626936 0.186234 -9.521243 3.392567 0.064317 -1.662109 0.206914 -0.362589 -5.224788 3.701299 -2.357250 11.349567 -2.043075 3.823524 12.955753 0.568140 3.591627 -3.790338 -3.868753 4.880058 -7.852608 0.000077 -0.000023 0.000006 0.012046 -0.144253 0.106152 0.671846 -3.871421 -10.569026 -0.657816 3.581834 -10.594868 -17.007790 -16.963951 9.069560 -25.628281 -26.606327 -20.705366 -178.589142 -74.123627 178.413345 9.778436 4.732790 15.049767 -5.882101 9.861279 0.702588 -10.936858 -0.360573 7.156196 -0.000000 8.774815 -0.000001 -16.561556 17.507032 5.740572 -1.844031 2.498503 -2.507276 -10.163590 4.678941 4.621103 -20.975998 -0.000003 0.000003 -21.226254 2.451690 -3.593995 0.000000 -0.000006 -0.000000 -1.362681 2.240799 -0.746322 -21.334887 0.584908 3.008320 -13.821197 -0.000001 0.000004 -23.887131 -0.249076 -0.839480 -61.365204 2.571907 -1.588371 -0.294024 1.679687 0.833254 -14.218194 0.093213 1.300579 -34.212002 -0.287562 0.967170 -20.033180 0.964538 1.212842 0.000000 0.000000 0.000001 -3.440385 0.788233 0.501655 -15.928169 -3.167304 2.999704 -6.338818 0.000001 0.000002 -18.123413 3.648179 -4.905661 -0.000004 0.000002 -0.000002 17.007954 18.874800 12.367747 49.564178 45.589684 12.385137 179.489578 56.523682 179.691956 -16.893232 6.193852 -6.906979 2.243540 -5.255033 -3.180156 14.282878 -0.826594 6.952494 -0.000002 -12.690588 0.000001 15.711787 -17.879568 2.881537 1.665665 -1.955920 -2.878298 4.727793 -4.170584 4.993918 11.020512 0.000004 0.000000 12.109030 -3.735709 -2.866781 0.000000 0.000001 0.000002 1.291985 -1.928547 -1.498087 14.800113 0.567468 3.865602 14.242554 -1.341734 -6.660648 19.631939 0.143928 -0.648245 49.142918 -0.532824 -5.947295 0.353029 -1.511149 -0.031941 20.222767 3.684309 2.316627 18.787245 0.000006 -0.000002 10.751611 -0.479869 1.397904 -0.000000 0.000000 0.000000 3.273803 0.305947 -0.580110 21.486792 11.830364 2.266129 8.162916 0.000002 0.000000 18.399054 -3.798977 -4.940569 0.000002 -0.000003 -0.000001 18.144493 -0.982521 -9.822763 -0.093372 -0.382646 23.629999 -13.963600 11.677183 -4.596859 1.643427 -1.945805 -1.760924 0.000000 -0.000000 0.000002 2.184215 3.437745 18.383394 -0.041112 0.041827 5.457866 8.044101 -6.322061 -12.329881 -1.473261 1.220924 -1.324052 0.000000 -0.000000 -0.000001 
0.036355 96.761559 0.450124 -5.625211 0.186220 -9.542274 3.393641 0.053782 -1.658484 0.205769 -0.357313 -5.221451 3.704785 -2.315416 11.331244 -2.049369 3.812980 12.946865 0.592044 3.654372 -3.800107 -3.821305 4.877833 -7.772144 0.000077 -0.000023 0.000006 0.011889 -0.147100 0.106892 0.666220 -3.874230 -10.571729 -0.654099 3.581710 -10.598148 -16.901873 -16.952297 9.011543 -25.640017 -26.691525 -20.652096 -178.823608 -74.087364 178.640900 9.717426 4.738125 15.065957 -5.882101 9.861279 0.702590 -10.936856 -0.360576 7.156198 -0.000001 8.774816 -0.000001 -16.532129 17.488714 5.719087 -1.844030 2.498503 -2.507276 -10.163589 4.678938 4.621104 -20.975994 -0.000003 0.000001 -21.226254 2.451697 -3.593997 0.000001 -0.000005 -0.000000 -1.362682 2.240798 -0.746321 -21.334888 0.584912 3.008320 -13.821193 0.000000 0.000003 -23.887125 -0.249077 -0.839483 -61.316689 2.574415 -1.618257 -0.294024 1.679687 0.833253 -14.218190 0.093214 1.300578 -34.211998 -0.287562 0.967167 -20.033178 0.964535 1.212841 -0.000000 0.000000 0.000000 -3.440384 0.788231 0.501656 -15.928169 -3.167305 2.999706 -6.338816 -0.000001 0.000002 -18.123411 3.648178 -4.905662 -0.000004 0.000001 -0.000002 16.974392 18.830912 12.331497 49.575272 45.698288 12.272177 179.498352 56.544704 179.692474 -16.810310 6.127311 -6.788756 2.243540 -5.255032 -3.180154 14.282877 -0.826595 6.952496 0.000000 -12.690591 0.000001 15.731122 -17.907057 2.905278 1.665666 -1.955920 -2.878297 4.727794 -4.170584 4.993920 11.020512 0.000003 0.000000 12.109033 -3.735711 -2.866779 0.000000 0.000001 0.000001 1.291985 -1.928547 -1.498087 14.800113 0.567468 3.865603 14.242553 -1.341734 -6.660649 19.631941 0.143924 -0.648245 49.153797 -0.532007 -5.958753 0.353028 -1.511149 -0.031941 20.222769 3.684304 2.316628 18.787247 0.000004 -0.000002 10.751611 -0.479868 1.397904 -0.000000 0.000001 -0.000000 3.273806 0.305946 -0.580110 21.486790 11.830360 2.266130 8.162916 0.000002 0.000000 18.399055 -3.798980 -4.940567 0.000003 -0.000003 -0.000001 18.116934 -1.033474 -9.848433 -0.095452 -0.374479 23.706436 -13.937732 11.696923 -4.633977 1.642665 -1.955656 -1.789219 -0.000000 0.000000 0.000002 2.180568 3.434734 18.412048 -0.044282 0.036881 5.463265 8.049676 -6.338663 -12.353838 -1.472035 1.220463 -1.350201 0.000000 0.000000 -0.000001 
0.057965 96.745865 0.417612 -5.632975 0.227947 -9.577063 3.395374 0.029319 -1.639632 0.204695 -0.327484 -5.208362 3.710717 -2.301765 11.307118 -2.037953 3.805858 12.936079 0.600765 3.693851 -3.802729 -3.791216 4.887529 -7.697013 0.000077 -0.000023 0.000006 0.011914 -0.147066 0.111404 0.662793 -3.878150 -10.578560 -0.651076 3.579293 -10.600498 -16.828613 -16.975954 8.972005 -25.613276 -26.777626 -20.673492 -178.805954 -74.059090 178.684052 9.696089 4.779327 14.975090 -5.882096 9.861278 0.702590 -10.936858 -0.360576 7.156197 0.000001 8.774814 -0.000001 -16.520494 17.449919 5.684270 -1.844031 2.498504 -2.507275 -10.163589 4.678939 4.621104 -20.975990 -0.000005 0.000003 -21.226250 2.451693 -3.593992 0.000001 -0.000005 -0.000000 -1.362681 2.240797 -0.746322 -21.334892 0.584908 3.008322 -13.821193 -0.000001 0.000003 -23.887123 -0.249081 -0.839480 -61.272717 2.549679 -1.629302 -0.294023 1.679686 0.833255 -14.218189 0.093213 1.300578 -34.211998 -0.287563 0.967172 -20.033178 0.964534 1.212842 0.000000 0.000000 -0.000001 -3.440384 0.788232 0.501654 -15.928167 -3.167307 2.999701 -6.338816 -0.000002 0.000002 -18.123411 3.648175 -4.905661 -0.000004 0.000002 -0.000001 16.908770 18.818790 12.270663 49.536755 45.741577 12.138452 179.489639 56.554916 179.645355 -16.724922 6.117964 -6.672215 2.243539 -5.255031 -3.180154 14.282875 -0.826593 6.952499 -0.000001 -12.690590 -0.000001 15.744661 -17.884905 2.912925 1.665665 -1.955920 -2.878295 4.727793 -4.170582 4.993918 11.020509 0.000003 -0.000001 12.109029 -3.735710 -2.866779 0.000000 0.000000 0.000002 1.291985 -1.928548 -1.498088 14.800111 0.567468 3.865605 14.242550 -1.341734 -6.660649 19.631935 0.143927 -0.648242 49.208462 -0.522552 -5.944742 0.353028 -1.511149 -0.031941 20.222763 3.684306 2.316628 18.787243 0.000005 -0.000000 10.751610 -0.479866 1.397904 -0.000000 -0.000000 -0.000000 3.273804 0.305947 -0.580112 21.486790 11.830362 2.266132 8.162915 0.000002 0.000000 18.399048 -3.798978 -4.940565 0.000003 -0.000003 -0.000001 18.051926 -1.110683 -9.946101 -0.096318 -0.363599 23.802242 -13.878836 11.704873 -4.664571 1.641751 -1.965734 -1.841532 0.000000 -0.000000 0.000002 2.167191 3.393228 18.437952 -0.047316 0.040045 5.493202 8.052243 -6.345154 -12.399405 -1.471628 1.219707 -1.384292 0.000000 -0.000000 -0.000001 
0.066454 96.751823 0.439959 -5.634738 0.289898 -9.615170 3.394364 0.039167 -1.624419 0.201350 -0.326281 -5.198293 3.705507 -2.302170 11.295985 -2.020341 3.806157 12.911056 0.593939 3.715362 -3.789466 -3.778255 4.848934 -7.614358 0.000077 -0.000023 0.000006 0.010093 -0.137238 0.112166 0.661972 -3.866531 -10.579912 -0.651297 3.590728 -10.603144 -16.777847 -17.010115 8.946363 -25.545980 -26.840271 -20.680525 -178.794525 -74.056892 178.704041 9.737735 4.813753 14.780479 -5.882102 9.861279 0.702591 -10.936859 -0.360576 7.156197 -0.000000 8.774814 -0.000000 -16.516354 17.431772 5.700788 -1.844029 2.498501 -2.507278 -10.163590 4.678939 4.621103 -20.975996 -0.000003 0.000005 -21.226255 2.451694 -3.593994 0.000001 -0.000006 -0.000000 -1.362680 2.240797 -0.746321 -21.334894 0.584909 3.008321 -13.821197 -0.000002 0.000004 -23.887133 -0.249080 -0.839480 -61.312248 2.525947 -1.590761 -0.294025 1.679686 0.833255 -14.218194 0.093214 1.300580 -34.212006 -0.287564 0.967171 -20.033180 0.964535 1.212842 0.000000 0.000000 0.000001 -3.440388 0.788233 0.501656 -15.928167 -3.167308 2.999702 -6.338818 -0.000001 0.000003 -18.123415 3.648175 -4.905662 -0.000004 0.000002 -0.000002 16.836845 18.835016 12.165870 49.496212 45.733112 11.963596 179.387177 56.543095 179.506760 -16.710606 6.099865 -6.642365 2.243539 -5.255032 -3.180156 14.282878 -0.826593 6.952498 -0.000000 -12.690591 -0.000003 15.753827 -17.841213 2.909190 1.665664 -1.955920 -2.878295 4.727793 -4.170582 4.993917 11.020511 0.000004 -0.000000 12.109030 -3.735708 -2.866778 0.000000 0.000001 0.000002 1.291983 -1.928547 -1.498089 14.800113 0.567467 3.865606 14.242554 -1.341735 -6.660646 19.631939 0.143925 -0.648244 49.254471 -0.517856 -5.927883 0.353029 -1.511149 -0.031940 20.222767 3.684305 2.316627 18.787249 0.000006 -0.000002 10.751613 -0.479867 1.397902 0.000000 0.000001 -0.000000 3.273803 0.305947 -0.580110 21.486790 11.830362 2.266132 8.162916 0.000003 -0.000001 18.399050 -3.798978 -4.940567 0.000003 -0.000002 -0.000001 18.093945 -1.176595 -9.860833 -0.108691 -0.351504 23.781651 -13.954501 11.645666 -4.668964 1.639974 -1.979762 -1.885977 0.000000 -0.000000 0.000002 2.166945 3.389460 18.508659 -0.047094 0.013328 5.453895 8.038495 -6.375561 -12.335858 -1.471181 1.222020 -1.394048 0.000000 0.000000 -0.000001 
0.080143 96.739388 0.411169 -5.633613 0.359215 -9.643114 3.392679 0.040322 -1.612708 0.203676 -0.307646 -5.198728 3.681325 -2.322151 11.287082 -1.987644 3.811423 12.858453 0.582951 3.690050 -3.772474 -3.771178 4.833728 -7.534182 0.000077 -0.000023 0.000006 0.008229 -0.129726 0.113987 0.662094 -3.855846 -10.574401 -0.654508 3.597000 -10.593863 -16.733681 -17.053755 8.925308 -25.515987 -26.884848 -20.694656 -178.641113 -74.050217 178.672882 9.751310 4.888166 14.544583 -5.882102 9.861277 0.702589 -10.936859 -0.360575 7.156197 0.000001 8.774814 0.000000 -16.537048 17.430723 5.692086 -1.844030 2.498503 -2.507277 -10.163592 4.678941 4.621105 -20.975998 -0.000001 0.000003 -21.226255 2.451691 -3.593994 0.000000 -0.000005 -0.000000 -1.362681 2.240796 -0.746324 -21.334896 0.584909 3.008321 -13.821197 -0.000002 0.000004 -23.887131 -0.249079 -0.839480 -61.298737 2.534976 -1.572470 -0.294024 1.679687 0.833255 -14.218195 0.093215 1.300580 -34.212002 -0.287563 0.967170 -20.033180 0.964535 1.212841 0.000000 0.000001 0.000001 -3.440386 0.788233 0.501655 -15.928167 -3.167308 2.999704 -6.338815 -0.000001 0.000003 -18.123411 3.648175 -4.905662 -0.000004 0.000002 -0.000001 16.777855 18.876726 12.099331 49.481602 45.706112 11.873623 179.344162 56.541233 179.493439 -16.729534 6.067361 -6.734309 2.243539 -5.255033 -3.180155 14.282877 -0.826594 6.952496 -0.000002 -12.690588 -0.000002 15.725880 -17.800240 2.898543 1.665664 -1.955921 -2.878296 4.727794 -4.170582 4.993918 11.020510 0.000003 -0.000001 12.109028 -3.735709 -2.866779 0.000001 -0.000000 0.000001 1.291986 -1.928547 -1.498088 14.800113 0.567468 3.865606 14.242550 -1.341733 -6.660649 19.631935 0.143926 -0.648243 49.308846 -0.512390 -5.909140 0.353028 -1.511149 -0.031941 20.222769 3.684305 2.316628 18.787243 0.000006 -0.000002 10.751607 -0.479868 1.397904 -0.000000 -0.000000 -0.000000 3.273805 0.305947 -0.580108 21.486788 11.830362 2.266131 8.162916 0.000003 0.000001 18.399050 -3.798978 -4.940567 0.000003 -0.000003 -0.000001 18.001320 -1.189270 -9.949407 -0.105387 -0.357932 23.848310 -13.892089 11.584050 -4.711327 1.637943 -1.980677 -1.898252 0.000000 -0.000000 0.000002 2.165924 3.396394 18.509026 -0.045052 0.006732 5.514824 8.033984 -6.448842 -12.395034 -1.473309 1.228823 -1.373088 -0.000000 -0.000000 -0.000001 
0.086391 96.733658 0.412640 -5.621565 0.415753 -9.671572 3.387647 0.049444 -1.620369 0.207717 -0.301964 -5.182101 3.645880 -2.345995 11.284536 -1.968582 3.833247 12.796232 0.578659 3.636944 -3.757523 -3.773069 4.826538 -7.476972 0.000077 -0.000023 0.000006 0.008269 -0.116603 0.113099 0.665266 -3.840610 -10.569693 -0.656566 3.604799 -10.590184 -16.688421 -17.084261 8.924171 -25.508680 -26.948551 -20.691172 -178.570953 -74.089096 178.652100 9.782626 4.955175 14.392201 -5.882099 9.861276 0.702588 -10.936858 -0.360575 7.156196 0.000001 8.774812 -0.000000 -16.562729 17.450283 5.708260 -1.844031 2.498503 -2.507276 -10.163589 4.678938 4.621104 -20.975994 -0.000005 0.000001 -21.226254 2.451690 -3.593993 0.000001 -0.000005 0.000000 -1.362679 2.240795 -0.746324 -21.334892 0.584906 3.008319 -13.821197 -0.000004 0.000004 -23.887131 -0.249080 -0.839481 -61.301872 2.534151 -1.539440 -0.294023 1.679686 0.833256 -14.218194 0.093213 1.300578 -34.211998 -0.287567 0.967172 -20.033178 0.964532 1.212842 0.000000 0.000001 0.000000 -3.440385 0.788232 0.501655 -15.928169 -3.167305 2.999705 -6.338817 0.000000 0.000003 -18.123411 3.648172 -4.905659 -0.000004 0.000001 -0.000002 16.720695 18.869371 12.043799 49.509602 45.727638 11.816105 179.221619 56.548244 179.417648 -16.816378 6.017214 -6.868392 2.243539 -5.255032 -3.180153 14.282877 -0.826594 6.952496 -0.000001 -12.690586 0.000001 15.719130 -17.771374 2.860788 1.665666 -1.955920 -2.878296 4.727795 -4.170582 4.993918 11.020512 0.000003 -0.000001 12.109035 -3.735709 -2.866781 0.000000 0.000001 0.000000 1.291983 -1.928547 -1.498087 14.800117 0.567468 3.865604 14.242554 -1.341736 -6.660648 19.631937 0.143925 -0.648242 49.338326 -0.484066 -5.917381 0.353028 -1.511149 -0.031942 20.222773 3.684306 2.316629 18.787247 0.000005 -0.000001 10.751610 -0.479868 1.397904 -0.000000 -0.000000 -0.000000 3.273804 0.305947 -0.580110 21.486790 11.830359 2.266130 8.162916 0.000003 0.000000 18.399054 -3.798979 -4.940566 0.000003 -0.000003 -0.000001 18.048693 -1.172784 -9.919061 -0.108397 -0.358854 23.873392 -13.991225 11.474190 -4.670589 1.637055 -1.968183 -1.875605 -0.000000 0.000000 0.000002 2.159574 3.403954 18.534103 -0.048208 -0.003375 5.515757 8.024090 -6.504386 -12.422851 -1.475261 1.237082 -1.341077 -0.000000 -0.000000 -0.000001 
0.119908 96.736534 0.401905 -5.611521 0.483671 -9.685381 3.384861 0.061145 -1.625928 0.212493 -0.295246 -5.176305 3.616392 -2.376879 11.279654 -1.984109 3.860109 12.743182 0.570834 3.602954 -3.766923 -3.758735 4.822666 -7.434657 0.000077 -0.000023 0.000006 0.008165 -0.109809 0.109583 0.666982 -3.832245 -10.563029 -0.659178 3.606021 -10.581024 -16.697645 -17.080297 8.909552 -25.515368 -26.991678 -20.637936 -178.479752 -74.107933 178.592163 9.838294 4.951168 14.340121 -5.882101 9.861279 0.702588 -10.936859 -0.360572 7.156194 0.000000 8.774814 0.000001 -16.621080 17.481756 5.696733 -1.844033 2.498503 -2.507276 -10.163589 4.678940 4.621103 -20.975994 -0.000005 0.000001 -21.226250 2.451692 -3.593995 0.000001 -0.000006 0.000000 -1.362681 2.240798 -0.746321 -21.334890 0.584908 3.008319 -13.821195 -0.000001 0.000002 -23.887129 -0.249080 -0.839483 -61.325554 2.558369 -1.519619 -0.294025 1.679686 0.833256 -14.218190 0.093215 1.300577 -34.211998 -0.287564 0.967166 -20.033176 0.964534 1.212840 0.000001 0.000000 0.000000 -3.440387 0.788233 0.501655 -15.928164 -3.167304 2.999703 -6.338817 -0.000002 0.000003 -18.123413 3.648177 -4.905662 -0.000004 0.000002 -0.000002 16.709425 18.880482 12.049228 49.407124 45.758713 11.781790 179.226028 56.544086 179.455750 -16.881613 5.960584 -6.962193 2.243541 -5.255032 -3.180158 14.282873 -0.826591 6.952495 -0.000003 -12.690591 -0.000001 15.750060 -17.788776 2.829403 1.665665 -1.955919 -2.878298 4.727792 -4.170583 4.993918 11.020510 0.000003 -0.000002 12.109032 -3.735708 -2.866781 0.000000 0.000001 0.000002 1.291984 -1.928548 -1.498087 14.800107 0.567470 3.865604 14.242553 -1.341733 -6.660651 19.631939 0.143927 -0.648243 49.420116 -0.475133 -5.922353 0.353029 -1.511150 -0.031941 20.222767 3.684309 2.316627 18.787243 0.000007 -0.000001 10.751609 -0.479865 1.397905 -0.000001 0.000000 0.000000 3.273805 0.305946 -0.580109 21.486790 11.830363 2.266131 8.162915 0.000003 0.000000 18.399048 -3.798980 -4.940567 0.000003 -0.000003 -0.000001 17.940149 -1.140003 -9.974306 -0.101017 -0.355138 23.885769 -13.910807 11.432250 -4.690755 1.636456 -1.965332 -1.840813 0.000000 -0.000000 0.000002 2.140921 3.391601 18.540377 -0.049122 0.002629 5.511475 8.026154 -6.538410 -12.415247 -1.478396 1.244839 -1.308161 -0.000000 -0.000000 -0.000001 
0.138675 96.733673 0.381592 -5.589131 0.539393 -9.683316 3.373101 0.068587 -1.629937 0.217053 -0.304908 -5.162861 3.596576 -2.391000 11.263327 -2.018038 3.871755 12.659502 0.565156 3.568559 -3.773996 -3.723548 4.828277 -7.403044 0.000077 -0.000023 0.000006 0.007880 -0.106332 0.110293 0.672294 -3.824411 -10.538018 -0.664763 3.608033 -10.566424 -16.720087 -17.085670 8.932693 -25.472275 -27.033463 -20.627995 -178.555374 -74.130981 178.660370 9.869435 4.954282 14.410227 -5.882102 9.861278 0.702590 -10.936859 -0.360576 7.156197 0.000001 8.774814 -0.000000 -16.653391 17.487753 5.703551 -1.844033 2.498502 -2.507276 -10.163591 4.678941 4.621103 -20.975996 -0.000005 0.000001 -21.226255 2.451692 -3.593995 0.000001 -0.000005 -0.000000 -1.362681 2.240798 -0.746324 -21.334890 0.584908 3.008316 -13.821197 -0.000002 0.000002 -23.887133 -0.249078 -0.839483 -61.326263 2.602823 -1.509003 -0.294025 1.679686 0.833254 -14.218192 0.093213 1.300578 -34.212006 -0.287565 0.967169 -20.033180 0.964533 1.212841 -0.000000 0.000001 -0.000000 -3.440385 0.788232 0.501656 -15.928167 -3.167307 2.999703 -6.338817 -0.000001 0.000003 -18.123415 3.648176 -4.905662 -0.000004 0.000002 -0.000002 16.696329 18.865402 12.062563 49.360870 45.810860 11.784132 179.144623 56.477917 179.425842 -16.931479 5.881478 -6.977586 2.243540 -5.255033 -3.180155 14.282877 -0.826593 6.952494 -0.000003 -12.690590 -0.000001 15.785063 -17.834133 2.822061 1.665665 -1.955921 -2.878296 4.727794 -4.170584 4.993918 11.020511 0.000004 -0.000002 12.109033 -3.735710 -2.866780 0.000001 0.000000 0.000001 1.291985 -1.928548 -1.498091 14.800111 0.567469 3.865602 14.242554 -1.341735 -6.660649 19.631939 0.143927 -0.648246 49.492794 -0.460361 -5.922270 0.353029 -1.511150 -0.031939 20.222767 3.684307 2.316629 18.787245 0.000006 -0.000002 10.751610 -0.479865 1.397903 -0.000001 0.000001 -0.000001 3.273805 0.305947 -0.580110 21.486790 11.830368 2.266131 8.162916 0.000001 -0.000002 18.399052 -3.798980 -4.940568 0.000002 -0.000003 -0.000000 17.906128 -1.098100 -10.017060 -0.099371 -0.360406 23.903105 -13.911275 11.360292 -4.655991 1.638441 -1.958782 -1.816797 0.000000 -0.000000 0.000002 2.101626 3.341722 18.513247 -0.050245 0.015436 5.531660 8.023526 -6.540925 -12.457729 -1.479398 1.249649 -1.296382 0.000000 -0.000000 -0.000001 
0.122518 96.739616 0.373893 -5.561932 0.612853 -9.690263 3.359713 0.076897 -1.614695 0.221149 -0.308366 -5.149487 3.579346 -2.395867 11.229815 -2.034317 3.880187 12.566757 0.547999 3.571655 -3.775368 -3.696382 4.828884 -7.342824 0.000077 -0.000023 0.000006 0.007314 -0.116612 0.107941 0.674713 -3.830841 -10.527254 -0.667624 3.593776 -10.555016 -16.752474 -17.109171 8.978183 -25.378855 -27.104670 -20.657730 -178.679291 -74.179337 178.754715 9.874359 4.902695 14.592239 -5.882102 9.861278 0.702589 -10.936862 -0.360576 7.156199 -0.000001 8.774813 -0.000002 -16.694042 17.479692 5.674391 -1.844030 2.498502 -2.507275 -10.163589 4.678938 4.621104 -20.975994 -0.000002 0.000003 -21.226255 2.451695 -3.593994 -0.000000 -0.000005 0.000000 -1.362680 2.240796 -0.746323 -21.334890 0.584910 3.008322 -13.821197 -0.000002 0.000005 -23.887133 -0.249079 -0.839481 -61.316101 2.594350 -1.485867 -0.294025 1.679687 0.833255 -14.218194 0.093215 1.300581 -34.212002 -0.287562 0.967170 -20.033180 0.964538 1.212842 -0.000000 0.000001 -0.000000 -3.440386 0.788233 0.501656 -15.928171 -3.167305 2.999706 -6.338817 -0.000001 0.000003 -18.123415 3.648175 -4.905661 -0.000003 0.000002 -0.000003 16.707539 18.860796 12.106529 49.219250 45.910152 11.683689 179.137360 56.485550 179.415802 -16.938446 5.833941 -6.972845 2.243540 -5.255033 -3.180156 14.282877 -0.826594 6.952495 -0.000001 -12.690588 -0.000001 15.826000 -17.893951 2.855044 1.665665 -1.955920 -2.878295 4.727794 -4.170583 4.993918 11.020514 0.000003 -0.000001 12.109035 -3.735711 -2.866783 0.000000 -0.000000 0.000002 1.291984 -1.928549 -1.498088 14.800111 0.567468 3.865603 14.242556 -1.341735 -6.660647 19.631937 0.143924 -0.648244 49.509010 -0.474665 -5.922385 0.353030 -1.511150 -0.031939 20.222765 3.684304 2.316628 18.787245 0.000006 -0.000003 10.751610 -0.479867 1.397904 -0.000000 0.000000 0.000000 3.273803 0.305947 -0.580109 21.486790 11.830360 2.266130 8.162916 0.000002 0.000000 18.399054 -3.798977 -4.940568 0.000002 -0.000003 -0.000001 17.859232 -1.079836 -10.021341 -0.100803 -0.372120 23.829531 -13.900735 11.321030 -4.594889 1.639146 -1.962530 -1.808645 0.000000 0.000000 0.000002 2.039484 3.252499 18.476910 -0.049112 0.041850 5.602526 8.021368 -6.508451 -12.464832 -1.477891 1.243845 -1.313897 0.000000 0.000000 -0.000001 
0.133729 96.750854 0.340395 -5.529731 0.669812 -9.682326 3.345924 0.086848 -1.596393 0.222566 -0.307325 -5.149715 3.563766 -2.392880 11.199378 -2.030117 3.877436 12.453529 0.539673 3.582747 -3.770968 -3.688226 4.832077 -7.294585 0.000077 -0.000023 0.000006 0.006800 -0.123454 0.108954 0.677388 -3.845899 -10.536527 -0.671685 3.590322 -10.566940 -16.776604 -17.158251 9.009259 -25.279772 -27.120611 -20.732569 -178.575562 -74.217148 178.662979 9.911768 4.810301 14.773086 -5.882100 9.861278 0.702590 -10.936859 -0.360573 7.156197 -0.000000 8.774817 0.000000 -16.748039 17.521500 5.657996 -1.844030 2.498503 -2.507273 -10.163589 4.678941 4.621104 -20.975992 -0.000002 0.000001 -21.226250 2.451694 -3.593995 0.000002 -0.000005 -0.000000 -1.362681 2.240796 -0.746322 -21.334887 0.584912 3.008320 -13.821197 -0.000001 0.000002 -23.887131 -0.249079 -0.839482 -61.305779 2.592065 -1.507064 -0.294023 1.679688 0.833257 -14.218190 0.093215 1.300578 -34.211998 -0.287564 0.967167 -20.033180 0.964535 1.212840 0.000000 0.000000 0.000000 -3.440386 0.788233 0.501656 -15.928165 -3.167308 2.999703 -6.338817 0.000001 0.000002 -18.123411 3.648179 -4.905663 -0.000004 0.000001 -0.000001 16.712336 18.866739 12.114715 49.150795 45.954399 11.615217 179.056747 56.468086 179.366669 -16.930035 5.867346 -6.898438 2.243539 -5.255033 -3.180156 14.282875 -0.826593 6.952497 -0.000001 -12.690590 0.000000 15.880981 -17.970146 2.863423 1.665666 -1.955920 -2.878298 4.727792 -4.170583 4.993918 11.020509 0.000004 -0.000001 12.109030 -3.735709 -2.866780 0.000000 0.000000 0.000001 1.291985 -1.928548 -1.498088 14.800109 0.567467 3.865605 14.242553 -1.341733 -6.660649 19.631935 0.143927 -0.648243 49.506149 -0.494981 -5.954336 0.353030 -1.511150 -0.031938 20.222767 3.684306 2.316629 18.787245 0.000007 -0.000002 10.751609 -0.479866 1.397904 -0.000001 0.000000 0.000000 3.273804 0.305947 -0.580110 21.486792 11.830361 2.266131 8.162917 0.000001 0.000001 18.399052 -3.798978 -4.940567 0.000003 -0.000003 -0.000000 17.813759 -1.086225 -10.032177 -0.099250 -0.383230 23.749296 -13.894267 11.283409 -4.507127 1.639208 -1.972806 -1.822589 0.000000 -0.000000 0.000002 1.959768 3.151298 18.401220 -0.045428 0.064245 5.721820 8.049877 -6.448174 -12.467727 -1.477208 1.228683 -1.358694 0.000000 0.000000 -0.000001 
0.130086 96.763435 0.305291 -5.496601 0.736923 -9.671331 3.332560 0.080332 -1.577176 0.214943 -0.299701 -5.153355 3.553377 -2.377529 11.170873 -2.011691 3.849520 12.374343 0.527274 3.601018 -3.759993 -3.703573 4.828397 -7.279022 0.000077 -0.000023 0.000006 0.005081 -0.137095 0.107655 0.679671 -3.860827 -10.552354 -0.674341 3.585620 -10.575531 -16.775290 -17.220768 9.027053 -25.176674 -27.155153 -20.814405 -178.582199 -74.228104 178.624573 9.940365 4.749124 14.914556 -5.882101 9.861278 0.702590 -10.936857 -0.360578 7.156196 -0.000001 8.774812 -0.000001 -16.729565 17.484388 5.648206 -1.844030 2.498501 -2.507276 -10.163588 4.678940 4.621104 -20.975994 -0.000003 0.000001 -21.226248 2.451690 -3.593993 0.000001 -0.000004 -0.000000 -1.362680 2.240798 -0.746323 -21.334892 0.584907 3.008318 -13.821194 -0.000001 0.000003 -23.887129 -0.249080 -0.839482 -61.257565 2.554393 -1.501140 -0.294025 1.679687 0.833256 -14.218189 0.093214 1.300578 -34.211998 -0.287564 0.967169 -20.033176 0.964534 1.212841 0.000000 0.000000 0.000000 -3.440386 0.788233 0.501654 -15.928165 -3.167306 2.999703 -6.338815 0.000001 0.000002 -18.123413 3.648175 -4.905662 -0.000004 0.000001 -0.000001 16.714462 18.886421 12.107258 49.076546 45.980259 11.544524 179.027664 56.467022 179.349609 -16.949692 5.902763 -6.815642 2.243539 -5.255032 -3.180156 14.282875 -0.826594 6.952495 -0.000001 -12.690591 -0.000001 15.911489 -18.010553 2.852991 1.665665 -1.955920 -2.878297 4.727794 -4.170584 4.993920 11.020513 0.000004 -0.000001 12.109030 -3.735710 -2.866779 0.000000 0.000001 -0.000001 1.291985 -1.928548 -1.498088 14.800111 0.567467 3.865604 14.242551 -1.341734 -6.660648 19.631941 0.143926 -0.648244 49.481918 -0.541432 -5.987353 0.353028 -1.511148 -0.031941 20.222765 3.684305 2.316628 18.787245 0.000005 0.000001 10.751610 -0.479870 1.397904 -0.000000 0.000001 -0.000000 3.273804 0.305947 -0.580109 21.486790 11.830360 2.266130 8.162917 -0.000000 0.000001 18.399054 -3.798982 -4.940567 0.000002 -0.000003 -0.000001 17.777227 -1.118767 -10.046894 -0.098702 -0.389182 23.643000 -13.893924 11.253592 -4.391042 1.639793 -1.989818 -1.847785 0.000000 -0.000000 0.000002 1.887740 3.049988 18.328218 -0.049919 0.072909 5.807168 8.102277 -6.382040 -12.468902 -1.475629 1.217423 -1.377470 -0.000000 -0.000000 -0.000001 
0.078073 96.767326 0.262043 -5.488778 0.811619 -9.664348 3.327696 0.065836 -1.555756 0.213812 -0.284820 -5.146835 3.550110 -2.380780 11.132083 -1.991191 3.841466 12.318338 0.521602 3.615420 -3.758205 -3.728353 4.816944 -7.324215 0.000077 -0.000023 0.000006 0.004875 -0.153724 0.108836 0.679293 -3.878371 -10.566223 -0.677270 3.571309 -10.587290 -16.767576 -17.291595 9.004692 -25.070469 -27.175518 -20.851189 -178.483032 -74.253029 178.573853 9.999352 4.691564 14.974669 -5.882099 9.861279 0.702590 -10.936858 -0.360576 7.156196 0.000001 8.774813 -0.000002 -16.767792 17.458031 5.627690 -1.844030 2.498501 -2.507275 -10.163588 4.678939 4.621105 -20.975994 -0.000005 0.000002 -21.226250 2.451692 -3.593994 0.000001 -0.000005 -0.000000 -1.362679 2.240796 -0.746323 -21.334887 0.584910 3.008319 -13.821197 -0.000001 0.000004 -23.887129 -0.249079 -0.839480 -61.244816 2.564577 -1.543236 -0.294024 1.679685 0.833255 -14.218190 0.093213 1.300580 -34.211998 -0.287565 0.967173 -20.033176 0.964535 1.212843 -0.000000 0.000001 -0.000000 -3.440385 0.788232 0.501656 -15.928167 -3.167307 2.999703 -6.338815 0.000000 0.000002 -18.123413 3.648176 -4.905660 -0.000004 0.000002 -0.000002 16.717648 18.908426 12.077869 49.064899 45.986259 11.627833 179.180603 56.476303 179.492172 -16.948586 5.951851 -6.654668 2.243539 -5.255032 -3.180153 14.282875 -0.826592 6.952497 -0.000002 -12.690592 0.000000 15.891433 -18.054205 2.875780 1.665664 -1.955919 -2.878296 4.727793 -4.170582 4.993917 11.020513 0.000003 -0.000001 12.109030 -3.735709 -2.866779 0.000000 0.000001 0.000002 1.291983 -1.928548 -1.498088 14.800111 0.567468 3.865602 14.242554 -1.341732 -6.660648 19.631939 0.143928 -0.648244 49.456131 -0.570507 -5.984908 0.353028 -1.511149 -0.031941 20.222769 3.684308 2.316629 18.787245 0.000008 -0.000002 10.751611 -0.479867 1.397904 0.000000 0.000000 -0.000000 3.273804 0.305946 -0.580110 21.486794 11.830366 2.266132 8.162916 0.000001 0.000000 18.399052 -3.798980 -4.940567 0.000002 -0.000003 -0.000000 17.772501 -1.174267 -10.056190 -0.104598 -0.389104 23.538027 -13.893959 11.227011 -4.332760 1.641384 -2.003266 -1.864661 0.000000 -0.000000 0.000002 1.865908 2.965560 18.242828 -0.055080 0.080969 5.937272 8.141084 -6.314167 -12.502699 -1.477667 1.215088 -1.401707 0.000000 -0.000000 -0.000001 
0.099481 96.764908 0.218122 -5.496023 0.897245 -9.665001 3.328996 0.073837 -1.541196 0.199460 -0.292767 -5.153437 3.557876 -2.392535 11.130615 -1.970496 3.844588 12.286546 0.516089 3.580308 -3.749321 -3.744549 4.792684 -7.418470 0.000077 -0.000022 0.000006 0.005264 -0.154217 0.107128 0.679324 -3.886011 -10.593445 -0.677487 3.573463 -10.614187 -16.756752 -17.345085 9.000844 -24.895037 -27.209929 -20.960781 -178.428375 -74.291679 178.478836 10.054462 4.709002 14.941496 -5.882099 9.861277 0.702590 -10.936858 -0.360576 7.156197 0.000002 8.774813 -0.000000 -16.671246 17.398598 5.690886 -1.844029 2.498502 -2.507277 -10.163589 4.678939 4.621106 -20.975996 -0.000006 0.000003 -21.226254 2.451689 -3.593992 0.000000 -0.000005 -0.000000 -1.362680 2.240795 -0.746321 -21.334887 0.584907 3.008321 -13.821197 -0.000002 0.000004 -23.887131 -0.249078 -0.839479 -61.209148 2.547272 -1.518305 -0.294024 1.679685 0.833255 -14.218189 0.093214 1.300578 -34.211998 -0.287565 0.967171 -20.033178 0.964534 1.212843 -0.000000 0.000000 0.000000 -3.440385 0.788232 0.501655 -15.928171 -3.167308 2.999703 -6.338817 -0.000001 0.000002 -18.123415 3.648174 -4.905658 -0.000004 0.000001 -0.000002 16.735054 18.920507 12.063781 48.982441 45.996460 11.625314 179.306961 56.479958 179.482315 -16.936394 5.920987 -6.487585 2.243539 -5.255033 -3.180157 14.282878 -0.826592 6.952497 -0.000003 -12.690592 -0.000001 15.886941 -18.001766 2.853903 1.665665 -1.955920 -2.878296 4.727793 -4.170583 4.993920 11.020510 0.000003 -0.000001 12.109033 -3.735711 -2.866782 0.000000 -0.000000 0.000001 1.291985 -1.928547 -1.498088 14.800111 0.567468 3.865605 14.242551 -1.341735 -6.660648 19.631937 0.143926 -0.648243 49.412941 -0.533214 -5.947577 0.353028 -1.511149 -0.031940 20.222773 3.684309 2.316631 18.787245 0.000007 -0.000001 10.751608 -0.479866 1.397907 -0.000001 -0.000001 0.000000 3.273804 0.305948 -0.580109 21.486788 11.830367 2.266132 8.162916 0.000002 0.000000 18.399052 -3.798978 -4.940567 0.000003 -0.000003 -0.000001 17.775984 -1.185528 -10.121136 -0.108012 -0.391922 23.566681 -13.903099 11.184335 -4.288366 1.639354 -2.010248 -1.866628 0.000000 -0.000000 0.000002 1.876618 2.947714 18.203213 -0.058046 0.070476 5.995416 8.163307 -6.305114 -12.530929 -1.481562 1.224755 -1.392527 0.000000 0.000000 -0.000001 
0.090282 96.759010 0.141989 -5.513761 0.960898 -9.668207 3.322886 0.055946 -1.522033 0.197419 -0.257949 -5.143847 3.572899 -2.442997 11.113758 -1.971894 3.867184 12.287691 0.518282 3.514737 -3.755923 -3.754077 4.771203 -7.542449 0.000077 -0.000023 0.000006 0.004345 -0.154230 0.108925 0.679521 -3.888845 -10.592729 -0.676681 3.569049 -10.610634 -16.764868 -17.394670 8.993778 -24.812191 -27.239304 -21.035360 -178.288300 -74.307503 178.413284 10.121397 4.753126 14.889931 -5.882100 9.861278 0.702590 -10.936858 -0.360575 7.156196 0.000001 8.774816 -0.000000 -16.682507 17.430387 5.690951 -1.844031 2.498502 -2.507276 -10.163592 4.678939 4.621103 -20.975994 -0.000003 0.000001 -21.226255 2.451690 -3.593994 0.000000 -0.000005 -0.000000 -1.362680 2.240795 -0.746323 -21.334894 0.584909 3.008318 -13.821197 -0.000002 0.000002 -23.887133 -0.249083 -0.839482 -61.214905 2.577729 -1.544995 -0.294024 1.679685 0.833254 -14.218190 0.093213 1.300579 -34.211998 -0.287568 0.967166 -20.033176 0.964533 1.212840 0.000000 0.000000 0.000000 -3.440384 0.788231 0.501655 -15.928167 -3.167305 2.999702 -6.338815 0.000000 0.000001 -18.123415 3.648175 -4.905662 -0.000004 0.000001 -0.000002 16.759653 18.923605 12.069469 48.970016 45.975529 11.623368 179.371429 56.490574 179.544540 -16.908361 5.889637 -6.455301 2.243539 -5.255032 -3.180156 14.282875 -0.826591 6.952495 -0.000002 -12.690591 -0.000001 15.914301 -17.984777 2.819323 1.665664 -1.955920 -2.878296 4.727795 -4.170583 4.993918 11.020513 0.000003 -0.000001 12.109031 -3.735710 -2.866777 0.000000 0.000001 0.000000 1.291984 -1.928548 -1.498090 14.800114 0.567469 3.865604 14.242553 -1.341735 -6.660648 19.631939 0.143928 -0.648242 49.411736 -0.532933 -5.937555 0.353028 -1.511149 -0.031940 20.222773 3.684307 2.316628 18.787247 0.000006 0.000001 10.751610 -0.479866 1.397904 -0.000001 0.000001 -0.000001 3.273804 0.305947 -0.580110 21.486790 11.830361 2.266134 8.162915 0.000003 0.000001 18.399054 -3.798976 -4.940565 0.000003 -0.000003 -0.000001 17.788401 -1.199034 -10.166032 -0.109382 -0.386354 23.567808 -13.899297 11.148952 -4.275584 1.640331 -2.007120 -1.843249 -0.000000 0.000000 0.000002 1.918630 2.930208 18.144455 -0.061664 0.065360 6.078653 8.153963 -6.310668 -12.587021 -1.482185 1.236334 -1.377407 -0.000000 0.000000 -0.000001 
0.053574 96.754860 0.107749 -5.539325 1.024207 -9.686688 3.328348 0.047143 -1.491395 0.188435 -0.246842 -5.130307 3.583159 -2.476752 11.109938 -1.962978 3.895086 12.304239 0.514689 3.439159 -3.761651 -3.737702 4.725732 -7.658333 0.000077 -0.000022 0.000006 0.003853 -0.143853 0.110533 0.676754 -3.874659 -10.597225 -0.673260 3.579278 -10.603701 -16.782352 -17.436079 9.029472 -24.763197 -27.237606 -21.067947 -178.325821 -74.324951 178.471695 10.158895 4.815115 14.847869 -5.882100 9.861276 0.702588 -10.936858 -0.360576 7.156197 -0.000000 8.774816 -0.000002 -16.664665 17.438641 5.712976 -1.844030 2.498502 -2.507277 -10.163589 4.678940 4.621103 -20.975996 -0.000006 0.000002 -21.226255 2.451691 -3.593993 0.000001 -0.000005 -0.000000 -1.362680 2.240797 -0.746322 -21.334887 0.584907 3.008321 -13.821197 -0.000001 0.000003 -23.887131 -0.249078 -0.839480 -61.172611 2.577881 -1.555374 -0.294026 1.679687 0.833256 -14.218194 0.093215 1.300579 -34.212002 -0.287565 0.967170 -20.033178 0.964533 1.212842 0.000000 0.000000 0.000000 -3.440385 0.788232 0.501656 -15.928167 -3.167306 2.999703 -6.338818 -0.000001 0.000002 -18.123411 3.648176 -4.905662 -0.000004 -0.000000 -0.000003 16.805664 18.930851 12.100470 48.942211 45.936035 11.571648 179.387115 56.546120 179.549591 -16.928579 5.831178 -6.527558 2.243540 -5.255031 -3.180156 14.282877 -0.826593 6.952497 -0.000003 -12.690587 0.000001 16.001465 -17.953646 2.769126 1.665665 -1.955919 -2.878295 4.727794 -4.170583 4.993918 11.020512 0.000004 -0.000001 12.109031 -3.735709 -2.866779 0.000000 0.000001 0.000000 1.291984 -1.928547 -1.498087 14.800113 0.567468 3.865605 14.242553 -1.341733 -6.660648 19.631941 0.143924 -0.648242 49.451420 -0.504083 -5.936839 0.353030 -1.511149 -0.031938 20.222769 3.684306 2.316629 18.787245 0.000005 -0.000002 10.751610 -0.479869 1.397904 -0.000000 -0.000001 -0.000001 3.273804 0.305947 -0.580111 21.486790 11.830361 2.266130 8.162918 0.000001 -0.000002 18.399052 -3.798977 -4.940567 0.000003 -0.000003 -0.000001 17.817978 -1.174321 -10.186968 -0.108121 -0.381511 23.544685 -13.899812 11.110502 -4.239661 1.639949 -2.020839 -1.839443 -0.000000 0.000000 0.000002 1.967935 2.941676 18.128698 -0.063225 0.050973 6.104336 8.096697 -6.343732 -12.602393 -1.482004 1.236820 -1.361394 -0.000000 -0.000000 -0.000001 
0.047417 96.745728 0.082890 -5.567549 1.064096 -9.706408 3.328456 0.051511 -1.458548 0.178388 -0.257262 -5.113584 3.600196 -2.506581 11.120167 -1.953273 3.907239 12.327264 0.504331 3.349268 -3.771259 -3.716987 4.724642 -7.738535 0.000077 -0.000023 0.000006 0.006407 -0.129652 0.114526 0.676627 -3.857344 -10.581520 -0.669528 3.599823 -10.600424 -16.786390 -17.471895 9.098375 -24.758183 -27.238316 -21.103746 -178.401733 -74.341248 178.612427 10.194047 4.905630 14.767522 -5.882100 9.861278 0.702591 -10.936858 -0.360574 7.156196 0.000000 8.774813 -0.000000 -16.704548 17.466055 5.719066 -1.844031 2.498504 -2.507276 -10.163591 4.678941 4.621105 -20.975996 -0.000003 0.000002 -21.226254 2.451690 -3.593994 0.000001 -0.000006 0.000000 -1.362678 2.240797 -0.746323 -21.334894 0.584907 3.008320 -13.821194 -0.000004 0.000003 -23.887131 -0.249077 -0.839481 -61.223148 2.556039 -1.520402 -0.294024 1.679684 0.833255 -14.218192 0.093214 1.300580 -34.212002 -0.287562 0.967169 -20.033176 0.964535 1.212842 -0.000000 0.000001 -0.000000 -3.440383 0.788232 0.501657 -15.928165 -3.167305 2.999703 -6.338817 0.000000 0.000002 -18.123413 3.648174 -4.905661 -0.000004 0.000001 -0.000002 16.870695 18.928976 12.176126 48.938755 45.932953 11.484022 179.281876 56.616627 179.498398 -17.017012 5.862885 -6.741454 2.243539 -5.255033 -3.180155 14.282873 -0.826591 6.952495 -0.000003 -12.690590 0.000000 16.056648 -17.965691 2.721704 1.665666 -1.955921 -2.878295 4.727794 -4.170583 4.993916 11.020513 0.000005 -0.000002 12.109031 -3.735708 -2.866779 0.000000 -0.000000 0.000001 1.291984 -1.928547 -1.498088 14.800109 0.567469 3.865603 14.242553 -1.341733 -6.660649 19.631937 0.143927 -0.648243 49.533669 -0.496778 -5.971360 0.353028 -1.511149 -0.031941 20.222769 3.684307 2.316628 18.787245 0.000008 -0.000000 10.751609 -0.479866 1.397905 -0.000000 -0.000000 -0.000000 3.273805 0.305947 -0.580110 21.486794 11.830363 2.266132 8.162917 0.000002 -0.000001 18.399048 -3.798977 -4.940566 0.000003 -0.000003 -0.000001 17.854034 -1.135285 -10.229053 -0.106061 -0.386458 23.591745 -13.899186 11.062613 -4.213453 1.641547 -2.017947 -1.842428 -0.000000 0.000000 0.000002 2.027092 2.945799 18.151081 -0.063852 0.032823 6.034941 8.026381 -6.390832 -12.626683 -1.480463 1.233096 -1.332275 -0.000000 0.000000 -0.000001 
0.015693 96.745476 0.047383 -5.607594 1.098292 -9.722479 3.333163 0.023646 -1.445538 0.168313 -0.257417 -5.106519 3.620310 -2.552462 11.159427 -1.935813 3.898056 12.366340 0.483828 3.283147 -3.779590 -3.694964 4.765741 -7.810737 0.000077 -0.000023 0.000006 0.005091 -0.116423 0.115133 0.672634 -3.849597 -10.587413 -0.667433 3.611088 -10.609311 -16.787430 -17.479708 9.152865 -24.834717 -27.246580 -21.074333 -178.596481 -74.388924 178.845139 10.205651 4.949026 14.702881 -5.882099 9.861281 0.702588 -10.936862 -0.360574 7.156196 -0.000001 8.774816 -0.000002 -16.744255 17.506535 5.722216 -1.844033 2.498503 -2.507274 -10.163591 4.678938 4.621101 -20.975994 -0.000002 0.000003 -21.226250 2.451692 -3.593994 0.000001 -0.000005 -0.000001 -1.362681 2.240797 -0.746321 -21.334887 0.584912 3.008320 -13.821197 -0.000001 0.000003 -23.887131 -0.249077 -0.839482 -61.280994 2.548157 -1.526208 -0.294026 1.679688 0.833255 -14.218190 0.093214 1.300582 -34.212002 -0.287560 0.967170 -20.033176 0.964538 1.212841 -0.000000 0.000000 0.000001 -3.440384 0.788231 0.501653 -15.928167 -3.167308 2.999703 -6.338816 0.000001 0.000002 -18.123413 3.648178 -4.905661 -0.000004 -0.000000 -0.000002 16.921085 18.931190 12.256520 49.027634 45.929321 11.542514 179.318130 56.651066 179.552444 -17.082575 5.919923 -6.913374 2.243540 -5.255033 -3.180159 14.282877 -0.826591 6.952497 -0.000003 -12.690590 -0.000000 16.082485 -17.949690 2.686680 1.665665 -1.955920 -2.878296 4.727793 -4.170583 4.993917 11.020513 0.000005 0.000000 12.109030 -3.735708 -2.866780 0.000001 0.000001 0.000000 1.291984 -1.928549 -1.498086 14.800111 0.567470 3.865603 14.242551 -1.341735 -6.660645 19.631939 0.143928 -0.648242 49.589691 -0.508520 -5.984830 0.353028 -1.511150 -0.031941 20.222769 3.684310 2.316629 18.787245 0.000007 0.000000 10.751611 -0.479868 1.397906 -0.000000 -0.000001 -0.000000 3.273804 0.305947 -0.580109 21.486792 11.830368 2.266135 8.162918 0.000002 0.000000 18.399052 -3.798979 -4.940565 0.000003 -0.000003 -0.000000 17.895025 -1.099540 -10.224472 -0.103846 -0.379744 23.562281 -13.899757 11.009385 -4.209822 1.643282 -2.001767 -1.837052 -0.000000 0.000000 0.000002 2.085148 2.903605 18.123730 -0.062291 0.036049 6.069225 7.954468 -6.406891 -12.622979 -1.477111 1.217069 -1.324733 -0.000000 0.000000 -0.000001 
0.010613 96.747383 0.043743 -5.645611 1.119151 -9.756615 3.345893 0.038442 -1.413361 0.159301 -0.307434 -5.112371 3.634972 -2.574447 11.214540 -1.896914 3.876852 12.427149 0.453038 3.302193 -3.788565 -3.676118 4.791607 -7.855989 0.000077 -0.000023 0.000006 0.006727 -0.113095 0.114113 0.669981 -3.846010 -10.600601 -0.664373 3.625169 -10.617141 -16.789694 -17.447542 9.178118 -24.957647 -27.269964 -20.968943 -178.884491 -74.483070 179.184525 10.227397 4.950190 14.621491 -5.882101 9.861278 0.702590 -10.936858 -0.360576 7.156196 -0.000000 8.774815 -0.000001 -16.793089 17.541782 5.743137 -1.844032 2.498504 -2.507276 -10.163589 4.678939 4.621104 -20.975998 -0.000005 0.000004 -21.226254 2.451694 -3.593993 0.000001 -0.000006 -0.000000 -1.362680 2.240796 -0.746324 -21.334890 0.584907 3.008320 -13.821197 -0.000002 0.000003 -23.887131 -0.249078 -0.839481 -61.398056 2.551813 -1.511153 -0.294025 1.679687 0.833256 -14.218192 0.093216 1.300580 -34.212006 -0.287565 0.967169 -20.033176 0.964533 1.212842 -0.000000 0.000000 0.000000 -3.440386 0.788232 0.501657 -15.928169 -3.167305 2.999705 -6.338814 -0.000001 0.000003 -18.123411 3.648174 -4.905661 -0.000004 -0.000000 -0.000003 16.985085 18.923449 12.293797 49.124924 45.915874 11.705958 179.485428 56.729801 179.710007 -17.172846 5.940501 -7.113287 2.243538 -5.255032 -3.180154 14.282875 -0.826594 6.952495 -0.000003 -12.690593 0.000002 16.099939 -17.928879 2.700005 1.665663 -1.955919 -2.878295 4.727793 -4.170583 4.993917 11.020509 0.000005 -0.000000 12.109028 -3.735709 -2.866780 0.000000 0.000000 0.000002 1.291985 -1.928548 -1.498088 14.800114 0.567468 3.865604 14.242553 -1.341734 -6.660648 19.631937 0.143927 -0.648242 49.602917 -0.525226 -5.975146 0.353029 -1.511150 -0.031940 20.222771 3.684307 2.316628 18.787245 0.000008 -0.000000 10.751608 -0.479867 1.397905 -0.000001 -0.000001 -0.000001 3.273802 0.305947 -0.580109 21.486794 11.830364 2.266132 8.162917 0.000000 0.000000 18.399048 -3.798977 -4.940567 0.000003 -0.000003 -0.000000 17.943203 -1.057382 -10.217288 -0.108337 -0.372673 23.560957 -13.856330 10.993155 -4.162070 1.643385 -2.001141 -1.813069 0.000000 -0.000000 0.000002 2.141579 2.886637 18.144434 -0.058109 0.034994 6.064939 7.913595 -6.420481 -12.590117 -1.474824 1.207284 -1.332220 -0.000000 0.000000 -0.000001 
-0.004948 96.750793 0.018199 -5.682111 1.111008 -9.777601 3.355029 0.056996 -1.412886 0.146198 -0.350019 -5.135180 3.649748 -2.622746 11.300174 -1.825512 3.857109 12.498559 0.419961 3.295058 -3.785794 -3.661881 4.826193 -7.896577 0.000077 -0.000023 0.000006 0.003831 -0.126356 0.107568 0.665244 -3.863164 -10.595860 -0.661016 3.599529 -10.609074 -16.806570 -17.396225 9.209498 -25.094631 -27.270632 -20.862528 -179.127625 -74.552269 179.464432 10.234825 4.922255 14.625948 -5.882099 9.861276 0.702590 -10.936858 -0.360576 7.156198 0.000000 8.774812 0.000000 -16.755350 17.539459 5.788236 -1.844031 2.498502 -2.507274 -10.163590 4.678938 4.621106 -20.975994 -0.000003 0.000003 -21.226250 2.451692 -3.593993 0.000002 -0.000006 0.000001 -1.362681 2.240797 -0.746323 -21.334892 0.584908 3.008321 -13.821195 -0.000003 0.000004 -23.887129 -0.249079 -0.839479 -61.427250 2.527280 -1.481930 -0.294025 1.679686 0.833256 -14.218190 0.093215 1.300580 -34.212002 -0.287564 0.967172 -20.033176 0.964536 1.212843 0.000001 -0.000000 0.000001 -3.440385 0.788231 0.501657 -15.928169 -3.167306 2.999707 -6.338817 0.000000 0.000004 -18.123413 3.648176 -4.905659 -0.000003 0.000002 -0.000002 17.065605 18.896309 12.281397 49.351688 45.862923 11.948075 179.528275 56.762310 179.774323 -17.265903 5.966542 -7.198412 2.243540 -5.255033 -3.180154 14.282877 -0.826593 6.952495 -0.000002 -12.690590 0.000000 16.069714 -17.885141 2.713811 1.665663 -1.955920 -2.878298 4.727793 -4.170584 4.993918 11.020512 0.000004 -0.000001 12.109029 -3.735711 -2.866778 0.000001 -0.000000 0.000002 1.291986 -1.928549 -1.498088 14.800111 0.567468 3.865601 14.242553 -1.341737 -6.660646 19.631939 0.143922 -0.648241 49.530098 -0.525310 -5.919102 0.353029 -1.511150 -0.031941 20.222773 3.684306 2.316629 18.787249 0.000003 -0.000002 10.751612 -0.479868 1.397903 -0.000001 -0.000000 -0.000001 3.273804 0.305947 -0.580110 21.486792 11.830366 2.266132 8.162917 0.000001 -0.000001 18.399054 -3.798981 -4.940570 0.000003 -0.000003 -0.000001 17.993870 -1.013629 -10.191324 -0.106734 -0.360241 23.530033 -13.821282 10.962040 -4.130151 1.643108 -1.986969 -1.797207 0.000000 -0.000000 0.000002 2.196779 2.872339 18.125189 -0.057579 0.035529 6.093148 7.886049 -6.417271 -12.571094 -1.473046 1.204184 -1.323895 -0.000000 0.000000 -0.000001 
-0.038761 96.744057 -0.003250 -5.728940 1.091968 -9.799335 3.364299 0.069464 -1.422610 0.144742 -0.377197 -5.148202 3.679401 -2.665523 11.375799 -1.752011 3.841570 12.619267 0.383406 3.269279 -3.788703 -3.661442 4.853625 -7.955765 0.000077 -0.000023 0.000006 0.002669 -0.140639 0.106779 0.663298 -3.872733 -10.586541 -0.663372 3.593935 -10.596511 -16.852709 -17.365686 9.268442 -25.240072 -27.258551 -20.806061 -179.211868 -74.594475 179.564438 10.302878 4.898303 14.682119 -5.882103 9.861278 0.702591 -10.936858 -0.360575 7.156198 -0.000001 8.774812 -0.000001 -16.711264 17.524237 5.833499 -1.844032 2.498502 -2.507275 -10.163589 4.678938 4.621105 -20.975996 -0.000004 0.000005 -21.226250 2.451694 -3.593991 0.000001 -0.000004 -0.000000 -1.362680 2.240798 -0.746323 -21.334892 0.584909 3.008321 -13.821197 -0.000001 0.000004 -23.887131 -0.249078 -0.839480 -61.447445 2.523501 -1.462008 -0.294025 1.679688 0.833257 -14.218195 0.093214 1.300581 -34.212002 -0.287561 0.967172 -20.033182 0.964536 1.212844 0.000000 0.000001 0.000000 -3.440385 0.788232 0.501653 -15.928169 -3.167305 2.999703 -6.338817 -0.000001 0.000003 -18.123413 3.648179 -4.905658 -0.000004 0.000002 -0.000003 17.153179 18.855406 12.269891 49.474159 45.827988 12.171332 179.685196 56.802975 179.924637 -17.332834 6.020867 -7.193477 2.243540 -5.255032 -3.180154 14.282878 -0.826594 6.952496 -0.000003 -12.690588 0.000002 16.028141 -17.852631 2.745230 1.665664 -1.955919 -2.878297 4.727793 -4.170582 4.993919 11.020513 0.000004 -0.000001 12.109033 -3.735711 -2.866779 0.000001 0.000000 0.000002 1.291984 -1.928547 -1.498089 14.800114 0.567467 3.865603 14.242553 -1.341733 -6.660647 19.631939 0.143925 -0.648242 49.501961 -0.508446 -5.862463 0.353028 -1.511149 -0.031940 20.222771 3.684304 2.316630 18.787249 0.000004 -0.000000 10.751612 -0.479869 1.397903 -0.000000 0.000001 -0.000001 3.273804 0.305946 -0.580111 21.486794 11.830362 2.266131 8.162918 0.000001 0.000000 18.399054 -3.798979 -4.940566 0.000003 -0.000003 -0.000000 18.160883 -0.984503 -10.207766 -0.106909 -0.355446 23.541222 -13.896595 10.924169 -3.961698 1.642994 -1.989605 -1.771670 0.000000 0.000000 0.000002 2.255255 2.853112 18.094494 -0.056418 0.041876 6.185818 7.862504 -6.401273 -12.586895 -1.473927 1.208211 -1.320535 -0.000000 -0.000000 -0.000001 
-0.057825 96.735588 -0.023191 -5.766829 1.069093 -9.841814 3.369909 0.082607 -1.426871 0.145602 -0.398307 -5.164654 3.703983 -2.700040 11.469696 -1.673187 3.847327 12.736731 0.343755 3.224581 -3.785606 -3.668034 4.839198 -8.011635 0.000077 -0.000023 0.000006 0.002797 -0.150919 0.109534 0.665416 -3.887396 -10.587036 -0.664137 3.583323 -10.597895 -16.909880 -17.327148 9.369523 -25.327566 -27.278778 -20.753983 -179.452576 -74.602829 179.745193 10.365497 4.855575 14.718748 -5.882099 9.861279 0.702589 -10.936860 -0.360573 7.156198 -0.000000 8.774813 -0.000002 -16.596395 17.552778 5.902471 -1.844030 2.498502 -2.507277 -10.163589 4.678937 4.621103 -20.975996 -0.000003 0.000001 -21.226255 2.451694 -3.593994 0.000002 -0.000005 -0.000000 -1.362680 2.240796 -0.746322 -21.334890 0.584906 3.008317 -13.821197 -0.000004 0.000004 -23.887131 -0.249080 -0.839480 -61.423141 2.516938 -1.461573 -0.294025 1.679686 0.833256 -14.218192 0.093214 1.300578 -34.212002 -0.287568 0.967169 -20.033176 0.964535 1.212840 -0.000000 0.000001 0.000001 -3.440385 0.788234 0.501655 -15.928169 -3.167305 2.999701 -6.338818 0.000001 0.000001 -18.123415 3.648177 -4.905663 -0.000004 0.000002 -0.000002 17.225838 18.807589 12.264553 49.525349 45.760616 12.216787 179.669998 56.798672 179.930450 -17.373926 6.056545 -7.226808 2.243540 -5.255032 -3.180155 14.282875 -0.826593 6.952493 -0.000003 -12.690587 0.000001 15.964509 -17.808907 2.759467 1.665665 -1.955919 -2.878296 4.727792 -4.170583 4.993918 11.020513 0.000004 -0.000001 12.109033 -3.735708 -2.866779 0.000001 0.000000 0.000002 1.291985 -1.928548 -1.498088 14.800114 0.567466 3.865604 14.242554 -1.341734 -6.660648 19.631939 0.143925 -0.648244 49.416229 -0.485638 -5.821311 0.353028 -1.511148 -0.031941 20.222767 3.684305 2.316629 18.787247 0.000005 -0.000002 10.751610 -0.479869 1.397904 -0.000001 0.000000 0.000000 3.273804 0.305946 -0.580110 21.486788 11.830360 2.266130 8.162920 0.000002 -0.000001 18.399054 -3.798979 -4.940567 0.000003 -0.000003 -0.000000 18.222973 -0.944770 -10.184857 -0.111555 -0.364063 23.567842 -13.912985 10.897238 -3.960157 1.639878 -1.989590 -1.772096 0.000000 -0.000000 0.000002 2.307550 2.857029 18.087721 -0.058326 0.040989 6.278924 7.831880 -6.375966 -12.604601 -1.473581 1.210415 -1.293412 -0.000000 -0.000000 -0.000001 
-0.056608 96.727013 -0.050576 -5.795407 1.040209 -9.887405 3.376908 0.086916 -1.429870 0.144774 -0.426951 -5.164052 3.727351 -2.696147 11.542534 -1.612671 3.851626 12.869251 0.319607 3.195926 -3.778214 -3.686383 4.799093 -8.059658 0.000077 -0.000023 0.000006 0.003985 -0.154351 0.113884 0.667964 -3.888835 -10.577402 -0.665981 3.571818 -10.586245 -16.989700 -17.286003 9.514673 -25.405312 -27.319069 -20.701916 -179.446442 -74.611099 179.655197 10.441009 4.832174 14.855261 -5.882099 9.861279 0.702592 -10.936858 -0.360574 7.156199 -0.000001 8.774815 -0.000000 -16.583868 17.570848 5.916570 -1.844030 2.498505 -2.507276 -10.163588 4.678939 4.621104 -20.975994 -0.000004 0.000004 -21.226250 2.451695 -3.593993 0.000001 -0.000005 -0.000000 -1.362681 2.240798 -0.746322 -21.334892 0.584909 3.008320 -13.821195 -0.000002 0.000004 -23.887129 -0.249076 -0.839480 -61.424770 2.546720 -1.456670 -0.294023 1.679687 0.833256 -14.218190 0.093217 1.300579 -34.211998 -0.287563 0.967170 -20.033178 0.964537 1.212841 0.000001 0.000000 0.000000 -3.440385 0.788231 0.501657 -15.928167 -3.167308 2.999706 -6.338818 0.000002 0.000002 -18.123411 3.648180 -4.905662 -0.000003 0.000001 -0.000002 17.320156 18.753485 12.309377 49.483147 45.727913 12.182114 179.583710 56.821991 179.899460 -17.436646 6.137404 -7.248354 2.243538 -5.255033 -3.180154 14.282877 -0.826593 6.952499 -0.000002 -12.690593 0.000001 15.912677 -17.809830 2.761019 1.665665 -1.955920 -2.878296 4.727794 -4.170585 4.993921 11.020511 0.000004 -0.000001 12.109031 -3.735711 -2.866779 0.000001 -0.000000 -0.000000 1.291984 -1.928548 -1.498088 14.800113 0.567469 3.865602 14.242551 -1.341734 -6.660648 19.631939 0.143927 -0.648241 49.396446 -0.470252 -5.851361 0.353028 -1.511150 -0.031939 20.222775 3.684308 2.316628 18.787245 0.000007 -0.000002 10.751611 -0.479869 1.397904 0.000000 -0.000001 -0.000001 3.273804 0.305948 -0.580112 21.486795 11.830368 2.266133 8.162917 0.000002 -0.000001 18.399052 -3.798981 -4.940567 0.000003 -0.000003 -0.000000 18.256792 -0.920582 -10.166854 -0.111068 -0.377784 23.609161 -13.929111 10.913079 -3.970672 1.639794 -2.006589 -1.774162 -0.000000 0.000000 0.000002 2.356632 2.882785 18.084557 -0.064851 0.037795 6.368604 7.785948 -6.390319 -12.628259 -1.474790 1.206820 -1.273877 -0.000000 0.000000 -0.000001 
-0.068912 96.710808 -0.041542 -5.817697 1.038879 -9.948363 3.389010 0.064347 -1.426394 0.140114 -0.448276 -5.163494 3.743233 -2.681018 11.596352 -1.578586 3.833292 13.023916 0.326727 3.158424 -3.769817 -3.703382 4.787426 -8.045376 0.000077 -0.000023 0.000006 0.002685 -0.157692 0.114846 0.668576 -3.897669 -10.585696 -0.669910 3.573669 -10.596065 -17.039780 -17.257364 9.672720 -25.491673 -27.352495 -20.608149 -179.771301 -74.556076 179.838089 10.471027 4.815865 15.101850 -5.882100 9.861278 0.702588 -10.936858 -0.360576 7.156195 0.000000 8.774815 0.000000 -16.589722 17.597231 5.908378 -1.844030 2.498504 -2.507276 -10.163589 4.678940 4.621103 -20.975994 -0.000005 0.000003 -21.226254 2.451692 -3.593993 0.000001 -0.000005 -0.000000 -1.362679 2.240798 -0.746321 -21.334890 0.584906 3.008319 -13.821197 -0.000001 0.000002 -23.887129 -0.249078 -0.839483 -61.392277 2.535154 -1.486686 -0.294025 1.679686 0.833255 -14.218190 0.093216 1.300579 -34.211998 -0.287568 0.967169 -20.033178 0.964534 1.212841 0.000000 0.000001 0.000000 -3.440386 0.788233 0.501654 -15.928169 -3.167305 2.999704 -6.338818 0.000001 0.000002 -18.123415 3.648176 -4.905662 -0.000003 0.000002 -0.000002 17.387131 18.729462 12.362984 49.441830 45.655540 12.134805 179.538391 56.771595 179.854019 -17.477983 6.219560 -7.163012 2.243539 -5.255032 -3.180155 14.282875 -0.826591 6.952497 -0.000003 -12.690591 -0.000001 15.847701 -17.804171 2.740231 1.665665 -1.955920 -2.878296 4.727794 -4.170584 4.993918 11.020511 0.000005 -0.000000 12.109029 -3.735709 -2.866781 0.000001 -0.000000 0.000002 1.291985 -1.928548 -1.498088 14.800109 0.567469 3.865602 14.242551 -1.341734 -6.660649 19.631937 0.143928 -0.648244 49.356255 -0.467833 -5.868260 0.353028 -1.511149 -0.031940 20.222767 3.684309 2.316629 18.787245 0.000007 -0.000002 10.751609 -0.479865 1.397905 0.000000 0.000000 0.000000 3.273805 0.305947 -0.580110 21.486788 11.830365 2.266129 8.162916 0.000002 0.000000 18.399050 -3.798977 -4.940567 0.000003 -0.000001 -0.000000 18.288418 -0.934676 -10.136786 -0.105045 -0.379855 23.684458 -13.995291 10.903716 -4.024499 1.642564 -2.020362 -1.769181 -0.000000 -0.000000 0.000002 2.398728 2.889470 18.155567 -0.069472 0.036620 6.337800 7.751474 -6.408453 -12.662092 -1.473523 1.200782 -1.232566 -0.000000 -0.000000 -0.000001 
-0.065179 96.676445 -0.048374 -5.834718 1.037369 -10.012779 3.400655 0.043474 -1.440077 0.136678 -0.455053 -5.159813 3.753844 -2.676521 11.652103 -1.550846 3.808858 13.203635 0.331056 3.171428 -3.766424 -3.725728 4.763692 -8.006145 0.000077 -0.000022 0.000006 0.003351 -0.157782 0.113871 0.668661 -3.892743 -10.593182 -0.666387 3.576062 -10.601729 -17.080175 -17.192047 9.837128 -25.583292 -27.427982 -20.547016 -179.805267 -74.505608 179.822754 10.494746 4.783984 15.299210 -5.882102 9.861278 0.702590 -10.936858 -0.360575 7.156199 0.000001 8.774815 -0.000002 -16.603798 17.616753 5.887407 -1.844030 2.498503 -2.507277 -10.163590 4.678941 4.621104 -20.975998 -0.000005 0.000004 -21.226255 2.451693 -3.593993 0.000001 -0.000005 -0.000000 -1.362680 2.240796 -0.746321 -21.334892 0.584907 3.008320 -13.821198 -0.000002 0.000004 -23.887131 -0.249078 -0.839480 -61.362900 2.534463 -1.496271 -0.294024 1.679686 0.833256 -14.218192 0.093216 1.300580 -34.212002 -0.287567 0.967170 -20.033180 0.964535 1.212843 -0.000000 0.000000 0.000001 -3.440384 0.788231 0.501655 -15.928169 -3.167309 2.999705 -6.338818 -0.000002 0.000002 -18.123415 3.648174 -4.905660 -0.000003 -0.000000 -0.000002 17.440681 18.717642 12.427770 49.365978 45.590057 12.110902 179.501740 56.704651 179.818176 -17.555326 6.280989 -6.972597 2.243540 -5.255033 -3.180152 14.282873 -0.826592 6.952497 -0.000001 -12.690591 0.000001 15.798772 -17.788265 2.697654 1.665664 -1.955920 -2.878295 4.727794 -4.170584 4.993919 11.020509 0.000004 -0.000003 12.109030 -3.735710 -2.866779 0.000001 -0.000000 0.000001 1.291985 -1.928548 -1.498087 14.800109 0.567469 3.865603 14.242551 -1.341733 -6.660651 19.631937 0.143926 -0.648242 49.272034 -0.444102 -5.941322 0.353027 -1.511149 -0.031939 20.222767 3.684309 2.316625 18.787245 0.000006 -0.000002 10.751610 -0.479870 1.397903 0.000000 0.000000 -0.000001 3.273804 0.305947 -0.580109 21.486788 11.830365 2.266130 8.162917 0.000002 0.000001 18.399050 -3.798980 -4.940566 0.000003 -0.000002 -0.000001 18.303144 -0.959755 -10.166884 -0.100867 -0.389466 23.866713 -14.036984 10.924909 -4.121305 1.645071 -2.016918 -1.767094 0.000000 0.000000 0.000002 2.444113 2.919119 18.199688 -0.074785 0.033230 6.387323 7.731375 -6.447932 -12.794711 -1.472911 1.195283 -1.175577 -0.000000 0.000000 -0.000001 
-0.080828 96.650246 -0.059645 -5.861832 1.039945 -10.062251 3.418487 0.011665 -1.463259 0.135370 -0.459488 -5.159638 3.768965 -2.688655 11.674767 -1.542226 3.790452 13.385193 0.358227 3.194445 -3.773556 -3.755292 4.770812 -7.960566 0.000077 -0.000023 0.000006 0.004945 -0.140613 0.117768 0.665107 -3.880458 -10.598717 -0.662248 3.586133 -10.607430 -17.106289 -17.134899 9.953514 -25.662975 -27.479383 -20.580420 -179.570465 -74.478989 179.630569 10.477719 4.787413 15.375902 -5.882101 9.861279 0.702590 -10.936859 -0.360574 7.156196 -0.000001 8.774817 -0.000000 -16.633936 17.606184 5.851016 -1.844032 2.498503 -2.507277 -10.163590 4.678941 4.621102 -20.975996 -0.000003 -0.000001 -21.226255 2.451692 -3.593996 0.000002 -0.000005 -0.000000 -1.362681 2.240795 -0.746321 -21.334890 0.584911 3.008318 -13.821197 -0.000003 0.000001 -23.887135 -0.249079 -0.839485 -61.341408 2.540111 -1.486086 -0.294024 1.679684 0.833253 -14.218194 0.093216 1.300577 -34.212002 -0.287562 0.967163 -20.033178 0.964533 1.212839 0.000000 -0.000000 0.000001 -3.440387 0.788234 0.501655 -15.928169 -3.167304 2.999699 -6.338817 0.000000 0.000001 -18.123417 3.648175 -4.905664 -0.000004 0.000002 -0.000003 17.456869 18.719488 12.481311 49.366219 45.575436 12.153589 179.563690 56.682499 179.835968 -17.613585 6.317756 -6.660924 2.243539 -5.255033 -3.180156 14.282873 -0.826592 6.952498 -0.000003 -12.690592 -0.000001 15.772207 -17.791012 2.669990 1.665664 -1.955919 -2.878298 4.727795 -4.170583 4.993919 11.020510 0.000005 -0.000001 12.109031 -3.735709 -2.866777 0.000000 -0.000000 0.000001 1.291985 -1.928548 -1.498088 14.800111 0.567469 3.865604 14.242553 -1.341733 -6.660651 19.631939 0.143928 -0.648243 49.214588 -0.445190 -5.954473 0.353029 -1.511149 -0.031940 20.222765 3.684309 2.316628 18.787243 0.000006 -0.000002 10.751610 -0.479866 1.397905 -0.000001 -0.000000 -0.000001 3.273803 0.305948 -0.580109 21.486788 11.830363 2.266129 8.162916 0.000003 0.000000 18.399048 -3.798978 -4.940566 0.000003 -0.000002 -0.000001 18.345118 -0.979514 -10.189067 -0.105132 -0.397574 23.989222 -14.083456 10.912307 -4.181562 1.649939 -2.006886 -1.728881 0.000000 0.000000 0.000002 2.522470 3.001181 18.247210 -0.077177 0.035087 6.376269 7.693825 -6.558114 -12.889232 -1.472157 1.205355 -1.101543 0.000000 0.000000 -0.000001 
-0.089683 96.641197 -0.065786 -5.875867 1.066799 -10.103558 3.424982 0.002440 -1.494997 0.130491 -0.488324 -5.176056 3.783914 -2.711997 11.703427 -1.532246 3.776759 13.535949 0.375585 3.244972 -3.772118 -3.783914 4.761136 -7.929693 0.000077 -0.000023 0.000006 0.006109 -0.126893 0.120052 0.662294 -3.869122 -10.606636 -0.656922 3.616132 -10.623332 -17.144691 -17.082054 10.010532 -25.720837 -27.486021 -20.663582 -179.101257 -74.449074 179.268204 10.464549 4.766212 15.294068 -5.882102 9.861278 0.702588 -10.936858 -0.360575 7.156200 -0.000000 8.774814 -0.000002 -16.700699 17.603067 5.795321 -1.844029 2.498501 -2.507276 -10.163589 4.678941 4.621106 -20.975992 -0.000003 0.000005 -21.226250 2.451694 -3.593992 0.000001 -0.000006 0.000000 -1.362681 2.240795 -0.746324 -21.334892 0.584907 3.008323 -13.821197 -0.000002 0.000006 -23.887131 -0.249074 -0.839479 -61.368073 2.535373 -1.478509 -0.294024 1.679687 0.833256 -14.218190 0.093216 1.300579 -34.212002 -0.287561 0.967170 -20.033180 0.964536 1.212843 -0.000000 0.000000 0.000000 -3.440385 0.788232 0.501655 -15.928169 -3.167305 2.999704 -6.338819 -0.000001 0.000003 -18.123415 3.648179 -4.905661 -0.000003 0.000002 -0.000002 17.467138 18.738588 12.524455 49.326748 45.574829 12.113338 179.516953 56.682529 179.738708 -17.769173 6.322887 -6.355760 2.243540 -5.255033 -3.180154 14.282878 -0.826594 6.952496 -0.000002 -12.690590 -0.000001 15.814192 -17.776320 2.642941 1.665664 -1.955919 -2.878297 4.727794 -4.170584 4.993917 11.020512 0.000004 0.000000 12.109034 -3.735710 -2.866780 0.000001 0.000000 0.000001 1.291984 -1.928547 -1.498088 14.800114 0.567468 3.865604 14.242556 -1.341734 -6.660648 19.631937 0.143926 -0.648245 49.178761 -0.420244 -5.926108 0.353029 -1.511149 -0.031941 20.222771 3.684305 2.316629 18.787247 0.000006 -0.000002 10.751612 -0.479867 1.397903 0.000001 0.000001 0.000000 3.273805 0.305947 -0.580109 21.486795 11.830364 2.266130 8.162918 0.000001 0.000000 18.399050 -3.798980 -4.940568 0.000003 -0.000002 -0.000001 18.362692 -1.027358 -10.180357 -0.105402 -0.387233 24.022924 -14.053120 10.893363 -4.185888 1.650417 -1.989580 -1.691169 -0.000000 0.000000 0.000002 2.569283 3.056881 18.276209 -0.072142 0.034833 6.391100 7.674211 -6.654006 -12.922677 -1.472519 1.220700 -1.046979 -0.000000 -0.000000 -0.000001 
-0.111898 96.637848 -0.089936 -5.865971 1.070719 -10.138731 3.415074 0.013199 -1.525298 0.128386 -0.499476 -5.192822 3.789338 -2.737531 11.722422 -1.534770 3.778190 13.631090 0.401923 3.286027 -3.786092 -3.792371 4.741692 -7.892124 0.000077 -0.000023 0.000006 0.006296 -0.123473 0.122693 0.660813 -3.868168 -10.601694 -0.655943 3.612162 -10.616461 -17.171919 -17.048857 9.980234 -25.770445 -27.431377 -20.682980 -178.699799 -74.386475 178.952316 10.507920 4.727034 15.168748 -5.882102 9.861278 0.702589 -10.936860 -0.360574 7.156196 -0.000001 8.774813 0.000000 -16.752724 17.592358 5.745780 -1.844030 2.498503 -2.507277 -10.163589 4.678937 4.621103 -20.975992 -0.000001 0.000001 -21.226254 2.451692 -3.593995 0.000000 -0.000005 0.000000 -1.362680 2.240798 -0.746322 -21.334892 0.584909 3.008321 -13.821197 -0.000001 0.000003 -23.887133 -0.249079 -0.839483 -61.424236 2.531406 -1.467268 -0.294025 1.679688 0.833256 -14.218194 0.093216 1.300578 -34.212002 -0.287565 0.967166 -20.033178 0.964535 1.212840 0.000000 0.000001 0.000001 -3.440385 0.788233 0.501656 -15.928167 -3.167306 2.999703 -6.338818 0.000001 0.000001 -18.123415 3.648177 -4.905664 -0.000003 -0.000000 -0.000002 17.457273 18.731689 12.508755 49.355736 45.584087 12.108677 179.492813 56.704437 179.706604 -17.901201 6.330102 -6.153461 2.243539 -5.255033 -3.180154 14.282877 -0.826593 6.952495 -0.000003 -12.690587 0.000001 15.875720 -17.773457 2.617221 1.665664 -1.955919 -2.878296 4.727793 -4.170583 4.993918 11.020511 0.000004 -0.000002 12.109031 -3.735708 -2.866780 0.000001 0.000001 0.000001 1.291984 -1.928547 -1.498087 14.800114 0.567468 3.865603 14.242553 -1.341734 -6.660649 19.631933 0.143928 -0.648244 49.207367 -0.402103 -5.878709 0.353029 -1.511149 -0.031940 20.222769 3.684306 2.316627 18.787245 0.000005 -0.000000 10.751608 -0.479868 1.397904 -0.000001 0.000000 0.000000 3.273803 0.305947 -0.580110 21.486794 11.830361 2.266130 8.162916 0.000003 -0.000001 18.399050 -3.798978 -4.940566 0.000003 -0.000001 -0.000000 18.368551 -1.048894 -10.143436 -0.108584 -0.373755 23.985384 -14.007634 10.870167 -4.142069 1.650899 -1.975383 -1.652490 -0.000000 0.000000 0.000002 2.586773 3.105246 18.279455 -0.065112 0.041258 6.433781 7.650808 -6.751801 -12.962667 -1.470880 1.233844 -1.031346 0.000000 0.000000 -0.000001 
-0.095248 96.633934 -0.109765 -5.833763 1.082467 -10.163570 3.391522 0.021355 -1.542423 0.134857 -0.497714 -5.203279 3.786742 -2.744483 11.720539 -1.537618 3.781805 13.657534 0.400744 3.294840 -3.783072 -3.780833 4.715948 -7.822260 0.000077 -0.000023 0.000006 0.005079 -0.136540 0.123716 0.662515 -3.873650 -10.594485 -0.659444 3.599539 -10.614614 -17.206802 -17.047752 9.915021 -25.804735 -27.400709 -20.636854 -178.434189 -74.346146 178.771027 10.587151 4.658866 14.961669 -5.882101 9.861277 0.702591 -10.936858 -0.360575 7.156197 0.000000 8.774815 -0.000002 -16.793339 17.596207 5.722039 -1.844031 2.498503 -2.507275 -10.163588 4.678938 4.621104 -20.975992 -0.000005 0.000004 -21.226250 2.451690 -3.593991 0.000001 -0.000005 0.000000 -1.362679 2.240795 -0.746322 -21.334887 0.584906 3.008322 -13.821194 -0.000003 0.000005 -23.887129 -0.249079 -0.839478 -61.501915 2.545749 -1.475687 -0.294024 1.679686 0.833256 -14.218190 0.093214 1.300581 -34.211998 -0.287565 0.967171 -20.033176 0.964537 1.212843 -0.000000 0.000001 -0.000000 -3.440384 0.788232 0.501653 -15.928167 -3.167304 2.999705 -6.338815 0.000000 0.000001 -18.123411 3.648178 -4.905659 -0.000004 0.000002 -0.000002 17.419977 18.704325 12.469733 49.408291 45.618549 12.091339 179.486084 56.721378 179.711517 -17.996229 6.333520 -6.127025 2.243539 -5.255033 -3.180154 14.282873 -0.826593 6.952496 -0.000001 -12.690588 -0.000001 15.931660 -17.778917 2.604176 1.665664 -1.955920 -2.878295 4.727793 -4.170583 4.993918 11.020512 0.000003 -0.000003 12.109032 -3.735708 -2.866780 0.000001 0.000001 0.000001 1.291984 -1.928548 -1.498087 14.800111 0.567468 3.865602 14.242550 -1.341734 -6.660652 19.631933 0.143928 -0.648246 49.258720 -0.403159 -5.849264 0.353028 -1.511149 -0.031939 20.222763 3.684307 2.316627 18.787243 0.000004 -0.000002 10.751608 -0.479867 1.397903 -0.000001 0.000000 0.000000 3.273803 0.305947 -0.580110 21.486788 11.830361 2.266127 8.162916 0.000002 0.000000 18.399050 -3.798979 -4.940568 0.000003 -0.000002 -0.000001 18.318205 -1.037347 -10.134412 -0.103908 -0.372358 23.988623 -13.933546 10.822146 -4.115756 1.647138 -1.954563 -1.651166 0.000000 -0.000000 0.000002 2.545208 3.114491 18.274855 -0.061118 0.051829 6.492861 7.644644 -6.809994 -13.007823 -1.473156 1.242010 -1.048811 -0.000000 0.000000 -0.000001 
-0.081056 96.632370 -0.113363 -5.799017 1.076431 -10.199244 3.370974 0.046328 -1.549029 0.143110 -0.509575 -5.203359 3.781873 -2.715962 11.699091 -1.525388 3.783188 13.679939 0.407691 3.289488 -3.775979 -3.788656 4.680011 -7.780476 0.000077 -0.000022 0.000006 0.005500 -0.136511 0.124494 0.666836 -3.869497 -10.595119 -0.661625 3.599837 -10.610563 -17.245798 -17.085733 9.843473 -25.805912 -27.333639 -20.589357 -178.340256 -74.353638 178.674194 10.634070 4.597228 14.811500 -5.882099 9.861278 0.702590 -10.936858 -0.360575 7.156197 -0.000000 8.774813 -0.000000 -16.835571 17.611849 5.716000 -1.844030 2.498501 -2.507275 -10.163589 4.678942 4.621105 -20.975996 -0.000004 0.000004 -21.226254 2.451694 -3.593992 0.000001 -0.000006 0.000001 -1.362681 2.240797 -0.746323 -21.334892 0.584907 3.008322 -13.821197 -0.000001 0.000005 -23.887131 -0.249077 -0.839478 -61.589310 2.549365 -1.508349 -0.294022 1.679687 0.833256 -14.218194 0.093214 1.300579 -34.212006 -0.287564 0.967173 -20.033180 0.964535 1.212844 -0.000000 0.000000 0.000000 -3.440385 0.788232 0.501655 -15.928167 -3.167306 2.999704 -6.338818 0.000000 0.000002 -18.123411 3.648176 -4.905658 -0.000003 0.000002 -0.000002 17.403927 18.668953 12.426880 49.362946 45.624619 12.015919 179.457870 56.781082 179.716370 -18.076822 6.400873 -6.192765 2.243540 -5.255033 -3.180156 14.282877 -0.826592 6.952496 -0.000003 -12.690592 -0.000001 15.966468 -17.809319 2.600163 1.665664 -1.955920 -2.878298 4.727792 -4.170582 4.993918 11.020512 0.000004 -0.000001 12.109032 -3.735710 -2.866780 0.000000 -0.000000 0.000001 1.291985 -1.928548 -1.498088 14.800113 0.567469 3.865603 14.242551 -1.341733 -6.660650 19.631935 0.143927 -0.648244 49.314938 -0.415080 -5.860943 0.353028 -1.511149 -0.031941 20.222765 3.684307 2.316627 18.787245 0.000005 -0.000002 10.751609 -0.479866 1.397903 -0.000001 0.000000 0.000000 3.273804 0.305947 -0.580110 21.486790 11.830364 2.266130 8.162916 0.000003 0.000000 18.399054 -3.798978 -4.940567 0.000003 -0.000001 -0.000001 18.273794 -1.036748 -10.088037 -0.104537 -0.359728 23.977703 -13.899863 10.804037 -4.107206 1.644772 -1.947672 -1.648512 0.000000 -0.000000 0.000002 2.486192 3.074383 18.313108 -0.059379 0.056852 6.485713 7.628667 -6.775954 -13.020494 -1.472394 1.242481 -1.095937 -0.000000 0.000000 -0.000001 
-0.066750 96.632027 -0.132220 -5.769268 1.095127 -10.231465 3.348767 0.033617 -1.545341 0.154974 -0.473267 -5.177161 3.780680 -2.705634 11.634417 -1.519831 3.757160 13.664351 0.406579 3.252433 -3.774154 -3.805860 4.724102 -7.744346 0.000077 -0.000022 0.000006 0.005108 -0.144015 0.122209 0.671103 -3.877171 -10.591935 -0.667764 3.588237 -10.606876 -17.256838 -17.110306 9.811071 -25.790724 -27.297581 -20.525749 -178.481873 -74.304527 178.790115 10.666166 4.569641 14.743567 -5.882101 9.861278 0.702591 -10.936858 -0.360574 7.156196 -0.000000 8.774812 -0.000001 -16.799591 17.593515 5.711932 -1.844031 2.498502 -2.507275 -10.163589 4.678938 4.621104 -20.975998 -0.000003 0.000005 -21.226255 2.451694 -3.593992 0.000001 -0.000006 -0.000000 -1.362682 2.240797 -0.746324 -21.334894 0.584908 3.008324 -13.821195 -0.000002 0.000004 -23.887129 -0.249077 -0.839479 -61.553764 2.544031 -1.582347 -0.294024 1.679686 0.833253 -14.218194 0.093215 1.300580 -34.212002 -0.287563 0.967171 -20.033180 0.964536 1.212841 0.000000 0.000000 0.000000 -3.440386 0.788232 0.501656 -15.928171 -3.167305 2.999705 -6.338818 0.000001 0.000002 -18.123413 3.648177 -4.905658 -0.000003 0.000002 -0.000002 17.383175 18.650993 12.395169 49.329815 45.633511 11.983505 179.530167 56.784702 179.856323 -18.051590 6.431934 -6.270541 2.243539 -5.255032 -3.180156 14.282875 -0.826593 6.952495 -0.000002 -12.690588 -0.000002 15.968362 -17.872545 2.588269 1.665665 -1.955920 -2.878298 4.727793 -4.170582 4.993918 11.020512 0.000004 -0.000002 12.109030 -3.735706 -2.866780 0.000001 -0.000000 0.000001 1.291983 -1.928547 -1.498088 14.800109 0.567468 3.865605 14.242553 -1.341735 -6.660650 19.631935 0.143926 -0.648242 49.365482 -0.452691 -5.895653 0.353028 -1.511148 -0.031941 20.222769 3.684305 2.316628 18.787245 0.000006 -0.000002 10.751609 -0.479867 1.397904 -0.000000 -0.000000 -0.000000 3.273804 0.305947 -0.580110 21.486790 11.830361 2.266132 8.162916 0.000003 0.000000 18.399054 -3.798979 -4.940567 0.000003 -0.000003 -0.000001 18.224442 -1.046593 -10.062499 -0.102041 -0.362949 23.958549 -13.907169 10.767902 -4.089291 1.641205 -1.944850 -1.645026 0.000000 -0.000000 0.000002 2.417069 2.999211 18.334904 -0.058676 0.068731 6.506711 7.607407 -6.735574 -13.025054 -1.471011 1.238186 -1.141888 -0.000000 -0.000000 -0.000001 
-0.052146 96.635651 -0.129011 -5.749397 1.126699 -10.253895 3.342027 0.026226 -1.545129 0.158176 -0.449949 -5.170876 3.788744 -2.688098 11.575449 -1.519197 3.742249 13.642467 0.410144 3.216669 -3.767368 -3.821942 4.791165 -7.737192 0.000077 -0.000023 0.000006 0.005552 -0.139995 0.121092 0.674427 -3.873858 -10.581576 -0.671661 3.581812 -10.595199 -17.232666 -17.129438 9.827840 -25.796528 -27.294712 -20.528349 -178.690033 -74.270760 178.897568 10.663792 4.548191 14.816956 -5.882102 9.861278 0.702590 -10.936858 -0.360575 7.156197 0.000000 8.774812 -0.000002 -16.762854 17.577492 5.689441 -1.844031 2.498503 -2.507278 -10.163589 4.678939 4.621104 -20.975994 -0.000005 0.000005 -21.226254 2.451692 -3.593992 0.000002 -0.000006 -0.000000 -1.362679 2.240796 -0.746322 -21.334892 0.584907 3.008322 -13.821197 -0.000002 0.000004 -23.887133 -0.249080 -0.839478 -61.477520 2.571335 -1.631951 -0.294024 1.679686 0.833254 -14.218192 0.093214 1.300579 -34.212013 -0.287565 0.967172 -20.033176 0.964535 1.212843 -0.000000 0.000000 0.000000 -3.440384 0.788232 0.501654 -15.928165 -3.167307 2.999704 -6.338817 0.000000 0.000002 -18.123413 3.648175 -4.905658 -0.000003 0.000002 -0.000002 17.355591 18.637806 12.382333 49.240738 45.667400 11.885712 179.597473 56.749298 179.981552 -18.017784 6.388617 -6.348084 2.243540 -5.255033 -3.180155 14.282873 -0.826594 6.952497 -0.000002 -12.690591 0.000000 15.962969 -17.920897 2.609814 1.665664 -1.955919 -2.878297 4.727793 -4.170583 4.993919 11.020512 0.000002 0.000000 12.109033 -3.735709 -2.866781 0.000001 0.000001 0.000002 1.291985 -1.928548 -1.498088 14.800111 0.567468 3.865604 14.242554 -1.341736 -6.660648 19.631937 0.143927 -0.648244 49.393654 -0.479698 -5.919636 0.353030 -1.511149 -0.031941 20.222765 3.684305 2.316627 18.787243 0.000005 -0.000001 10.751610 -0.479867 1.397904 -0.000001 0.000000 0.000000 3.273805 0.305946 -0.580110 21.486790 11.830360 2.266131 8.162915 0.000002 0.000000 18.399046 -3.798978 -4.940568 0.000004 -0.000002 -0.000001 18.183338 -1.046035 -10.037822 -0.096537 -0.368578 23.938677 -13.925283 10.761462 -4.081341 1.637110 -1.949162 -1.626693 -0.000000 0.000000 0.000002 2.360603 2.906756 18.387794 -0.065736 0.078934 6.433926 7.593753 -6.677282 -12.991158 -1.468776 1.233682 -1.150765 -0.000000 0.000000 -0.000001 
-0.048346 96.644241 -0.163907 -5.735040 1.142624 -10.261564 3.334889 0.030538 -1.562649 0.159359 -0.436223 -5.174586 3.797182 -2.673688 11.538186 -1.525926 3.743582 13.602324 0.419786 3.200180 -3.764443 -3.847708 4.854564 -7.725229 0.000077 -0.000023 0.000006 0.005398 -0.136668 0.116782 0.680207 -3.866024 -10.581216 -0.678426 3.597244 -10.595538 -17.194563 -17.160503 9.848016 -25.770605 -27.273897 -20.568253 -178.865036 -74.218117 179.048157 10.638224 4.567130 14.835336 -5.882100 9.861278 0.702592 -10.936858 -0.360575 7.156199 0.000001 8.774814 -0.000001 -16.703938 17.588984 5.683214 -1.844030 2.498506 -2.507278 -10.163589 4.678939 4.621105 -20.975994 -0.000004 0.000004 -21.226254 2.451690 -3.593992 0.000000 -0.000006 0.000000 -1.362680 2.240795 -0.746323 -21.334892 0.584909 3.008322 -13.821197 -0.000004 0.000004 -23.887133 -0.249080 -0.839478 -61.405209 2.606601 -1.671575 -0.294026 1.679687 0.833257 -14.218190 0.093213 1.300579 -34.211998 -0.287565 0.967171 -20.033176 0.964534 1.212844 -0.000000 0.000000 0.000000 -3.440385 0.788231 0.501654 -15.928167 -3.167309 2.999703 -6.338817 0.000001 0.000002 -18.123413 3.648175 -4.905661 -0.000003 0.000002 -0.000002 17.338530 18.629789 12.382505 49.183315 45.696167 11.813687 179.591110 56.685963 -179.924011 -17.974073 6.312168 -6.358054 2.243539 -5.255033 -3.180154 14.282878 -0.826594 6.952495 -0.000001 -12.690592 0.000000 15.983762 -17.961235 2.617877 1.665665 -1.955920 -2.878295 4.727794 -4.170584 4.993918 11.020512 0.000003 -0.000001 12.109031 -3.735709 -2.866780 0.000001 0.000000 0.000001 1.291984 -1.928547 -1.498087 14.800113 0.567468 3.865605 14.242553 -1.341735 -6.660650 19.631939 0.143925 -0.648245 49.423840 -0.500645 -5.988155 0.353029 -1.511150 -0.031940 20.222771 3.684304 2.316628 18.787245 0.000005 -0.000001 10.751610 -0.479867 1.397904 -0.000001 0.000001 -0.000001 3.273803 0.305947 -0.580111 21.486790 11.830361 2.266130 8.162917 0.000002 0.000000 18.399055 -3.798978 -4.940568 0.000003 -0.000002 -0.000001 18.157873 -1.034213 -10.023719 -0.088671 -0.366099 23.868380 -13.932254 10.759519 -4.020270 1.636710 -1.952964 -1.638354 0.000000 0.000000 0.000002 2.312165 2.838225 18.374655 -0.066938 0.072233 6.451256 7.615009 -6.592729 -12.963209 -1.466910 1.229676 -1.117447 -0.000000 0.000000 -0.000001 
-0.040607 96.661812 -0.192851 -5.736029 1.153551 -10.262124 3.337412 0.035342 -1.583722 0.158006 -0.443555 -5.171142 3.806470 -2.651908 11.499106 -1.541227 3.760973 13.570023 0.416917 3.218806 -3.765607 -3.856148 4.911997 -7.729195 0.000077 -0.000023 0.000006 0.006916 -0.129954 0.113821 0.681056 -3.853868 -10.572202 -0.674621 3.599933 -10.592271 -17.162521 -17.202749 9.850773 -25.728439 -27.233894 -20.612831 -178.944748 -74.161087 179.165100 10.657800 4.591753 14.809881 -5.882102 9.861277 0.702589 -10.936859 -0.360575 7.156198 -0.000001 8.774812 -0.000001 -16.721752 17.598362 5.675926 -1.844033 2.498503 -2.507275 -10.163589 4.678938 4.621104 -20.975996 -0.000003 0.000005 -21.226254 2.451696 -3.593992 0.000001 -0.000005 -0.000000 -1.362680 2.240795 -0.746321 -21.334896 0.584908 3.008320 -13.821197 -0.000001 0.000003 -23.887133 -0.249078 -0.839482 -61.407135 2.616411 -1.640828 -0.294027 1.679687 0.833256 -14.218194 0.093213 1.300579 -34.212013 -0.287565 0.967172 -20.033178 0.964536 1.212843 -0.000000 0.000000 0.000000 -3.440387 0.788233 0.501656 -15.928169 -3.167308 2.999704 -6.338817 0.000002 0.000001 -18.123413 3.648178 -4.905660 -0.000003 0.000001 -0.000002 17.356518 18.631012 12.396730 49.117908 45.770267 11.797411 179.658112 56.633823 -179.819794 -17.972435 6.225743 -6.317945 2.243539 -5.255033 -3.180154 14.282877 -0.826594 6.952495 -0.000001 -12.690591 0.000001 16.064442 -17.990122 2.631371 1.665666 -1.955921 -2.878296 4.727793 -4.170585 4.993917 11.020512 0.000002 -0.000002 12.109032 -3.735712 -2.866779 0.000000 -0.000000 0.000001 1.291984 -1.928548 -1.498088 14.800109 0.567469 3.865602 14.242553 -1.341735 -6.660649 19.631933 0.143926 -0.648246 49.442127 -0.505902 -6.013806 0.353029 -1.511150 -0.031941 20.222765 3.684307 2.316629 18.787245 0.000005 -0.000000 10.751608 -0.479868 1.397904 -0.000001 0.000000 0.000000 3.273803 0.305946 -0.580111 21.486788 11.830364 2.266130 8.162916 0.000002 -0.000001 18.399050 -3.798981 -4.940567 0.000003 -0.000001 -0.000001 18.147730 -1.045740 -9.997114 -0.085545 -0.360624 23.768940 -13.913338 10.766738 -3.950523 1.639617 -1.956483 -1.671503 0.000000 0.000000 0.000002 2.293136 2.817881 18.354326 -0.061173 0.055143 6.473318 7.656547 -6.547596 -12.891713 -1.465265 1.230341 -1.116460 -0.000000 0.000000 -0.000001 
-0.044803 96.677208 -0.241247 -5.748949 1.139692 -10.268566 3.345127 0.033970 -1.597279 0.162035 -0.451421 -5.181303 3.812122 -2.637388 11.485350 -1.582159 3.771382 13.512218 0.415704 3.299276 -3.779209 -3.839676 4.924447 -7.709846 0.000077 -0.000023 0.000006 0.007035 -0.127115 0.110362 0.678226 -3.856045 -10.587651 -0.671380 3.605626 -10.605749 -17.123020 -17.239826 9.805989 -25.637348 -27.150507 -20.551594 -179.401520 -74.117668 179.653015 10.690182 4.573983 14.738574 -5.882105 9.861279 0.702589 -10.936860 -0.360575 7.156197 -0.000001 8.774815 -0.000001 -16.716835 17.588774 5.671267 -1.844033 2.498504 -2.507274 -10.163590 4.678941 4.621103 -20.975998 -0.000003 0.000002 -21.226255 2.451691 -3.593994 0.000001 -0.000005 -0.000000 -1.362680 2.240797 -0.746323 -21.334892 0.584910 3.008319 -13.821197 -0.000000 0.000003 -23.887131 -0.249078 -0.839483 -61.414013 2.598995 -1.632804 -0.294024 1.679687 0.833255 -14.218195 0.093216 1.300579 -34.212002 -0.287565 0.967168 -20.033180 0.964535 1.212841 -0.000000 0.000000 0.000000 -3.440387 0.788233 0.501656 -15.928167 -3.167306 2.999703 -6.338817 -0.000001 0.000001 -18.123413 3.648177 -4.905663 -0.000004 0.000001 -0.000002 17.371258 18.633823 12.398628 49.037041 45.793766 11.816198 179.748978 56.595039 -179.719070 -17.965240 6.132449 -6.355291 2.243540 -5.255033 -3.180157 14.282877 -0.826593 6.952498 -0.000004 -12.690591 -0.000000 16.095720 -17.980467 2.661752 1.665666 -1.955920 -2.878299 4.727793 -4.170583 4.993918 11.020514 0.000004 -0.000001 12.109036 -3.735712 -2.866778 0.000000 0.000001 0.000000 1.291984 -1.928547 -1.498089 14.800113 0.567469 3.865605 14.242551 -1.341734 -6.660648 19.631939 0.143927 -0.648244 49.403515 -0.490659 -5.993457 0.353029 -1.511149 -0.031940 20.222771 3.684309 2.316627 18.787247 0.000007 0.000000 10.751610 -0.479867 1.397904 -0.000001 0.000000 0.000000 3.273804 0.305947 -0.580110 21.486795 11.830367 2.266131 8.162916 0.000003 0.000001 18.399054 -3.798979 -4.940565 0.000003 -0.000002 -0.000001 18.167530 -1.071959 -9.965477 -0.093744 -0.349706 23.662676 -13.895928 10.790008 -3.872977 1.640788 -1.963395 -1.695786 -0.000000 0.000000 0.000002 2.309481 2.825002 18.330561 -0.070079 0.053015 6.491680 7.710728 -6.561001 -12.833153 -1.463867 1.228674 -1.128930 -0.000000 0.000000 -0.000001 
-0.074935 96.694061 -0.298856 -5.766749 1.101418 -10.277336 3.349591 0.032021 -1.609292 0.168607 -0.455163 -5.184583 3.824072 -2.609632 11.476630 -1.622462 3.775714 13.442941 0.428007 3.378301 -3.782562 -3.828108 4.909217 -7.664624 0.000077 -0.000023 0.000006 0.006436 -0.124167 0.109529 0.674853 -3.856174 -10.600658 -0.669398 3.600640 -10.619247 -17.085800 -17.271761 9.731432 -25.570023 -27.069784 -20.490143 -179.748795 -74.095268 -179.956192 10.750242 4.569922 14.593359 -5.882100 9.861277 0.702589 -10.936860 -0.360576 7.156198 -0.000000 8.774813 -0.000002 -16.724651 17.560083 5.712783 -1.844031 2.498501 -2.507277 -10.163589 4.678938 4.621104 -20.975994 -0.000004 0.000003 -21.226250 2.451692 -3.593992 0.000001 -0.000005 -0.000000 -1.362680 2.240797 -0.746322 -21.334890 0.584905 3.008321 -13.821197 -0.000002 0.000004 -23.887129 -0.249079 -0.839479 -61.469959 2.591990 -1.591244 -0.294025 1.679686 0.833255 -14.218194 0.093214 1.300578 -34.212002 -0.287565 0.967170 -20.033180 0.964534 1.212842 0.000000 0.000000 0.000000 -3.440385 0.788231 0.501655 -15.928167 -3.167307 2.999702 -6.338817 0.000000 0.000001 -18.123413 3.648175 -4.905661 -0.000004 -0.000000 -0.000002 17.376228 18.613096 12.406645 48.993553 45.789608 11.791710 179.742111 56.564735 -179.694321 -17.948246 6.077739 -6.399102 2.243541 -5.255033 -3.180156 14.282875 -0.826593 6.952496 -0.000001 -12.690590 0.000000 16.097162 -17.991192 2.685479 1.665663 -1.955921 -2.878296 4.727793 -4.170584 4.993918 11.020513 0.000002 -0.000002 12.109032 -3.735709 -2.866780 0.000000 0.000001 0.000001 1.291984 -1.928548 -1.498087 14.800109 0.567468 3.865602 14.242554 -1.341735 -6.660649 19.631937 0.143925 -0.648243 49.338345 -0.478729 -5.975572 0.353029 -1.511149 -0.031940 20.222767 3.684306 2.316629 18.787245 0.000005 -0.000001 10.751610 -0.479869 1.397905 -0.000001 0.000000 0.000000 3.273804 0.305946 -0.580111 21.486792 11.830361 2.266133 8.162914 0.000003 0.000001 18.399054 -3.798981 -4.940568 0.000003 -0.000002 -0.000001 18.207428 -1.097471 -9.906980 -0.089678 -0.341420 23.512991 -13.898366 10.863950 -3.773386 1.640390 -1.966861 -1.744198 -0.000000 0.000000 0.000002 2.332288 2.866597 18.287306 -0.071670 0.041915 6.537041 7.756554 -6.579058 -12.772545 -1.463114 1.230185 -1.146322 -0.000000 0.000000 -0.000001 
-0.073155 96.716469 -0.301312 -5.783378 1.080651 -10.295235 3.351400 0.028996 -1.616414 0.170826 -0.475781 -5.184175 3.834022 -2.573618 11.474420 -1.663736 3.775914 13.396891 0.443186 3.450598 -3.787456 -3.812208 4.884066 -7.644481 0.000077 -0.000023 0.000006 0.008256 -0.123670 0.112127 0.672870 -3.854655 -10.612932 -0.665497 3.606165 -10.633393 -17.058390 -17.318295 9.675636 -25.515434 -26.989895 -20.428715 179.854492 -74.047180 -179.570755 10.779515 4.601304 14.488838 -5.882101 9.861278 0.702591 -10.936858 -0.360573 7.156197 0.000000 8.774810 -0.000001 -16.699244 17.524082 5.756469 -1.844032 2.498503 -2.507275 -10.163589 4.678941 4.621104 -20.975992 -0.000002 0.000002 -21.226255 2.451690 -3.593994 0.000001 -0.000005 -0.000000 -1.362679 2.240796 -0.746324 -21.334894 0.584908 3.008321 -13.821197 -0.000003 0.000003 -23.887133 -0.249080 -0.839482 -61.503876 2.581217 -1.561204 -0.294024 1.679684 0.833255 -14.218194 0.093217 1.300580 -34.212002 -0.287564 0.967168 -20.033176 0.964537 1.212840 -0.000000 0.000000 0.000001 -3.440383 0.788232 0.501655 -15.928167 -3.167305 2.999702 -6.338818 -0.000002 0.000001 -18.123413 3.648176 -4.905659 -0.000004 0.000002 -0.000003 17.375071 18.611107 12.406880 48.946030 45.775055 11.664118 179.714783 56.603119 -179.720383 -17.899094 6.036799 -6.485148 2.243540 -5.255032 -3.180156 14.282875 -0.826594 6.952496 -0.000001 -12.690591 0.000001 16.017851 -17.965681 2.697440 1.665664 -1.955919 -2.878297 4.727795 -4.170584 4.993919 11.020512 0.000003 -0.000001 12.109033 -3.735712 -2.866779 0.000000 -0.000000 0.000001 1.291983 -1.928547 -1.498090 14.800111 0.567467 3.865604 14.242553 -1.341735 -6.660649 19.631937 0.143926 -0.648241 49.237942 -0.476202 -5.947111 0.353029 -1.511149 -0.031940 20.222769 3.684306 2.316628 18.787247 0.000004 -0.000001 10.751611 -0.479869 1.397903 -0.000001 0.000000 0.000000 3.273805 0.305946 -0.580110 21.486790 11.830363 2.266130 8.162917 0.000001 -0.000001 18.399052 -3.798979 -4.940567 0.000004 -0.000002 -0.000001 18.223885 -1.124535 -9.822569 -0.091200 -0.339409 23.394928 -13.893980 10.935670 -3.727634 1.638991 -1.977863 -1.785829 0.000000 0.000000 0.000002 2.345223 2.877059 18.351967 -0.071375 0.042339 6.392222 7.767608 -6.607502 -12.636642 -1.463835 1.226988 -1.207351 -0.000000 0.000000 -0.000001 
-0.072572 96.717766 -0.357714 -5.800846 1.056487 -10.322227 3.356641 0.005591 -1.611267 0.168943 -0.483943 -5.177096 3.837350 -2.538789 11.476303 -1.696393 3.782001 13.352333 0.481257 3.490648 -3.785582 -3.799563 4.890070 -7.657248 0.000077 -0.000023 0.000006 0.008130 -0.126504 0.116563 0.669070 -3.855134 -10.607746 -0.661357 3.606955 -10.619349 -17.041546 -17.326473 9.654383 -25.477167 -26.957966 -20.392113 179.541519 -74.053169 -179.259689 10.763505 4.650795 14.428612 -5.882100 9.861281 0.702590 -10.936856 -0.360576 7.156196 -0.000000 8.774814 -0.000000 -16.700478 17.499594 5.762919 -1.844029 2.498503 -2.507275 -10.163589 4.678937 4.621102 -20.975994 -0.000003 0.000002 -21.226254 2.451693 -3.593993 0.000000 -0.000005 -0.000000 -1.362679 2.240797 -0.746321 -21.334885 0.584908 3.008321 -13.821194 -0.000002 0.000006 -23.887125 -0.249080 -0.839479 -61.501232 2.577463 -1.593247 -0.294024 1.679687 0.833256 -14.218190 0.093213 1.300579 -34.211998 -0.287563 0.967174 -20.033180 0.964534 1.212843 -0.000000 0.000000 0.000000 -3.440385 0.788232 0.501655 -15.928167 -3.167306 2.999704 -6.338819 0.000002 0.000002 -18.123411 3.648176 -4.905660 -0.000004 0.000002 -0.000002 17.374147 18.570013 12.433204 48.964031 45.754795 11.574435 179.645950 56.573071 -179.776871 -17.838276 5.982434 -6.645061 2.243540 -5.255033 -3.180155 14.282875 -0.826594 6.952495 -0.000002 -12.690590 0.000000 15.982449 -17.980150 2.724362 1.665665 -1.955920 -2.878295 4.727795 -4.170584 4.993920 11.020508 0.000002 -0.000002 12.109032 -3.735710 -2.866782 0.000000 0.000000 0.000001 1.291985 -1.928548 -1.498088 14.800113 0.567467 3.865603 14.242553 -1.341737 -6.660649 19.631937 0.143924 -0.648245 49.207417 -0.468383 -5.922079 0.353028 -1.511149 -0.031939 20.222765 3.684305 2.316630 18.787245 0.000004 -0.000001 10.751610 -0.479869 1.397905 -0.000000 0.000000 0.000000 3.273804 0.305947 -0.580110 21.486788 11.830361 2.266132 8.162916 0.000002 0.000000 18.399054 -3.798980 -4.940568 0.000003 -0.000002 -0.000002 18.241602 -1.174434 -9.808689 -0.094732 -0.340848 23.364162 -13.891006 11.015323 -3.693939 1.638614 -1.978093 -1.816540 -0.000000 -0.000000 0.000002 2.360144 2.870220 18.357868 -0.062456 0.040941 6.395008 7.766432 -6.621846 -12.623410 -1.465285 1.222842 -1.246917 0.000000 -0.000000 -0.000001 
-0.059352 96.728836 -0.368587 -5.829639 1.031754 -10.361065 3.361578 -0.009775 -1.594146 0.168734 -0.501212 -5.180010 3.837524 -2.518052 11.502996 -1.721151 3.779323 13.318181 0.526981 3.519956 -3.783184 -3.795239 4.915891 -7.701822 0.000077 -0.000023 0.000006 0.007828 -0.126980 0.116513 0.666702 -3.858501 -10.598569 -0.659221 3.601719 -10.603088 -17.011000 -17.315693 9.683444 -25.459440 -26.977924 -20.466391 179.523392 -74.039940 -179.263077 10.733630 4.745656 14.322621 -5.882104 9.861280 0.702590 -10.936859 -0.360576 7.156196 -0.000001 8.774814 -0.000002 -16.639938 17.478167 5.800655 -1.844033 2.498503 -2.507275 -10.163591 4.678939 4.621101 -20.975996 -0.000002 0.000002 -21.226255 2.451691 -3.593995 0.000001 -0.000006 -0.000000 -1.362682 2.240797 -0.746321 -21.334887 0.584906 3.008319 -13.821197 -0.000002 0.000002 -23.887133 -0.249079 -0.839483 -61.472935 2.580225 -1.584938 -0.294026 1.679686 0.833255 -14.218195 0.093213 1.300579 -34.212002 -0.287565 0.967168 -20.033178 0.964536 1.212840 0.000000 0.000000 -0.000001 -3.440387 0.788232 0.501656 -15.928169 -3.167306 2.999703 -6.338817 0.000001 0.000002 -18.123415 3.648176 -4.905663 -0.000004 0.000002 -0.000002 17.379272 18.541674 12.462066 49.029472 45.727276 11.490170 179.508652 56.550301 -179.903275 -17.798382 5.895478 -6.840797 2.243541 -5.255032 -3.180154 14.282875 -0.826595 6.952495 -0.000003 -12.690588 0.000001 15.972364 -17.953985 2.702260 1.665665 -1.955919 -2.878298 4.727793 -4.170583 4.993918 11.020511 0.000003 -0.000001 12.109032 -3.735710 -2.866780 0.000000 0.000000 0.000000 1.291983 -1.928548 -1.498086 14.800111 0.567468 3.865604 14.242554 -1.341735 -6.660649 19.631937 0.143926 -0.648244 49.210777 -0.475522 -5.907711 0.353029 -1.511149 -0.031941 20.222767 3.684304 2.316629 18.787245 0.000003 -0.000001 10.751610 -0.479867 1.397902 -0.000001 -0.000000 -0.000000 3.273804 0.305947 -0.580110 21.486788 11.830361 2.266127 8.162916 0.000001 -0.000001 18.399048 -3.798981 -4.940567 0.000003 -0.000001 -0.000001 18.261757 -1.220619 -9.744720 -0.092229 -0.340852 23.320976 -13.871100 11.093322 -3.681434 1.636149 -1.988373 -1.850536 0.000000 -0.000000 0.000002 2.379850 2.858876 18.450830 -0.058247 0.029549 6.229609 7.738428 -6.616614 -12.511503 -1.466551 1.222774 -1.290985 0.000000 0.000000 -0.000001 
-0.077852 96.723404 -0.426823 -5.861458 1.009862 -10.395302 3.366609 -0.016874 -1.583373 0.167771 -0.504117 -5.203721 3.830194 -2.529004 11.561646 -1.712248 3.782084 13.295762 0.546365 3.547506 -3.769458 -3.805317 4.980638 -7.777982 0.000077 -0.000023 0.000006 0.008367 -0.129953 0.117395 0.664560 -3.858325 -10.589624 -0.656903 3.596355 -10.593548 -16.965040 -17.248585 9.719064 -25.472437 -27.081768 -20.638693 179.724487 -74.080238 -179.475906 10.696121 4.786170 14.235110 -5.882101 9.861278 0.702589 -10.936857 -0.360575 7.156196 -0.000001 8.774815 -0.000001 -16.609966 17.491930 5.817063 -1.844030 2.498502 -2.507278 -10.163589 4.678938 4.621102 -20.975994 -0.000003 0.000003 -21.226250 2.451692 -3.593993 0.000000 -0.000005 0.000000 -1.362681 2.240795 -0.746324 -21.334892 0.584908 3.008320 -13.821197 -0.000002 0.000003 -23.887125 -0.249078 -0.839482 -61.452389 2.567316 -1.578997 -0.294024 1.679686 0.833255 -14.218189 0.093213 1.300577 -34.212006 -0.287568 0.967167 -20.033178 0.964535 1.212840 0.000000 0.000000 -0.000001 -3.440385 0.788232 0.501654 -15.928169 -3.167305 2.999702 -6.338817 0.000000 0.000002 -18.123415 3.648176 -4.905662 -0.000004 0.000002 -0.000003 17.409641 18.539301 12.524857 49.014309 45.740543 11.417345 179.413300 56.557648 179.929062 -17.763508 5.806346 -6.923297 2.243540 -5.255033 -3.180157 14.282875 -0.826593 6.952497 -0.000002 -12.690592 0.000002 15.959106 -17.929947 2.680031 1.665666 -1.955920 -2.878298 4.727795 -4.170584 4.993918 11.020513 0.000004 -0.000001 12.109032 -3.735708 -2.866777 0.000001 0.000000 0.000001 1.291984 -1.928548 -1.498089 14.800109 0.567467 3.865602 14.242554 -1.341735 -6.660648 19.631939 0.143929 -0.648245 49.233299 -0.470310 -5.907341 0.353028 -1.511149 -0.031941 20.222767 3.684308 2.316626 18.787245 0.000007 -0.000001 10.751609 -0.479867 1.397904 0.000000 0.000000 0.000000 3.273804 0.305947 -0.580110 21.486794 11.830363 2.266131 8.162914 0.000003 0.000000 18.399052 -3.798979 -4.940566 0.000003 -0.000002 -0.000001 18.304970 -1.266137 -9.737994 -0.083679 -0.337837 23.310652 -13.850670 11.102203 -3.643147 1.633637 -1.998183 -1.895370 -0.000000 0.000000 0.000002 2.414337 2.841560 18.477621 -0.049776 0.023606 6.177127 7.711646 -6.624476 -12.509929 -1.468186 1.229366 -1.300295 0.000000 0.000000 -0.000001 
-0.082184 96.739059 -0.475494 -5.914945 0.986450 -10.423882 3.372770 -0.009870 -1.576345 0.176258 -0.498989 -5.220633 3.836949 -2.556837 11.621234 -1.705126 3.801008 13.303903 0.563363 3.557082 -3.768449 -3.812990 5.041152 -7.864816 0.000077 -0.000023 0.000006 0.007817 -0.123654 0.113987 0.663335 -3.848829 -10.597800 -0.656991 3.600843 -10.596428 -16.935375 -17.180967 9.748232 -25.471842 -27.188940 -20.812048 179.990112 -74.110817 -179.759003 10.673336 4.798559 14.216093 -5.882103 9.861278 0.702589 -10.936858 -0.360576 7.156198 -0.000001 8.774816 0.000000 -16.583298 17.510292 5.820628 -1.844032 2.498501 -2.507277 -10.163590 4.678942 4.621104 -20.975994 -0.000003 0.000000 -21.226248 2.451693 -3.593995 0.000000 -0.000005 0.000000 -1.362680 2.240797 -0.746322 -21.334887 0.584910 3.008319 -13.821194 -0.000001 0.000003 -23.887125 -0.249078 -0.839482 -61.401001 2.594923 -1.560754 -0.294023 1.679687 0.833255 -14.218190 0.093217 1.300578 -34.212002 -0.287565 0.967167 -20.033180 0.964534 1.212841 0.000000 0.000000 -0.000001 -3.440385 0.788233 0.501656 -15.928167 -3.167305 2.999703 -6.338816 0.000002 0.000001 -18.123411 3.648178 -4.905661 -0.000004 0.000001 -0.000002 17.432301 18.526527 12.577638 49.053123 45.725880 11.491422 179.425980 56.538204 179.881836 -17.705929 5.762866 -6.869253 2.243539 -5.255033 -3.180156 14.282875 -0.826591 6.952494 -0.000002 -12.690591 0.000000 15.983706 -17.936493 2.657086 1.665664 -1.955920 -2.878298 4.727792 -4.170584 4.993919 11.020513 0.000004 -0.000000 12.109030 -3.735708 -2.866780 0.000000 0.000001 0.000001 1.291985 -1.928548 -1.498087 14.800111 0.567469 3.865602 14.242553 -1.341733 -6.660648 19.631939 0.143928 -0.648242 49.289070 -0.470315 -5.931233 0.353029 -1.511150 -0.031940 20.222767 3.684309 2.316628 18.787245 0.000008 -0.000001 10.751610 -0.479866 1.397904 0.000000 0.000000 -0.000001 3.273804 0.305947 -0.580109 21.486794 11.830366 2.266128 8.162916 0.000003 0.000000 18.399050 -3.798979 -4.940567 0.000004 -0.000003 -0.000001 18.365925 -1.315249 -9.691196 -0.083219 -0.327268 23.221727 -13.813744 11.147462 -3.574032 1.633428 -2.004188 -1.917167 0.000000 -0.000000 0.000002 2.469934 2.836597 18.510258 -0.041442 0.017630 6.085905 7.679676 -6.644863 -12.392502 -1.470199 1.245716 -1.292528 0.000000 0.000000 -0.000001 
-0.082405 96.729301 -0.502018 -5.969148 0.960914 -10.437048 3.382578 0.000409 -1.569414 0.181560 -0.487507 -5.213961 3.844467 -2.597852 11.643204 -1.699474 3.815911 13.325941 0.546706 3.573159 -3.771999 -3.791662 5.082740 -7.901490 0.000077 -0.000024 0.000006 0.008726 -0.120276 0.112820 0.664147 -3.844721 -10.587783 -0.656993 3.597770 -10.599785 -16.948242 -17.121998 9.774620 -25.486732 -27.289925 -20.992420 -179.609528 -74.125977 179.854355 10.664877 4.764389 14.228199 -5.882101 9.861279 0.702590 -10.936858 -0.360576 7.156197 -0.000001 8.774814 -0.000002 -16.580297 17.531109 5.824464 -1.844030 2.498501 -2.507277 -10.163588 4.678938 4.621102 -20.975992 -0.000005 0.000004 -21.226250 2.451696 -3.593994 0.000000 -0.000006 -0.000000 -1.362681 2.240797 -0.746323 -21.334887 0.584907 3.008319 -13.821195 -0.000003 0.000004 -23.887129 -0.249080 -0.839479 -61.365887 2.609248 -1.532446 -0.294026 1.679686 0.833255 -14.218194 0.093215 1.300579 -34.211998 -0.287565 0.967169 -20.033176 0.964535 1.212842 -0.000000 -0.000001 0.000001 -3.440387 0.788233 0.501655 -15.928164 -3.167306 2.999702 -6.338814 0.000000 0.000001 -18.123411 3.648176 -4.905660 -0.000004 0.000001 -0.000002 17.444153 18.528545 12.619636 49.110737 45.698597 11.603366 179.500626 56.499264 179.866394 -17.604094 5.709699 -6.727098 2.243539 -5.255033 -3.180156 14.282877 -0.826593 6.952496 -0.000000 -12.690592 -0.000001 16.012892 -17.938574 2.672005 1.665664 -1.955920 -2.878294 4.727793 -4.170582 4.993918 11.020513 0.000003 -0.000001 12.109032 -3.735711 -2.866778 0.000001 0.000001 0.000001 1.291985 -1.928548 -1.498088 14.800109 0.567468 3.865604 14.242553 -1.341737 -6.660649 19.631937 0.143925 -0.648242 49.328968 -0.484813 -5.922515 0.353029 -1.511149 -0.031939 20.222769 3.684307 2.316628 18.787247 0.000004 0.000001 10.751611 -0.479869 1.397904 -0.000000 -0.000000 -0.000001 3.273804 0.305947 -0.580110 21.486792 11.830361 2.266134 8.162916 -0.000000 0.000002 18.399054 -3.798978 -4.940567 0.000003 -0.000002 -0.000001 18.428555 -1.359213 -9.726892 -0.085016 -0.326382 23.296265 -13.805941 11.194822 -3.603132 1.635242 -1.997061 -1.907244 -0.000000 0.000000 0.000002 2.521994 2.818612 18.556007 -0.040765 0.026712 5.913964 7.670182 -6.698634 -12.379757 -1.472169 1.256783 -1.305796 0.000000 -0.000000 -0.000001 
-0.105491 96.749565 -0.555181 -6.012368 0.923638 -10.443743 3.391598 0.017229 -1.562397 0.179627 -0.482930 -5.200250 3.851389 -2.608070 11.655893 -1.705142 3.811993 13.333156 0.543974 3.606193 -3.767543 -3.745721 5.079110 -7.871374 0.000077 -0.000023 0.000006 0.008959 -0.116870 0.110065 0.664522 -3.835099 -10.590145 -0.654783 3.602309 -10.595306 -16.993450 -17.092054 9.759636 -25.527338 -27.341969 -21.033676 -179.457382 -74.170372 179.707764 10.712089 4.634451 14.345657 -5.882101 9.861278 0.702590 -10.936858 -0.360573 7.156197 -0.000001 8.774814 0.000001 -16.578817 17.538021 5.836558 -1.844031 2.498502 -2.507275 -10.163589 4.678942 4.621107 -20.975994 -0.000004 0.000003 -21.226255 2.451693 -3.593994 0.000001 -0.000006 -0.000000 -1.362680 2.240796 -0.746323 -21.334892 0.584909 3.008320 -13.821197 -0.000001 0.000003 -23.887129 -0.249078 -0.839481 -61.389874 2.617221 -1.517080 -0.294027 1.679687 0.833256 -14.218194 0.093212 1.300578 -34.211998 -0.287563 0.967169 -20.033180 0.964535 1.212840 0.000000 -0.000001 0.000001 -3.440385 0.788232 0.501654 -15.928167 -3.167306 2.999704 -6.338818 0.000000 0.000002 -18.123413 3.648180 -4.905662 -0.000004 0.000002 -0.000002 17.478912 18.512192 12.617566 49.242718 45.632156 11.753837 179.519211 56.483040 179.851624 -17.480080 5.683594 -6.625328 2.243539 -5.255031 -3.180156 14.282877 -0.826595 6.952495 -0.000002 -12.690586 0.000002 16.046167 -17.925756 2.708290 1.665666 -1.955920 -2.878297 4.727793 -4.170583 4.993918 11.020512 0.000003 -0.000002 12.109034 -3.735709 -2.866781 0.000000 0.000001 0.000002 1.291984 -1.928547 -1.498086 14.800109 0.567467 3.865604 14.242553 -1.341733 -6.660648 19.631937 0.143928 -0.648243 49.312481 -0.487433 -5.873472 0.353029 -1.511149 -0.031941 20.222771 3.684305 2.316626 18.787245 0.000005 -0.000001 10.751612 -0.479867 1.397903 0.000000 -0.000001 0.000001 3.273803 0.305947 -0.580109 21.486790 11.830360 2.266129 8.162917 0.000001 -0.000001 18.399050 -3.798979 -4.940567 0.000003 -0.000002 -0.000002 18.488729 -1.397752 -9.673161 -0.082929 -0.330863 23.154284 -13.781649 11.297151 -3.509906 1.636904 -1.996326 -1.898165 0.000000 -0.000000 0.000002 2.566976 2.798228 18.529049 -0.041293 0.041355 5.910878 7.669417 -6.738121 -12.279108 -1.473983 1.260904 -1.294189 -0.000000 -0.000000 -0.000001 
-0.111616 96.763649 -0.625131 -6.045307 0.909080 -10.448021 3.392346 0.000599 -1.555687 0.176071 -0.455236 -5.200506 3.857845 -2.605174 11.673574 -1.714453 3.812680 13.349730 0.541791 3.609290 -3.768763 -3.697082 5.063302 -7.830037 0.000077 -0.000023 0.000006 0.010264 -0.116931 0.111771 0.665309 -3.839774 -10.580009 -0.652275 3.599541 -10.588058 -17.058285 -17.077690 9.719006 -25.580523 -27.354275 -21.012569 -179.275787 -74.230782 179.500702 10.767886 4.461413 14.494313 -5.882103 9.861279 0.702590 -10.936858 -0.360574 7.156197 -0.000001 8.774813 -0.000001 -16.548433 17.535780 5.837548 -1.844030 2.498504 -2.507277 -10.163589 4.678937 4.621102 -20.975992 -0.000003 0.000003 -21.226254 2.451692 -3.593994 0.000001 -0.000006 -0.000000 -1.362679 2.240796 -0.746322 -21.334892 0.584908 3.008321 -13.821197 -0.000000 0.000004 -23.887129 -0.249077 -0.839481 -61.330219 2.608405 -1.559328 -0.294024 1.679684 0.833255 -14.218190 0.093215 1.300579 -34.212002 -0.287562 0.967169 -20.033176 0.964534 1.212840 0.000000 -0.000001 0.000000 -3.440386 0.788232 0.501656 -15.928163 -3.167306 2.999702 -6.338814 0.000002 0.000002 -18.123411 3.648175 -4.905661 -0.000003 0.000001 -0.000002 17.507729 18.485910 12.593302 49.344471 45.548031 11.816732 179.581696 56.496040 179.903534 -17.316175 5.702426 -6.543674 2.243540 -5.255033 -3.180155 14.282877 -0.826593 6.952495 -0.000000 -12.690588 0.000000 16.058777 -17.893433 2.708705 1.665665 -1.955920 -2.878295 4.727793 -4.170582 4.993918 11.020513 0.000004 -0.000001 12.109032 -3.735708 -2.866780 0.000000 -0.000000 0.000002 1.291985 -1.928548 -1.498089 14.800111 0.567467 3.865604 14.242554 -1.341732 -6.660648 19.631939 0.143925 -0.648244 49.327877 -0.484707 -5.868401 0.353028 -1.511150 -0.031941 20.222769 3.684307 2.316626 18.787245 0.000006 -0.000002 10.751610 -0.479867 1.397903 0.000000 0.000001 0.000001 3.273804 0.305946 -0.580109 21.486794 11.830361 2.266130 8.162916 0.000003 -0.000001 18.399052 -3.798977 -4.940567 0.000003 -0.000003 -0.000001 18.522146 -1.463007 -9.662508 -0.079743 -0.327040 23.053598 -13.770850 11.383154 -3.428134 1.636487 -2.003591 -1.872818 -0.000000 0.000000 0.000002 2.601169 2.775830 18.475647 -0.035837 0.043230 5.973008 7.645976 -6.748189 -12.222857 -1.472241 1.247193 -1.297776 -0.000000 -0.000000 -0.000001 
-0.110727 96.780327 -0.639434 -6.069095 0.898399 -10.458162 3.388578 -0.003741 -1.555341 0.171306 -0.465313 -5.196710 3.854005 -2.575857 11.699666 -1.702312 3.808061 13.348927 0.564822 3.609017 -3.755569 -3.682901 5.029103 -7.792339 0.000077 -0.000023 0.000006 0.010861 -0.120280 0.115138 0.667724 -3.845256 -10.584198 -0.654119 3.603210 -10.589446 -17.114754 -17.090353 9.666781 -25.660002 -27.343384 -20.981888 -179.035385 -74.283554 179.247513 10.844842 4.282736 14.639956 -5.882102 9.861278 0.702588 -10.936858 -0.360575 7.156194 0.000000 8.774812 -0.000001 -16.515762 17.504032 5.834377 -1.844032 2.498502 -2.507276 -10.163589 4.678939 4.621103 -20.975994 -0.000005 0.000002 -21.226255 2.451692 -3.593993 -0.000000 -0.000005 0.000000 -1.362681 2.240796 -0.746322 -21.334890 0.584908 3.008317 -13.821197 -0.000003 0.000001 -23.887131 -0.249080 -0.839483 -61.278595 2.598544 -1.589227 -0.294025 1.679686 0.833256 -14.218192 0.093215 1.300578 -34.212006 -0.287568 0.967166 -20.033180 0.964531 1.212839 -0.000000 -0.000002 0.000000 -3.440386 0.788232 0.501656 -15.928169 -3.167306 2.999702 -6.338815 0.000000 0.000000 -18.123415 3.648174 -4.905658 -0.000004 0.000002 -0.000002 17.546482 18.456886 12.552373 49.421772 45.455994 11.817010 179.513123 56.506298 179.843964 -17.193106 5.728804 -6.575318 2.243539 -5.255033 -3.180153 14.282878 -0.826594 6.952497 -0.000001 -12.690591 -0.000002 16.027094 -17.874929 2.697241 1.665664 -1.955920 -2.878296 4.727793 -4.170584 4.993918 11.020513 0.000003 -0.000001 12.109031 -3.735710 -2.866780 0.000001 -0.000000 -0.000000 1.291985 -1.928548 -1.498088 14.800113 0.567468 3.865606 14.242553 -1.341735 -6.660649 19.631939 0.143926 -0.648241 49.317127 -0.479002 -5.868410 0.353027 -1.511150 -0.031939 20.222767 3.684307 2.316629 18.787245 0.000005 -0.000000 10.751610 -0.479868 1.397904 -0.000000 -0.000000 -0.000001 3.273804 0.305946 -0.580109 21.486795 11.830366 2.266131 8.162916 0.000002 0.000000 18.399048 -3.798977 -4.940567 0.000004 -0.000001 -0.000001 18.545588 -1.505826 -9.614919 -0.083274 -0.325658 22.966570 -13.748744 11.425966 -3.384961 1.633994 -1.993884 -1.873362 -0.000000 0.000000 0.000002 2.628376 2.773002 18.491606 -0.038419 0.046958 5.931185 7.610241 -6.752049 -12.123088 -1.471533 1.234504 -1.299752 -0.000000 -0.000000 -0.000001 
-0.102181 96.768356 -0.691592 -6.086250 0.892888 -10.461514 3.385463 -0.009917 -1.555103 0.166870 -0.459747 -5.186432 3.830632 -2.581630 11.723469 -1.683523 3.828043 13.339069 0.587431 3.592212 -3.754600 -3.683879 5.025043 -7.765475 0.000077 -0.000023 0.000006 0.011340 -0.120287 0.116118 0.673250 -3.847793 -10.581043 -0.658077 3.601874 -10.580933 -17.144426 -17.107231 9.606393 -25.767056 -27.351036 -20.951199 -178.821564 -74.325462 179.095032 10.887754 4.134402 14.534471 -5.882098 9.861278 0.702590 -10.936858 -0.360575 7.156197 0.000000 8.774813 -0.000001 -16.456827 17.489441 5.851775 -1.844030 2.498500 -2.507275 -10.163589 4.678937 4.621104 -20.975994 -0.000005 0.000003 -21.226248 2.451692 -3.593992 -0.000000 -0.000007 0.000002 -1.362680 2.240795 -0.746323 -21.334892 0.584908 3.008323 -13.821197 -0.000001 0.000004 -23.887131 -0.249081 -0.839479 -61.230831 2.604389 -1.595803 -0.294025 1.679687 0.833253 -14.218192 0.093214 1.300581 -34.211998 -0.287565 0.967173 -20.033178 0.964535 1.212843 -0.000001 -0.000002 0.000000 -3.440384 0.788233 0.501657 -15.928167 -3.167306 2.999707 -6.338816 0.000001 0.000003 -18.123411 3.648177 -4.905659 -0.000004 0.000001 -0.000002 17.581772 18.450800 12.488961 49.533512 45.398735 11.866920 179.436981 56.552555 179.730011 -17.161114 5.752194 -6.647460 2.243540 -5.255033 -3.180156 14.282877 -0.826596 6.952497 -0.000001 -12.690592 0.000001 16.035168 -17.858543 2.684033 1.665664 -1.955919 -2.878297 4.727793 -4.170585 4.993922 11.020513 0.000003 0.000000 12.109028 -3.735710 -2.866779 0.000001 0.000001 0.000002 1.291984 -1.928548 -1.498089 14.800109 0.567468 3.865608 14.242551 -1.341736 -6.660648 19.631937 0.143925 -0.648242 49.339592 -0.482450 -5.914353 0.353029 -1.511150 -0.031941 20.222767 3.684306 2.316629 18.787243 0.000004 0.000001 10.751610 -0.479869 1.397904 0.000000 0.000000 -0.000001 3.273804 0.305946 -0.580109 21.486790 11.830363 2.266131 8.162916 0.000002 -0.000001 18.399050 -3.798983 -4.940566 0.000004 -0.000003 -0.000002 18.556337 -1.537880 -9.677739 -0.082536 -0.328261 23.029442 -13.752487 11.474046 -3.389995 1.633699 -1.987702 -1.900220 -0.000000 0.000000 0.000002 2.650353 2.799835 18.457090 -0.040666 0.038772 5.961885 7.590864 -6.728329 -12.175814 -1.471513 1.220141 -1.323807 -0.000000 -0.000000 -0.000001 
-0.077538 96.762901 -0.724486 -6.094810 0.851171 -10.466373 3.387296 0.015235 -1.540806 0.160664 -0.484261 -5.192513 3.799845 -2.572471 11.754128 -1.682345 3.824075 13.329928 0.592232 3.630282 -3.760629 -3.691673 5.023451 -7.768575 0.000077 -0.000023 0.000006 0.010246 -0.130443 0.116357 0.676919 -3.854375 -10.580243 -0.663678 3.588021 -10.579305 -17.167864 -17.097830 9.566755 -25.828390 -27.336451 -20.895447 -178.819336 -74.332481 179.115646 10.942319 4.047698 14.452000 -5.882100 9.861278 0.702589 -10.936859 -0.360577 7.156196 -0.000001 8.774813 -0.000002 -16.410690 17.480463 5.851954 -1.844032 2.498501 -2.507275 -10.163590 4.678941 4.621103 -20.976000 -0.000002 0.000001 -21.226255 2.451693 -3.593994 0.000000 -0.000006 0.000001 -1.362681 2.240795 -0.746323 -21.334890 0.584907 3.008321 -13.821198 -0.000002 0.000004 -23.887133 -0.249077 -0.839481 -61.214466 2.590876 -1.588295 -0.294024 1.679685 0.833255 -14.218194 0.093214 1.300578 -34.212006 -0.287563 0.967170 -20.033176 0.964534 1.212841 -0.000000 0.000000 0.000000 -3.440385 0.788233 0.501655 -15.928165 -3.167305 2.999703 -6.338818 -0.000001 0.000001 -18.123415 3.648175 -4.905662 -0.000004 0.000001 -0.000002 17.616873 18.468109 12.478152 49.560764 45.353531 11.915616 179.390137 56.537106 179.618149 -17.214809 5.733676 -6.786240 2.243539 -5.255033 -3.180153 14.282875 -0.826593 6.952498 -0.000001 -12.690590 -0.000001 16.041016 -17.852478 2.663481 1.665663 -1.955919 -2.878298 4.727793 -4.170583 4.993918 11.020512 0.000004 -0.000002 12.109035 -3.735709 -2.866779 0.000001 0.000000 0.000001 1.291985 -1.928548 -1.498086 14.800113 0.567468 3.865603 14.242551 -1.341735 -6.660648 19.631937 0.143926 -0.648243 49.368439 -0.470263 -5.934486 0.353028 -1.511149 -0.031939 20.222769 3.684308 2.316629 18.787247 0.000004 0.000001 10.751612 -0.479869 1.397904 -0.000000 -0.000000 -0.000001 3.273806 0.305946 -0.580109 21.486794 11.830364 2.266133 8.162916 0.000002 0.000000 18.399054 -3.798978 -4.940567 0.000003 -0.000002 -0.000002 18.506821 -1.559672 -9.758533 -0.088761 -0.335514 23.077795 -13.680895 11.558018 -3.384403 1.631975 -1.987102 -1.947656 0.000000 -0.000000 0.000002 2.674898 2.858283 18.438669 -0.049628 0.043512 5.980519 7.589291 -6.703833 -12.201920 -1.471632 1.215862 -1.360747 -0.000000 -0.000000 -0.000001 
-0.049489 96.750191 -0.757495 -6.104918 0.846840 -10.455701 3.393915 0.008803 -1.537224 0.161236 -0.464555 -5.199659 3.763392 -2.577693 11.772413 -1.701359 3.825425 13.319186 0.589381 3.634954 -3.775784 -3.674310 5.044163 -7.749206 0.000077 -0.000023 0.000006 0.008783 -0.137265 0.115906 0.677590 -3.861167 -10.580869 -0.667693 3.574123 -10.581414 -17.196407 -17.053675 9.559528 -25.864815 -27.400839 -20.810144 -179.010620 -74.356857 179.285446 10.926417 3.949424 14.403609 -5.882100 9.861278 0.702590 -10.936856 -0.360575 7.156196 0.000000 8.774815 -0.000002 -16.383434 17.479574 5.846017 -1.844031 2.498503 -2.507277 -10.163588 4.678937 4.621102 -20.975994 -0.000003 0.000001 -21.226254 2.451690 -3.593992 -0.000001 -0.000007 0.000000 -1.362679 2.240796 -0.746323 -21.334887 0.584907 3.008318 -13.821197 -0.000002 0.000003 -23.887131 -0.249080 -0.839482 -61.179020 2.581756 -1.558414 -0.294024 1.679687 0.833256 -14.218192 0.093215 1.300577 -34.211998 -0.287566 0.967167 -20.033176 0.964535 1.212839 -0.000000 -0.000001 -0.000001 -3.440384 0.788231 0.501654 -15.928167 -3.167308 2.999702 -6.338817 -0.000002 0.000002 -18.123411 3.648174 -4.905663 -0.000004 0.000001 -0.000002 17.645399 18.490629 12.494384 49.553074 45.328335 11.976624 179.449341 56.539955 179.629745 -17.235422 5.693508 -6.940394 2.243540 -5.255033 -3.180154 14.282875 -0.826594 6.952496 -0.000004 -12.690593 0.000001 16.062958 -17.867590 2.640576 1.665664 -1.955920 -2.878295 4.727792 -4.170584 4.993920 11.020514 0.000003 -0.000001 12.109029 -3.735711 -2.866779 0.000000 0.000000 0.000001 1.291984 -1.928548 -1.498088 14.800111 0.567468 3.865604 14.242554 -1.341735 -6.660648 19.631937 0.143928 -0.648243 49.387047 -0.462996 -5.957711 0.353029 -1.511151 -0.031940 20.222769 3.684308 2.316628 18.787245 0.000005 -0.000001 10.751610 -0.479868 1.397904 -0.000000 -0.000000 -0.000001 3.273805 0.305947 -0.580109 21.486788 11.830367 2.266129 8.162915 0.000002 0.000002 18.399050 -3.798981 -4.940567 0.000003 -0.000002 -0.000001 18.517563 -1.589787 -9.833272 -0.084661 -0.340808 23.178303 -13.667857 11.575786 -3.395807 1.631139 -1.989116 -2.003721 -0.000000 0.000000 0.000002 2.691972 2.871310 18.430805 -0.053299 0.050518 5.913453 7.609621 -6.718351 -12.259108 -1.471271 1.217465 -1.401959 -0.000000 -0.000000 -0.000001 
-0.049373 96.753365 -0.769856 -6.117392 0.829949 -10.444364 3.394461 0.011523 -1.526563 0.156888 -0.463032 -5.185955 3.746218 -2.574488 11.747290 -1.735593 3.817285 13.325953 0.581684 3.652827 -3.793128 -3.667395 5.033969 -7.702146 0.000077 -0.000023 0.000006 0.008140 -0.137146 0.116850 0.678275 -3.862187 -10.564701 -0.669640 3.574229 -10.575161 -17.230690 -17.028206 9.576345 -25.877604 -27.417702 -20.759417 -178.977737 -74.337456 179.274048 10.895866 3.895004 14.410668 -5.882099 9.861277 0.702590 -10.936859 -0.360575 7.156196 0.000000 8.774811 -0.000001 -16.430508 17.460426 5.814187 -1.844031 2.498501 -2.507276 -10.163589 4.678938 4.621102 -20.975998 -0.000004 0.000004 -21.226255 2.451693 -3.593992 0.000000 -0.000006 -0.000000 -1.362681 2.240795 -0.746323 -21.334890 0.584909 3.008320 -13.821198 -0.000002 0.000004 -23.887135 -0.249077 -0.839481 -61.202564 2.596075 -1.535866 -0.294024 1.679687 0.833256 -14.218195 0.093215 1.300579 -34.212006 -0.287566 0.967171 -20.033178 0.964535 1.212843 -0.000000 0.000000 0.000000 -3.440387 0.788232 0.501656 -15.928167 -3.167305 2.999704 -6.338817 -0.000001 0.000002 -18.123415 3.648174 -4.905662 -0.000004 0.000002 -0.000002 17.691101 18.521753 12.561888 49.465721 45.327160 11.948783 179.525833 56.546986 179.670685 -17.232105 5.682844 -7.044707 2.243538 -5.255033 -3.180152 14.282875 -0.826593 6.952498 -0.000002 -12.690591 -0.000001 16.050264 -17.873596 2.641459 1.665665 -1.955920 -2.878295 4.727794 -4.170585 4.993918 11.020511 0.000004 0.000000 12.109033 -3.735712 -2.866776 -0.000001 0.000000 0.000001 1.291985 -1.928548 -1.498088 14.800111 0.567467 3.865601 14.242551 -1.341735 -6.660648 19.631935 0.143926 -0.648243 49.371487 -0.439543 -5.989784 0.353029 -1.511150 -0.031941 20.222769 3.684307 2.316629 18.787245 0.000006 0.000001 10.751613 -0.479868 1.397905 -0.000000 0.000000 0.000000 3.273803 0.305948 -0.580110 21.486794 11.830367 2.266133 8.162916 0.000003 0.000000 18.399050 -3.798980 -4.940565 0.000003 -0.000002 -0.000001 18.522381 -1.633148 -9.850542 -0.069702 -0.333923 23.166018 -13.656730 11.589451 -3.376732 1.632607 -1.991894 -2.022192 -0.000000 0.000000 0.000002 2.715049 2.885470 18.424639 -0.060946 0.062832 5.861042 7.624040 -6.735741 -12.243056 -1.470225 1.223628 -1.417872 -0.000000 -0.000000 -0.000001 
-0.085551 96.750145 -0.799482 -6.127763 0.827675 -10.444317 3.394620 0.013946 -1.496452 0.151155 -0.454780 -5.185946 3.733985 -2.582702 11.715563 -1.761385 3.807800 13.346872 0.567167 3.626694 -3.801313 -3.662612 4.980906 -7.663269 0.000077 -0.000023 0.000006 0.006824 -0.133534 0.118667 0.678767 -3.854322 -10.580044 -0.670653 3.576855 -10.583817 -17.264938 -17.068453 9.623429 -25.823490 -27.428598 -20.814079 -178.950714 -74.347397 179.271835 10.827124 3.921689 14.364964 -5.882102 9.861280 0.702589 -10.936857 -0.360575 7.156199 -0.000000 8.774814 -0.000000 -16.473255 17.448847 5.819486 -1.844032 2.498506 -2.507276 -10.163589 4.678939 4.621103 -20.975994 -0.000004 0.000003 -21.226248 2.451693 -3.593992 0.000001 -0.000006 0.000001 -1.362679 2.240796 -0.746322 -21.334887 0.584907 3.008320 -13.821197 -0.000003 0.000003 -23.887129 -0.249079 -0.839481 -61.246841 2.579865 -1.500117 -0.294023 1.679688 0.833255 -14.218195 0.093215 1.300579 -34.211998 -0.287565 0.967171 -20.033180 0.964535 1.212844 -0.000000 -0.000001 0.000000 -3.440384 0.788232 0.501656 -15.928165 -3.167309 2.999704 -6.338817 0.000000 0.000002 -18.123411 3.648176 -4.905660 -0.000004 -0.000000 -0.000002 17.697752 18.560741 12.629158 49.362160 45.323879 11.851629 179.578598 56.539505 179.738922 -17.213270 5.714586 -7.138667 2.243540 -5.255031 -3.180155 14.282877 -0.826593 6.952497 -0.000002 -12.690587 0.000000 15.983535 -17.866734 2.666375 1.665664 -1.955919 -2.878298 4.727794 -4.170583 4.993919 11.020511 0.000004 0.000000 12.109032 -3.735708 -2.866777 -0.000001 0.000000 -0.000000 1.291983 -1.928548 -1.498087 14.800113 0.567468 3.865606 14.242553 -1.341735 -6.660646 19.631939 0.143926 -0.648241 49.301361 -0.432078 -6.001226 0.353028 -1.511149 -0.031940 20.222767 3.684306 2.316631 18.787249 0.000004 0.000002 10.751612 -0.479869 1.397905 -0.000000 0.000001 -0.000000 3.273803 0.305946 -0.580110 21.486790 11.830360 2.266131 8.162918 0.000001 0.000001 18.399054 -3.798979 -4.940564 0.000003 -0.000002 -0.000001 18.533186 -1.680357 -9.850513 -0.070246 -0.335731 23.130215 -13.658450 11.589204 -3.382451 1.633529 -1.995680 -2.003578 -0.000000 0.000000 0.000002 2.719821 2.875208 18.402073 -0.054915 0.055742 5.833288 7.632158 -6.725183 -12.263621 -1.467556 1.230727 -1.401445 0.000000 0.000000 -0.000001 
-0.071644 96.767433 -0.841383 -6.135855 0.839841 -10.434505 3.382655 0.026960 -1.473629 0.144583 -0.460635 -5.175458 3.732300 -2.596798 11.667743 -1.772230 3.791419 13.331483 0.562902 3.606203 -3.796540 -3.668143 4.908556 -7.619872 0.000077 -0.000022 0.000006 0.008808 -0.116313 0.122632 0.682168 -3.834106 -10.588872 -0.671136 3.600453 -10.600181 -17.286917 -17.119528 9.658508 -25.723391 -27.387131 -20.863882 -178.974930 -74.311157 179.317474 10.758814 3.990056 14.353557 -5.882099 9.861279 0.702591 -10.936859 -0.360574 7.156198 -0.000000 8.774813 -0.000001 -16.553385 17.423777 5.814112 -1.844031 2.498502 -2.507277 -10.163588 4.678941 4.621105 -20.975990 -0.000003 0.000006 -21.226246 2.451695 -3.593993 0.000001 -0.000006 0.000001 -1.362682 2.240796 -0.746323 -21.334887 0.584908 3.008322 -13.821195 -0.000002 0.000004 -23.887125 -0.249077 -0.839479 -61.319962 2.561608 -1.489833 -0.294026 1.679686 0.833254 -14.218190 0.093215 1.300580 -34.211998 -0.287562 0.967172 -20.033176 0.964538 1.212842 0.000000 -0.000001 -0.000001 -3.440387 0.788234 0.501656 -15.928165 -3.167306 2.999707 -6.338814 -0.000001 0.000002 -18.123411 3.648175 -4.905659 -0.000003 0.000002 -0.000002 17.734270 18.586006 12.697210 49.233082 45.341476 11.751938 179.627106 56.531643 179.798264 -17.218460 5.755017 -7.171772 2.243540 -5.255033 -3.180155 14.282877 -0.826594 6.952496 -0.000002 -12.690591 0.000001 15.955395 -17.854424 2.654917 1.665664 -1.955919 -2.878297 4.727795 -4.170585 4.993918 11.020513 0.000003 -0.000001 12.109030 -3.735708 -2.866780 0.000000 0.000001 0.000000 1.291984 -1.928548 -1.498088 14.800113 0.567468 3.865603 14.242553 -1.341733 -6.660648 19.631939 0.143925 -0.648242 49.276356 -0.430495 -6.025908 0.353028 -1.511149 -0.031942 20.222769 3.684306 2.316627 18.787245 0.000006 -0.000002 10.751610 -0.479866 1.397905 0.000000 0.000000 -0.000001 3.273804 0.305947 -0.580112 21.486795 11.830363 2.266133 8.162919 0.000003 0.000000 18.399050 -3.798981 -4.940567 0.000003 -0.000002 -0.000001 18.528568 -1.713211 -9.835158 -0.063527 -0.323850 23.038042 -13.641794 11.595674 -3.324952 1.634697 -1.989935 -1.963653 0.000000 -0.000000 0.000002 2.717458 2.885938 18.351210 -0.049814 0.032169 5.877535 7.644762 -6.711115 -12.199931 -1.468643 1.238720 -1.381143 0.000000 0.000000 -0.000001 
-0.083739 96.786621 -0.866833 -6.136172 0.883482 -10.415807 3.358054 0.031617 -1.460838 0.142394 -0.463382 -5.158330 3.737371 -2.609065 11.632515 -1.781488 3.770897 13.270803 0.563673 3.571376 -3.795786 -3.670231 4.854215 -7.584279 0.000077 -0.000023 0.000006 0.009641 -0.109473 0.121728 0.685309 -3.834571 -10.600763 -0.673845 3.611951 -10.615680 -17.300739 -17.182806 9.664783 -25.638514 -27.362976 -20.894190 -178.992233 -74.281967 179.366135 10.728627 4.032002 14.309692 -5.882102 9.861279 0.702590 -10.936860 -0.360575 7.156198 0.000000 8.774815 -0.000001 -16.630785 17.415510 5.798141 -1.844030 2.498502 -2.507274 -10.163590 4.678941 4.621105 -20.975994 -0.000001 0.000004 -21.226254 2.451695 -3.593995 0.000001 -0.000006 0.000001 -1.362680 2.240796 -0.746323 -21.334890 0.584910 3.008322 -13.821197 -0.000000 0.000004 -23.887131 -0.249075 -0.839484 -61.376945 2.578756 -1.486921 -0.294025 1.679687 0.833255 -14.218194 0.093216 1.300581 -34.212002 -0.287559 0.967168 -20.033178 0.964538 1.212839 0.000000 -0.000001 -0.000000 -3.440385 0.788230 0.501657 -15.928169 -3.167304 2.999707 -6.338817 -0.000002 0.000002 -18.123415 3.648177 -4.905661 -0.000004 0.000001 -0.000002 17.776442 18.593019 12.731764 49.117348 45.344566 11.660711 179.654602 56.484684 179.848282 -17.210705 5.784914 -7.237569 2.243540 -5.255032 -3.180156 14.282878 -0.826594 6.952495 -0.000003 -12.690587 -0.000001 15.916261 -17.855104 2.682832 1.665664 -1.955920 -2.878296 4.727796 -4.170582 4.993918 11.020513 0.000003 -0.000001 12.109034 -3.735710 -2.866777 -0.000001 -0.000000 0.000000 1.291983 -1.928547 -1.498087 14.800111 0.567466 3.865604 14.242554 -1.341735 -6.660648 19.631941 0.143925 -0.648245 49.294746 -0.446219 -6.011818 0.353028 -1.511149 -0.031939 20.222771 3.684305 2.316628 18.787245 0.000005 -0.000002 10.751610 -0.479869 1.397903 -0.000001 0.000000 0.000000 3.273804 0.305947 -0.580110 21.486795 11.830361 2.266132 8.162915 0.000001 -0.000001 18.399054 -3.798980 -4.940567 0.000003 -0.000001 -0.000002 18.525589 -1.723225 -9.812193 -0.064874 -0.321837 22.908564 -13.637101 11.586555 -3.258945 1.637633 -1.984186 -1.938103 -0.000000 0.000000 0.000002 2.712386 2.900755 18.301119 -0.039952 0.017166 5.902355 7.656001 -6.701701 -12.136451 -1.470621 1.248218 -1.372381 0.000000 0.000000 -0.000001 
-0.063516 96.802803 -0.914223 -6.154066 0.926428 -10.400712 3.334983 0.021315 -1.444346 0.150658 -0.463290 -5.148804 3.752268 -2.619030 11.620518 -1.787192 3.750458 13.177238 0.561462 3.538025 -3.787798 -3.651686 4.808072 -7.567807 0.000077 -0.000022 0.000006 0.008041 -0.119741 0.120314 0.685873 -3.839395 -10.606519 -0.676901 3.598850 -10.614428 -17.310593 -17.220100 9.626113 -25.572453 -27.336218 -20.832628 -179.026398 -74.262474 179.450714 10.720777 4.053341 14.267487 -5.882101 9.861279 0.702589 -10.936862 -0.360575 7.156197 -0.000001 8.774815 -0.000002 -16.641537 17.403776 5.772467 -1.844031 2.498505 -2.507275 -10.163589 4.678938 4.621102 -20.975994 -0.000003 0.000004 -21.226248 2.451693 -3.593993 0.000001 -0.000005 0.000001 -1.362681 2.240798 -0.746322 -21.334890 0.584909 3.008322 -13.821197 -0.000001 0.000005 -23.887129 -0.249076 -0.839482 -61.351295 2.616390 -1.506236 -0.294024 1.679687 0.833255 -14.218192 0.093215 1.300579 -34.212006 -0.287564 0.967171 -20.033180 0.964536 1.212842 -0.000000 -0.000001 0.000000 -3.440384 0.788232 0.501656 -15.928167 -3.167306 2.999703 -6.338817 -0.000001 0.000002 -18.123415 3.648179 -4.905660 -0.000004 0.000001 -0.000002 17.822376 18.578203 12.749842 48.990509 45.402351 11.624441 179.714722 56.458424 179.910721 -17.216677 5.754704 -7.299004 2.243540 -5.255033 -3.180155 14.282875 -0.826593 6.952495 -0.000001 -12.690587 -0.000001 15.922278 -17.836721 2.693748 1.665666 -1.955920 -2.878296 4.727793 -4.170583 4.993917 11.020510 0.000002 0.000000 12.109031 -3.735710 -2.866779 -0.000001 0.000001 0.000001 1.291984 -1.928547 -1.498087 14.800113 0.567468 3.865602 14.242554 -1.341736 -6.660648 19.631939 0.143925 -0.648244 49.319046 -0.464114 -5.994214 0.353028 -1.511149 -0.031938 20.222769 3.684306 2.316626 18.787245 0.000005 -0.000004 10.751610 -0.479869 1.397901 -0.000001 0.000000 0.000000 3.273804 0.305947 -0.580111 21.486788 11.830361 2.266132 8.162917 0.000003 -0.000001 18.399052 -3.798979 -4.940565 0.000003 -0.000002 -0.000000 18.547205 -1.734167 -9.817999 -0.070685 -0.323505 22.836742 -13.638124 11.566985 -3.191582 1.636287 -1.974492 -1.921495 0.000000 -0.000000 0.000002 2.723961 2.890671 18.235458 -0.037456 0.022048 5.974870 7.685026 -6.678458 -12.081484 -1.472413 1.247887 -1.394226 0.000000 0.000000 -0.000001 
-0.073583 96.804176 -0.912559 -6.175501 0.931339 -10.380107 3.315236 0.017058 -1.444157 0.158345 -0.453080 -5.128674 3.776850 -2.620024 11.599030 -1.791989 3.725352 13.092408 0.547902 3.524557 -3.794594 -3.628913 4.770012 -7.565560 0.000077 -0.000023 0.000006 0.007943 -0.139717 0.117952 0.684274 -3.858851 -10.609322 -0.674838 3.576274 -10.615828 -17.319563 -17.235609 9.556157 -25.553293 -27.307203 -20.694857 -179.063309 -74.264946 179.491043 10.771317 4.038336 14.208526 -5.882101 9.861279 0.702588 -10.936859 -0.360575 7.156196 -0.000001 8.774814 -0.000001 -16.620405 17.413914 5.750570 -1.844030 2.498502 -2.507275 -10.163587 4.678940 4.621104 -20.975992 -0.000004 0.000004 -21.226254 2.451691 -3.593993 0.000000 -0.000005 0.000000 -1.362680 2.240796 -0.746323 -21.334890 0.584906 3.008319 -13.821197 -0.000002 0.000004 -23.887131 -0.249080 -0.839481 -61.319496 2.636244 -1.514455 -0.294024 1.679687 0.833255 -14.218195 0.093214 1.300579 -34.212002 -0.287564 0.967170 -20.033178 0.964535 1.212841 -0.000000 0.000000 0.000000 -3.440387 0.788232 0.501654 -15.928169 -3.167305 2.999704 -6.338815 -0.000001 0.000002 -18.123411 3.648175 -4.905663 -0.000004 0.000002 -0.000002 17.849951 18.541155 12.770617 48.930393 45.447815 11.683091 179.828415 56.432560 -179.999420 -17.244806 5.739286 -7.272239 2.243538 -5.255030 -3.180156 14.282877 -0.826592 6.952496 -0.000003 -12.690590 -0.000001 15.985806 -17.855181 2.687733 1.665665 -1.955919 -2.878298 4.727792 -4.170582 4.993918 11.020513 0.000004 -0.000001 12.109030 -3.735708 -2.866777 -0.000001 -0.000000 0.000001 1.291985 -1.928548 -1.498087 14.800114 0.567470 3.865602 14.242553 -1.341732 -6.660647 19.631941 0.143929 -0.648240 49.388706 -0.456547 -5.982587 0.353029 -1.511149 -0.031940 20.222767 3.684308 2.316629 18.787247 0.000006 0.000000 10.751612 -0.479870 1.397904 -0.000000 -0.000001 0.000000 3.273804 0.305947 -0.580110 21.486795 11.830363 2.266131 8.162917 0.000003 -0.000001 18.399054 -3.798975 -4.940567 0.000003 -0.000001 -0.000000 18.559551 -1.712933 -9.858003 -0.069751 -0.324364 22.838831 -13.619756 11.557638 -3.187674 1.632986 -1.963962 -1.928943 0.000000 -0.000000 0.000002 2.746322 2.895243 18.207127 -0.040451 0.033741 5.957250 7.731598 -6.651237 -12.073294 -1.472003 1.241828 -1.395287 0.000000 0.000000 -0.000001 
-0.030780 96.812469 -0.944554 -6.213896 0.929175 -10.355749 3.313780 0.026663 -1.434922 0.161718 -0.444512 -5.132187 3.804881 -2.621901 11.595183 -1.782171 3.702881 13.007934 0.526528 3.524238 -3.794916 -3.603539 4.696897 -7.584325 0.000077 -0.000022 0.000006 0.008251 -0.154181 0.113768 0.681783 -3.877738 -10.607969 -0.674590 3.565153 -10.611605 -17.324272 -17.236740 9.490985 -25.551264 -27.281828 -20.574697 -179.129135 -74.259918 179.527145 10.816833 4.004564 14.172199 -5.882101 9.861278 0.702588 -10.936858 -0.360573 7.156197 0.000000 8.774813 -0.000001 -16.582132 17.436871 5.734078 -1.844032 2.498504 -2.507276 -10.163591 4.678941 4.621103 -20.975992 -0.000004 0.000000 -21.226254 2.451690 -3.593995 0.000001 -0.000004 0.000001 -1.362681 2.240797 -0.746323 -21.334892 0.584907 3.008320 -13.821197 -0.000002 0.000003 -23.887129 -0.249079 -0.839484 -61.273254 2.646717 -1.535489 -0.294023 1.679686 0.833254 -14.218190 0.093214 1.300578 -34.212002 -0.287563 0.967168 -20.033180 0.964533 1.212842 0.000000 -0.000001 0.000000 -3.440384 0.788231 0.501652 -15.928165 -3.167308 2.999703 -6.338817 -0.000001 0.000000 -18.123413 3.648176 -4.905662 -0.000004 0.000002 -0.000002 17.856907 18.512335 12.753108 48.908321 45.472462 11.741697 179.824631 56.471310 179.940170 -17.290630 5.736388 -7.187120 2.243541 -5.255032 -3.180157 14.282875 -0.826594 6.952497 -0.000003 -12.690587 -0.000001 16.037380 -17.852215 2.715560 1.665666 -1.955920 -2.878296 4.727793 -4.170582 4.993918 11.020512 0.000003 -0.000001 12.109031 -3.735709 -2.866779 0.000000 -0.000000 -0.000000 1.291984 -1.928547 -1.498090 14.800111 0.567468 3.865604 14.242554 -1.341735 -6.660646 19.631937 0.143925 -0.648244 49.386318 -0.466881 -5.983556 0.353030 -1.511150 -0.031940 20.222769 3.684305 2.316624 18.787245 0.000004 -0.000003 10.751610 -0.479866 1.397902 0.000000 0.000001 -0.000001 3.273805 0.305947 -0.580111 21.486790 11.830360 2.266130 8.162916 0.000002 0.000000 18.399052 -3.798979 -4.940566 0.000004 -0.000003 -0.000001 18.613197 -1.669872 -9.915300 -0.074481 -0.331914 22.864599 -13.619241 11.541129 -3.126074 1.630012 -1.959979 -1.948031 0.000000 -0.000000 0.000002 2.779306 2.897160 18.151445 -0.039062 0.036611 5.984117 7.771832 -6.607582 -12.029531 -1.471571 1.230117 -1.396025 -0.000000 -0.000000 -0.000001 
-0.026929 96.817711 -0.991310 -6.264407 0.913280 -10.332985 3.326062 0.031743 -1.427577 0.160130 -0.438756 -5.119078 3.833340 -2.618674 11.564603 -1.764012 3.691006 12.951468 0.505163 3.508136 -3.784654 -3.590884 4.686032 -7.626576 0.000077 -0.000023 0.000006 0.008226 -0.164351 0.117497 0.679485 -3.890993 -10.598618 -0.668951 3.546944 -10.598495 -17.334003 -17.248396 9.417822 -25.618975 -27.218821 -20.423513 -179.259125 -74.259880 179.608154 10.853733 3.998036 14.195230 -5.882100 9.861279 0.702590 -10.936858 -0.360578 7.156199 -0.000000 8.774814 -0.000002 -16.509531 17.447498 5.752606 -1.844032 2.498503 -2.507274 -10.163589 4.678940 4.621106 -20.975994 -0.000005 0.000005 -21.226250 2.451691 -3.593991 0.000001 -0.000006 -0.000000 -1.362679 2.240795 -0.746325 -21.334892 0.584905 3.008322 -13.821197 -0.000003 0.000006 -23.887133 -0.249079 -0.839478 -61.269245 2.614758 -1.529317 -0.294024 1.679686 0.833256 -14.218194 0.093216 1.300580 -34.211998 -0.287565 0.967175 -20.033176 0.964534 1.212844 0.000000 -0.000001 0.000000 -3.440384 0.788232 0.501654 -15.928165 -3.167308 2.999707 -6.338814 -0.000002 0.000001 -18.123411 3.648176 -4.905659 -0.000004 0.000001 -0.000001 17.833656 18.485828 12.739579 48.953098 45.450417 11.846402 179.945862 56.437225 -179.985947 -17.267910 5.716780 -7.043517 2.243540 -5.255033 -3.180156 14.282875 -0.826594 6.952495 0.000000 -12.690588 -0.000000 16.043119 -17.855560 2.742137 1.665665 -1.955920 -2.878298 4.727795 -4.170583 4.993920 11.020512 0.000002 0.000000 12.109032 -3.735711 -2.866779 0.000000 0.000001 0.000000 1.291983 -1.928547 -1.498087 14.800113 0.567466 3.865602 14.242551 -1.341735 -6.660650 19.631937 0.143924 -0.648244 49.374672 -0.461411 -5.980217 0.353029 -1.511149 -0.031940 20.222767 3.684304 2.316628 18.787247 0.000004 -0.000003 10.751611 -0.479870 1.397903 -0.000001 0.000000 0.000000 3.273805 0.305946 -0.580109 21.486790 11.830360 2.266130 8.162916 0.000001 0.000000 18.399050 -3.798980 -4.940567 0.000003 -0.000003 -0.000001 18.668358 -1.664505 -9.948882 -0.074551 -0.337869 22.857389 -13.605541 11.551836 -3.113756 1.626109 -1.969165 -1.967400 0.000000 -0.000000 0.000002 2.836507 2.896674 18.073334 -0.039042 0.051279 6.052536 7.791797 -6.591763 -12.006454 -1.469321 1.217415 -1.367438 -0.000000 0.000000 -0.000001 
-0.035634 96.807846 -0.979902 -6.312637 0.932069 -10.325136 3.352990 0.022470 -1.408946 0.157926 -0.424875 -5.105722 3.841121 -2.632620 11.521073 -1.747838 3.691720 12.957084 0.496709 3.487143 -3.782944 -3.595190 4.657678 -7.664312 0.000077 -0.000023 0.000006 0.007229 -0.160936 0.118613 0.679697 -3.886590 -10.606163 -0.669815 3.558857 -10.609709 -17.359791 -17.263748 9.385921 -25.692757 -27.136585 -20.274117 -179.482712 -74.216927 179.751144 10.881296 3.992487 14.292515 -5.882100 9.861278 0.702591 -10.936858 -0.360574 7.156196 -0.000000 8.774815 -0.000000 -16.458326 17.462475 5.808664 -1.844033 2.498500 -2.507276 -10.163589 4.678939 4.621106 -20.975992 -0.000004 0.000003 -21.226254 2.451692 -3.593996 0.000001 -0.000004 -0.000000 -1.362681 2.240799 -0.746323 -21.334887 0.584908 3.008321 -13.821194 0.000000 0.000004 -23.887129 -0.249079 -0.839480 -61.292961 2.624998 -1.514502 -0.294026 1.679686 0.833254 -14.218194 0.093213 1.300579 -34.212006 -0.287563 0.967168 -20.033176 0.964537 1.212841 0.000000 -0.000002 -0.000000 -3.440383 0.788231 0.501656 -15.928167 -3.167306 2.999704 -6.338817 -0.000002 0.000001 -18.123411 3.648180 -4.905661 -0.000003 0.000002 -0.000002 17.801380 18.476587 12.670511 49.036308 45.359131 11.942904 179.995560 56.425201 -179.963120 -17.266775 5.708464 -6.913028 2.243540 -5.255033 -3.180157 14.282875 -0.826591 6.952494 -0.000002 -12.690590 -0.000001 16.068031 -17.832247 2.743953 1.665666 -1.955920 -2.878297 4.727793 -4.170582 4.993919 11.020512 0.000003 0.000000 12.109031 -3.735709 -2.866781 0.000000 0.000001 0.000000 1.291984 -1.928547 -1.498088 14.800113 0.567468 3.865605 14.242551 -1.341733 -6.660652 19.631941 0.143927 -0.648243 49.375553 -0.448755 -5.983330 0.353029 -1.511149 -0.031941 20.222771 3.684307 2.316628 18.787245 0.000007 -0.000001 10.751610 -0.479867 1.397905 0.000000 0.000000 -0.000001 3.273803 0.305947 -0.580109 21.486790 11.830364 2.266134 8.162917 0.000003 0.000000 18.399052 -3.798978 -4.940566 0.000004 -0.000003 -0.000001 18.706652 -1.693229 -10.017992 -0.067659 -0.336643 22.945547 -13.614839 11.568976 -3.164050 1.625084 -1.965671 -1.962871 0.000000 -0.000000 0.000002 2.893914 2.887605 18.072401 -0.039083 0.059005 6.037921 7.786112 -6.592264 -12.013887 -1.467515 1.197517 -1.327701 -0.000000 0.000000 -0.000001 
-0.023112 96.794037 -0.979318 -6.339958 0.942320 -10.318914 3.373130 0.010562 -1.395708 0.148298 -0.421142 -5.112366 3.840602 -2.647255 11.508904 -1.728683 3.691678 12.962467 0.494107 3.465287 -3.787825 -3.608119 4.615426 -7.687439 0.000077 -0.000022 0.000006 0.007608 -0.146499 0.120931 0.684263 -3.874559 -10.601601 -0.674302 3.573404 -10.611276 -17.382215 -17.270191 9.407956 -25.776670 -27.055058 -20.151108 -179.817932 -74.127769 -179.946655 10.849953 4.029704 14.357410 -5.882102 9.861278 0.702590 -10.936857 -0.360574 7.156197 -0.000000 8.774812 -0.000001 -16.426386 17.467876 5.860130 -1.844031 2.498501 -2.507275 -10.163589 4.678941 4.621103 -20.975994 -0.000003 0.000003 -21.226254 2.451691 -3.593992 -0.000000 -0.000005 0.000000 -1.362679 2.240795 -0.746323 -21.334894 0.584910 3.008325 -13.821193 -0.000000 0.000004 -23.887129 -0.249075 -0.839479 -61.318382 2.608845 -1.513358 -0.294022 1.679685 0.833256 -14.218192 0.093216 1.300580 -34.211998 -0.287565 0.967171 -20.033176 0.964535 1.212843 -0.000001 -0.000001 0.000001 -3.440385 0.788231 0.501656 -15.928165 -3.167307 2.999704 -6.338817 0.000000 0.000002 -18.123411 3.648175 -4.905661 -0.000004 0.000002 -0.000002 17.767498 18.493631 12.613769 49.181782 45.260952 12.062229 179.966446 56.380840 -179.991821 -17.247396 5.674129 -6.849449 2.243539 -5.255032 -3.180156 14.282875 -0.826595 6.952494 -0.000001 -12.690593 0.000002 16.007423 -17.779314 2.731293 1.665666 -1.955920 -2.878297 4.727793 -4.170583 4.993918 11.020510 0.000003 -0.000001 12.109028 -3.735709 -2.866778 -0.000001 0.000001 -0.000000 1.291984 -1.928547 -1.498088 14.800113 0.567467 3.865602 14.242553 -1.341736 -6.660647 19.631937 0.143925 -0.648243 49.300499 -0.421729 -5.988750 0.353027 -1.511149 -0.031937 20.222767 3.684304 2.316627 18.787243 0.000003 -0.000002 10.751610 -0.479868 1.397903 0.000000 -0.000000 0.000001 3.273805 0.305946 -0.580109 21.486790 11.830362 2.266130 8.162915 0.000001 0.000000 18.399050 -3.798980 -4.940568 0.000003 -0.000002 -0.000001 18.725372 -1.733152 -10.091589 -0.065110 -0.336740 23.061478 -13.633552 11.581123 -3.222252 1.626993 -1.975814 -1.954592 -0.000000 0.000000 0.000002 2.934287 2.910385 18.078533 -0.041575 0.054744 6.024407 7.757777 -6.625258 -12.048163 -1.466618 1.188435 -1.285506 -0.000000 0.000000 -0.000001 
0.025014 96.789703 -0.969129 -6.347478 0.947170 -10.322754 3.382271 0.014348 -1.396156 0.134746 -0.445767 -5.121730 3.835925 -2.646180 11.539144 -1.713040 3.698860 12.989493 0.496424 3.435424 -3.797433 -3.634451 4.593213 -7.731325 0.000077 -0.000022 0.000006 0.006058 -0.133335 0.119805 0.684910 -3.860911 -10.618680 -0.678169 3.590576 -10.627269 -17.404821 -17.269701 9.472865 -25.867439 -26.987108 -20.108849 179.915634 -74.013924 -179.733215 10.796831 4.003862 14.432751 -5.882101 9.861279 0.702590 -10.936860 -0.360574 7.156198 -0.000002 8.774816 -0.000001 -16.392443 17.453388 5.896416 -1.844032 2.498502 -2.507278 -10.163589 4.678938 4.621103 -20.975996 -0.000003 0.000002 -21.226254 2.451695 -3.593994 0.000001 -0.000004 -0.000000 -1.362681 2.240799 -0.746323 -21.334890 0.584911 3.008319 -13.821194 -0.000001 0.000002 -23.887129 -0.249079 -0.839483 -61.335518 2.593742 -1.533833 -0.294025 1.679686 0.833255 -14.218190 0.093215 1.300580 -34.211998 -0.287563 0.967167 -20.033175 0.964536 1.212842 -0.000000 -0.000001 0.000001 -3.440387 0.788232 0.501656 -15.928167 -3.167303 2.999704 -6.338817 0.000000 0.000001 -18.123415 3.648178 -4.905665 -0.000004 0.000001 -0.000001 17.728424 18.501709 12.554826 49.272362 45.200951 12.137608 179.993362 56.352833 179.986008 -17.288269 5.660619 -6.796620 2.243539 -5.255031 -3.180156 14.282878 -0.826593 6.952497 -0.000003 -12.690588 -0.000001 15.991745 -17.749659 2.688685 1.665664 -1.955919 -2.878296 4.727795 -4.170584 4.993918 11.020513 0.000003 0.000000 12.109031 -3.735709 -2.866779 -0.000001 0.000001 0.000002 1.291985 -1.928547 -1.498087 14.800111 0.567468 3.865602 14.242554 -1.341734 -6.660649 19.631939 0.143926 -0.648242 49.292439 -0.390672 -5.985921 0.353030 -1.511149 -0.031940 20.222771 3.684307 2.316629 18.787247 0.000005 -0.000002 10.751612 -0.479869 1.397905 0.000000 0.000000 -0.000001 3.273806 0.305946 -0.580110 21.486790 11.830360 2.266130 8.162918 0.000001 0.000002 18.399048 -3.798978 -4.940565 0.000004 -0.000002 -0.000001 18.715117 -1.726139 -10.135428 -0.070246 -0.343708 23.156441 -13.636536 11.580793 -3.252559 1.628635 -1.969067 -1.957106 0.000000 -0.000000 0.000002 2.963329 2.970721 18.103579 -0.044218 0.054335 5.997761 7.716500 -6.704540 -12.049956 -1.468037 1.190332 -1.255937 -0.000000 0.000000 -0.000001 
0.028173 96.774658 -0.941044 -6.343520 0.922656 -10.324872 3.381691 0.026531 -1.399115 0.122921 -0.474923 -5.131048 3.837177 -2.656623 11.572709 -1.703480 3.728193 13.008259 0.497535 3.403361 -3.806926 -3.652397 4.559947 -7.726665 0.000077 -0.000022 0.000006 0.005557 -0.132758 0.114706 0.685472 -3.852923 -10.627350 -0.681788 3.591429 -10.636537 -17.449223 -17.230070 9.536182 -25.960369 -26.936460 -20.123447 179.976654 -73.942268 -179.776840 10.748036 3.980567 14.367838 -5.882101 9.861279 0.702590 -10.936857 -0.360573 7.156196 -0.000001 8.774817 0.000000 -16.438690 17.484467 5.905141 -1.844033 2.498501 -2.507276 -10.163589 4.678943 4.621105 -20.975992 -0.000003 0.000001 -21.226255 2.451692 -3.593997 0.000000 -0.000005 -0.000000 -1.362679 2.240799 -0.746322 -21.334892 0.584910 3.008319 -13.821197 -0.000001 0.000002 -23.887131 -0.249082 -0.839484 -61.355007 2.604897 -1.531867 -0.294025 1.679687 0.833254 -14.218192 0.093214 1.300577 -34.212006 -0.287566 0.967167 -20.033180 0.964534 1.212841 0.000000 0.000000 -0.000001 -3.440385 0.788234 0.501656 -15.928169 -3.167308 2.999703 -6.338815 -0.000001 0.000001 -18.123411 3.648178 -4.905663 -0.000004 0.000002 -0.000002 17.708448 18.527328 12.542687 49.364071 45.157528 12.289574 179.980728 56.290005 179.986389 -17.395309 5.685989 -6.803772 2.243540 -5.255033 -3.180155 14.282877 -0.826593 6.952497 -0.000004 -12.690590 0.000002 15.988108 -17.722309 2.658046 1.665665 -1.955920 -2.878295 4.727794 -4.170582 4.993918 11.020514 0.000003 0.000000 12.109034 -3.735711 -2.866779 -0.000001 -0.000000 0.000001 1.291983 -1.928548 -1.498085 14.800113 0.567467 3.865602 14.242554 -1.341733 -6.660648 19.631941 0.143926 -0.648244 49.300903 -0.370844 -6.002473 0.353029 -1.511149 -0.031940 20.222773 3.684305 2.316629 18.787247 0.000005 -0.000003 10.751612 -0.479867 1.397904 -0.000000 0.000000 0.000001 3.273805 0.305946 -0.580109 21.486792 11.830364 2.266128 8.162918 0.000002 -0.000001 18.399050 -3.798979 -4.940568 0.000003 -0.000002 -0.000002 18.692461 -1.687240 -10.150881 -0.070630 -0.356651 23.255293 -13.646140 11.563845 -3.359112 1.632622 -1.968852 -1.962795 0.000000 -0.000000 0.000002 2.978740 3.060459 18.137543 -0.044424 0.036930 5.937452 7.662468 -6.777635 -12.098188 -1.469024 1.203562 -1.243162 0.000000 0.000000 -0.000001 
0.063093 96.770599 -0.941275 -6.329334 0.902349 -10.323636 3.361000 0.024870 -1.428202 0.126813 -0.482339 -5.127457 3.844847 -2.669646 11.625225 -1.702237 3.735885 13.029123 0.481100 3.366633 -3.820105 -3.662466 4.560366 -7.670183 0.000077 -0.000022 0.000006 0.005407 -0.126600 0.112741 0.688889 -3.853456 -10.642482 -0.684303 3.591741 -10.652964 -17.482981 -17.186161 9.601030 -26.016027 -26.918961 -20.160488 -179.927948 -73.892601 -179.886902 10.718931 3.943876 14.306005 -5.882100 9.861279 0.702588 -10.936858 -0.360575 7.156196 -0.000002 8.774814 0.000000 -16.437565 17.502468 5.890846 -1.844032 2.498502 -2.507276 -10.163589 4.678939 4.621102 -20.975994 -0.000002 0.000002 -21.226250 2.451690 -3.593995 0.000000 -0.000006 0.000000 -1.362681 2.240797 -0.746322 -21.334887 0.584906 3.008320 -13.821194 -0.000002 0.000003 -23.887123 -0.249081 -0.839482 -61.326019 2.615752 -1.559192 -0.294024 1.679687 0.833253 -14.218192 0.093216 1.300578 -34.211998 -0.287564 0.967167 -20.033175 0.964533 1.212841 -0.000000 -0.000001 0.000000 -3.440386 0.788232 0.501654 -15.928163 -3.167307 2.999702 -6.338815 -0.000002 0.000002 -18.123411 3.648176 -4.905661 -0.000003 0.000002 -0.000002 17.694773 18.542419 12.548117 49.369888 45.142475 12.324922 179.970856 56.259109 179.963089 -17.481962 5.712245 -6.874356 2.243540 -5.255033 -3.180156 14.282877 -0.826594 6.952495 -0.000002 -12.690591 0.000001 15.969567 -17.700907 2.612853 1.665666 -1.955920 -2.878297 4.727795 -4.170582 4.993920 11.020511 0.000003 0.000000 12.109031 -3.735712 -2.866776 -0.000001 0.000001 -0.000000 1.291984 -1.928547 -1.498086 14.800111 0.567467 3.865603 14.242551 -1.341734 -6.660647 19.631939 0.143925 -0.648245 49.307400 -0.350580 -6.028927 0.353029 -1.511149 -0.031939 20.222769 3.684307 2.316629 18.787249 0.000005 -0.000001 10.751612 -0.479867 1.397904 -0.000001 0.000000 0.000000 3.273805 0.305947 -0.580112 21.486792 11.830363 2.266133 8.162917 0.000003 0.000000 18.399046 -3.798979 -4.940565 0.000003 -0.000002 -0.000001 18.667084 -1.592245 -10.139325 -0.071166 -0.363782 23.311531 -13.651905 11.511113 -3.421751 1.637481 -1.975396 -1.953426 -0.000000 0.000000 0.000002 2.968386 3.126196 18.136667 -0.047267 0.031764 5.937160 7.630126 -6.844990 -12.119287 -1.470739 1.218573 -1.249792 0.000000 0.000000 -0.000001 
0.095621 96.759392 -0.919265 -6.320447 0.871492 -10.347680 3.349650 0.042017 -1.442066 0.131777 -0.514115 -5.130260 3.864552 -2.664884 11.658069 -1.719587 3.751276 13.065693 0.481369 3.359564 -3.813029 -3.659193 4.555417 -7.583875 0.000077 -0.000022 0.000006 0.005920 -0.125845 0.113533 0.693336 -3.846928 -10.644464 -0.686877 3.588145 -10.658705 -17.533972 -17.162115 9.606771 -26.071302 -26.895105 -20.147100 -179.775528 -73.894745 179.931992 10.713236 3.929773 14.272711 -5.882101 9.861278 0.702590 -10.936861 -0.360576 7.156198 0.000000 8.774812 0.000000 -16.450531 17.528198 5.891255 -1.844029 2.498504 -2.507276 -10.163590 4.678939 4.621103 -20.975996 -0.000006 0.000004 -21.226255 2.451690 -3.593992 0.000000 -0.000005 0.000000 -1.362683 2.240796 -0.746322 -21.334887 0.584906 3.008319 -13.821198 -0.000003 0.000003 -23.887133 -0.249082 -0.839481 -61.334629 2.613002 -1.548981 -0.294024 1.679687 0.833255 -14.218190 0.093213 1.300579 -34.212006 -0.287566 0.967171 -20.033180 0.964533 1.212840 0.000000 0.000000 0.000000 -3.440386 0.788234 0.501655 -15.928167 -3.167309 2.999705 -6.338817 0.000000 0.000002 -18.123415 3.648175 -4.905662 -0.000004 0.000002 -0.000001 17.694584 18.546816 12.581872 49.308399 45.145317 12.359764 179.972626 56.236660 179.976044 -17.612612 5.771660 -6.937926 2.243540 -5.255033 -3.180156 14.282878 -0.826595 6.952497 -0.000003 -12.690590 -0.000001 15.996992 -17.718254 2.605195 1.665665 -1.955920 -2.878297 4.727793 -4.170582 4.993917 11.020513 0.000003 -0.000002 12.109033 -3.735709 -2.866780 0.000000 -0.000000 0.000002 1.291984 -1.928548 -1.498088 14.800113 0.567467 3.865604 14.242551 -1.341736 -6.660649 19.631939 0.143925 -0.648244 49.317341 -0.369389 -6.077538 0.353029 -1.511150 -0.031941 20.222769 3.684307 2.316629 18.787245 0.000006 -0.000002 10.751610 -0.479868 1.397904 0.000000 -0.000000 0.000001 3.273804 0.305947 -0.580109 21.486790 11.830365 2.266132 8.162916 0.000003 -0.000001 18.399050 -3.798980 -4.940567 0.000003 -0.000003 -0.000001 18.645666 -1.498967 -10.129539 -0.075333 -0.370625 23.411436 -13.647201 11.436532 -3.493515 1.639774 -1.975451 -1.943041 -0.000000 0.000000 0.000002 2.961524 3.182863 18.178970 -0.056736 0.035721 5.911690 7.629376 -6.905432 -12.151029 -1.472157 1.234113 -1.271501 -0.000000 -0.000000 -0.000001 
0.106007 96.748253 -0.878119 -6.308360 0.853743 -10.360643 3.346647 0.030060 -1.460958 0.141442 -0.508183 -5.110168 3.887013 -2.657870 11.656148 -1.762192 3.749729 13.116209 0.489046 3.345579 -3.818178 -3.631987 4.548425 -7.497149 0.000077 -0.000023 0.000006 0.006067 -0.113490 0.115963 0.693803 -3.834534 -10.631424 -0.686402 3.600564 -10.647400 -17.587540 -17.174509 9.623127 -26.126511 -26.874996 -20.100471 -179.735947 -73.818413 179.861511 10.780020 4.001656 14.323257 -5.882100 9.861278 0.702590 -10.936858 -0.360576 7.156196 0.000000 8.774815 0.000000 -16.465725 17.500349 5.885242 -1.844031 2.498501 -2.507276 -10.163589 4.678943 4.621102 -20.975998 -0.000004 0.000001 -21.226255 2.451691 -3.593995 0.000001 -0.000005 -0.000000 -1.362681 2.240795 -0.746323 -21.334892 0.584909 3.008319 -13.821197 -0.000002 0.000002 -23.887131 -0.249077 -0.839483 -61.347607 2.600831 -1.527937 -0.294025 1.679685 0.833254 -14.218192 0.093216 1.300575 -34.212002 -0.287563 0.967165 -20.033178 0.964535 1.212839 -0.000000 -0.000002 0.000000 -3.440385 0.788233 0.501656 -15.928169 -3.167309 2.999702 -6.338817 -0.000001 0.000001 -18.123415 3.648175 -4.905663 -0.000003 0.000001 -0.000002 17.689461 18.532940 12.603628 49.246418 45.180264 12.334153 -179.991913 56.235878 -179.967590 -17.666607 5.834177 -6.990382 2.243540 -5.255033 -3.180156 14.282877 -0.826591 6.952497 -0.000003 -12.690590 -0.000001 15.983195 -17.765345 2.601449 1.665664 -1.955919 -2.878296 4.727792 -4.170583 4.993918 11.020512 0.000004 -0.000000 12.109029 -3.735709 -2.866781 -0.000001 0.000000 0.000001 1.291983 -1.928547 -1.498089 14.800113 0.567469 3.865602 14.242551 -1.341733 -6.660650 19.631937 0.143927 -0.648242 49.267517 -0.394352 -6.103508 0.353030 -1.511149 -0.031940 20.222767 3.684309 2.316628 18.787245 0.000007 -0.000002 10.751610 -0.479867 1.397904 0.000000 -0.000001 -0.000001 3.273804 0.305946 -0.580109 21.486792 11.830368 2.266131 8.162916 0.000003 -0.000001 18.399052 -3.798978 -4.940566 0.000004 -0.000002 -0.000000 18.629423 -1.422298 -10.131497 -0.075442 -0.386187 23.494682 -13.662216 11.363406 -3.545311 1.641415 -1.972615 -1.936973 0.000000 -0.000000 0.000002 2.938312 3.218461 18.220551 -0.056895 0.038740 5.879307 7.630472 -6.959040 -12.181211 -1.471217 1.237407 -1.229357 -0.000000 -0.000000 -0.000001 
0.135662 96.746895 -0.814397 -6.290844 0.853902 -10.374551 3.356252 0.018587 -1.477797 0.144961 -0.509877 -5.116541 3.888645 -2.639030 11.681377 -1.804450 3.733522 13.156245 0.514364 3.348906 -3.818377 -3.626878 4.555985 -7.429796 0.000077 -0.000023 0.000006 0.007370 -0.113439 0.120276 0.691771 -3.830968 -10.631199 -0.681526 3.602821 -10.642824 -17.625437 -17.212536 9.637176 -26.087038 -26.820759 -20.099499 -179.746506 -73.733627 179.809418 10.827942 4.069209 14.370051 -5.882101 9.861279 0.702590 -10.936857 -0.360576 7.156196 -0.000001 8.774811 -0.000001 -16.460005 17.462729 5.857053 -1.844031 2.498502 -2.507275 -10.163589 4.678942 4.621103 -20.975996 -0.000002 0.000001 -21.226250 2.451693 -3.593995 0.000001 -0.000005 0.000001 -1.362680 2.240796 -0.746323 -21.334890 0.584909 3.008320 -13.821197 -0.000001 0.000003 -23.887131 -0.249079 -0.839482 -61.373447 2.574821 -1.509162 -0.294022 1.679685 0.833254 -14.218192 0.093213 1.300579 -34.212006 -0.287560 0.967170 -20.033176 0.964534 1.212843 0.000000 -0.000001 0.000000 -3.440385 0.788233 0.501654 -15.928169 -3.167304 2.999703 -6.338817 0.000000 0.000001 -18.123415 3.648175 -4.905663 -0.000004 0.000002 -0.000002 17.663797 18.527536 12.612703 49.200859 45.217175 12.260402 179.949127 56.238689 179.980881 -17.757877 5.891691 -7.040215 2.243540 -5.255033 -3.180152 14.282875 -0.826593 6.952497 -0.000003 -12.690587 -0.000001 15.985118 -17.757042 2.601609 1.665664 -1.955920 -2.878298 4.727794 -4.170583 4.993918 11.020511 0.000004 -0.000001 12.109030 -3.735707 -2.866778 0.000000 0.000001 0.000000 1.291985 -1.928548 -1.498088 14.800113 0.567469 3.865606 14.242553 -1.341734 -6.660648 19.631939 0.143926 -0.648242 49.268387 -0.414018 -6.119006 0.353028 -1.511149 -0.031938 20.222767 3.684306 2.316629 18.787245 0.000005 -0.000000 10.751611 -0.479869 1.397905 -0.000001 0.000000 0.000000 3.273804 0.305947 -0.580111 21.486790 11.830361 2.266134 8.162915 0.000003 0.000000 18.399054 -3.798979 -4.940565 0.000004 -0.000002 -0.000001 18.603693 -1.372138 -10.143534 -0.087907 -0.392021 23.555229 -13.646214 11.304739 -3.539409 1.636840 -1.980076 -1.937385 0.000000 -0.000001 0.000002 2.923719 3.254767 18.300615 -0.052544 0.041022 5.814096 7.592196 -7.009731 -12.157051 -1.468140 1.235824 -1.201848 0.000000 -0.000000 -0.000001 
0.158063 96.743027 -0.810335 -6.269256 0.895705 -10.382431 3.360522 0.004377 -1.485314 0.147515 -0.506768 -5.130406 3.882896 -2.643897 11.697106 -1.844107 3.719677 13.166711 0.528432 3.342026 -3.815254 -3.621668 4.555530 -7.397910 0.000077 -0.000023 0.000006 0.007856 -0.123038 0.121239 0.691182 -3.840823 -10.631145 -0.681808 3.586298 -10.647932 -17.645714 -17.273365 9.642908 -26.052736 -26.786894 -20.108603 -179.707916 -73.608055 179.769958 10.858830 4.113995 14.333375 -5.882102 9.861280 0.702592 -10.936858 -0.360575 7.156196 -0.000000 8.774817 0.000002 -16.465967 17.440964 5.859012 -1.844031 2.498502 -2.507275 -10.163588 4.678941 4.621104 -20.975994 -0.000004 0.000003 -21.226255 2.451694 -3.593993 0.000000 -0.000005 0.000000 -1.362680 2.240796 -0.746324 -21.334887 0.584908 3.008320 -13.821197 -0.000001 0.000003 -23.887129 -0.249081 -0.839480 -61.461418 2.602545 -1.495059 -0.294024 1.679686 0.833256 -14.218194 0.093214 1.300578 -34.212002 -0.287565 0.967169 -20.033180 0.964535 1.212841 -0.000000 -0.000001 -0.000001 -3.440386 0.788231 0.501656 -15.928167 -3.167308 2.999703 -6.338817 -0.000001 0.000002 -18.123411 3.648176 -4.905662 -0.000004 -0.000000 -0.000002 17.649101 18.532417 12.626459 49.144333 45.264706 12.138588 179.867538 56.213341 179.919403 -17.806368 5.935756 -7.051752 2.243539 -5.255032 -3.180154 14.282877 -0.826593 6.952497 -0.000003 -12.690587 -0.000001 15.984967 -17.759960 2.567510 1.665665 -1.955919 -2.878295 4.727794 -4.170582 4.993919 11.020511 0.000004 -0.000001 12.109031 -3.735707 -2.866780 0.000000 0.000001 0.000000 1.291985 -1.928548 -1.498089 14.800113 0.567469 3.865604 14.242554 -1.341734 -6.660647 19.631941 0.143925 -0.648242 49.251198 -0.403832 -6.142569 0.353027 -1.511149 -0.031941 20.222769 3.684306 2.316629 18.787247 0.000007 0.000000 10.751612 -0.479867 1.397904 -0.000001 0.000001 -0.000000 3.273804 0.305948 -0.580113 21.486790 11.830360 2.266129 8.162916 0.000002 0.000001 18.399055 -3.798977 -4.940566 0.000003 -0.000003 -0.000001 18.560118 -1.358187 -10.156783 -0.092145 -0.396631 23.590448 -13.642500 11.254013 -3.564597 1.633232 -1.981293 -1.926488 0.000000 -0.000000 0.000002 2.915291 3.280689 18.336817 -0.050082 0.034652 5.805235 7.556702 -7.072483 -12.174922 -1.466816 1.228534 -1.151541 0.000000 0.000000 -0.000001 
0.186544 96.751312 -0.789603 -6.243955 0.927544 -10.383969 3.362857 -0.005663 -1.485897 0.152497 -0.483302 -5.155031 3.867127 -2.655321 11.718719 -1.862410 3.727145 13.167238 0.532468 3.317757 -3.812020 -3.612533 4.535830 -7.385509 0.000077 -0.000023 0.000006 0.007953 -0.143004 0.117917 0.689092 -3.854435 -10.642262 -0.678369 3.563030 -10.660335 -17.628250 -17.322887 9.631894 -25.950792 -26.778572 -20.121099 -179.925797 -73.551636 179.959915 10.826100 4.089564 14.251933 -5.882100 9.861279 0.702591 -10.936858 -0.360575 7.156198 0.000000 8.774814 -0.000000 -16.468044 17.392450 5.837029 -1.844030 2.498501 -2.507275 -10.163589 4.678942 4.621105 -20.975994 -0.000003 0.000004 -21.226254 2.451694 -3.593993 0.000000 -0.000006 -0.000001 -1.362680 2.240795 -0.746322 -21.334894 0.584909 3.008323 -13.821197 0.000001 0.000005 -23.887131 -0.249076 -0.839480 -61.523655 2.575859 -1.464644 -0.294025 1.679687 0.833256 -14.218192 0.093215 1.300581 -34.211998 -0.287563 0.967171 -20.033176 0.964536 1.212842 -0.000000 -0.000001 0.000001 -3.440385 0.788232 0.501656 -15.928165 -3.167307 2.999705 -6.338817 -0.000002 0.000002 -18.123415 3.648177 -4.905658 -0.000004 0.000001 -0.000002 17.613821 18.546597 12.617311 49.074409 45.294415 12.011021 179.803345 56.152924 179.863571 -17.866737 5.945997 -7.078467 2.243540 -5.255033 -3.180156 14.282877 -0.826593 6.952497 -0.000002 -12.690592 -0.000001 15.972702 -17.723423 2.528602 1.665664 -1.955920 -2.878297 4.727794 -4.170585 4.993917 11.020514 0.000002 -0.000002 12.109032 -3.735711 -2.866779 0.000001 0.000001 0.000001 1.291985 -1.928549 -1.498088 14.800113 0.567468 3.865602 14.242548 -1.341735 -6.660648 19.631939 0.143925 -0.648242 49.280117 -0.415755 -6.158341 0.353028 -1.511150 -0.031940 20.222769 3.684307 2.316627 18.787245 0.000005 -0.000001 10.751610 -0.479869 1.397902 0.000000 0.000000 -0.000001 3.273804 0.305946 -0.580109 21.486788 11.830366 2.266130 8.162918 0.000001 0.000001 18.399050 -3.798982 -4.940567 0.000004 -0.000002 -0.000001 18.504036 -1.326732 -10.152297 -0.093357 -0.407945 23.573402 -13.609914 11.185445 -3.547441 1.628526 -1.977821 -1.907298 0.000000 -0.000000 0.000002 2.910940 3.336795 18.387104 -0.050263 0.024717 5.780043 7.514789 -7.134218 -12.132200 -1.467169 1.223716 -1.121201 0.000000 0.000000 -0.000001 
0.212041 96.756210 -0.774830 -6.217195 1.003418 -10.366823 3.351167 -0.018216 -1.501227 0.161036 -0.462956 -5.152352 3.856663 -2.672213 11.700689 -1.864794 3.749285 13.152942 0.524332 3.281801 -3.817594 -3.584339 4.491318 -7.349800 0.000077 -0.000022 0.000006 0.007696 -0.160318 0.112959 0.691713 -3.873591 -10.657001 -0.681642 3.550268 -10.676842 -17.592796 -17.390835 9.602985 -25.863792 -26.778517 -20.162981 -179.861069 -73.489014 179.945633 10.818266 3.984580 14.021098 -5.882102 9.861279 0.702591 -10.936861 -0.360574 7.156199 -0.000000 8.774815 -0.000000 -16.467825 17.376705 5.832667 -1.844030 2.498504 -2.507277 -10.163590 4.678941 4.621104 -20.975996 -0.000003 0.000003 -21.226254 2.451692 -3.593995 -0.000000 -0.000005 -0.000000 -1.362679 2.240795 -0.746320 -21.334894 0.584908 3.008322 -13.821197 -0.000001 0.000005 -23.887131 -0.249078 -0.839480 -61.602715 2.579543 -1.484473 -0.294026 1.679685 0.833256 -14.218195 0.093216 1.300581 -34.212006 -0.287559 0.967171 -20.033180 0.964535 1.212842 -0.000001 -0.000001 0.000000 -3.440385 0.788231 0.501655 -15.928167 -3.167307 2.999704 -6.338817 0.000000 0.000002 -18.123413 3.648176 -4.905661 -0.000003 0.000002 -0.000002 17.561012 18.551996 12.571228 48.973701 45.311512 11.888843 179.786407 56.082371 179.886703 -17.869432 5.930388 -7.048933 2.243537 -5.255033 -3.180154 14.282877 -0.826592 6.952496 -0.000003 -12.690588 0.000001 15.962998 -17.697678 2.496245 1.665665 -1.955920 -2.878296 4.727795 -4.170585 4.993918 11.020512 0.000003 0.000000 12.109031 -3.735709 -2.866779 0.000000 0.000000 0.000001 1.291983 -1.928547 -1.498088 14.800113 0.567467 3.865605 14.242554 -1.341735 -6.660647 19.631939 0.143925 -0.648243 49.312687 -0.408262 -6.165509 0.353029 -1.511148 -0.031941 20.222771 3.684307 2.316628 18.787245 0.000005 -0.000002 10.751609 -0.479867 1.397904 -0.000000 0.000000 0.000000 3.273804 0.305947 -0.580110 21.486795 11.830362 2.266130 8.162916 0.000003 0.000000 18.399054 -3.798977 -4.940566 0.000004 -0.000002 -0.000001 18.446011 -1.278845 -10.175693 -0.096177 -0.403763 23.574438 -13.591004 11.070580 -3.558399 1.624579 -1.971114 -1.883098 -0.000000 0.000000 0.000002 2.892760 3.351874 18.441929 -0.053126 0.018747 5.660706 7.466485 -7.200821 -12.098799 -1.469311 1.222516 -1.100931 0.000000 0.000000 -0.000001 
0.216390 96.779045 -0.750630 -6.171987 1.079260 -10.344698 3.322317 -0.022076 -1.515506 0.171820 -0.440208 -5.160088 3.852789 -2.673206 11.674603 -1.867074 3.755934 13.130332 0.512895 3.276150 -3.806686 -3.521995 4.411961 -7.306222 0.000077 -0.000023 0.000006 0.004890 -0.174194 0.106384 0.693454 -3.888113 -10.656883 -0.687658 3.530869 -10.677791 -17.557377 -17.438391 9.544158 -25.772070 -26.790127 -20.207483 -179.802231 -73.431992 179.865372 10.799472 3.818418 13.883025 -5.882101 9.861281 0.702590 -10.936858 -0.360576 7.156196 -0.000000 8.774816 0.000001 -16.440182 17.393049 5.850388 -1.844031 2.498503 -2.507273 -10.163589 4.678942 4.621102 -20.975992 -0.000004 -0.000000 -21.226254 2.451692 -3.593996 0.000000 -0.000004 -0.000001 -1.362681 2.240796 -0.746321 -21.334887 0.584909 3.008318 -13.821195 -0.000003 0.000003 -23.887125 -0.249081 -0.839482 -61.596096 2.599923 -1.532931 -0.294024 1.679686 0.833254 -14.218192 0.093217 1.300578 -34.211998 -0.287566 0.967166 -20.033176 0.964534 1.212840 0.000000 0.000000 0.000001 -3.440386 0.788234 0.501656 -15.928167 -3.167307 2.999701 -6.338815 -0.000001 0.000000 -18.123411 3.648176 -4.905663 -0.000004 0.000002 -0.000002 17.502928 18.556829 12.553825 48.798897 45.315128 11.692035 179.744904 56.015167 179.876785 -17.898155 5.967403 -7.012364 2.243539 -5.255033 -3.180154 14.282878 -0.826593 6.952496 -0.000003 -12.690590 0.000000 15.939840 -17.734358 2.529360 1.665664 -1.955920 -2.878296 4.727793 -4.170584 4.993917 11.020512 0.000004 -0.000000 12.109030 -3.735709 -2.866779 0.000001 0.000001 0.000002 1.291984 -1.928548 -1.498087 14.800113 0.567469 3.865604 14.242553 -1.341735 -6.660648 19.631939 0.143927 -0.648241 49.359703 -0.419623 -6.182805 0.353029 -1.511150 -0.031938 20.222771 3.684308 2.316628 18.787245 0.000004 -0.000000 10.751610 -0.479868 1.397904 0.000000 0.000000 -0.000001 3.273805 0.305946 -0.580111 21.486792 11.830365 2.266131 8.162916 0.000003 0.000000 18.399054 -3.798978 -4.940566 0.000003 -0.000002 -0.000001 18.368069 -1.246185 -10.138171 -0.088849 -0.409673 23.443087 -13.545333 10.968940 -3.501279 1.619409 -1.964036 -1.835043 -0.000000 0.000000 0.000002 2.849544 3.380863 18.468340 -0.058093 0.006359 5.605499 7.431150 -7.230697 -12.008123 -1.471573 1.221473 -1.137777 0.000000 0.000000 -0.000001 
0.180393 96.794250 -0.734085 -6.122172 1.154937 -10.320213 3.294063 -0.010377 -1.510425 0.180010 -0.452386 -5.167697 3.847129 -2.667017 11.602795 -1.871014 3.757129 13.125208 0.500438 3.317710 -3.791276 -3.450063 4.331570 -7.239060 0.000077 -0.000022 0.000006 0.003876 -0.167387 0.105286 0.692048 -3.881144 -10.642708 -0.692184 3.541162 -10.665484 -17.539755 -17.477596 9.441969 -25.729168 -26.769207 -20.168333 -179.717499 -73.331558 179.734848 10.817773 3.670510 13.912904 -5.882101 9.861276 0.702588 -10.936859 -0.360578 7.156196 0.000001 8.774814 -0.000000 -16.444931 17.502487 5.878790 -1.844031 2.498503 -2.507274 -10.163589 4.678939 4.621102 -20.975994 -0.000005 0.000004 -21.226255 2.451690 -3.593991 0.000000 -0.000005 -0.000000 -1.362680 2.240797 -0.746322 -21.334892 0.584906 3.008322 -13.821197 -0.000002 0.000004 -23.887129 -0.249080 -0.839479 -61.715134 2.637191 -1.616986 -0.294024 1.679684 0.833255 -14.218194 0.093214 1.300580 -34.212013 -0.287566 0.967173 -20.033180 0.964534 1.212843 -0.000001 0.000000 0.000000 -3.440385 0.788231 0.501656 -15.928167 -3.167309 2.999702 -6.338818 0.000000 0.000002 -18.123413 3.648176 -4.905660 -0.000004 0.000002 -0.000002 17.470018 18.557150 12.560016 48.650646 45.300529 11.608065 179.838669 55.929802 179.993118 -17.875315 6.024188 -6.841955 2.243539 -5.255032 -3.180154 14.282875 -0.826595 6.952495 -0.000002 -12.690590 0.000002 16.005419 -17.819510 2.558182 1.665665 -1.955921 -2.878296 4.727794 -4.170583 4.993918 11.020513 0.000003 -0.000001 12.109029 -3.735709 -2.866779 0.000000 0.000000 0.000001 1.291986 -1.928548 -1.498087 14.800114 0.567469 3.865603 14.242553 -1.341735 -6.660649 19.631939 0.143925 -0.648243 49.470802 -0.450619 -6.239104 0.353030 -1.511150 -0.031943 20.222769 3.684306 2.316625 18.787245 0.000006 -0.000002 10.751610 -0.479868 1.397904 -0.000001 -0.000000 -0.000001 3.273803 0.305947 -0.580111 21.486792 11.830364 2.266130 8.162917 0.000002 -0.000001 18.399046 -3.798979 -4.940567 0.000003 -0.000002 -0.000001 18.299099 -1.225294 -10.089455 -0.090266 -0.421714 23.297150 -13.522522 10.908133 -3.478370 1.616607 -1.970698 -1.790236 0.000000 -0.000000 0.000002 2.789282 3.415522 18.449720 -0.051911 -0.000893 5.619115 7.416650 -7.269711 -11.976213 -1.472819 1.214786 -1.174267 0.000000 0.000000 -0.000001 
0.176950 96.813202 -0.688080 -6.074376 1.212288 -10.312254 3.270795 -0.021698 -1.504192 0.179796 -0.462072 -5.157533 3.850402 -2.658057 11.500952 -1.903103 3.759191 13.147870 0.515636 3.342162 -3.777953 -3.393037 4.310524 -7.175961 0.000077 -0.000023 0.000006 -0.000447 -0.150764 0.108050 0.686232 -3.860260 -10.618332 -0.692920 3.550627 -10.640614 -17.564777 -17.485092 9.383905 -25.689344 -26.737652 -20.211460 -179.486328 -73.192863 179.497742 10.779865 3.677959 14.041176 -5.882101 9.861278 0.702589 -10.936859 -0.360575 7.156197 0.000002 8.774814 0.000000 -16.451769 17.607246 5.881650 -1.844033 2.498501 -2.507275 -10.163589 4.678938 4.621103 -20.975992 -0.000004 0.000005 -21.226248 2.451692 -3.593991 0.000000 -0.000007 -0.000000 -1.362680 2.240797 -0.746324 -21.334888 0.584908 3.008321 -13.821194 -0.000003 0.000005 -23.887131 -0.249078 -0.839477 -61.800838 2.668259 -1.666487 -0.294024 1.679685 0.833254 -14.218192 0.093214 1.300579 -34.212002 -0.287564 0.967172 -20.033176 0.964534 1.212843 -0.000001 -0.000001 -0.000001 -3.440387 0.788234 0.501656 -15.928167 -3.167307 2.999704 -6.338818 -0.000002 0.000002 -18.123411 3.648172 -4.905659 -0.000004 0.000002 -0.000002 17.500652 18.571720 12.645902 48.420040 45.313889 11.453715 179.817307 55.868408 179.998474 -17.841499 6.108387 -6.566072 2.243540 -5.255031 -3.180156 14.282875 -0.826592 6.952497 -0.000003 -12.690587 -0.000001 16.103909 -17.964647 2.584053 1.665664 -1.955920 -2.878297 4.727794 -4.170582 4.993917 11.020513 0.000003 -0.000001 12.109033 -3.735709 -2.866780 0.000001 0.000000 0.000001 1.291984 -1.928547 -1.498088 14.800117 0.567467 3.865604 14.242554 -1.341736 -6.660648 19.631939 0.143925 -0.648243 49.564178 -0.485048 -6.284005 0.353028 -1.511149 -0.031939 20.222767 3.684304 2.316627 18.787245 0.000004 -0.000001 10.751612 -0.479870 1.397904 -0.000000 -0.000000 -0.000001 3.273804 0.305947 -0.580110 21.486788 11.830359 2.266130 8.162916 0.000000 0.000000 18.399052 -3.798981 -4.940567 0.000003 -0.000002 -0.000002 18.229712 -1.243827 -10.046988 -0.094912 -0.428730 23.180634 -13.488241 10.944995 -3.420742 1.614211 -1.997578 -1.816200 0.000000 -0.000001 0.000002 2.740463 3.463751 18.467506 -0.037452 -0.009767 5.617985 7.431118 -7.370691 -11.921182 -1.470117 1.197314 -1.203774 0.000000 0.000000 -0.000001 
0.143493 96.828987 -0.691416 -6.038333 1.271496 -10.303214 3.264435 -0.043949 -1.487716 0.158507 -0.484977 -5.139091 3.865192 -2.638247 11.394727 -1.924313 3.775107 13.176220 0.542880 3.337107 -3.775179 -3.391118 4.353539 -7.085304 0.000077 -0.000023 0.000006 -0.003736 -0.147094 0.116344 0.679895 -3.850723 -10.582005 -0.693878 3.554048 -10.612285 -17.592976 -17.456703 9.346241 -25.698853 -26.717251 -20.345848 -178.910751 -73.025452 178.983231 10.780839 3.765965 14.154061 -5.882099 9.861278 0.702591 -10.936859 -0.360578 7.156199 0.000000 8.774816 -0.000001 -16.558441 17.720232 5.841168 -1.844030 2.498504 -2.507277 -10.163589 4.678940 4.621106 -20.975994 -0.000006 0.000006 -21.226250 2.451693 -3.593989 -0.000001 -0.000006 0.000000 -1.362678 2.240798 -0.746324 -21.334892 0.584904 3.008323 -13.821195 -0.000003 0.000006 -23.887131 -0.249077 -0.839477 -61.936371 2.688426 -1.668771 -0.294023 1.679685 0.833256 -14.218192 0.093214 1.300582 -34.212006 -0.287564 0.967177 -20.033180 0.964535 1.212846 -0.000000 -0.000001 0.000001 -3.440384 0.788231 0.501655 -15.928169 -3.167306 2.999706 -6.338817 0.000000 0.000003 -18.123413 3.648175 -4.905658 -0.000003 0.000002 -0.000002 17.536177 18.608814 12.805352 48.173584 45.395596 11.269495 179.897842 55.845985 -179.905685 -17.730799 6.125562 -6.262168 2.243540 -5.255033 -3.180156 14.282877 -0.826595 6.952497 -0.000001 -12.690585 0.000000 16.175417 -18.123579 2.606972 1.665665 -1.955920 -2.878296 4.727794 -4.170583 4.993917 11.020514 0.000003 -0.000001 12.109032 -3.735710 -2.866782 0.000000 0.000000 0.000000 1.291985 -1.928548 -1.498089 14.800111 0.567467 3.865603 14.242554 -1.341736 -6.660648 19.631939 0.143924 -0.648244 49.676212 -0.527825 -6.305504 0.353030 -1.511149 -0.031941 20.222769 3.684307 2.316628 18.787245 0.000006 -0.000002 10.751610 -0.479869 1.397903 0.000001 0.000000 -0.000000 3.273805 0.305946 -0.580110 21.486790 11.830363 2.266129 8.162917 0.000001 0.000000 18.399052 -3.798980 -4.940568 0.000003 -0.000002 -0.000001 18.273302 -1.315079 -9.988006 -0.101162 -0.433567 23.027266 -13.551320 11.015711 -3.265408 1.615207 -2.048644 -1.858306 -0.000000 0.000000 0.000002 2.747231 3.573771 18.434910 -0.023322 -0.013523 5.742626 7.475439 -7.619555 -11.918376 -1.466241 1.194448 -1.161494 0.000000 0.000000 -0.000001 
0.166385 96.831276 -0.704040 -6.041693 1.348244 -10.300288 3.274833 -0.073156 -1.473289 0.131443 -0.485121 -5.149436 3.891823 -2.652749 11.336661 -1.925742 3.778991 13.163246 0.564452 3.284466 -3.778341 -3.459907 4.482176 -7.053367 0.000077 -0.000023 0.000006 -0.006438 -0.153656 0.125679 0.669080 -3.857029 -10.562526 -0.689087 3.539127 -10.600566 -17.543575 -17.314953 9.401937 -25.699360 -26.855165 -20.554213 -178.279556 -73.036224 178.463577 10.861382 3.761085 14.232525 -5.882102 9.861279 0.702590 -10.936861 -0.360576 7.156196 -0.000001 8.774815 -0.000000 -16.650475 17.859865 5.748292 -1.844032 2.498504 -2.507275 -10.163591 4.678941 4.621103 -20.975998 -0.000004 0.000005 -21.226254 2.451694 -3.593991 -0.000001 -0.000007 0.000000 -1.362680 2.240795 -0.746323 -21.334887 0.584907 3.008321 -13.821197 -0.000001 0.000004 -23.887129 -0.249077 -0.839480 -61.950264 2.725776 -1.696492 -0.294026 1.679686 0.833255 -14.218194 0.093215 1.300581 -34.212006 -0.287562 0.967172 -20.033184 0.964534 1.212843 -0.000000 0.000000 0.000000 -3.440387 0.788231 0.501657 -15.928171 -3.167307 2.999705 -6.338817 0.000000 0.000001 -18.123415 3.648178 -4.905661 -0.000004 0.000002 -0.000002 17.564600 18.656479 13.010501 47.879772 45.526707 10.898258 179.939270 55.788265 -179.838364 -17.605032 6.051604 -6.053628 2.243540 -5.255033 -3.180157 14.282875 -0.826591 6.952492 -0.000002 -12.690591 -0.000001 16.292397 -18.284056 2.545601 1.665665 -1.955920 -2.878297 4.727793 -4.170584 4.993917 11.020512 0.000003 -0.000002 12.109030 -3.735708 -2.866781 -0.000001 0.000000 -0.000000 1.291984 -1.928548 -1.498087 14.800113 0.567469 3.865604 14.242554 -1.341731 -6.660650 19.631939 0.143927 -0.648242 49.834747 -0.571285 -6.340034 0.353028 -1.511149 -0.031939 20.222769 3.684308 2.316628 18.787243 0.000006 -0.000002 10.751609 -0.479867 1.397905 -0.000000 0.000001 -0.000001 3.273804 0.305946 -0.580110 21.486792 11.830362 2.266130 8.162915 0.000002 0.000000 18.399048 -3.798976 -4.940566 0.000003 -0.000003 -0.000000 18.254652 -1.386682 -10.039462 -0.128061 -0.438925 23.042397 -13.578744 11.099245 -3.271718 1.614064 -2.117657 -1.926505 -0.000000 0.000000 0.000002 2.810823 3.700292 18.470673 -0.009205 -0.021143 5.714138 7.570110 -7.979384 -11.949504 -1.464168 1.205676 -1.132188 0.000000 0.000000 -0.000001 
