HIERARCHY
ROOT Hips
{
	OFFSET 0.000000 0.000000 0.000000
	CHANNELS 6 Xposition Yposition Zposition Zrotation Yrotation Xrotation 
	JOINT Spine1
	{
		OFFSET -0.013727 5.003763 -0.053727
		CHANNELS 3 Zrotation Yrotation Xrotation
		JOINT Spine2
		{
			OFFSET -0.000000 7.125302 -0.029825
			CHANNELS 3 Zrotation Yrotation Xrotation
			JOINT Chest
			{
				OFFSET -0.000001 7.550064 -0.815971
				CHANNELS 3 Zrotation Yrotation Xrotation
				JOINT Neck1
				{
					OFFSET -0.181677 26.311296 -0.553348
					CHANNELS 3 Zrotation Yrotation Xrotation
					JOINT Neck2
					{
						OFFSET -0.000003 7.709397 2.302586
						CHANNELS 3 Zrotation Yrotation Xrotation
						JOINT Head
						{
							OFFSET -0.000005 6.128913 1.953709
							CHANNELS 3 Zrotation Yrotation Xrotation
							JOINT HeadEnd
							{
								OFFSET 0.003598 16.065401 -1.835379
								CHANNELS 3 Zrotation Yrotation Xrotation
								End Site
								{
									OFFSET 0.000000 0.000000 0.000000
								}
							}
							JOINT Jaw
							{
								OFFSET 0.002637 0.475592 3.094941
								CHANNELS 3 Zrotation Yrotation Xrotation
								End Site
								{
									OFFSET 0.000000 0.000000 0.000000
								}
							}
							JOINT LeftEye
							{
								OFFSET 3.206381 5.380207 7.586883
								CHANNELS 3 Zrotation Yrotation Xrotation
								End Site
								{
									OFFSET 0.000000 0.000000 0.000000
								}
							}
							JOINT RightEye
							{
								OFFSET -3.222440 5.361866 7.558233
								CHANNELS 3 Zrotation Yrotation Xrotation
								End Site
								{
									OFFSET 0.000000 0.000000 0.000000
								}
							}
						}
					}
				}
				JOINT LeftShoulder
				{
					OFFSET 1.621652 23.237164 5.113413
					CHANNELS 3 Zrotation Yrotation Xrotation
					JOINT LeftArm
					{
						OFFSET 14.919845 0.000001 -5.502326
						CHANNELS 3 Zrotation Yrotation Xrotation
						JOINT LeftForeArm
						{
							OFFSET 28.739309 0.000003 -0.002588
							CHANNELS 3 Zrotation Yrotation Xrotation
							JOINT LeftHand
							{
								OFFSET 27.093979 -0.000003 0.002610
								CHANNELS 3 Zrotation Yrotation Xrotation
								JOINT LeftHandThumb1
								{
									OFFSET 2.276480 -1.392045 3.191413
									CHANNELS 3 Zrotation Yrotation Xrotation
									JOINT LeftHandThumb2
									{
										OFFSET 4.012841 -1.828126 1.641655
										CHANNELS 3 Zrotation Yrotation Xrotation
										JOINT LeftHandThumb3
										{
											OFFSET 2.798516 0.000001 -0.000004
											CHANNELS 3 Zrotation Yrotation Xrotation
											JOINT LeftHandThumbEnd
											{
												OFFSET 3.180791 -0.000002 0.000003
												CHANNELS 3 Zrotation Yrotation Xrotation
												End Site
												{
													OFFSET 0.000000 0.000000 0.000000
												}
											}
										}
									}
								}
								JOINT LeftHandIndex1
								{
									OFFSET 3.247553 -0.531998 2.296169
									CHANNELS 3 Zrotation Yrotation Xrotation
									JOINT LeftHandIndex2
									{
										OFFSET 6.364579 0.012062 0.178600
										CHANNELS 3 Zrotation Yrotation Xrotation
										JOINT LeftHandIndex3
										{
											OFFSET 3.662366 0.000000 -0.000000
											CHANNELS 3 Zrotation Yrotation Xrotation
											JOINT LeftHandIndex4
											{
												OFFSET 2.329242 0.000003 0.000004
												CHANNELS 3 Zrotation Yrotation Xrotation
												JOINT LeftHandIndexEnd
												{
													OFFSET 2.759619 -0.180541 -0.113024
													CHANNELS 3 Zrotation Yrotation Xrotation
													End Site
													{
														OFFSET 0.000000 0.000000 0.000000
													}
												}
											}
										}
									}
								}
								JOINT LeftHandMiddle1
								{
									OFFSET 3.163498 0.240981 1.000332
									CHANNELS 3 Zrotation Yrotation Xrotation
									JOINT LeftHandMiddle2
									{
										OFFSET 6.190777 -0.259276 -1.002548
										CHANNELS 3 Zrotation Yrotation Xrotation
										JOINT LeftHandMiddle3
										{
											OFFSET 4.356523 -0.000006 0.000000
											CHANNELS 3 Zrotation Yrotation Xrotation
											JOINT LeftHandMiddle4
											{
												OFFSET 2.996875 -0.000008 0.000000
												CHANNELS 3 Zrotation Yrotation Xrotation
												JOINT LeftHandMiddleEnd
												{
													OFFSET 2.304294 -0.294572 -0.031740
													CHANNELS 3 Zrotation Yrotation Xrotation
													End Site
													{
														OFFSET 0.000000 0.000000 0.000000
													}
												}
											}
										}
									}
								}
								JOINT LeftHandRing1
								{
									OFFSET 2.882642 -0.053650 -0.322543
									CHANNELS 3 Zrotation Yrotation Xrotation
									JOINT LeftHandRing2
									{
										OFFSET 5.854543 -0.486204 -1.373841
										CHANNELS 3 Zrotation Yrotation Xrotation
										JOINT LeftHandRing3
										{
											OFFSET 4.350580 -0.000000 0.000003
											CHANNELS 3 Zrotation Yrotation Xrotation
											JOINT LeftHandRing4
											{
												OFFSET 2.651324 0.000007 0.000004
												CHANNELS 3 Zrotation Yrotation Xrotation
												JOINT LeftHandRingEnd
												{
													OFFSET 1.936111 0.077685 -0.000070
													CHANNELS 3 Zrotation Yrotation Xrotation
													End Site
													{
														OFFSET 0.000000 0.000000 0.000000
													}
												}
											}
										}
									}
								}
								JOINT LeftHandPinky1
								{
									OFFSET 2.865499 -0.310004 -1.600378
									CHANNELS 3 Zrotation Yrotation Xrotation
									JOINT LeftHandPinky2
									{
										OFFSET 5.087853 -1.331142 -1.771231
										CHANNELS 3 Zrotation Yrotation Xrotation
										JOINT LeftHandPinky3
										{
											OFFSET 3.070974 0.000003 0.000001
											CHANNELS 3 Zrotation Yrotation Xrotation
											JOINT LeftHandPinky4
											{
												OFFSET 1.549668 0.000001 0.000000
												CHANNELS 3 Zrotation Yrotation Xrotation
												JOINT LeftHandPinkyEnd
												{
													OFFSET 1.944894 -0.157802 0.057219
													CHANNELS 3 Zrotation Yrotation Xrotation
													End Site
													{
														OFFSET 0.000000 0.000000 0.000000
													}
												}
											}
										}
									}
								}
							}
						}
					}
				}
				JOINT RightShoulder
				{
					OFFSET -1.380118 23.180307 5.214158
					CHANNELS 3 Zrotation Yrotation Xrotation
					JOINT RightArm
					{
						OFFSET -15.037197 0.000011 -5.545604
						CHANNELS 3 Zrotation Yrotation Xrotation
						JOINT RightForeArm
						{
							OFFSET -28.736639 0.000004 -0.002597
							CHANNELS 3 Zrotation Yrotation Xrotation
							JOINT RightHand
							{
								OFFSET -27.133617 -0.000001 0.002612
								CHANNELS 3 Zrotation Yrotation Xrotation
								JOINT RightHandThumb1
								{
									OFFSET -2.274036 -1.383990 3.163128
									CHANNELS 3 Zrotation Yrotation Xrotation
									JOINT RightHandThumb2
									{
										OFFSET -4.011429 -1.827468 1.640915
										CHANNELS 3 Zrotation Yrotation Xrotation
										JOINT RightHandThumb3
										{
											OFFSET -2.794934 -0.000002 -0.000003
											CHANNELS 3 Zrotation Yrotation Xrotation
											JOINT RightHandThumbEnd
											{
												OFFSET -3.183855 0.000003 -0.000001
												CHANNELS 3 Zrotation Yrotation Xrotation
												End Site
												{
													OFFSET 0.000000 0.000000 0.000000
												}
											}
										}
									}
								}
								JOINT RightHandIndex1
								{
									OFFSET -3.253269 -0.520059 2.282866
									CHANNELS 3 Zrotation Yrotation Xrotation
									JOINT RightHandIndex2
									{
										OFFSET -6.341918 0.012473 0.178265
										CHANNELS 3 Zrotation Yrotation Xrotation
										JOINT RightHandIndex3
										{
											OFFSET -3.654875 -0.000009 -0.000001
											CHANNELS 3 Zrotation Yrotation Xrotation
											JOINT RightHandIndex4
											{
												OFFSET -2.327587 0.000001 0.000000
												CHANNELS 3 Zrotation Yrotation Xrotation
												JOINT RightHandIndexEnd
												{
													OFFSET -2.761789 -0.180657 -0.113079
													CHANNELS 3 Zrotation Yrotation Xrotation
													End Site
													{
														OFFSET 0.000000 0.000000 0.000000
													}
												}
											}
										}
									}
								}
								JOINT RightHandMiddle1
								{
									OFFSET -3.168107 0.246594 1.001031
									CHANNELS 3 Zrotation Yrotation Xrotation
									JOINT RightHandMiddle2
									{
										OFFSET -6.180830 -0.258836 -1.000896
										CHANNELS 3 Zrotation Yrotation Xrotation
										JOINT RightHandMiddle3
										{
											OFFSET -4.348904 -0.000001 -0.000000
											CHANNELS 3 Zrotation Yrotation Xrotation
											JOINT RightHandMiddle4
											{
												OFFSET -3.000244 -0.000002 -0.000003
												CHANNELS 3 Zrotation Yrotation Xrotation
												JOINT RightHandMiddleEnd
												{
													OFFSET -2.302518 -0.294372 -0.031706
													CHANNELS 3 Zrotation Yrotation Xrotation
													End Site
													{
														OFFSET 0.000000 0.000000 0.000000
													}
												}
											}
										}
									}
								}
								JOINT RightHandRing1
								{
									OFFSET -2.885694 -0.067953 -0.308858
									CHANNELS 3 Zrotation Yrotation Xrotation
									JOINT RightHandRing2
									{
										OFFSET -5.854197 -0.486132 -1.373732
										CHANNELS 3 Zrotation Yrotation Xrotation
										JOINT RightHandRing3
										{
											OFFSET -4.338814 -0.000004 -0.000000
											CHANNELS 3 Zrotation Yrotation Xrotation
											JOINT RightHandRing4
											{
												OFFSET -2.654905 -0.000005 0.000003
												CHANNELS 3 Zrotation Yrotation Xrotation
												JOINT RightHandRingEnd
												{
													OFFSET -1.933570 0.077524 -0.000052
													CHANNELS 3 Zrotation Yrotation Xrotation
													End Site
													{
														OFFSET 0.000000 0.000000 0.000000
													}
												}
											}
										}
									}
								}
								JOINT RightHandPinky1
								{
									OFFSET -2.866429 -0.342798 -1.584145
									CHANNELS 3 Zrotation Yrotation Xrotation
									JOINT RightHandPinky2
									{
										OFFSET -5.091370 -1.332054 -1.772385
										CHANNELS 3 Zrotation Yrotation Xrotation
										JOINT RightHandPinky3
										{
											OFFSET -3.062667 -0.000007 0.000001
											CHANNELS 3 Zrotation Yrotation Xrotation
											JOINT RightHandPinky4
											{
												OFFSET -1.546526 0.000006 -0.000003
												CHANNELS 3 Zrotation Yrotation Xrotation
												JOINT RightHandPinkyEnd
												{
													OFFSET -1.945122 -0.157721 0.057211
													CHANNELS 3 Zrotation Yrotation Xrotation
													End Site
													{
														OFFSET 0.000000 0.000000 0.000000
													}
												}
											}
										}
									}
								}
							}
						}
					}
				}
			}
		}
	}
	JOINT LeftLeg
	{
		OFFSET 10.043214 -8.434526 2.595655
		CHANNELS 3 Zrotation Yrotation Xrotation
		JOINT LeftShin
		{
			OFFSET -0.000002 -43.221752 -0.802913
			CHANNELS 3 Zrotation Yrotation Xrotation
			JOINT LeftFoot
			{
				OFFSET 0.000001 -42.155094 -3.481523
				CHANNELS 3 Zrotation Yrotation Xrotation
				JOINT LeftToeBase
				{
					OFFSET 0.000000 -5.059475 13.231529
					CHANNELS 3 Zrotation Yrotation Xrotation
					JOINT LeftToeEnd
					{
						OFFSET -0.009607 -1.647615 6.513017
						CHANNELS 3 Zrotation Yrotation Xrotation
						End Site
						{
							OFFSET 0.000000 0.000000 0.000000
						}
					}
				}
			}
		}
	}
	JOINT RightLeg
	{
		OFFSET -10.047277 -8.295259 2.620317
		CHANNELS 3 Zrotation Yrotation Xrotation
		JOINT RightShin
		{
			OFFSET 0.000001 -43.362209 -0.805556
			CHANNELS 3 Zrotation Yrotation Xrotation
			JOINT RightFoot
			{
				OFFSET 0.000002 -42.117393 -3.478398
				CHANNELS 3 Zrotation Yrotation Xrotation
				JOINT RightToeBase
				{
					OFFSET -0.000001 -5.079609 13.284196
					CHANNELS 3 Zrotation Yrotation Xrotation
					JOINT RightToeEnd
					{
						OFFSET 0.009533 -1.634383 6.460591
						CHANNELS 3 Zrotation Yrotation Xrotation
						End Site
						{
							OFFSET 0.000000 0.000000 0.000000
						}
					}
				}
			}
		}
	}
}
MOTION
Frames: 120
Frame Time: 0.033333
0.703011 95.944466 4.644998 -2.999132 -0.811020 -5.295573 3.486531 0.057509 0.727088 0.096407 -0.284020 -4.820513 2.024270 -2.843596 14.325018 -8.423081 8.400276 16.275417 3.579634 14.418844 -3.014923 -1.997167 16.484455 -11.863776 0.000077 -0.000021 0.000006 -0.028988 -0.051939 -0.003136 0.724657 -3.829715 -10.677081 -0.798102 3.729434 -10.670918 -3.025520 -13.669944 9.155580 -38.115307 -24.905552 -42.390781 179.350281 -49.185173 -179.219681 13.127256 -10.385767 -23.570999 -5.882103 9.861278 0.702590 -10.936860 -0.360575 7.156198 0.000003 8.774813 -0.000001 -16.687248 17.973351 6.169755 -1.844031 2.498503 -2.507276 -10.163590 4.678939 4.621104 -20.975998 -0.000004 0.000003 -21.226255 2.451692 -3.593992 -0.000000 -0.000006 0.000000 -1.362680 2.240797 -0.746323 -21.334896 0.584908 3.008321 -13.821197 -0.000002 0.000003 -23.887133 -0.249078 -0.839480 -60.824505 2.733423 -1.181955 -0.294023 1.679686 0.833255 -14.218195 0.093214 1.300580 -34.212013 -0.287564 0.967171 -20.033180 0.964535 1.212842 0.000000 -0.000000 0.000000 -3.440386 0.788233 0.501655 -15.928169 -3.167306 2.999704 -6.338818 -0.000001 0.000002 -18.123417 3.648175 -4.905660 -0.000006 -0.000000 -0.000002 6.925899 14.902411 12.712233 62.317379 60.206905 21.696922 -179.751801 62.736679 -179.821457 -8.133191 -0.622355 -5.907857 2.243540 -5.255031 -3.180155 14.282881 -0.826594 6.952494 -0.000005 -12.690591 0.000001 16.390400 -18.379595 2.759125 1.665663 -1.955919 -2.878296 4.727794 -4.170584 4.993917 11.020513 0.000003 0.000001 12.109032 -3.735711 -2.866779 -0.000001 -0.000001 0.000001 1.291986 -1.928547 -1.498089 14.800111 0.567468 3.865603 14.242553 -1.341735 -6.660647 19.631939 0.143927 -0.648242 50.343079 -0.920588 -6.061678 0.353029 -1.511150 -0.031940 20.222767 3.684307 2.316628 18.787245 0.000006 -0.000001 10.751610 -0.479866 1.397905 0.000000 0.000001 0.000000 3.273804 0.305947 -0.580111 21.486794 11.830363 2.266132 8.162916 0.000002 0.000000 18.399054 -3.798982 -4.940565 0.000003 0.000001 0.000000 13.414145 39.361507 -17.915802 -0.214209 -0.364244 29.741377 -4.356550 -2.323434 -0.836868 1.646922 -1.731052 -0.115831 -0.000000 0.000000 0.000002 -9.434593 -22.230703 2.467017 0.149916 0.351590 23.884333 9.606054 4.025778 -16.393646 -1.406146 0.871286 -1.117488 -0.000000 -0.000000 -0.000001 
0.860508 95.952026 4.856906 -2.951584 -0.990625 -5.273783 3.480174 0.036687 0.669855 0.145924 -0.307026 -4.834252 2.060058 -2.773020 14.360421 -8.573084 8.394127 16.161383 3.605382 14.471254 -3.008693 -2.084776 16.648703 -11.816254 0.000077 -0.000021 0.000006 -0.022297 -0.040648 0.005066 0.723508 -3.830881 -10.683811 -0.772077 3.734164 -10.685225 -3.068369 -13.646323 9.056457 -38.066757 -24.782314 -42.469215 179.392593 -49.315578 -179.326935 13.086402 -10.490075 -24.001717 -5.882101 9.861278 0.702590 -10.936858 -0.360573 7.156197 0.000000 8.774813 -0.000001 -16.708527 17.998087 6.190732 -1.844030 2.498502 -2.507276 -10.163589 4.678941 4.621104 -20.975996 -0.000002 0.000003 -21.226255 2.451694 -3.593994 0.000001 -0.000006 -0.000000 -1.362680 2.240797 -0.746323 -21.334892 0.584910 3.008321 -13.821197 -0.000002 0.000002 -23.887133 -0.249076 -0.839481 -60.812244 2.635270 -1.151300 -0.294025 1.679685 0.833255 -14.218194 0.093215 1.300580 -34.212006 -0.287561 0.967169 -20.033178 0.964536 1.212841 -0.000000 -0.000000 -0.000000 -3.440386 0.788233 0.501655 -15.928169 -3.167305 2.999704 -6.338816 -0.000001 0.000001 -18.123415 3.648177 -4.905661 -0.000005 -0.000000 -0.000001 6.962964 14.880778 12.762480 62.462372 60.274464 21.928555 -179.699326 62.665314 -179.646942 -8.010457 -0.607099 -6.059439 2.243541 -5.255033 -3.180155 14.282878 -0.826593 6.952497 -0.000005 -12.690592 0.000002 16.308275 -18.296902 2.797875 1.665666 -1.955921 -2.878295 4.727793 -4.170585 4.993919 11.020512 0.000003 -0.000002 12.109030 -3.735710 -2.866779 -0.000000 -0.000001 0.000002 1.291985 -1.928548 -1.498090 14.800109 0.567468 3.865606 14.242553 -1.341735 -6.660646 19.631939 0.143925 -0.648245 50.235924 -0.858369 -6.043712 0.353029 -1.511150 -0.031940 20.222769 3.684306 2.316628 18.787245 0.000005 -0.000000 10.751609 -0.479869 1.397902 -0.000001 0.000002 -0.000000 3.273805 0.305947 -0.580109 21.486792 11.830366 2.266132 8.162916 0.000003 0.000000 18.399050 -3.798980 -4.940565 0.000003 0.000001 0.000000 13.443335 39.252895 -17.770473 -0.208367 -0.324514 29.952124 -4.373046 -2.000941 -1.120240 1.644930 -1.783973 -0.114444 0.000000 0.000000 0.000002 -9.596285 -22.043423 2.659491 0.121815 0.331683 23.626268 9.721322 4.034647 -16.319077 -1.408936 0.857459 -1.185788 -0.000000 0.000001 -0.000001 
0.991551 95.934006 4.981725 -2.925820 -1.186162 -5.249116 3.494213 0.043512 0.638217 0.167150 -0.332056 -4.860742 2.094767 -2.683889 14.383503 -8.641698 8.378199 16.093853 3.596654 14.523129 -3.003030 -2.150425 16.727409 -11.807288 0.000077 -0.000022 0.000006 -0.012195 -0.051878 0.014030 0.722878 -3.841544 -10.698698 -0.757670 3.739786 -10.703173 -3.044955 -13.680435 8.962122 -38.002522 -24.640659 -42.556660 179.401367 -49.478012 -179.427505 13.055971 -10.564600 -24.285616 -5.882100 9.861278 0.702590 -10.936859 -0.360575 7.156198 0.000001 8.774814 -0.000002 -16.679838 18.002142 6.203238 -1.844031 2.498503 -2.507276 -10.163589 4.678939 4.621104 -20.975996 -0.000004 0.000002 -21.226254 2.451692 -3.593993 -0.000000 -0.000006 0.000001 -1.362681 2.240797 -0.746323 -21.334887 0.584907 3.008320 -13.821197 -0.000003 0.000003 -23.887129 -0.249079 -0.839480 -60.814102 2.585951 -1.141472 -0.294023 1.679686 0.833255 -14.218192 0.093213 1.300579 -34.212002 -0.287565 0.967171 -20.033176 0.964534 1.212842 0.000000 0.000000 0.000000 -3.440385 0.788232 0.501655 -15.928169 -3.167307 2.999704 -6.338817 -0.000001 0.000001 -18.123415 3.648176 -4.905661 -0.000005 -0.000000 -0.000002 6.990511 14.899817 12.761225 62.601589 60.344711 22.005833 -179.831421 62.670090 -179.684433 -7.890259 -0.544062 -6.316953 2.243538 -5.255033 -3.180155 14.282875 -0.826593 6.952498 -0.000004 -12.690592 -0.000001 16.214745 -18.216520 2.830037 1.665663 -1.955919 -2.878295 4.727793 -4.170583 4.993918 11.020509 0.000005 -0.000000 12.109029 -3.735708 -2.866778 -0.000000 -0.000001 0.000001 1.291984 -1.928548 -1.498088 14.800113 0.567469 3.865605 14.242551 -1.341733 -6.660650 19.631939 0.143927 -0.648241 50.145042 -0.842764 -6.016599 0.353027 -1.511148 -0.031939 20.222767 3.684308 2.316631 18.787243 0.000006 0.000003 10.751610 -0.479866 1.397906 0.000000 0.000001 0.000001 3.273803 0.305948 -0.580110 21.486788 11.830365 2.266132 8.162915 0.000001 -0.000001 18.399050 -3.798978 -4.940566 0.000003 0.000000 0.000000 13.461963 39.277664 -17.716339 -0.199550 -0.297135 30.181887 -4.383019 -1.811664 -1.387262 1.641568 -1.800918 -0.089309 -0.000000 -0.000001 0.000002 -9.709576 -21.888990 2.679220 0.121816 0.330937 23.596764 9.734875 4.105175 -16.315371 -1.409836 0.862259 -1.222684 0.000000 0.000000 -0.000001 
1.114786 95.894379 5.068315 -2.929200 -1.383634 -5.235282 3.516216 0.047142 0.625287 0.173704 -0.343226 -4.879596 2.138220 -2.615558 14.397895 -8.682238 8.372534 16.020266 3.584072 14.546880 -2.998334 -2.224733 16.777508 -11.821333 0.000077 -0.000020 0.000006 -0.010690 -0.064283 0.024327 0.719789 -3.833510 -10.703598 -0.751333 3.733490 -10.712529 -2.975307 -13.694375 8.883041 -37.967232 -24.472351 -42.694244 179.446838 -49.617043 -179.493546 13.036445 -10.603957 -24.479527 -5.882100 9.861279 0.702589 -10.936859 -0.360575 7.156196 0.000002 8.774816 -0.000002 -16.588129 17.962322 6.243936 -1.844031 2.498503 -2.507275 -10.163589 4.678940 4.621102 -20.975994 -0.000005 0.000001 -21.226250 2.451691 -3.593995 0.000000 -0.000006 -0.000000 -1.362681 2.240797 -0.746323 -21.334887 0.584907 3.008318 -13.821197 -0.000004 0.000002 -23.887129 -0.249080 -0.839482 -60.742786 2.596162 -1.149712 -0.294025 1.679687 0.833255 -14.218190 0.093214 1.300578 -34.211998 -0.287566 0.967168 -20.033176 0.964533 1.212841 -0.000000 -0.000000 0.000001 -3.440385 0.788232 0.501655 -15.928169 -3.167307 2.999703 -6.338813 -0.000001 0.000001 -18.123411 3.648176 -4.905663 -0.000005 -0.000000 -0.000002 6.973432 14.951089 12.704477 62.782753 60.390747 22.090977 -179.977417 62.691456 -179.720795 -7.773223 -0.475778 -6.691968 2.243540 -5.255031 -3.180156 14.282877 -0.826589 6.952495 -0.000005 -12.690592 0.000001 16.094290 -18.186647 2.850282 1.665663 -1.955920 -2.878296 4.727794 -4.170584 4.993916 11.020513 0.000006 0.000001 12.109030 -3.735708 -2.866781 -0.000000 -0.000001 0.000001 1.291985 -1.928548 -1.498088 14.800111 0.567470 3.865603 14.242551 -1.341733 -6.660646 19.631939 0.143927 -0.648242 50.086346 -0.857436 -6.004634 0.353027 -1.511151 -0.031941 20.222769 3.684309 2.316629 18.787245 0.000006 0.000001 10.751610 -0.479867 1.397905 0.000001 0.000001 0.000000 3.273804 0.305947 -0.580110 21.486792 11.830369 2.266132 8.162917 0.000003 0.000001 18.399052 -3.798980 -4.940565 0.000003 0.000000 -0.000001 13.496020 39.334866 -17.724874 -0.189821 -0.297646 30.482334 -4.390659 -1.655824 -1.677304 1.635321 -1.801319 -0.041003 0.000000 0.000001 0.000002 -9.786018 -21.742680 2.623212 0.114296 0.305745 23.698248 9.749048 4.196299 -16.353245 -1.411527 0.880568 -1.221723 0.000000 0.000000 -0.000001 
1.186380 95.841476 5.146905 -2.963731 -1.552678 -5.219992 3.549633 0.054020 0.615131 0.180331 -0.330232 -4.878050 2.181214 -2.584333 14.390825 -8.719162 8.402754 15.959732 3.581234 14.547690 -3.005014 -2.287965 16.880461 -11.792150 0.000077 -0.000020 0.000006 -0.010881 -0.064690 0.032175 0.713105 -3.861891 -10.700071 -0.746035 3.716710 -10.712473 -2.911732 -13.686215 8.840645 -37.916252 -24.317972 -42.855907 179.506088 -49.707497 -179.510818 13.034100 -10.666830 -24.613985 -5.882102 9.861278 0.702589 -10.936860 -0.360573 7.156198 -0.000000 8.774814 -0.000002 -16.543659 17.910812 6.248919 -1.844030 2.498502 -2.507276 -10.163591 4.678941 4.621103 -20.976000 -0.000002 0.000002 -21.226255 2.451694 -3.593995 -0.000000 -0.000007 0.000000 -1.362682 2.240796 -0.746323 -21.334890 0.584910 3.008320 -13.821197 -0.000001 0.000002 -23.887133 -0.249077 -0.839483 -60.618534 2.601396 -1.149445 -0.294024 1.679686 0.833255 -14.218194 0.093216 1.300579 -34.212006 -0.287561 0.967168 -20.033178 0.964536 1.212840 -0.000000 0.000000 0.000000 -3.440386 0.788233 0.501655 -15.928169 -3.167305 2.999703 -6.338817 -0.000001 0.000001 -18.123415 3.648177 -4.905662 -0.000005 -0.000000 -0.000002 6.933562 15.025596 12.631145 62.925404 60.471241 22.193415 -179.992294 62.721214 -179.741623 -7.649579 -0.478222 -7.004491 2.243541 -5.255034 -3.180156 14.282877 -0.826593 6.952495 -0.000005 -12.690593 0.000001 16.000118 -18.145777 2.861443 1.665665 -1.955920 -2.878297 4.727795 -4.170585 4.993919 11.020511 0.000003 -0.000001 12.109032 -3.735711 -2.866781 0.000000 -0.000001 -0.000000 1.291984 -1.928548 -1.498088 14.800111 0.567468 3.865606 14.242553 -1.341736 -6.660648 19.631939 0.143923 -0.648243 50.036995 -0.862432 -5.985780 0.353029 -1.511149 -0.031941 20.222769 3.684307 2.316628 18.787243 0.000003 0.000001 10.751610 -0.479869 1.397904 0.000000 0.000001 0.000002 3.273804 0.305948 -0.580110 21.486792 11.830368 2.266131 8.162918 0.000002 -0.000001 18.399054 -3.798978 -4.940567 0.000004 0.000000 -0.000001 13.589309 39.445236 -17.730024 -0.180673 -0.283474 30.741379 -4.414504 -1.581656 -1.976524 1.631976 -1.800995 -0.022721 0.000000 0.000001 0.000002 -9.790758 -21.616426 2.532555 0.117218 0.313531 23.875122 9.771894 4.264464 -16.449905 -1.413654 0.885228 -1.243582 0.000000 0.000001 -0.000001 
1.249001 95.812912 5.215670 -2.999562 -1.693087 -5.199615 3.570229 0.069317 0.612244 0.188643 -0.330627 -4.882919 2.216209 -2.564116 14.386932 -8.747918 8.416121 15.882781 3.568126 14.591413 -2.997451 -2.324255 16.922457 -11.765037 0.000077 -0.000021 0.000006 -0.013316 -0.076416 0.031598 0.711036 -3.852294 -10.691624 -0.748357 3.718517 -10.704007 -2.861044 -13.668885 8.808273 -37.868511 -24.186661 -43.056938 179.553833 -49.802219 -179.560059 13.034306 -10.706263 -24.729826 -5.882099 9.861279 0.702589 -10.936857 -0.360576 7.156196 0.000002 8.774815 -0.000001 -16.546278 17.865213 6.216321 -1.844030 2.498503 -2.507276 -10.163589 4.678939 4.621103 -20.975996 -0.000006 0.000001 -21.226255 2.451691 -3.593994 0.000001 -0.000006 0.000000 -1.362680 2.240797 -0.746323 -21.334888 0.584907 3.008320 -13.821198 -0.000004 0.000002 -23.887135 -0.249080 -0.839481 -60.522072 2.614223 -1.193462 -0.294025 1.679687 0.833255 -14.218192 0.093214 1.300578 -34.212002 -0.287566 0.967170 -20.033186 0.964534 1.212842 -0.000000 -0.000000 0.000000 -3.440387 0.788233 0.501655 -15.928173 -3.167308 2.999703 -6.338818 -0.000002 0.000001 -18.123415 3.648175 -4.905663 -0.000005 -0.000000 -0.000002 6.895962 15.115817 12.567440 63.035347 60.579021 22.291801 179.990479 62.791615 -179.701904 -7.553734 -0.480828 -7.304090 2.243539 -5.255032 -3.180155 14.282875 -0.826595 6.952494 -0.000005 -12.690591 0.000001 15.945251 -18.145020 2.905850 1.665665 -1.955920 -2.878298 4.727795 -4.170584 4.993919 11.020511 0.000005 -0.000002 12.109032 -3.735709 -2.866780 0.000000 -0.000001 -0.000001 1.291984 -1.928548 -1.498089 14.800109 0.567467 3.865600 14.242553 -1.341734 -6.660651 19.631939 0.143926 -0.648246 50.002613 -0.886171 -5.971161 0.353029 -1.511149 -0.031940 20.222771 3.684304 2.316626 18.787247 0.000005 -0.000002 10.751611 -0.479869 1.397903 0.000000 0.000001 0.000001 3.273804 0.305948 -0.580109 21.486792 11.830364 2.266129 8.162915 0.000001 -0.000001 18.399050 -3.798979 -4.940566 0.000003 0.000001 -0.000001 13.666884 39.602055 -17.762123 -0.186911 -0.296511 30.995153 -4.443776 -1.527347 -2.145432 1.630799 -1.808488 -0.009913 0.000000 -0.000000 0.000002 -9.775936 -21.484039 2.491895 0.113253 0.307043 23.928003 9.832222 4.317564 -16.482485 -1.416218 0.910147 -1.259053 0.000000 0.000000 -0.000001 
1.313396 95.791023 5.253994 -3.033455 -1.801171 -5.184000 3.581442 0.072877 0.615666 0.197226 -0.317204 -4.872085 2.237475 -2.546814 14.369008 -8.750613 8.433846 15.811602 3.548014 14.605879 -2.995780 -2.357263 16.966501 -11.705246 0.000077 -0.000021 0.000006 -0.017171 -0.092508 0.032830 0.706452 -3.853155 -10.697039 -0.749170 3.696234 -10.711936 -2.803949 -13.636944 8.769561 -37.857628 -24.105589 -43.129192 179.529388 -49.847736 -179.543976 12.985515 -10.725912 -24.867483 -5.882102 9.861277 0.702589 -10.936861 -0.360574 7.156197 0.000001 8.774812 -0.000002 -16.541796 17.825443 6.184535 -1.844030 2.498503 -2.507275 -10.163590 4.678941 4.621103 -20.975992 -0.000002 0.000002 -21.226254 2.451694 -3.593995 0.000000 -0.000007 0.000000 -1.362680 2.240797 -0.746323 -21.334892 0.584909 3.008320 -13.821197 -0.000002 0.000002 -23.887133 -0.249076 -0.839482 -60.439548 2.611287 -1.224115 -0.294025 1.679686 0.833255 -14.218195 0.093215 1.300580 -34.212002 -0.287561 0.967168 -20.033175 0.964536 1.212840 -0.000000 0.000000 0.000000 -3.440386 0.788233 0.501656 -15.928169 -3.167305 2.999704 -6.338814 -0.000001 0.000001 -18.123413 3.648177 -4.905662 -0.000004 0.000000 -0.000001 6.883485 15.195870 12.528802 63.089710 60.707298 22.467861 -179.788605 62.848953 -179.529633 -7.496357 -0.454114 -7.459603 2.243541 -5.255032 -3.180156 14.282875 -0.826593 6.952497 -0.000005 -12.690592 -0.000000 15.928904 -18.156504 2.910821 1.665664 -1.955919 -2.878298 4.727792 -4.170582 4.993919 11.020512 0.000004 -0.000002 12.109031 -3.735708 -2.866778 -0.000001 -0.000001 0.000000 1.291983 -1.928548 -1.498087 14.800111 0.567469 3.865606 14.242553 -1.341734 -6.660647 19.631937 0.143926 -0.648243 49.967701 -0.903388 -5.973039 0.353029 -1.511150 -0.031941 20.222767 3.684307 2.316628 18.787243 0.000005 0.000000 10.751609 -0.479866 1.397903 0.000001 0.000001 -0.000001 3.273804 0.305946 -0.580109 21.486790 11.830366 2.266132 8.162914 0.000003 0.000000 18.399050 -3.798979 -4.940564 0.000003 0.000001 -0.000001 13.718985 39.734268 -17.792208 -0.180296 -0.278171 31.181923 -4.457721 -1.500370 -2.283817 1.626847 -1.827814 0.008220 0.000000 0.000001 0.000002 -9.765304 -21.400209 2.450079 0.108719 0.317528 23.968121 9.872375 4.394365 -16.493256 -1.417228 0.893256 -1.284786 -0.000000 0.000001 -0.000001 
1.385895 95.739822 5.295669 -3.057378 -1.895794 -5.174098 3.578061 0.073226 0.641113 0.200434 -0.296920 -4.866484 2.253994 -2.527611 14.359222 -8.711123 8.426466 15.734385 3.510550 14.610553 -3.006502 -2.382091 16.938093 -11.627342 0.000076 -0.000021 0.000006 -0.018590 -0.081261 0.036267 0.706095 -3.846668 -10.703501 -0.753241 3.710051 -10.720123 -2.729475 -13.612943 8.743839 -37.849888 -24.042124 -43.143276 179.407349 -49.900459 -179.454956 12.924361 -10.774260 -25.020918 -5.882100 9.861278 0.702589 -10.936858 -0.360575 7.156196 0.000002 8.774813 -0.000002 -16.502645 17.804079 6.175806 -1.844032 2.498503 -2.507276 -10.163589 4.678939 4.621103 -20.975992 -0.000003 0.000002 -21.226254 2.451694 -3.593994 0.000000 -0.000007 0.000000 -1.362681 2.240796 -0.746323 -21.334888 0.584909 3.008320 -13.821193 -0.000002 0.000002 -23.887129 -0.249078 -0.839482 -60.420582 2.605965 -1.229399 -0.294024 1.679685 0.833255 -14.218190 0.093215 1.300579 -34.211998 -0.287563 0.967169 -20.033176 0.964535 1.212841 -0.000000 0.000000 0.000000 -3.440387 0.788233 0.501655 -15.928164 -3.167305 2.999704 -6.338814 -0.000001 0.000001 -18.123413 3.648176 -4.905662 -0.000005 -0.000000 -0.000002 6.855746 15.265931 12.530613 63.153553 60.851929 22.530903 -179.752609 62.902637 -179.447800 -7.472723 -0.411059 -7.593117 2.243540 -5.255033 -3.180156 14.282875 -0.826593 6.952492 -0.000004 -12.690588 -0.000001 15.882116 -18.136145 2.928754 1.665664 -1.955920 -2.878297 4.727793 -4.170581 4.993918 11.020509 0.000003 -0.000001 12.109033 -3.735710 -2.866779 -0.000000 0.000000 -0.000000 1.291985 -1.928549 -1.498088 14.800114 0.567467 3.865603 14.242554 -1.341736 -6.660650 19.631939 0.143926 -0.648243 49.873672 -0.929940 -5.958695 0.353028 -1.511149 -0.031938 20.222765 3.684304 2.316626 18.787243 0.000004 -0.000001 10.751609 -0.479868 1.397904 0.000000 -0.000000 0.000001 3.273804 0.305946 -0.580110 21.486788 11.830363 2.266133 8.162914 0.000002 0.000000 18.399048 -3.798980 -4.940566 0.000003 0.000001 0.000000 13.749627 39.876789 -17.825012 -0.181558 -0.286821 31.375858 -4.445740 -1.550684 -2.551661 1.627805 -1.816594 0.025570 0.000000 0.000001 0.000002 -9.791773 -21.354536 2.351914 0.107809 0.329473 24.163244 9.916387 4.470464 -16.580482 -1.419616 0.893322 -1.284681 -0.000000 0.000001 -0.000001 
1.427064 95.713516 5.306196 -3.074647 -1.969471 -5.170723 3.574893 0.079071 0.681128 0.196521 -0.265732 -4.859249 2.264540 -2.517735 14.360853 -8.679161 8.418601 15.672987 3.481956 14.602879 -3.016894 -2.409331 16.912739 -11.593790 0.000077 -0.000021 0.000006 -0.019370 -0.065369 0.039275 0.710725 -3.843186 -10.716451 -0.757028 3.724608 -10.736960 -2.659753 -13.623590 8.727806 -37.845661 -23.991802 -43.198429 179.371384 -49.944244 -179.414902 12.925045 -10.828695 -25.210926 -5.882102 9.861278 0.702589 -10.936860 -0.360575 7.156197 0.000000 8.774813 -0.000002 -16.521475 17.787533 6.147871 -1.844031 2.498503 -2.507276 -10.163591 4.678940 4.621104 -20.975998 -0.000002 0.000002 -21.226255 2.451694 -3.593994 0.000000 -0.000006 -0.000000 -1.362680 2.240796 -0.746322 -21.334890 0.584908 3.008320 -13.821197 -0.000002 0.000003 -23.887135 -0.249077 -0.839481 -60.390514 2.610283 -1.249104 -0.294024 1.679686 0.833255 -14.218194 0.093215 1.300579 -34.212006 -0.287563 0.967170 -20.033178 0.964535 1.212842 -0.000000 0.000000 -0.000000 -3.440386 0.788232 0.501655 -15.928169 -3.167306 2.999704 -6.338818 -0.000001 0.000001 -18.123415 3.648176 -4.905662 -0.000005 -0.000000 -0.000001 6.820712 15.322077 12.503101 63.293877 61.005539 22.578304 -179.847000 62.991718 -179.485367 -7.450320 -0.391805 -7.728486 2.243541 -5.255032 -3.180155 14.282879 -0.826595 6.952497 -0.000004 -12.690587 0.000000 15.837568 -18.085987 2.940728 1.665665 -1.955920 -2.878296 4.727797 -4.170584 4.993917 11.020513 0.000003 0.000000 12.109033 -3.735709 -2.866778 -0.000001 -0.000001 -0.000001 1.291983 -1.928547 -1.498087 14.800114 0.567468 3.865606 14.242553 -1.341736 -6.660648 19.631941 0.143925 -0.648242 49.815617 -0.950540 -5.931217 0.353028 -1.511150 -0.031940 20.222771 3.684305 2.316630 18.787247 0.000003 0.000000 10.751610 -0.479871 1.397905 0.000000 0.000001 0.000001 3.273804 0.305947 -0.580109 21.486795 11.830360 2.266133 8.162919 0.000001 0.000002 18.399055 -3.798981 -4.940566 0.000003 0.000000 -0.000001 13.781177 40.023964 -17.883825 -0.189865 -0.289614 31.572210 -4.423609 -1.608862 -2.633173 1.628406 -1.838718 0.029791 0.000000 0.000001 0.000002 -9.815824 -21.359770 2.291615 0.114731 0.332576 24.271767 9.925344 4.571717 -16.609596 -1.421948 0.886863 -1.264836 -0.000000 0.000001 -0.000001 
1.481726 95.685646 5.279706 -3.090354 -2.028527 -5.172359 3.573014 0.094341 0.717756 0.190035 -0.267623 -4.852251 2.270492 -2.486879 14.380158 -8.657344 8.397879 15.601248 3.481711 14.587272 -3.013958 -2.438490 16.883121 -11.559864 0.000077 -0.000021 0.000006 -0.021358 -0.053961 0.039289 0.711070 -3.847101 -10.725458 -0.755013 3.712604 -10.745498 -2.610232 -13.637306 8.765601 -37.831112 -24.010830 -43.245853 179.367065 -49.956551 -179.352737 12.910001 -10.868516 -25.374214 -5.882100 9.861278 0.702590 -10.936860 -0.360575 7.156198 0.000001 8.774815 -0.000002 -16.549772 17.788750 6.127470 -1.844031 2.498502 -2.507276 -10.163590 4.678939 4.621104 -20.975998 -0.000004 0.000003 -21.226250 2.451692 -3.593993 0.000000 -0.000007 0.000000 -1.362681 2.240797 -0.746323 -21.334890 0.584909 3.008320 -13.821197 -0.000003 0.000002 -23.887133 -0.249078 -0.839481 -60.324951 2.613134 -1.261826 -0.294023 1.679686 0.833255 -14.218194 0.093214 1.300579 -34.212002 -0.287564 0.967170 -20.033180 0.964535 1.212842 -0.000000 0.000000 0.000000 -3.440386 0.788232 0.501655 -15.928173 -3.167306 2.999704 -6.338816 -0.000001 0.000001 -18.123415 3.648176 -4.905662 -0.000005 -0.000000 -0.000002 6.792251 15.377784 12.505364 63.350670 61.168247 22.517912 -179.943527 63.039639 -179.567841 -7.443182 -0.374957 -7.871331 2.243539 -5.255033 -3.180155 14.282879 -0.826594 6.952499 -0.000004 -12.690591 0.000000 15.822583 -18.041370 2.921471 1.665665 -1.955921 -2.878296 4.727794 -4.170583 4.993919 11.020510 0.000004 -0.000000 12.109032 -3.735709 -2.866778 -0.000001 0.000000 -0.000000 1.291985 -1.928549 -1.498087 14.800111 0.567467 3.865602 14.242551 -1.341736 -6.660645 19.631939 0.143925 -0.648242 49.789940 -0.961694 -5.920609 0.353027 -1.511150 -0.031938 20.222771 3.684307 2.316631 18.787247 0.000003 0.000002 10.751612 -0.479868 1.397903 0.000001 0.000002 0.000001 3.273803 0.305948 -0.580110 21.486795 11.830366 2.266135 8.162918 0.000002 0.000000 18.399055 -3.798982 -4.940567 0.000003 0.000000 -0.000001 13.780171 40.136360 -17.978928 -0.189289 -0.275329 31.775059 -4.383007 -1.723442 -2.696811 1.629470 -1.838602 0.034293 0.000000 0.000001 0.000002 -9.841377 -21.372654 2.195533 0.119837 0.338717 24.415030 9.924644 4.647583 -16.634272 -1.424237 0.880383 -1.258782 -0.000000 0.000001 -0.000001 
1.520087 95.642403 5.251812 -3.112287 -2.084842 -5.175692 3.578961 0.099526 0.750339 0.185624 -0.243615 -4.838168 2.277058 -2.466736 14.405842 -8.626992 8.390910 15.554763 3.498011 14.535211 -3.012813 -2.493345 16.882589 -11.512074 0.000077 -0.000021 0.000006 -0.018027 -0.062305 0.046224 0.704777 -3.831476 -10.713018 -0.753262 3.700837 -10.736799 -2.565136 -13.676496 8.801086 -37.783264 -24.004854 -43.388107 179.396042 -49.952267 -179.364090 12.876270 -10.892446 -25.551531 -5.882101 9.861279 0.702590 -10.936858 -0.360577 7.156197 0.000002 8.774815 -0.000001 -16.566185 17.804493 6.102364 -1.844031 2.498503 -2.507275 -10.163590 4.678941 4.621104 -20.975996 -0.000003 0.000003 -21.226255 2.451694 -3.593994 0.000000 -0.000006 0.000000 -1.362681 2.240796 -0.746322 -21.334892 0.584909 3.008321 -13.821197 -0.000002 0.000003 -23.887129 -0.249077 -0.839481 -60.291935 2.609057 -1.283330 -0.294025 1.679686 0.833255 -14.218194 0.093214 1.300580 -34.212013 -0.287563 0.967171 -20.033176 0.964535 1.212842 -0.000000 0.000000 0.000000 -3.440386 0.788232 0.501655 -15.928171 -3.167307 2.999704 -6.338820 -0.000001 0.000001 -18.123413 3.648177 -4.905661 -0.000005 -0.000000 -0.000002 6.760560 15.412159 12.510447 63.457958 61.346405 22.502752 -179.942734 63.072613 -179.569397 -7.427923 -0.398834 -7.998375 2.243538 -5.255033 -3.180155 14.282878 -0.826593 6.952497 -0.000001 -12.690588 -0.000001 15.803008 -18.041685 2.921228 1.665664 -1.955919 -2.878295 4.727794 -4.170582 4.993916 11.020513 0.000003 0.000000 12.109033 -3.735711 -2.866779 -0.000001 0.000000 -0.000000 1.291986 -1.928549 -1.498087 14.800111 0.567468 3.865607 14.242554 -1.341735 -6.660649 19.631939 0.143924 -0.648241 49.777054 -0.950081 -5.940952 0.353028 -1.511150 -0.031941 20.222767 3.684304 2.316629 18.787245 0.000003 -0.000000 10.751610 -0.479869 1.397904 0.000000 0.000000 0.000000 3.273803 0.305947 -0.580109 21.486790 11.830360 2.266133 8.162918 0.000000 0.000000 18.399052 -3.798979 -4.940568 0.000003 -0.000001 -0.000001 13.792107 40.245209 -18.061228 -0.189036 -0.273707 31.947067 -4.362717 -1.761056 -2.824265 1.628984 -1.816106 0.018639 0.000000 0.000001 0.000002 -9.849444 -21.374811 2.061332 0.119582 0.326452 24.643518 9.896082 4.726034 -16.708597 -1.426080 0.867232 -1.266162 0.000000 0.000000 -0.000001 
1.548025 95.608368 5.198037 -3.126488 -2.111456 -5.195711 3.580675 0.105739 0.792953 0.181731 -0.234284 -4.812094 2.279129 -2.448130 14.428702 -8.577004 8.345811 15.509904 3.481400 14.541829 -3.002415 -2.556780 16.868181 -11.455925 0.000077 -0.000021 0.000006 -0.018098 -0.073828 0.045847 0.707623 -3.847236 -10.721047 -0.749145 3.698515 -10.739794 -2.529421 -13.703197 8.853927 -37.759556 -24.027769 -43.446793 179.442825 -49.934086 -179.345856 12.862117 -10.898446 -25.781509 -5.882102 9.861278 0.702590 -10.936857 -0.360574 7.156196 -0.000000 8.774814 -0.000001 -16.591293 17.782417 6.074038 -1.844032 2.498502 -2.507276 -10.163588 4.678940 4.621104 -20.975996 -0.000002 0.000002 -21.226255 2.451693 -3.593995 0.000000 -0.000006 -0.000000 -1.362681 2.240797 -0.746323 -21.334892 0.584910 3.008320 -13.821194 -0.000002 0.000002 -23.887129 -0.249078 -0.839482 -60.296539 2.589435 -1.295445 -0.294024 1.679686 0.833255 -14.218192 0.093215 1.300579 -34.211998 -0.287562 0.967168 -20.033178 0.964535 1.212840 -0.000000 0.000000 0.000000 -3.440384 0.788233 0.501655 -15.928165 -3.167305 2.999703 -6.338816 -0.000001 0.000001 -18.123413 3.648176 -4.905661 -0.000005 -0.000000 -0.000002 6.737021 15.455486 12.542503 63.506760 61.474197 22.518486 -179.813919 63.084743 -179.447922 -7.419037 -0.400798 -8.029367 2.243539 -5.255033 -3.180153 14.282875 -0.826592 6.952496 -0.000003 -12.690590 0.000001 15.869006 -18.023525 2.893821 1.665664 -1.955918 -2.878299 4.727793 -4.170582 4.993919 11.020511 0.000004 0.000000 12.109031 -3.735712 -2.866779 -0.000001 0.000000 -0.000001 1.291984 -1.928548 -1.498089 14.800111 0.567467 3.865603 14.242553 -1.341735 -6.660650 19.631937 0.143924 -0.648243 49.825729 -0.949207 -5.944040 0.353027 -1.511149 -0.031938 20.222767 3.684305 2.316627 18.787243 0.000004 -0.000000 10.751610 -0.479866 1.397902 -0.000001 0.000001 0.000001 3.273804 0.305947 -0.580109 21.486790 11.830363 2.266131 8.162918 0.000001 -0.000001 18.399050 -3.798979 -4.940567 0.000003 0.000001 -0.000001 13.796095 40.327061 -18.150272 -0.194871 -0.265595 32.111423 -4.345735 -1.762827 -2.868375 1.628366 -1.838716 0.017507 0.000000 0.000001 0.000002 -9.872403 -21.429352 1.951029 0.123836 0.322798 24.847153 9.845924 4.815121 -16.759357 -1.427157 0.866897 -1.292930 -0.000000 0.000001 -0.000001 
1.582817 95.577652 5.131434 -3.145102 -2.121388 -5.207349 3.581621 0.114024 0.833278 0.182810 -0.218408 -4.805028 2.284448 -2.451609 14.467481 -8.528634 8.336459 15.446483 3.477516 14.517990 -3.003153 -2.584291 16.827633 -11.393137 0.000076 -0.000020 0.000006 -0.017785 -0.066039 0.050569 0.705839 -3.842575 -10.720825 -0.746785 3.717448 -10.740045 -2.496577 -13.696008 8.899181 -37.707897 -24.045956 -43.425182 179.421082 -49.923874 -179.307388 12.865058 -10.891407 -25.967611 -5.882102 9.861279 0.702590 -10.936861 -0.360574 7.156197 0.000002 8.774814 -0.000001 -16.640495 17.799858 6.040670 -1.844031 2.498503 -2.507276 -10.163590 4.678940 4.621103 -20.975994 -0.000003 0.000001 -21.226255 2.451692 -3.593994 0.000000 -0.000006 -0.000000 -1.362681 2.240797 -0.746323 -21.334887 0.584909 3.008320 -13.821197 -0.000002 0.000002 -23.887129 -0.249078 -0.839481 -60.321114 2.587252 -1.321074 -0.294024 1.679686 0.833255 -14.218194 0.093215 1.300579 -34.212006 -0.287563 0.967169 -20.033176 0.964535 1.212841 0.000000 -0.000000 -0.000000 -3.440385 0.788232 0.501655 -15.928171 -3.167305 2.999703 -6.338818 -0.000001 0.000001 -18.123415 3.648176 -4.905662 -0.000005 -0.000000 -0.000001 6.703810 15.508345 12.556357 63.562256 61.619068 22.538990 -179.659958 63.095329 -179.337051 -7.403224 -0.447741 -8.085382 2.243540 -5.255032 -3.180153 14.282877 -0.826593 6.952495 -0.000005 -12.690590 0.000001 15.874912 -18.030386 2.913815 1.665665 -1.955920 -2.878298 4.727792 -4.170582 4.993919 11.020509 0.000005 -0.000001 12.109032 -3.735710 -2.866778 -0.000001 0.000000 -0.000001 1.291982 -1.928545 -1.498086 14.800111 0.567469 3.865604 14.242553 -1.341733 -6.660648 19.631937 0.143927 -0.648240 49.829845 -0.954024 -5.943364 0.353029 -1.511149 -0.031940 20.222767 3.684308 2.316630 18.787243 0.000007 0.000002 10.751610 -0.479867 1.397905 0.000000 0.000002 0.000000 3.273803 0.305948 -0.580110 21.486790 11.830366 2.266134 8.162916 0.000002 0.000001 18.399050 -3.798979 -4.940566 0.000004 -0.000001 -0.000000 13.770874 40.388424 -18.272408 -0.183693 -0.250969 32.270115 -4.309215 -1.803079 -2.899071 1.627794 -1.846880 -0.004486 -0.000000 0.000000 0.000002 -9.880042 -21.476139 1.828788 0.124313 0.322364 25.037186 9.822456 4.880587 -16.797604 -1.426633 0.849014 -1.306013 -0.000000 0.000001 -0.000001 
1.616716 95.551018 5.050006 -3.161890 -2.157980 -5.225929 3.589027 0.130102 0.881644 0.178209 -0.209354 -4.791085 2.292380 -2.447213 14.498135 -8.465878 8.315586 15.410323 3.459026 14.516986 -3.002527 -2.618085 16.769844 -11.361588 0.000077 -0.000021 0.000006 -0.017565 -0.066222 0.053412 0.699277 -3.842527 -10.717997 -0.745565 3.720592 -10.735743 -2.468847 -13.701989 8.940628 -37.704712 -24.039015 -43.348274 179.438980 -49.942097 -179.264481 12.869098 -10.937529 -26.176695 -5.882100 9.861278 0.702590 -10.936857 -0.360575 7.156197 0.000002 8.774813 -0.000001 -16.635580 17.824982 6.034516 -1.844030 2.498502 -2.507275 -10.163588 4.678939 4.621104 -20.975992 -0.000004 0.000003 -21.226246 2.451692 -3.593992 0.000000 -0.000006 -0.000000 -1.362681 2.240797 -0.746322 -21.334887 0.584908 3.008321 -13.821194 -0.000003 0.000003 -23.887123 -0.249078 -0.839480 -60.293369 2.580466 -1.326418 -0.294024 1.679686 0.833255 -14.218189 0.093214 1.300580 -34.211998 -0.287563 0.967171 -20.033175 0.964535 1.212842 -0.000000 0.000000 -0.000000 -3.440385 0.788233 0.501655 -15.928164 -3.167306 2.999704 -6.338816 -0.000001 0.000002 -18.123411 3.648176 -4.905660 -0.000004 -0.000000 -0.000001 6.672781 15.551123 12.563938 63.586983 61.714336 22.421019 -179.770050 63.098869 -179.429398 -7.406578 -0.459804 -8.161231 2.243540 -5.255032 -3.180156 14.282877 -0.826593 6.952499 -0.000005 -12.690588 0.000001 15.891681 -18.064749 2.927152 1.665665 -1.955920 -2.878297 4.727793 -4.170583 4.993917 11.020513 0.000004 -0.000001 12.109033 -3.735707 -2.866781 -0.000001 -0.000001 0.000000 1.291984 -1.928547 -1.498087 14.800114 0.567467 3.865604 14.242554 -1.341734 -6.660646 19.631939 0.143925 -0.648244 49.865677 -0.944783 -5.937388 0.353029 -1.511150 -0.031941 20.222773 3.684305 2.316631 18.787245 0.000005 -0.000001 10.751611 -0.479868 1.397904 0.000000 0.000000 0.000001 3.273805 0.305948 -0.580110 21.486794 11.830361 2.266132 8.162917 0.000001 0.000002 18.399054 -3.798976 -4.940565 0.000003 -0.000001 -0.000000 13.757641 40.449780 -18.344505 -0.191237 -0.248275 32.354492 -4.286449 -1.833435 -2.939462 1.629436 -1.838382 -0.026092 0.000000 0.000001 0.000002 -9.904977 -21.559732 1.705887 0.130341 0.317847 25.223259 9.779708 4.982235 -16.811731 -1.426821 0.844021 -1.298756 0.000000 0.000000 -0.000001 
1.662745 95.526001 5.008292 -3.181639 -2.156922 -5.250093 3.600457 0.133957 0.934020 0.176597 -0.196513 -4.791048 2.301977 -2.439807 14.543371 -8.405908 8.276109 15.379194 3.446393 14.507951 -3.002068 -2.648883 16.721117 -11.318482 0.000077 -0.000021 0.000006 -0.017543 -0.046955 0.056009 0.698265 -3.828983 -10.729246 -0.746451 3.734568 -10.746703 -2.442302 -13.723904 8.992625 -37.674847 -24.007433 -43.253822 179.429169 -49.951950 -179.258148 12.953846 -10.958208 -26.453697 -5.882102 9.861277 0.702590 -10.936860 -0.360573 7.156198 0.000001 8.774811 0.000000 -16.638103 17.866459 6.036212 -1.844033 2.498502 -2.507276 -10.163589 4.678941 4.621106 -20.975998 -0.000002 0.000003 -21.226255 2.451694 -3.593994 0.000000 -0.000006 0.000001 -1.362680 2.240795 -0.746323 -21.334890 0.584911 3.008322 -13.821197 -0.000001 0.000003 -23.887133 -0.249076 -0.839481 -60.305664 2.587062 -1.343948 -0.294024 1.679686 0.833255 -14.218195 0.093216 1.300580 -34.212009 -0.287560 0.967170 -20.033180 0.964537 1.212841 -0.000000 0.000000 -0.000000 -3.440387 0.788233 0.501655 -15.928171 -3.167304 2.999704 -6.338815 -0.000001 0.000001 -18.123415 3.648177 -4.905659 -0.000004 -0.000000 -0.000001 6.602660 15.573331 12.569227 63.547539 61.833118 22.268150 -179.848099 63.137562 -179.515793 -7.377738 -0.461187 -8.224075 2.243542 -5.255036 -3.180156 14.282877 -0.826593 6.952492 -0.000003 -12.690590 0.000001 15.884067 -18.046595 2.927565 1.665665 -1.955920 -2.878296 4.727797 -4.170584 4.993919 11.020513 0.000003 -0.000002 12.109033 -3.735709 -2.866782 -0.000001 0.000000 -0.000001 1.291984 -1.928548 -1.498086 14.800113 0.567469 3.865601 14.242553 -1.341736 -6.660646 19.631939 0.143925 -0.648244 49.898392 -0.935480 -5.913328 0.353028 -1.511148 -0.031941 20.222773 3.684304 2.316627 18.787245 0.000003 -0.000001 10.751612 -0.479869 1.397902 0.000000 0.000002 0.000001 3.273806 0.305947 -0.580112 21.486797 11.830360 2.266130 8.162919 0.000000 -0.000001 18.399054 -3.798977 -4.940570 0.000003 0.000000 -0.000001 13.747700 40.499615 -18.385387 -0.187017 -0.237085 32.427040 -4.278941 -1.880914 -3.026236 1.630912 -1.838355 -0.035138 0.000000 0.000001 0.000002 -9.939063 -21.643538 1.655910 0.131113 0.334880 25.340893 9.790386 5.072498 -16.821964 -1.427140 0.851028 -1.284636 -0.000000 -0.000000 -0.000001 
1.651932 95.529343 4.964067 -3.203240 -2.156638 -5.267199 3.613590 0.141799 0.981185 0.177891 -0.177577 -4.775474 2.306625 -2.437070 14.573812 -8.319493 8.212950 15.365121 3.429761 14.496350 -3.012350 -2.669122 16.670597 -11.273144 0.000077 -0.000021 0.000006 -0.020198 -0.051286 0.053938 0.701551 -3.830741 -10.731310 -0.746722 3.729748 -10.750159 -2.418616 -13.767063 9.001362 -37.667007 -23.901764 -43.151466 179.468918 -49.974819 -179.254623 13.046832 -11.012878 -26.772207 -5.882102 9.861278 0.702589 -10.936858 -0.360575 7.156198 0.000000 8.774809 -0.000002 -16.658195 17.904331 6.048056 -1.844032 2.498502 -2.507276 -10.163589 4.678939 4.621103 -20.975996 -0.000003 0.000002 -21.226254 2.451694 -3.593994 0.000000 -0.000006 0.000001 -1.362680 2.240796 -0.746323 -21.334896 0.584909 3.008321 -13.821195 -0.000002 0.000002 -23.887131 -0.249078 -0.839482 -60.356205 2.603982 -1.364821 -0.294024 1.679686 0.833255 -14.218195 0.093215 1.300579 -34.212009 -0.287562 0.967170 -20.033180 0.964535 1.212841 -0.000000 0.000000 0.000000 -3.440386 0.788232 0.501655 -15.928169 -3.167305 2.999704 -6.338818 -0.000001 0.000001 -18.123413 3.648176 -4.905662 -0.000004 -0.000000 -0.000002 6.533329 15.576001 12.539132 63.534042 61.926506 22.234682 -179.878235 63.161930 -179.591995 -7.368075 -0.487345 -8.272892 2.243539 -5.255033 -3.180154 14.282877 -0.826594 6.952499 -0.000002 -12.690591 -0.000002 15.869395 -18.059256 2.919425 1.665665 -1.955921 -2.878296 4.727795 -4.170583 4.993917 11.020512 0.000003 -0.000001 12.109031 -3.735710 -2.866777 0.000000 -0.000001 -0.000001 1.291985 -1.928549 -1.498088 14.800114 0.567468 3.865604 14.242553 -1.341736 -6.660647 19.631937 0.143924 -0.648243 49.941967 -0.957996 -5.903704 0.353030 -1.511149 -0.031940 20.222767 3.684305 2.316631 18.787245 0.000004 -0.000001 10.751611 -0.479867 1.397905 -0.000000 0.000001 0.000001 3.273805 0.305946 -0.580110 21.486792 11.830362 2.266133 8.162916 -0.000000 -0.000000 18.399054 -3.798980 -4.940566 0.000003 -0.000002 -0.000001 13.768523 40.574085 -18.386440 -0.191537 -0.246616 32.396332 -4.302685 -1.944779 -2.975563 1.632348 -1.847033 -0.041978 0.000000 0.000001 0.000002 -9.937386 -21.727612 1.654971 0.141422 0.322104 25.346375 9.774581 5.176839 -16.784864 -1.427518 0.863345 -1.271664 -0.000000 -0.000000 -0.000001 
1.649678 95.556709 4.899599 -3.224623 -2.170603 -5.261151 3.625409 0.137531 1.006143 0.180849 -0.160115 -4.756212 2.309201 -2.438531 14.592893 -8.251740 8.135554 15.309803 3.446674 14.485369 -3.008664 -2.678929 16.652939 -11.204437 0.000077 -0.000020 0.000006 -0.020244 -0.054814 0.051532 0.704683 -3.831935 -10.724108 -0.752827 3.725222 -10.741870 -2.418082 -13.810707 8.981018 -37.622032 -23.734392 -43.070415 179.474808 -49.992348 -179.261093 13.088873 -11.081510 -27.079994 -5.882100 9.861279 0.702590 -10.936856 -0.360575 7.156196 0.000001 8.774813 -0.000001 -16.704855 17.919033 6.048042 -1.844030 2.498502 -2.507275 -10.163589 4.678940 4.621105 -20.975992 -0.000005 0.000002 -21.226248 2.451692 -3.593993 0.000000 -0.000006 0.000001 -1.362681 2.240797 -0.746322 -21.334888 0.584908 3.008321 -13.821197 -0.000003 0.000002 -23.887125 -0.249079 -0.839481 -60.450489 2.614252 -1.364292 -0.294025 1.679686 0.833255 -14.218187 0.093214 1.300579 -34.211998 -0.287564 0.967169 -20.033175 0.964535 1.212842 -0.000000 0.000000 0.000000 -3.440386 0.788233 0.501655 -15.928164 -3.167307 2.999704 -6.338814 -0.000001 0.000001 -18.123411 3.648177 -4.905662 -0.000004 0.000000 -0.000002 6.474536 15.579852 12.516269 63.532082 61.999241 22.226309 -179.956573 63.153320 -179.687973 -7.357604 -0.519773 -8.400656 2.243539 -5.255033 -3.180156 14.282873 -0.826590 6.952497 -0.000005 -12.690591 0.000001 15.872147 -18.080090 2.905539 1.665664 -1.955919 -2.878298 4.727791 -4.170583 4.993919 11.020508 0.000006 -0.000003 12.109030 -3.735708 -2.866778 -0.000001 0.000000 -0.000000 1.291983 -1.928547 -1.498089 14.800111 0.567469 3.865602 14.242553 -1.341733 -6.660650 19.631937 0.143928 -0.648244 50.028458 -0.973216 -5.945532 0.353028 -1.511149 -0.031941 20.222765 3.684310 2.316628 18.787245 0.000005 -0.000001 10.751609 -0.479868 1.397905 -0.000000 0.000001 0.000001 3.273806 0.305947 -0.580109 21.486794 11.830365 2.266131 8.162916 0.000002 0.000000 18.399052 -3.798980 -4.940567 0.000004 0.000001 -0.000002 13.754240 40.631474 -18.389603 -0.192483 -0.252255 32.281647 -4.326464 -1.953477 -2.863657 1.634594 -1.807705 -0.067739 0.000000 0.000001 0.000002 -9.917488 -21.822687 1.652054 0.143916 0.324250 25.254450 9.767571 5.226117 -16.678314 -1.429683 0.869953 -1.282605 -0.000000 0.000002 -0.000001 
1.678804 95.590004 4.869713 -3.240679 -2.173366 -5.239763 3.634649 0.157477 1.008127 0.188655 -0.159956 -4.743956 2.296720 -2.444058 14.631333 -8.167768 8.069572 15.262708 3.443302 14.417849 -3.020121 -2.648020 16.634871 -11.162149 0.000077 -0.000020 0.000006 -0.022025 -0.047285 0.053545 0.705410 -3.831652 -10.719726 -0.756870 3.719538 -10.738504 -2.442321 -13.843818 8.980023 -37.519642 -23.601257 -43.053375 179.546783 -50.050087 -179.360748 13.143677 -11.133599 -27.224335 -5.882100 9.861278 0.702590 -10.936858 -0.360574 7.156197 0.000001 8.774814 -0.000001 -16.699160 17.918871 6.049240 -1.844032 2.498502 -2.507276 -10.163589 4.678940 4.621104 -20.975996 -0.000004 0.000002 -21.226255 2.451692 -3.593993 -0.000001 -0.000006 0.000000 -1.362681 2.240796 -0.746323 -21.334892 0.584907 3.008319 -13.821197 -0.000003 0.000002 -23.887123 -0.249079 -0.839481 -60.485065 2.605961 -1.351146 -0.294023 1.679686 0.833255 -14.218194 0.093215 1.300579 -34.212006 -0.287565 0.967169 -20.033178 0.964534 1.212841 -0.000000 0.000000 -0.000000 -3.440385 0.788232 0.501656 -15.928165 -3.167307 2.999703 -6.338819 -0.000001 0.000001 -18.123411 3.648175 -4.905661 -0.000005 0.000000 -0.000001 6.418232 15.576541 12.514684 63.396263 62.093819 22.157623 -179.955292 63.148491 -179.716019 -7.319710 -0.532686 -8.512959 2.243539 -5.255032 -3.180155 14.282873 -0.826593 6.952495 -0.000003 -12.690592 0.000001 15.878178 -18.096249 2.898893 1.665666 -1.955920 -2.878296 4.727790 -4.170582 4.993919 11.020512 0.000004 -0.000001 12.109031 -3.735710 -2.866780 -0.000001 0.000000 -0.000001 1.291986 -1.928549 -1.498091 14.800111 0.567469 3.865606 14.242551 -1.341734 -6.660649 19.631937 0.143928 -0.648244 50.056198 -0.984291 -5.977204 0.353029 -1.511148 -0.031941 20.222767 3.684306 2.316627 18.787243 0.000004 0.000001 10.751608 -0.479868 1.397904 -0.000001 0.000001 0.000001 3.273805 0.305947 -0.580110 21.486788 11.830363 2.266131 8.162918 -0.000000 -0.000001 18.399050 -3.798980 -4.940566 0.000003 -0.000001 -0.000001 13.710652 40.741749 -18.408611 -0.195419 -0.267031 32.203842 -4.316747 -1.969577 -2.772219 1.635361 -1.793506 -0.085410 0.000000 0.000001 0.000002 -9.917309 -21.891359 1.689291 0.148201 0.335327 25.088057 9.806651 5.245290 -16.550478 -1.429749 0.882072 -1.315517 -0.000000 -0.000000 -0.000001 
1.651577 95.630020 4.850633 -3.260021 -2.170415 -5.197465 3.644924 0.171975 1.008207 0.190160 -0.167670 -4.743977 2.286696 -2.434493 14.663372 -8.079991 8.011705 15.208445 3.408797 14.359657 -3.043106 -2.602800 16.574224 -11.107121 0.000077 -0.000020 0.000006 -0.018922 -0.066213 0.048085 0.714221 -3.839493 -10.718462 -0.757710 3.705689 -10.733592 -2.496315 -13.866765 9.015119 -37.334965 -23.485125 -43.042019 179.487030 -50.140053 -179.386246 13.176582 -11.212029 -27.250206 -5.882102 9.861278 0.702590 -10.936858 -0.360575 7.156197 0.000002 8.774814 -0.000001 -16.683310 17.928110 6.027347 -1.844032 2.498502 -2.507276 -10.163589 4.678940 4.621105 -20.975994 -0.000004 0.000002 -21.226255 2.451692 -3.593992 0.000001 -0.000006 -0.000001 -1.362681 2.240797 -0.746323 -21.334890 0.584908 3.008321 -13.821195 -0.000003 0.000002 -23.887125 -0.249079 -0.839480 -60.459316 2.585635 -1.344408 -0.294025 1.679686 0.833255 -14.218192 0.093214 1.300579 -34.212006 -0.287564 0.967172 -20.033180 0.964535 1.212842 -0.000000 0.000000 -0.000000 -3.440384 0.788232 0.501655 -15.928165 -3.167307 2.999704 -6.338817 -0.000001 0.000001 -18.123413 3.648175 -4.905661 -0.000005 -0.000000 -0.000002 6.373191 15.576517 12.518283 63.097927 62.176533 21.967651 -179.916321 63.113007 -179.741562 -7.291345 -0.541785 -8.590654 2.243540 -5.255033 -3.180156 14.282877 -0.826593 6.952496 -0.000003 -12.690591 -0.000001 15.920202 -18.114109 2.889638 1.665665 -1.955920 -2.878297 4.727794 -4.170585 4.993919 11.020512 0.000003 -0.000001 12.109031 -3.735710 -2.866779 -0.000001 0.000000 0.000000 1.291985 -1.928548 -1.498090 14.800114 0.567469 3.865606 14.242553 -1.341737 -6.660648 19.631939 0.143925 -0.648242 50.080830 -1.004275 -5.991015 0.353029 -1.511150 -0.031941 20.222773 3.684305 2.316628 18.787247 0.000004 -0.000000 10.751610 -0.479868 1.397903 0.000001 0.000002 0.000001 3.273804 0.305948 -0.580109 21.486792 11.830364 2.266132 8.162918 0.000000 -0.000001 18.399057 -3.798981 -4.940568 0.000003 0.000000 -0.000001 13.695386 40.849590 -18.417305 -0.193948 -0.275107 32.064747 -4.317089 -2.001257 -2.629482 1.635537 -1.793087 -0.103445 -0.000000 0.000000 0.000002 -9.866344 -21.961903 1.717420 0.149238 0.343061 24.912251 9.796924 5.262955 -16.444492 -1.429633 0.869777 -1.334577 0.000000 0.000000 -0.000001 
1.700302 95.661797 4.831172 -3.278642 -2.163915 -5.155283 3.652131 0.178773 1.013330 0.190307 -0.156676 -4.732007 2.274266 -2.438455 14.660069 -7.988048 7.988931 15.152281 3.395052 14.259875 -3.050047 -2.568285 16.514032 -11.018317 0.000077 -0.000020 0.000006 -0.019878 -0.081709 0.043231 0.722653 -3.848851 -10.726968 -0.762507 3.690786 -10.740621 -2.546552 -13.895536 9.050359 -37.137531 -23.370466 -43.026455 179.477158 -50.234535 -179.418808 13.279339 -11.282303 -27.330406 -5.882100 9.861279 0.702589 -10.936856 -0.360575 7.156196 0.000000 8.774813 -0.000001 -16.660494 17.944839 6.064189 -1.844029 2.498503 -2.507276 -10.163589 4.678941 4.621103 -20.975994 -0.000004 0.000001 -21.226250 2.451692 -3.593994 0.000001 -0.000007 0.000001 -1.362680 2.240797 -0.746323 -21.334887 0.584908 3.008320 -13.821195 -0.000003 0.000002 -23.887125 -0.249079 -0.839481 -60.485325 2.572416 -1.317476 -0.294024 1.679686 0.833255 -14.218189 0.093214 1.300579 -34.212002 -0.287565 0.967170 -20.033175 0.964534 1.212842 0.000000 -0.000000 -0.000000 -3.440385 0.788232 0.501655 -15.928164 -3.167307 2.999704 -6.338814 -0.000001 0.000001 -18.123411 3.648176 -4.905662 -0.000005 0.000000 -0.000001 6.348854 15.593777 12.524482 62.840511 62.263790 21.887413 -179.836243 63.105938 -179.629044 -7.223357 -0.562050 -8.689518 2.243537 -5.255031 -3.180154 14.282878 -0.826593 6.952502 -0.000005 -12.690592 -0.000001 15.942482 -18.142422 2.895743 1.665666 -1.955920 -2.878296 4.727793 -4.170581 4.993916 11.020512 0.000005 -0.000000 12.109029 -3.735707 -2.866779 -0.000001 0.000000 -0.000000 1.291986 -1.928548 -1.498087 14.800114 0.567471 3.865604 14.242551 -1.341732 -6.660645 19.631939 0.143928 -0.648239 50.081730 -1.005596 -6.014641 0.353029 -1.511151 -0.031940 20.222769 3.684308 2.316632 18.787245 0.000006 0.000004 10.751610 -0.479866 1.397906 0.000000 0.000002 0.000001 3.273803 0.305948 -0.580109 21.486795 11.830365 2.266136 8.162918 0.000002 0.000001 18.399054 -3.798978 -4.940564 0.000003 0.000000 -0.000002 13.628368 40.929909 -18.444769 -0.194554 -0.271878 31.962879 -4.281966 -2.000812 -2.595757 1.637629 -1.776255 -0.098596 -0.000000 0.000002 0.000002 -9.860875 -22.025118 1.740930 0.141616 0.357481 24.735266 9.833336 5.289041 -16.315662 -1.429619 0.870570 -1.338463 0.000000 0.000001 -0.000001 
1.735767 95.681366 4.841896 -3.291722 -2.142363 -5.117141 3.656835 0.177167 1.022584 0.188156 -0.142368 -4.728407 2.255253 -2.436006 14.661502 -7.915012 7.980138 15.106595 3.383002 14.182041 -3.050464 -2.556915 16.441832 -10.938020 0.000077 -0.000020 0.000006 -0.014405 -0.085310 0.043008 0.724324 -3.859192 -10.731568 -0.757818 3.671323 -10.745893 -2.577747 -13.918064 9.076214 -36.957462 -23.285933 -42.983387 179.420135 -50.335117 -179.400681 13.381207 -11.378476 -27.437231 -5.882098 9.861278 0.702590 -10.936858 -0.360577 7.156197 0.000002 8.774814 -0.000002 -16.658945 17.955370 6.075899 -1.844030 2.498502 -2.507275 -10.163589 4.678939 4.621104 -20.975998 -0.000005 0.000002 -21.226254 2.451691 -3.593993 0.000000 -0.000006 -0.000000 -1.362680 2.240796 -0.746322 -21.334892 0.584907 3.008321 -13.821197 -0.000003 0.000002 -23.887129 -0.249079 -0.839480 -60.499039 2.563326 -1.314068 -0.294025 1.679686 0.833255 -14.218190 0.093213 1.300579 -34.212006 -0.287566 0.967172 -20.033178 0.964534 1.212843 0.000000 0.000000 0.000000 -3.440384 0.788233 0.501655 -15.928169 -3.167308 2.999704 -6.338814 -0.000002 0.000001 -18.123411 3.648176 -4.905660 -0.000005 0.000000 -0.000001 6.288869 15.602365 12.503460 62.627243 62.357807 21.831244 -179.699799 63.088581 -179.485825 -7.184376 -0.572115 -8.778960 2.243540 -5.255032 -3.180156 14.282875 -0.826593 6.952495 -0.000004 -12.690591 0.000000 15.948958 -18.188168 2.937282 1.665665 -1.955920 -2.878298 4.727793 -4.170582 4.993918 11.020511 0.000005 -0.000000 12.109035 -3.735711 -2.866779 -0.000001 0.000000 -0.000001 1.291983 -1.928547 -1.498090 14.800113 0.567469 3.865602 14.242551 -1.341733 -6.660646 19.631939 0.143928 -0.648243 50.101982 -1.018910 -6.023363 0.353028 -1.511150 -0.031940 20.222771 3.684309 2.316628 18.787247 0.000005 -0.000000 10.751610 -0.479866 1.397904 0.000000 0.000002 0.000001 3.273806 0.305947 -0.580110 21.486792 11.830366 2.266131 8.162919 0.000002 -0.000001 18.399055 -3.798980 -4.940569 0.000003 -0.000001 -0.000000 13.575433 41.015640 -18.461300 -0.179720 -0.258671 31.886131 -4.251441 -2.033217 -2.606971 1.638849 -1.793222 -0.078539 0.000000 0.000001 0.000002 -9.867582 -22.060146 1.776693 0.142551 0.344251 24.600256 9.863960 5.320069 -16.235476 -1.429922 0.835008 -1.321320 -0.000000 0.000002 -0.000001 
1.800942 95.690849 4.820003 -3.296868 -2.132447 -5.099820 3.654552 0.170312 1.051238 0.184692 -0.114068 -4.733420 2.228445 -2.439668 14.671330 -7.854751 7.958403 15.080981 3.390262 14.119205 -3.047609 -2.574396 16.346991 -10.835285 0.000077 -0.000022 0.000006 -0.011706 -0.111818 0.032802 0.729122 -3.873585 -10.736526 -0.761239 3.676996 -10.749043 -2.572286 -13.948034 9.076557 -36.728920 -23.218052 -42.904861 179.269928 -50.471447 -179.294281 13.463104 -11.483685 -27.608847 -5.882102 9.861279 0.702589 -10.936859 -0.360574 7.156196 0.000001 8.774813 -0.000002 -16.625986 17.967632 6.109456 -1.844031 2.498503 -2.507276 -10.163589 4.678940 4.621104 -20.975994 -0.000004 0.000002 -21.226255 2.451692 -3.593994 -0.000000 -0.000006 0.000001 -1.362680 2.240796 -0.746323 -21.334887 0.584909 3.008320 -13.821197 -0.000002 0.000002 -23.887131 -0.249078 -0.839482 -60.458126 2.573743 -1.328720 -0.294025 1.679686 0.833255 -14.218195 0.093215 1.300579 -34.212006 -0.287563 0.967168 -20.033182 0.964534 1.212841 -0.000000 -0.000000 0.000000 -3.440385 0.788232 0.501655 -15.928169 -3.167305 2.999703 -6.338817 -0.000001 0.000001 -18.123417 3.648176 -4.905663 -0.000004 -0.000000 -0.000002 6.214103 15.597397 12.447412 62.347843 62.407749 21.638803 -179.586121 63.067505 -179.345200 -7.151222 -0.533454 -8.836001 2.243540 -5.255033 -3.180154 14.282878 -0.826593 6.952495 -0.000004 -12.690588 -0.000000 15.987498 -18.203192 2.949455 1.665664 -1.955920 -2.878297 4.727793 -4.170583 4.993919 11.020510 0.000004 -0.000000 12.109032 -3.735711 -2.866778 -0.000001 -0.000001 -0.000001 1.291982 -1.928547 -1.498087 14.800111 0.567468 3.865605 14.242554 -1.341735 -6.660651 19.631939 0.143924 -0.648243 50.065395 -1.004300 -6.035705 0.353028 -1.511148 -0.031941 20.222771 3.684306 2.316630 18.787245 0.000005 -0.000001 10.751610 -0.479868 1.397905 0.000000 0.000002 0.000001 3.273804 0.305948 -0.580110 21.486790 11.830360 2.266133 8.162917 0.000002 -0.000001 18.399054 -3.798981 -4.940564 0.000003 0.000000 0.000000 13.501028 41.071869 -18.520170 -0.179879 -0.258652 31.902452 -4.187377 -2.012302 -2.616402 1.639230 -1.801802 -0.058397 -0.000000 0.000001 0.000002 -9.886728 -22.060368 1.769553 0.136465 0.343506 24.534153 9.912018 5.313588 -16.167042 -1.428166 0.835839 -1.273564 -0.000000 -0.000000 -0.000001 
1.804839 95.696526 4.838060 -3.294717 -2.137036 -5.110234 3.645455 0.172552 1.082591 0.184204 -0.085849 -4.733308 2.199619 -2.451418 14.697325 -7.799916 7.950688 15.100186 3.390825 14.044539 -3.038857 -2.606282 16.257450 -10.735193 0.000076 -0.000021 0.000006 -0.014471 -0.111970 0.029424 0.726222 -3.882630 -10.746847 -0.756984 3.658662 -10.761717 -2.555258 -13.978953 9.101146 -36.492989 -23.171783 -42.865211 179.209122 -50.650192 -179.197876 13.552919 -11.584667 -27.871138 -5.882100 9.861276 0.702589 -10.936860 -0.360575 7.156198 0.000002 8.774813 -0.000002 -16.597073 17.962837 6.118257 -1.844029 2.498502 -2.507276 -10.163589 4.678938 4.621103 -20.975994 -0.000004 0.000002 -21.226254 2.451692 -3.593992 -0.000000 -0.000006 0.000001 -1.362681 2.240797 -0.746323 -21.334887 0.584908 3.008320 -13.821197 -0.000003 0.000002 -23.887129 -0.249079 -0.839480 -60.407173 2.587359 -1.334720 -0.294023 1.679687 0.833255 -14.218195 0.093215 1.300579 -34.211998 -0.287564 0.967170 -20.033176 0.964535 1.212842 -0.000000 -0.000000 -0.000000 -3.440385 0.788232 0.501655 -15.928165 -3.167306 2.999704 -6.338818 -0.000001 0.000001 -18.123413 3.648175 -4.905661 -0.000005 0.000000 -0.000001 6.106769 15.605762 12.360076 62.141850 62.462212 21.440918 -179.575531 63.078773 -179.309662 -7.113978 -0.489779 -8.893537 2.243540 -5.255032 -3.180155 14.282875 -0.826595 6.952493 -0.000004 -12.690588 0.000003 15.983477 -18.151585 2.945537 1.665664 -1.955919 -2.878295 4.727794 -4.170583 4.993919 11.020511 0.000003 -0.000001 12.109033 -3.735710 -2.866781 -0.000001 0.000000 0.000000 1.291984 -1.928548 -1.498088 14.800111 0.567467 3.865602 14.242553 -1.341734 -6.660650 19.631937 0.143925 -0.648244 50.047089 -0.982298 -6.040664 0.353028 -1.511148 -0.031939 20.222765 3.684306 2.316627 18.787245 0.000002 -0.000001 10.751610 -0.479870 1.397903 0.000000 0.000002 0.000001 3.273804 0.305946 -0.580111 21.486788 11.830361 2.266129 8.162916 0.000001 -0.000001 18.399050 -3.798978 -4.940566 0.000003 0.000001 -0.000002 13.520244 41.141869 -18.484545 -0.181996 -0.257211 31.901442 -4.173987 -2.014088 -2.607518 1.641778 -1.815932 -0.035773 0.000000 0.000001 0.000002 -9.894011 -22.049080 1.816150 0.131252 0.351723 24.481298 9.916979 5.315867 -16.152393 -1.428300 0.846997 -1.231317 0.000000 0.000000 -0.000001 
1.840195 95.673737 4.877045 -3.287643 -2.130269 -5.129818 3.626547 0.161462 1.111693 0.180178 -0.066209 -4.731698 2.179274 -2.445843 14.727180 -7.726676 7.913122 15.157116 3.370218 14.005707 -3.037522 -2.664713 16.199265 -10.643907 0.000077 -0.000021 0.000006 -0.011875 -0.115901 0.031747 0.729128 -3.898371 -10.753360 -0.752756 3.668943 -10.765657 -2.513306 -14.048378 9.139074 -36.245899 -23.157223 -42.862083 179.150604 -50.809250 -179.114258 13.668519 -11.672915 -28.131083 -5.882102 9.861279 0.702590 -10.936858 -0.360575 7.156198 0.000001 8.774812 -0.000001 -16.594563 17.971043 6.132948 -1.844030 2.498502 -2.507276 -10.163589 4.678940 4.621105 -20.975996 -0.000001 0.000003 -21.226250 2.451694 -3.593993 0.000000 -0.000006 0.000001 -1.362680 2.240797 -0.746323 -21.334892 0.584910 3.008321 -13.821199 -0.000001 0.000003 -23.887131 -0.249076 -0.839480 -60.400959 2.602460 -1.338393 -0.294025 1.679686 0.833255 -14.218194 0.093215 1.300580 -34.212006 -0.287561 0.967170 -20.033180 0.964536 1.212842 0.000000 0.000000 -0.000000 -3.440384 0.788233 0.501655 -15.928171 -3.167305 2.999705 -6.338815 -0.000001 0.000002 -18.123415 3.648177 -4.905660 -0.000003 -0.000000 -0.000002 6.005734 15.607692 12.279669 61.947735 62.482689 21.165283 -179.549210 63.072941 -179.256790 -7.041570 -0.425200 -8.958555 2.243541 -5.255032 -3.180156 14.282877 -0.826595 6.952495 -0.000005 -12.690592 0.000002 15.946167 -18.152666 2.950517 1.665664 -1.955918 -2.878297 4.727795 -4.170585 4.993919 11.020513 0.000004 -0.000001 12.109031 -3.735710 -2.866781 0.000000 0.000000 0.000000 1.291986 -1.928550 -1.498087 14.800117 0.567467 3.865603 14.242554 -1.341734 -6.660649 19.631941 0.143923 -0.648245 50.018059 -0.996661 -6.037379 0.353028 -1.511148 -0.031939 20.222773 3.684306 2.316627 18.787245 0.000003 0.000001 10.751611 -0.479868 1.397904 -0.000000 0.000000 0.000001 3.273803 0.305947 -0.580111 21.486794 11.830363 2.266130 8.162917 0.000000 -0.000003 18.399055 -3.798981 -4.940568 0.000003 0.000000 -0.000003 13.527006 41.143181 -18.474022 -0.174794 -0.246269 31.999233 -4.177892 -2.004491 -2.726081 1.642438 -1.793770 -0.035980 -0.000000 0.000001 0.000002 -9.934093 -21.983034 1.835104 0.135951 0.344431 24.539770 9.935073 5.310289 -16.208288 -1.427001 0.823495 -1.173719 0.000000 0.000000 -0.000001 
1.851986 95.649406 4.898088 -3.280414 -2.143844 -5.155825 3.606930 0.161095 1.143158 0.177753 -0.060640 -4.736903 2.163834 -2.454916 14.780534 -7.675970 7.900530 15.197428 3.352797 13.959064 -3.025400 -2.713488 16.127039 -10.570848 0.000077 -0.000022 0.000006 -0.012489 -0.104064 0.031036 0.727259 -3.882015 -10.742714 -0.754767 3.669440 -10.753998 -2.489568 -14.112651 9.201614 -36.060848 -23.179623 -42.876865 179.125092 -50.891632 -179.045013 13.766101 -11.749295 -28.293390 -5.882099 9.861276 0.702590 -10.936858 -0.360575 7.156197 0.000004 8.774811 -0.000001 -16.611092 17.987087 6.122754 -1.844031 2.498502 -2.507276 -10.163589 4.678938 4.621103 -20.975996 -0.000005 0.000004 -21.226250 2.451691 -3.593991 -0.000000 -0.000006 0.000000 -1.362680 2.240796 -0.746323 -21.334892 0.584906 3.008321 -13.821195 -0.000004 0.000003 -23.887129 -0.249080 -0.839479 -60.390911 2.607805 -1.339922 -0.294025 1.679686 0.833255 -14.218194 0.093213 1.300579 -34.212002 -0.287566 0.967173 -20.033178 0.964534 1.212844 0.000000 0.000000 -0.000000 -3.440386 0.788232 0.501655 -15.928167 -3.167308 2.999704 -6.338817 -0.000002 0.000001 -18.123413 3.648175 -4.905660 -0.000004 0.000000 -0.000001 5.904783 15.604685 12.219852 61.856533 62.486713 20.968739 -179.506165 63.042904 -179.199829 -6.957502 -0.375702 -9.044341 2.243540 -5.255032 -3.180155 14.282879 -0.826595 6.952494 -0.000002 -12.690590 -0.000001 15.882695 -18.166452 2.961424 1.665664 -1.955919 -2.878296 4.727795 -4.170583 4.993917 11.020513 0.000003 -0.000002 12.109032 -3.735709 -2.866779 0.000000 0.000000 -0.000001 1.291984 -1.928548 -1.498087 14.800113 0.567467 3.865602 14.242553 -1.341736 -6.660649 19.631939 0.143926 -0.648245 50.026051 -0.978437 -6.023737 0.353028 -1.511148 -0.031941 20.222773 3.684304 2.316629 18.787245 0.000005 -0.000002 10.751611 -0.479868 1.397904 0.000000 0.000001 0.000002 3.273805 0.305947 -0.580111 21.486794 11.830360 2.266130 8.162920 0.000001 -0.000001 18.399055 -3.798979 -4.940569 0.000003 0.000000 -0.000003 13.553042 41.137669 -18.455227 -0.167879 -0.239802 32.083103 -4.192131 -1.987973 -2.815127 1.642469 -1.815954 -0.053069 0.000000 0.000000 0.000002 -9.935611 -21.863617 1.817560 0.135664 0.341250 24.639366 9.919202 5.214767 -16.290440 -1.426869 0.835895 -1.140152 0.000000 0.000001 -0.000001 
1.885867 95.642212 4.910182 -3.263798 -2.149259 -5.187493 3.584837 0.154567 1.181334 0.175970 -0.095930 -4.743971 2.143234 -2.441973 14.835010 -7.633504 7.883865 15.260310 3.320974 13.922586 -3.024339 -2.756240 16.099161 -10.529308 0.000077 -0.000021 0.000006 -0.014988 -0.103857 0.026883 0.720077 -3.866458 -10.731610 -0.751239 3.671678 -10.751241 -2.470544 -14.176805 9.281141 -35.914169 -23.180658 -42.876011 179.120438 -50.929253 -179.046951 13.864321 -11.793289 -28.406273 -5.882101 9.861277 0.702590 -10.936858 -0.360574 7.156196 0.000000 8.774810 -0.000001 -16.636549 18.027517 6.097700 -1.844032 2.498502 -2.507275 -10.163589 4.678939 4.621105 -20.975992 -0.000004 0.000000 -21.226246 2.451692 -3.593993 -0.000001 -0.000006 -0.000001 -1.362680 2.240796 -0.746323 -21.334887 0.584908 3.008320 -13.821194 -0.000002 0.000002 -23.887133 -0.249078 -0.839482 -60.396130 2.618590 -1.336327 -0.294024 1.679685 0.833255 -14.218194 0.093214 1.300579 -34.212002 -0.287564 0.967170 -20.033176 0.964535 1.212842 0.000000 0.000000 -0.000000 -3.440385 0.788233 0.501655 -15.928167 -3.167305 2.999703 -6.338816 -0.000001 0.000001 -18.123411 3.648175 -4.905661 -0.000004 0.000000 -0.000002 5.827835 15.588981 12.207717 61.857235 62.495129 20.812981 -179.577545 63.040894 -179.266876 -6.942340 -0.352715 -9.145963 2.243540 -5.255033 -3.180156 14.282875 -0.826592 6.952497 -0.000004 -12.690590 0.000000 15.866323 -18.174110 2.965500 1.665663 -1.955919 -2.878295 4.727791 -4.170583 4.993918 11.020512 0.000003 0.000000 12.109032 -3.735708 -2.866780 -0.000001 -0.000001 0.000001 1.291984 -1.928547 -1.498089 14.800111 0.567469 3.865606 14.242553 -1.341736 -6.660646 19.631939 0.143926 -0.648243 50.050777 -0.977413 -6.020953 0.353028 -1.511150 -0.031942 20.222767 3.684305 2.316629 18.787247 0.000003 0.000001 10.751611 -0.479868 1.397903 0.000000 0.000000 0.000000 3.273803 0.305947 -0.580109 21.486788 11.830361 2.266132 8.162916 0.000001 -0.000001 18.399052 -3.798980 -4.940568 0.000003 -0.000001 -0.000002 13.563193 41.110367 -18.440577 -0.166954 -0.207142 32.183727 -4.186005 -1.934957 -2.832509 1.643608 -1.793372 -0.066233 0.000000 0.000001 0.000002 -9.958300 -21.736902 1.842823 0.131145 0.328250 24.647245 9.920781 5.108538 -16.313948 -1.426567 0.847899 -1.134979 0.000000 0.000000 -0.000001 
1.897132 95.623573 4.906805 -3.243402 -2.161455 -5.217291 3.554545 0.135831 1.219563 0.174868 -0.102584 -4.730194 2.133486 -2.423926 14.856945 -7.573119 7.865086 15.313868 3.286635 13.894473 -3.035917 -2.802447 16.060547 -10.498485 0.000077 -0.000022 0.000006 -0.015964 -0.072932 0.026876 0.719017 -3.849751 -10.728218 -0.754870 3.685506 -10.746362 -2.443146 -14.234373 9.313025 -35.828472 -23.181534 -42.753273 179.071121 -50.967209 -179.013535 13.959599 -11.844004 -28.460028 -5.882101 9.861278 0.702591 -10.936859 -0.360574 7.156197 -0.000000 8.774813 -0.000001 -16.687696 18.045517 6.055455 -1.844030 2.498502 -2.507276 -10.163590 4.678940 4.621105 -20.975994 -0.000003 0.000003 -21.226257 2.451694 -3.593992 -0.000000 -0.000006 0.000000 -1.362679 2.240796 -0.746323 -21.334890 0.584908 3.008321 -13.821197 -0.000002 0.000003 -23.887133 -0.249077 -0.839480 -60.431408 2.606405 -1.331513 -0.294026 1.679686 0.833255 -14.218194 0.093214 1.300580 -34.212002 -0.287563 0.967171 -20.033180 0.964535 1.212842 -0.000000 0.000000 0.000000 -3.440386 0.788233 0.501655 -15.928169 -3.167306 2.999704 -6.338821 -0.000001 0.000002 -18.123415 3.648176 -4.905661 -0.000004 0.000000 -0.000002 5.760298 15.575206 12.207289 61.974388 62.474918 20.847864 -179.466843 63.049938 -179.137421 -6.941779 -0.314036 -9.222761 2.243538 -5.255031 -3.180155 14.282877 -0.826594 6.952496 -0.000004 -12.690590 -0.000001 15.876451 -18.170977 2.956848 1.665666 -1.955921 -2.878297 4.727795 -4.170584 4.993918 11.020513 0.000003 -0.000002 12.109033 -3.735709 -2.866779 -0.000001 0.000000 0.000000 1.291984 -1.928548 -1.498087 14.800114 0.567466 3.865602 14.242553 -1.341735 -6.660651 19.631939 0.143926 -0.648246 50.100887 -0.972546 -6.025193 0.353030 -1.511150 -0.031941 20.222769 3.684305 2.316629 18.787245 0.000005 -0.000000 10.751610 -0.479868 1.397903 0.000000 0.000002 0.000001 3.273805 0.305947 -0.580113 21.486790 11.830361 2.266131 8.162916 0.000001 -0.000002 18.399054 -3.798978 -4.940567 0.000003 0.000001 0.000000 13.558265 41.087780 -18.426142 -0.169594 -0.224145 32.234467 -4.187099 -1.876094 -2.886474 1.642977 -1.785110 -0.051870 -0.000000 0.000000 0.000002 -9.973742 -21.639399 1.811508 0.134041 0.332093 24.750919 9.897739 5.047416 -16.380417 -1.424457 0.870843 -1.117130 0.000000 0.000000 -0.000001 
1.935227 95.605736 4.954874 -3.225068 -2.206100 -5.244389 3.536083 0.138854 1.265990 0.165429 -0.139204 -4.723408 2.127882 -2.391551 14.882102 -7.513896 7.845105 15.328604 3.243550 13.877806 -3.045681 -2.853319 16.052864 -10.530104 0.000077 -0.000020 0.000006 -0.014001 -0.072675 0.026956 0.719788 -3.838582 -10.729832 -0.754594 3.691668 -10.753314 -2.387363 -14.287704 9.321455 -35.841774 -23.171379 -42.584286 179.013000 -50.962448 -178.977173 14.036588 -11.869311 -28.538521 -5.882102 9.861278 0.702591 -10.936858 -0.360574 7.156196 0.000002 8.774813 -0.000001 -16.727854 18.058226 6.048769 -1.844030 2.498502 -2.507275 -10.163590 4.678939 4.621105 -20.975998 -0.000002 0.000002 -21.226255 2.451694 -3.593994 0.000000 -0.000006 -0.000000 -1.362681 2.240796 -0.746323 -21.334892 0.584910 3.008320 -13.821197 -0.000002 0.000002 -23.887135 -0.249077 -0.839481 -60.468132 2.596260 -1.308278 -0.294025 1.679685 0.833255 -14.218195 0.093215 1.300579 -34.212009 -0.287562 0.967168 -20.033180 0.964535 1.212840 0.000000 -0.000000 -0.000000 -3.440386 0.788233 0.501655 -15.928167 -3.167305 2.999703 -6.338816 -0.000001 0.000002 -18.123415 3.648177 -4.905662 -0.000005 0.000000 -0.000003 5.683931 15.593513 12.198363 61.984142 62.408699 20.688665 -179.544205 63.043011 -179.270462 -6.968773 -0.266684 -9.278637 2.243539 -5.255033 -3.180154 14.282877 -0.826594 6.952495 -0.000003 -12.690590 0.000000 15.863085 -18.143547 2.959121 1.665665 -1.955919 -2.878295 4.727795 -4.170582 4.993917 11.020510 0.000004 -0.000002 12.109033 -3.735711 -2.866780 -0.000001 -0.000001 0.000000 1.291984 -1.928548 -1.498087 14.800111 0.567468 3.865604 14.242553 -1.341735 -6.660647 19.631937 0.143924 -0.648243 50.102894 -0.977717 -6.015131 0.353027 -1.511149 -0.031937 20.222767 3.684307 2.316627 18.787245 0.000003 0.000001 10.751610 -0.479869 1.397905 -0.000000 0.000001 0.000001 3.273805 0.305945 -0.580111 21.486794 11.830361 2.266130 8.162919 0.000001 0.000001 18.399055 -3.798980 -4.940567 0.000003 0.000001 -0.000001 13.590005 41.049313 -18.357296 -0.173423 -0.214624 32.308830 -4.208776 -1.773984 -3.010563 1.641346 -1.794230 -0.027378 -0.000000 0.000000 0.000002 -10.012795 -21.504286 1.836250 0.129133 0.314526 24.787909 9.918372 5.030338 -16.426826 -1.423045 0.883221 -1.098824 0.000000 0.000000 -0.000001 
1.981377 95.589714 5.001997 -3.198714 -2.244430 -5.247327 3.514700 0.136181 1.287791 0.158575 -0.136611 -4.716488 2.112106 -2.378174 14.909862 -7.450174 7.816932 15.303998 3.205757 13.856601 -3.064467 -2.876252 16.014050 -10.611864 0.000077 -0.000022 0.000006 -0.012851 -0.064818 0.024752 0.721464 -3.821328 -10.714991 -0.755686 3.711503 -10.740984 -2.349282 -14.333916 9.331634 -35.851490 -23.151152 -42.354088 178.934006 -50.950356 -179.009109 14.138287 -11.930566 -28.398006 -5.882100 9.861279 0.702590 -10.936861 -0.360575 7.156197 0.000000 8.774814 -0.000001 -16.750120 18.049931 6.019485 -1.844032 2.498503 -2.507276 -10.163589 4.678939 4.621103 -20.975996 -0.000004 0.000002 -21.226255 2.451692 -3.593995 0.000000 -0.000006 -0.000000 -1.362680 2.240796 -0.746322 -21.334887 0.584907 3.008319 -13.821194 -0.000003 0.000002 -23.887133 -0.249079 -0.839481 -60.485790 2.584653 -1.305595 -0.294024 1.679686 0.833255 -14.218194 0.093213 1.300579 -34.212002 -0.287566 0.967170 -20.033180 0.964534 1.212842 0.000000 -0.000000 -0.000000 -3.440385 0.788232 0.501655 -15.928167 -3.167307 2.999703 -6.338819 -0.000001 0.000001 -18.123413 3.648175 -4.905661 -0.000005 0.000000 -0.000003 5.620342 15.614762 12.208769 62.081158 62.337711 20.607506 -179.698471 63.029808 -179.386581 -6.943538 -0.250453 -9.412238 2.243539 -5.255033 -3.180158 14.282877 -0.826594 6.952495 -0.000003 -12.690590 0.000002 15.847158 -18.097540 2.926967 1.665665 -1.955920 -2.878298 4.727795 -4.170583 4.993917 11.020512 0.000004 -0.000001 12.109032 -3.735709 -2.866781 -0.000001 0.000000 -0.000001 1.291985 -1.928548 -1.498088 14.800114 0.567468 3.865600 14.242553 -1.341734 -6.660646 19.631937 0.143924 -0.648244 50.041924 -0.964934 -6.001085 0.353029 -1.511149 -0.031939 20.222769 3.684306 2.316627 18.787245 0.000005 -0.000002 10.751610 -0.479868 1.397903 -0.000000 0.000000 0.000002 3.273803 0.305949 -0.580111 21.486788 11.830361 2.266130 8.162918 -0.000000 -0.000001 18.399055 -3.798979 -4.940567 0.000003 -0.000001 -0.000001 13.571371 41.049858 -18.334600 -0.175500 -0.226718 32.385689 -4.209479 -1.689739 -3.131430 1.641291 -1.794714 -0.002098 0.000000 0.000001 0.000002 -10.125728 -21.390686 1.835754 0.125994 0.316641 24.828131 9.990385 5.027420 -16.393059 -1.422304 0.889009 -1.073988 0.000000 0.000000 -0.000001 
2.033637 95.581818 5.069515 -3.182597 -2.319338 -5.224556 3.498664 0.148972 1.303807 0.156514 -0.151802 -4.712981 2.109595 -2.347851 14.919377 -7.415620 7.776535 15.259248 3.205709 13.825017 -3.073701 -2.946742 16.071947 -10.723118 0.000077 -0.000021 0.000006 -0.010987 -0.072015 0.022558 0.725540 -3.830369 -10.708087 -0.754958 3.683841 -10.735828 -2.313783 -14.363870 9.324409 -35.904362 -23.095110 -42.186935 178.936676 -50.932449 -179.075882 14.251152 -11.997193 -28.406643 -5.882102 9.861278 0.702590 -10.936860 -0.360574 7.156196 -0.000000 8.774814 -0.000002 -16.712074 18.048136 6.007645 -1.844031 2.498503 -2.507276 -10.163592 4.678941 4.621104 -20.975998 -0.000001 0.000001 -21.226255 2.451695 -3.593993 -0.000000 -0.000006 0.000001 -1.362681 2.240796 -0.746323 -21.334896 0.584910 3.008321 -13.821198 -0.000001 0.000001 -23.887135 -0.249076 -0.839481 -60.452053 2.582792 -1.293655 -0.294025 1.679686 0.833255 -14.218194 0.093215 1.300579 -34.212006 -0.287562 0.967170 -20.033180 0.964536 1.212842 0.000000 -0.000000 0.000000 -3.440385 0.788233 0.501655 -15.928169 -3.167305 2.999703 -6.338819 -0.000001 0.000002 -18.123417 3.648177 -4.905662 -0.000005 -0.000000 -0.000003 5.557661 15.628925 12.207402 62.181519 62.273071 20.599337 -179.791382 62.992378 -179.508316 -6.900229 -0.241981 -9.499492 2.243539 -5.255031 -3.180155 14.282877 -0.826594 6.952497 -0.000004 -12.690591 0.000002 15.845709 -18.089010 2.936582 1.665665 -1.955919 -2.878296 4.727794 -4.170584 4.993918 11.020512 0.000002 -0.000002 12.109032 -3.735709 -2.866779 -0.000001 -0.000000 -0.000001 1.291984 -1.928548 -1.498087 14.800111 0.567468 3.865604 14.242553 -1.341735 -6.660648 19.631937 0.143926 -0.648244 50.038467 -0.948672 -5.985326 0.353027 -1.511149 -0.031941 20.222769 3.684306 2.316628 18.787245 0.000003 -0.000002 10.751610 -0.479868 1.397903 -0.000000 0.000001 -0.000000 3.273804 0.305945 -0.580114 21.486790 11.830361 2.266129 8.162920 0.000000 0.000000 18.399054 -3.798980 -4.940569 0.000003 0.000001 0.000000 13.570353 41.052372 -18.299154 -0.162241 -0.201530 32.445850 -4.225955 -1.625590 -3.263020 1.638081 -1.756239 0.037275 -0.000000 0.000002 0.000002 -10.137809 -21.321587 1.817580 0.130437 0.338160 24.810156 9.969113 5.041646 -16.436235 -1.422578 0.881559 -1.079007 0.000000 0.000001 -0.000001 
2.069320 95.578835 5.136520 -3.172722 -2.418669 -5.186991 3.480053 0.160722 1.313524 0.158677 -0.154321 -4.705845 2.108583 -2.333529 14.917960 -7.379384 7.751040 15.189999 3.219374 13.817428 -3.065451 -3.011775 16.105692 -10.839542 0.000077 -0.000021 0.000006 -0.007904 -0.071792 0.021608 0.726687 -3.818476 -10.700933 -0.756764 3.700929 -10.731620 -2.306850 -14.381835 9.325872 -35.970154 -22.976761 -42.020832 178.928421 -50.884251 -179.131882 14.355857 -12.073872 -28.429165 -5.882102 9.861278 0.702589 -10.936860 -0.360575 7.156198 0.000000 8.774812 -0.000002 -16.715546 18.017157 5.964978 -1.844030 2.498503 -2.507276 -10.163590 4.678939 4.621104 -20.975994 -0.000003 0.000003 -21.226255 2.451694 -3.593992 -0.000000 -0.000006 0.000001 -1.362681 2.240796 -0.746323 -21.334887 0.584908 3.008321 -13.821197 -0.000002 0.000002 -23.887133 -0.249077 -0.839481 -60.399593 2.582676 -1.297864 -0.294026 1.679686 0.833255 -14.218195 0.093215 1.300580 -34.212002 -0.287561 0.967170 -20.033180 0.964536 1.212841 0.000000 -0.000000 0.000000 -3.440386 0.788232 0.501656 -15.928167 -3.167306 2.999705 -6.338817 -0.000001 0.000002 -18.123417 3.648177 -4.905663 -0.000004 0.000000 -0.000002 5.548215 15.652276 12.225247 62.175091 62.191132 20.531157 -179.878418 62.928844 -179.574753 -6.848773 -0.233319 -9.528623 2.243539 -5.255033 -3.180153 14.282877 -0.826596 6.952495 -0.000002 -12.690590 0.000001 15.853266 -18.093925 2.932622 1.665665 -1.955919 -2.878295 4.727794 -4.170584 4.993917 11.020512 0.000003 -0.000001 12.109033 -3.735711 -2.866781 -0.000001 0.000000 -0.000000 1.291985 -1.928549 -1.498088 14.800114 0.567466 3.865603 14.242554 -1.341735 -6.660648 19.631939 0.143924 -0.648245 50.040623 -0.963093 -6.013570 0.353031 -1.511149 -0.031940 20.222771 3.684304 2.316626 18.787245 0.000004 -0.000001 10.751610 -0.479870 1.397903 -0.000000 0.000002 -0.000001 3.273805 0.305947 -0.580110 21.486790 11.830361 2.266129 8.162917 0.000000 -0.000001 18.399050 -3.798977 -4.940570 0.000003 0.000001 -0.000001 13.574694 41.105652 -18.282066 -0.165321 -0.223318 32.510086 -4.257390 -1.524946 -3.358625 1.636848 -1.756775 0.070414 0.000000 0.000001 0.000002 -10.132898 -21.247553 1.792648 0.133667 0.352650 24.782070 9.954591 5.084777 -16.464354 -1.422180 0.887347 -1.082371 0.000000 0.000000 -0.000001 
2.132132 95.567261 5.218524 -3.157257 -2.509729 -5.144543 3.461287 0.170785 1.324687 0.160808 -0.150044 -4.697736 2.106249 -2.314908 14.909285 -7.340823 7.717412 15.107102 3.242131 13.838217 -3.055384 -3.060183 16.169682 -10.933913 0.000076 -0.000020 0.000006 -0.006541 -0.071778 0.020649 0.730441 -3.834634 -10.699111 -0.751265 3.679215 -10.732929 -2.294252 -14.369498 9.332500 -36.018871 -22.859482 -41.843193 178.854691 -50.846622 -179.125046 14.468665 -12.103115 -28.437647 -5.882100 9.861279 0.702590 -10.936858 -0.360575 7.156196 0.000001 8.774816 -0.000001 -16.686584 18.010368 5.956043 -1.844031 2.498503 -2.507276 -10.163589 4.678939 4.621104 -20.975996 -0.000005 0.000001 -21.226250 2.451691 -3.593993 -0.000000 -0.000006 0.000000 -1.362680 2.240796 -0.746323 -21.334887 0.584907 3.008319 -13.821197 -0.000003 0.000002 -23.887129 -0.249080 -0.839482 -60.360481 2.604239 -1.294989 -0.294024 1.679685 0.833255 -14.218190 0.093214 1.300578 -34.211998 -0.287567 0.967169 -20.033175 0.964533 1.212842 0.000000 0.000000 0.000000 -3.440384 0.788233 0.501655 -15.928167 -3.167307 2.999703 -6.338817 -0.000001 0.000001 -18.123411 3.648175 -4.905661 -0.000005 0.000000 -0.000002 5.533561 15.689000 12.233292 62.213192 62.119106 20.561853 -179.859772 62.863434 -179.530945 -6.789236 -0.267181 -9.508447 2.243539 -5.255032 -3.180156 14.282877 -0.826592 6.952496 -0.000004 -12.690588 0.000001 15.861618 -18.103668 2.929302 1.665666 -1.955920 -2.878294 4.727792 -4.170582 4.993918 11.020511 0.000005 -0.000002 12.109034 -3.735710 -2.866781 -0.000001 0.000000 0.000001 1.291985 -1.928547 -1.498089 14.800111 0.567468 3.865603 14.242551 -1.341734 -6.660648 19.631939 0.143928 -0.648242 50.067089 -0.966604 -6.021063 0.353029 -1.511150 -0.031942 20.222769 3.684308 2.316627 18.787245 0.000005 0.000001 10.751611 -0.479866 1.397904 -0.000000 0.000002 -0.000001 3.273804 0.305948 -0.580110 21.486790 11.830367 2.266128 8.162918 0.000002 -0.000002 18.399054 -3.798980 -4.940568 0.000003 0.000001 -0.000002 13.567491 41.123875 -18.252098 -0.161444 -0.201023 32.571716 -4.276442 -1.439665 -3.534990 1.635860 -1.757016 0.076582 -0.000000 0.000001 0.000002 -10.143047 -21.194555 1.752799 0.139072 0.375828 24.773378 9.962201 5.130620 -16.518684 -1.422621 0.873987 -1.087144 -0.000000 0.000002 -0.000001 
2.168738 95.572731 5.268113 -3.136510 -2.619980 -5.106963 3.445251 0.181326 1.345201 0.162529 -0.150265 -4.701036 2.105269 -2.278395 14.910350 -7.295427 7.656690 15.013797 3.262810 13.892296 -3.040506 -3.096198 16.244541 -11.032206 0.000076 -0.000020 0.000005 -0.005355 -0.064190 0.020151 0.729603 -3.824935 -10.693111 -0.753339 3.690072 -10.729016 -2.263999 -14.366110 9.329763 -36.085056 -22.700470 -41.685783 178.802338 -50.808453 -179.090424 14.586727 -12.146739 -28.532673 -5.882100 9.861278 0.702590 -10.936858 -0.360575 7.156196 0.000002 8.774812 -0.000001 -16.688549 18.009319 5.936236 -1.844031 2.498502 -2.507276 -10.163590 4.678940 4.621104 -20.975996 -0.000004 0.000002 -21.226257 2.451692 -3.593991 0.000000 -0.000006 0.000001 -1.362678 2.240796 -0.746323 -21.334890 0.584907 3.008320 -13.821194 -0.000003 0.000002 -23.887131 -0.249079 -0.839480 -60.338223 2.620728 -1.292070 -0.294024 1.679686 0.833255 -14.218192 0.093214 1.300580 -34.212006 -0.287565 0.967172 -20.033176 0.964535 1.212842 0.000000 -0.000000 0.000000 -3.440386 0.788233 0.501655 -15.928169 -3.167306 2.999703 -6.338817 -0.000001 0.000002 -18.123415 3.648175 -4.905660 -0.000003 0.000000 -0.000002 5.536403 15.721165 12.283808 62.162819 62.073208 20.527311 -179.824234 62.790596 -179.428665 -6.741884 -0.321210 -9.501283 2.243539 -5.255032 -3.180155 14.282875 -0.826594 6.952494 -0.000002 -12.690588 0.000003 15.876069 -18.121796 2.945425 1.665665 -1.955920 -2.878296 4.727793 -4.170584 4.993919 11.020510 0.000002 -0.000001 12.109031 -3.735709 -2.866781 -0.000001 0.000000 -0.000001 1.291985 -1.928549 -1.498089 14.800113 0.567466 3.865603 14.242551 -1.341736 -6.660650 19.631937 0.143925 -0.648243 50.076145 -0.972231 -6.036583 0.353028 -1.511149 -0.031937 20.222765 3.684303 2.316626 18.787243 0.000004 -0.000001 10.751608 -0.479868 1.397902 -0.000001 0.000001 -0.000000 3.273802 0.305947 -0.580110 21.486788 11.830359 2.266129 8.162916 0.000000 -0.000002 18.399054 -3.798980 -4.940567 0.000003 0.000000 -0.000002 13.557988 41.199577 -18.231771 -0.156751 -0.200377 32.613438 -4.281138 -1.362251 -3.582991 1.634585 -1.785540 0.086795 -0.000000 0.000000 0.000002 -10.149333 -21.114401 1.740663 0.139138 0.379722 24.728825 9.996372 5.155310 -16.518988 -1.423189 0.879446 -1.066407 0.000000 0.000001 -0.000001 
2.214488 95.558182 5.358747 -3.101193 -2.714429 -5.071317 3.426390 0.192999 1.360807 0.163339 -0.142402 -4.696242 2.103935 -2.257544 14.909849 -7.241432 7.604316 14.948486 3.261525 13.948191 -3.058131 -3.134802 16.324581 -11.080088 0.000077 -0.000021 0.000006 -0.005018 -0.078848 0.016748 0.728117 -3.838111 -10.702028 -0.745937 3.673841 -10.743059 -2.231772 -14.326858 9.327612 -36.084194 -22.524698 -41.563873 178.787506 -50.803635 -179.057083 14.700400 -12.137799 -28.774212 -5.882100 9.861278 0.702590 -10.936859 -0.360575 7.156197 0.000001 8.774815 -0.000002 -16.642807 17.986782 5.942720 -1.844032 2.498503 -2.507275 -10.163589 4.678939 4.621104 -20.976000 -0.000004 0.000002 -21.226255 2.451693 -3.593992 -0.000000 -0.000006 0.000000 -1.362681 2.240796 -0.746323 -21.334898 0.584908 3.008320 -13.821197 -0.000003 0.000002 -23.887131 -0.249078 -0.839480 -60.249477 2.628005 -1.298382 -0.294025 1.679686 0.833256 -14.218194 0.093214 1.300580 -34.212006 -0.287564 0.967170 -20.033180 0.964535 1.212842 -0.000000 0.000000 -0.000000 -3.440385 0.788232 0.501655 -15.928176 -3.167306 2.999704 -6.338818 -0.000001 0.000002 -18.123417 3.648175 -4.905661 -0.000003 0.000000 -0.000002 5.515949 15.756084 12.263697 62.151821 62.004795 20.464424 -179.943161 62.723183 -179.467941 -6.720974 -0.347294 -9.557199 2.243541 -5.255033 -3.180154 14.282878 -0.826593 6.952494 -0.000003 -12.690591 -0.000001 15.839564 -18.119242 2.985212 1.665665 -1.955920 -2.878294 4.727796 -4.170586 4.993919 11.020513 0.000003 -0.000001 12.109032 -3.735709 -2.866781 -0.000001 0.000000 -0.000000 1.291984 -1.928547 -1.498089 14.800114 0.567468 3.865603 14.242554 -1.341737 -6.660650 19.631941 0.143926 -0.648243 50.021477 -0.976072 -6.035847 0.353030 -1.511149 -0.031939 20.222773 3.684306 2.316629 18.787245 0.000005 -0.000002 10.751610 -0.479866 1.397903 -0.000000 0.000001 0.000001 3.273803 0.305948 -0.580110 21.486795 11.830364 2.266130 8.162918 0.000002 -0.000002 18.399057 -3.798980 -4.940569 0.000003 -0.000001 -0.000001 13.543320 41.222214 -18.193764 -0.155995 -0.206213 32.683197 -4.283120 -1.298997 -3.745699 1.633373 -1.785637 0.083922 0.000000 0.000001 0.000002 -10.185996 -21.019176 1.707020 0.140033 0.387933 24.752485 10.032697 5.172712 -16.581751 -1.423247 0.887508 -1.059028 0.000000 0.000000 -0.000001 
2.260606 95.544014 5.428932 -3.069963 -2.806723 -5.034572 3.413564 0.187397 1.384324 0.157366 -0.119604 -4.679229 2.121091 -2.213499 14.888789 -7.182616 7.561734 14.905932 3.274113 13.997522 -3.057310 -3.145924 16.334389 -11.105889 0.000076 -0.000021 0.000006 -0.010158 -0.052332 0.015909 0.722970 -3.804594 -10.710620 -0.746874 3.701709 -10.745670 -2.199358 -14.324562 9.330189 -36.064541 -22.340811 -41.550011 178.822815 -50.843864 -179.009842 14.794020 -12.167158 -29.041847 -5.882102 9.861277 0.702590 -10.936860 -0.360573 7.156196 0.000002 8.774813 -0.000002 -16.644218 17.974327 5.932651 -1.844031 2.498503 -2.507276 -10.163590 4.678941 4.621103 -20.975994 -0.000003 0.000001 -21.226254 2.451692 -3.593994 -0.000000 -0.000006 0.000000 -1.362680 2.240796 -0.746323 -21.334890 0.584909 3.008320 -13.821195 -0.000003 0.000001 -23.887129 -0.249078 -0.839482 -60.177467 2.633150 -1.324390 -0.294025 1.679686 0.833255 -14.218194 0.093215 1.300579 -34.212006 -0.287564 0.967169 -20.033178 0.964535 1.212840 0.000000 0.000000 0.000000 -3.440386 0.788232 0.501656 -15.928171 -3.167305 2.999703 -6.338817 -0.000001 0.000001 -18.123411 3.648175 -4.905661 -0.000004 0.000000 -0.000002 5.496416 15.759534 12.275331 62.180790 61.942970 20.439478 -179.944916 62.664509 -179.399811 -6.649939 -0.367213 -9.590329 2.243541 -5.255033 -3.180155 14.282877 -0.826591 6.952494 -0.000004 -12.690593 -0.000000 15.833673 -18.125912 2.988481 1.665666 -1.955920 -2.878297 4.727796 -4.170583 4.993919 11.020513 0.000004 -0.000002 12.109034 -3.735709 -2.866779 -0.000001 0.000000 -0.000000 1.291986 -1.928548 -1.498089 14.800111 0.567468 3.865606 14.242554 -1.341735 -6.660650 19.631941 0.143926 -0.648243 49.972656 -0.968729 -6.034434 0.353030 -1.511150 -0.031941 20.222773 3.684307 2.316630 18.787245 0.000004 -0.000000 10.751611 -0.479868 1.397905 -0.000001 0.000000 0.000000 3.273803 0.305947 -0.580111 21.486794 11.830362 2.266131 8.162919 0.000001 -0.000001 18.399054 -3.798980 -4.940569 0.000003 0.000000 -0.000002 13.524445 41.266354 -18.190805 -0.142988 -0.184323 32.785427 -4.271719 -1.275372 -3.867658 1.631844 -1.775178 0.117465 0.000000 0.000001 0.000002 -10.313620 -20.940037 1.728485 0.144278 0.396379 24.790743 10.127573 5.247607 -16.544031 -1.423390 0.876114 -1.039178 0.000000 0.000001 -0.000001 
2.284984 95.519447 5.481230 -3.036848 -2.874801 -5.012570 3.398848 0.217231 1.429126 0.149440 -0.137461 -4.687849 2.135463 -2.185249 14.901187 -7.110493 7.515724 14.858232 3.276380 14.063798 -3.055491 -3.153472 16.316586 -11.102860 0.000077 -0.000021 0.000006 -0.008458 -0.040439 0.016506 0.723144 -3.807553 -10.733711 -0.747365 3.703949 -10.766967 -2.176468 -14.335449 9.344878 -36.013016 -22.145882 -41.529503 178.831284 -50.864979 -178.974380 14.887681 -12.187667 -29.323879 -5.882102 9.861278 0.702589 -10.936858 -0.360573 7.156197 0.000001 8.774813 -0.000001 -16.614403 17.945223 5.936926 -1.844030 2.498502 -2.507276 -10.163590 4.678940 4.621105 -20.975994 -0.000003 0.000003 -21.226250 2.451693 -3.593994 -0.000001 -0.000006 0.000000 -1.362680 2.240796 -0.746323 -21.334896 0.584909 3.008321 -13.821198 -0.000002 0.000002 -23.887133 -0.249077 -0.839481 -60.136372 2.635793 -1.329614 -0.294023 1.679685 0.833255 -14.218190 0.093215 1.300579 -34.212002 -0.287562 0.967170 -20.033176 0.964536 1.212841 0.000000 0.000000 0.000000 -3.440385 0.788232 0.501656 -15.928167 -3.167305 2.999704 -6.338818 -0.000001 0.000001 -18.123415 3.648176 -4.905661 -0.000004 -0.000000 -0.000002 5.482748 15.762201 12.298019 62.167400 61.865547 20.310732 179.952393 62.573109 -179.504486 -6.628324 -0.388539 -9.678062 2.243540 -5.255034 -3.180155 14.282878 -0.826594 6.952496 -0.000005 -12.690592 0.000001 15.803797 -18.116629 2.986746 1.665665 -1.955921 -2.878298 4.727795 -4.170585 4.993918 11.020511 0.000005 -0.000001 12.109032 -3.735709 -2.866777 -0.000001 0.000000 -0.000000 1.291984 -1.928548 -1.498086 14.800113 0.567468 3.865603 14.242551 -1.341735 -6.660648 19.631939 0.143926 -0.648243 49.873062 -0.942635 -6.031662 0.353031 -1.511151 -0.031941 20.222771 3.684304 2.316628 18.787245 0.000003 -0.000000 10.751612 -0.479869 1.397906 -0.000001 0.000001 0.000001 3.273804 0.305945 -0.580109 21.486792 11.830363 2.266133 8.162920 0.000000 -0.000001 18.399054 -3.798980 -4.940567 0.000003 -0.000001 -0.000002 13.508151 41.256870 -18.208750 -0.152864 -0.200129 32.910091 -4.277343 -1.218224 -3.979734 1.631390 -1.758956 0.161336 -0.000000 0.000001 0.000002 -10.359735 -20.878567 1.662820 0.141407 0.397696 24.905628 10.138628 5.297108 -16.617092 -1.424017 0.881448 -1.022417 -0.000000 -0.000000 -0.000001 
2.296261 95.491661 5.534539 -3.026574 -2.917629 -4.979053 3.392924 0.218093 1.463602 0.144160 -0.127809 -4.684382 2.149805 -2.183757 14.907164 -7.046105 7.471735 14.809054 3.285622 14.103434 -3.060527 -3.144262 16.319113 -11.130345 0.000077 -0.000020 0.000006 -0.007720 -0.052495 0.022061 0.723342 -3.808381 -10.739710 -0.744155 3.719499 -10.769899 -2.128496 -14.344214 9.328099 -35.990547 -21.958204 -41.558216 178.837143 -50.859688 -178.939102 14.976036 -12.188951 -29.589361 -5.882101 9.861279 0.702588 -10.936858 -0.360575 7.156196 0.000001 8.774812 -0.000002 -16.629921 17.931965 5.918787 -1.844031 2.498503 -2.507276 -10.163589 4.678939 4.621103 -20.975998 -0.000003 0.000002 -21.226254 2.451693 -3.593994 -0.000001 -0.000006 0.000001 -1.362682 2.240796 -0.746323 -21.334887 0.584908 3.008320 -13.821198 -0.000002 0.000002 -23.887131 -0.249079 -0.839481 -60.162495 2.631935 -1.358019 -0.294025 1.679686 0.833254 -14.218194 0.093214 1.300579 -34.211998 -0.287565 0.967170 -20.033180 0.964534 1.212842 0.000000 -0.000000 0.000001 -3.440385 0.788232 0.501654 -15.928167 -3.167307 2.999705 -6.338815 -0.000001 0.000001 -18.123415 3.648175 -4.905663 -0.000005 -0.000000 -0.000002 5.466799 15.761171 12.287846 62.183193 61.742565 20.183266 179.743118 62.489143 -179.676376 -6.639899 -0.438610 -9.750013 2.243539 -5.255033 -3.180156 14.282878 -0.826594 6.952494 -0.000004 -12.690592 -0.000000 15.773925 -18.100992 2.995195 1.665664 -1.955920 -2.878296 4.727794 -4.170584 4.993919 11.020510 0.000004 -0.000001 12.109032 -3.735709 -2.866781 -0.000001 0.000000 -0.000000 1.291984 -1.928548 -1.498087 14.800109 0.567469 3.865602 14.242551 -1.341734 -6.660648 19.631937 0.143927 -0.648244 49.854748 -0.934475 -5.990638 0.353029 -1.511150 -0.031941 20.222773 3.684309 2.316629 18.787245 0.000006 0.000000 10.751611 -0.479868 1.397905 -0.000000 0.000002 -0.000000 3.273804 0.305947 -0.580110 21.486792 11.830365 2.266132 8.162917 0.000002 -0.000002 18.399054 -3.798977 -4.940569 0.000003 -0.000001 -0.000002 13.511320 41.198303 -18.259403 -0.155715 -0.192962 33.054134 -4.304919 -1.159503 -4.091362 1.631255 -1.776731 0.202452 -0.000000 0.000001 0.000002 -10.375577 -20.841198 1.593948 0.145308 0.401496 25.023600 10.121171 5.324656 -16.702509 -1.424594 0.899297 -1.007944 0.000000 0.000000 -0.000001 
2.303136 95.474297 5.613996 -3.032255 -2.975399 -4.933605 3.385775 0.218983 1.487833 0.143049 -0.112164 -4.670906 2.163219 -2.185359 14.907760 -6.990721 7.421421 14.770802 3.296680 14.171982 -3.064466 -3.117213 16.280621 -11.168763 0.000076 -0.000021 0.000006 -0.011010 -0.014221 0.026813 0.720242 -3.780804 -10.730749 -0.745916 3.740732 -10.763843 -2.095697 -14.348189 9.313973 -35.989708 -21.830421 -41.553368 178.799606 -50.850155 -178.878723 15.007298 -12.181664 -29.775160 -5.882102 9.861278 0.702590 -10.936857 -0.360576 7.156198 -0.000001 8.774815 -0.000002 -16.656046 17.918224 5.919897 -1.844030 2.498503 -2.507276 -10.163590 4.678940 4.621103 -20.975996 -0.000004 0.000002 -21.226254 2.451693 -3.593994 -0.000001 -0.000006 0.000000 -1.362680 2.240796 -0.746323 -21.334892 0.584907 3.008321 -13.821197 -0.000003 0.000002 -23.887131 -0.249078 -0.839481 -60.171989 2.632030 -1.350477 -0.294024 1.679687 0.833255 -14.218192 0.093214 1.300579 -34.212002 -0.287564 0.967171 -20.033180 0.964535 1.212842 -0.000000 0.000000 0.000000 -3.440384 0.788233 0.501655 -15.928169 -3.167307 2.999704 -6.338818 -0.000001 0.000001 -18.123413 3.648176 -4.905661 -0.000004 -0.000000 -0.000002 5.468273 15.756641 12.307793 62.326286 61.591652 20.195671 179.666611 62.363018 -179.752029 -6.589496 -0.535782 -9.828187 2.243540 -5.255034 -3.180154 14.282878 -0.826593 6.952495 -0.000003 -12.690593 0.000000 15.762323 -18.107058 3.001469 1.665666 -1.955920 -2.878297 4.727793 -4.170583 4.993915 11.020514 0.000004 -0.000001 12.109032 -3.735711 -2.866780 -0.000001 0.000000 -0.000001 1.291984 -1.928547 -1.498089 14.800113 0.567467 3.865603 14.242554 -1.341736 -6.660648 19.631939 0.143925 -0.648244 49.847580 -0.951035 -5.970859 0.353032 -1.511150 -0.031942 20.222773 3.684306 2.316627 18.787245 0.000005 -0.000001 10.751609 -0.479866 1.397904 -0.000000 0.000000 0.000001 3.273803 0.305949 -0.580110 21.486792 11.830367 2.266134 8.162917 0.000000 -0.000001 18.399055 -3.798981 -4.940569 0.000004 0.000000 -0.000002 13.543796 41.151165 -18.282413 -0.162304 -0.195699 33.171535 -4.343608 -1.089858 -4.202824 1.631070 -1.760014 0.227724 -0.000000 0.000001 0.000002 -10.375154 -20.789452 1.569508 0.142948 0.372095 25.056030 10.129211 5.369412 -16.751528 -1.424883 0.898762 -0.997829 0.000000 0.000001 -0.000001 
2.308628 95.473930 5.632405 -3.054538 -3.017126 -4.884637 3.383023 0.221642 1.503746 0.139725 -0.108107 -4.656095 2.169590 -2.198810 14.906911 -6.934300 7.370629 14.710901 3.316601 14.205026 -3.064258 -3.095416 16.319080 -11.183052 0.000077 -0.000022 0.000006 -0.008181 -0.014077 0.030172 0.718881 -3.777316 -10.734798 -0.745124 3.727411 -10.770707 -2.073190 -14.334498 9.306023 -36.005997 -21.760201 -41.556404 178.768082 -50.843174 -178.833221 14.975271 -12.180033 -29.892653 -5.882100 9.861278 0.702590 -10.936862 -0.360574 7.156198 -0.000000 8.774813 -0.000001 -16.673292 17.911398 5.911989 -1.844032 2.498502 -2.507276 -10.163588 4.678939 4.621104 -20.975992 -0.000003 0.000003 -21.226250 2.451694 -3.593993 -0.000001 -0.000006 0.000000 -1.362681 2.240796 -0.746322 -21.334887 0.584908 3.008320 -13.821194 -0.000003 0.000002 -23.887129 -0.249078 -0.839481 -60.206852 2.610457 -1.347947 -0.294028 1.679686 0.833255 -14.218190 0.093215 1.300580 -34.211990 -0.287563 0.967171 -20.033176 0.964535 1.212842 0.000000 -0.000000 -0.000000 -3.440386 0.788232 0.501656 -15.928167 -3.167306 2.999704 -6.338817 -0.000001 0.000001 -18.123411 3.648177 -4.905660 -0.000004 -0.000000 -0.000002 5.496095 15.771939 12.358313 62.343605 61.432590 20.144836 179.618988 62.280052 -179.834671 -6.529358 -0.609592 -9.869836 2.243539 -5.255032 -3.180154 14.282877 -0.826591 6.952495 -0.000006 -12.690588 0.000001 15.763220 -18.047325 2.974927 1.665664 -1.955920 -2.878297 4.727793 -4.170582 4.993918 11.020510 0.000005 -0.000002 12.109030 -3.735709 -2.866778 -0.000001 0.000000 0.000001 1.291983 -1.928547 -1.498087 14.800113 0.567471 3.865605 14.242550 -1.341733 -6.660648 19.631939 0.143927 -0.648242 49.893898 -0.933739 -5.934223 0.353028 -1.511150 -0.031939 20.222767 3.684308 2.316629 18.787245 0.000006 0.000002 10.751609 -0.479865 1.397903 -0.000000 0.000001 0.000001 3.273805 0.305947 -0.580111 21.486792 11.830364 2.266134 8.162917 0.000003 0.000000 18.399048 -3.798977 -4.940566 0.000004 0.000000 0.000000 13.544827 41.057419 -18.334442 -0.165869 -0.202047 33.205723 -4.360498 -0.997233 -4.240880 1.630513 -1.760269 0.251905 0.000000 0.000001 0.000002 -10.341982 -20.786222 1.523385 0.147059 0.369990 25.046022 10.127188 5.418514 -16.742725 -1.425269 0.904488 -1.022716 0.000000 0.000000 -0.000001 
2.295587 95.479362 5.641637 -3.090577 -3.073130 -4.824390 3.381620 0.227413 1.513098 0.132561 -0.110753 -4.641348 2.177602 -2.191521 14.898510 -6.860740 7.322386 14.635976 3.328020 14.216655 -3.063454 -3.054325 16.366289 -11.164727 0.000077 -0.000021 0.000006 -0.010291 -0.022173 0.032638 0.719786 -3.776676 -10.722264 -0.750112 3.739142 -10.755870 -2.043273 -14.325240 9.268266 -36.066395 -21.740982 -41.473045 178.700775 -50.832535 -178.766632 14.900748 -12.163705 -30.027430 -5.882101 9.861276 0.702590 -10.936857 -0.360574 7.156196 0.000000 8.774813 -0.000001 -16.675219 17.914289 5.930696 -1.844030 2.498502 -2.507276 -10.163589 4.678939 4.621104 -20.975998 -0.000004 0.000002 -21.226255 2.451692 -3.593993 -0.000001 -0.000006 0.000000 -1.362682 2.240796 -0.746323 -21.334888 0.584909 3.008319 -13.821197 -0.000003 0.000002 -23.887133 -0.249079 -0.839482 -60.255379 2.589432 -1.316567 -0.294026 1.679686 0.833256 -14.218195 0.093214 1.300578 -34.212002 -0.287565 0.967169 -20.033176 0.964534 1.212841 -0.000000 -0.000000 0.000000 -3.440384 0.788232 0.501655 -15.928165 -3.167306 2.999703 -6.338818 -0.000001 0.000001 -18.123411 3.648175 -4.905662 -0.000003 0.000000 -0.000001 5.538050 15.790328 12.414616 62.294533 61.279266 20.003618 179.512222 62.157928 -179.979080 -6.501521 -0.720751 -9.898034 2.243540 -5.255033 -3.180157 14.282875 -0.826594 6.952496 -0.000002 -12.690592 -0.000002 15.802566 -18.056551 2.965905 1.665666 -1.955920 -2.878298 4.727793 -4.170583 4.993921 11.020513 0.000003 -0.000001 12.109032 -3.735708 -2.866776 -0.000001 0.000000 -0.000000 1.291983 -1.928548 -1.498088 14.800113 0.567468 3.865603 14.242551 -1.341733 -6.660651 19.631937 0.143926 -0.648241 49.927670 -0.942793 -5.952263 0.353031 -1.511150 -0.031941 20.222769 3.684306 2.316629 18.787245 0.000004 0.000001 10.751610 -0.479869 1.397904 0.000000 0.000000 -0.000001 3.273805 0.305947 -0.580109 21.486790 11.830364 2.266129 8.162916 0.000001 -0.000001 18.399054 -3.798981 -4.940566 0.000003 0.000000 -0.000002 13.572827 40.979488 -18.382311 -0.164963 -0.184833 33.209305 -4.391319 -0.955492 -4.247960 1.631019 -1.771944 0.276107 -0.000000 0.000001 0.000002 -10.273449 -20.794144 1.462728 0.147549 0.372445 25.021711 10.118552 5.458893 -16.721703 -1.426034 0.904175 -1.038810 -0.000000 0.000001 -0.000001 
2.259447 95.493408 5.630952 -3.130944 -3.117599 -4.753794 3.375892 0.232034 1.511526 0.123089 -0.119210 -4.620376 2.181120 -2.177794 14.880963 -6.778117 7.271999 14.528713 3.337277 14.217106 -3.052698 -3.008483 16.355286 -11.131383 0.000077 -0.000023 0.000006 -0.010932 -0.002710 0.030434 0.720118 -3.745817 -10.710563 -0.748996 3.755129 -10.743899 -1.998672 -14.300126 9.219885 -36.160385 -21.810104 -41.351437 178.676102 -50.832954 -178.784744 14.829147 -12.139446 -30.130535 -5.882102 9.861278 0.702590 -10.936858 -0.360573 7.156197 -0.000001 8.774814 -0.000000 -16.639610 17.950132 5.950626 -1.844031 2.498503 -2.507275 -10.163592 4.678940 4.621104 -20.975996 -0.000003 0.000002 -21.226255 2.451693 -3.593995 -0.000001 -0.000006 0.000000 -1.362680 2.240796 -0.746322 -21.334887 0.584910 3.008320 -13.821197 -0.000002 0.000002 -23.887133 -0.249078 -0.839481 -60.291039 2.594188 -1.286520 -0.294024 1.679685 0.833255 -14.218194 0.093215 1.300579 -34.212006 -0.287563 0.967169 -20.033180 0.964535 1.212841 0.000000 -0.000000 0.000000 -3.440385 0.788233 0.501655 -15.928169 -3.167306 2.999703 -6.338817 -0.000001 0.000001 -18.123415 3.648177 -4.905661 -0.000005 -0.000000 -0.000002 5.587488 15.830124 12.459170 62.193348 61.143120 19.819595 179.385315 62.075855 179.934814 -6.441301 -0.871385 -9.911195 2.243540 -5.255032 -3.180155 14.282875 -0.826594 6.952495 -0.000004 -12.690590 -0.000000 15.847677 -18.064205 2.955302 1.665667 -1.955922 -2.878297 4.727793 -4.170582 4.993916 11.020512 0.000004 -0.000002 12.109032 -3.735708 -2.866781 -0.000001 0.000000 -0.000003 1.291986 -1.928550 -1.498089 14.800111 0.567469 3.865603 14.242553 -1.341735 -6.660648 19.631939 0.143927 -0.648244 49.944252 -0.947658 -5.951767 0.353028 -1.511149 -0.031939 20.222769 3.684309 2.316628 18.787247 0.000005 -0.000000 10.751610 -0.479868 1.397904 -0.000001 0.000000 0.000001 3.273803 0.305947 -0.580110 21.486788 11.830363 2.266132 8.162920 0.000000 -0.000002 18.399055 -3.798980 -4.940570 0.000004 0.000001 0.000000 13.582656 40.909355 -18.448423 -0.160762 -0.195770 33.158188 -4.431482 -0.898990 -4.206476 1.631011 -1.772300 0.280483 0.000000 -0.000000 0.000002 -10.174214 -20.820044 1.385602 0.145448 0.379752 24.985001 10.114443 5.528492 -16.687668 -1.426093 0.899034 -1.069495 0.000000 0.000000 -0.000001 
2.270439 95.512161 5.625502 -3.184925 -3.143635 -4.695560 3.375361 0.235270 1.512940 0.115360 -0.111031 -4.614370 2.191566 -2.150200 14.859836 -6.704355 7.237350 14.440907 3.345990 14.176060 -3.079315 -2.967658 16.367966 -11.088660 0.000077 -0.000023 0.000006 -0.007496 -0.002372 0.030430 0.722987 -3.742642 -10.715508 -0.743656 3.746116 -10.751012 -1.962644 -14.324499 9.143926 -36.222862 -21.901499 -41.288261 178.738113 -50.843189 -178.895096 14.746690 -12.105721 -30.261267 -5.882100 9.861278 0.702590 -10.936856 -0.360575 7.156197 -0.000001 8.774812 -0.000000 -16.616243 17.930054 5.943213 -1.844029 2.498502 -2.507275 -10.163589 4.678940 4.621105 -20.975994 -0.000003 0.000002 -21.226250 2.451693 -3.593995 -0.000001 -0.000006 0.000000 -1.362680 2.240797 -0.746323 -21.334890 0.584909 3.008320 -13.821197 -0.000002 0.000002 -23.887129 -0.249078 -0.839482 -60.246002 2.606149 -1.266877 -0.294024 1.679686 0.833255 -14.218194 0.093215 1.300578 -34.211998 -0.287564 0.967170 -20.033178 0.964535 1.212842 0.000000 0.000000 0.000000 -3.440386 0.788232 0.501655 -15.928169 -3.167306 2.999703 -6.338818 -0.000001 0.000001 -18.123411 3.648176 -4.905662 -0.000004 0.000000 -0.000002 5.622509 15.864498 12.493661 62.012451 61.040817 19.605846 179.356613 62.031208 179.866333 -6.382669 -1.010174 -9.690902 2.243538 -5.255032 -3.180156 14.282875 -0.826594 6.952499 -0.000003 -12.690591 0.000001 15.855607 -18.059454 2.957237 1.665664 -1.955920 -2.878295 4.727792 -4.170582 4.993919 11.020510 0.000003 -0.000002 12.109029 -3.735710 -2.866780 -0.000001 -0.000001 -0.000001 1.291985 -1.928548 -1.498088 14.800111 0.567469 3.865601 14.242551 -1.341737 -6.660650 19.631937 0.143926 -0.648244 49.956997 -0.927167 -5.949638 0.353030 -1.511149 -0.031941 20.222771 3.684307 2.316628 18.787243 0.000005 0.000001 10.751611 -0.479868 1.397904 0.000000 0.000002 0.000001 3.273805 0.305946 -0.580112 21.486792 11.830362 2.266132 8.162919 0.000002 -0.000002 18.399054 -3.798980 -4.940567 0.000004 0.000001 -0.000001 13.586832 40.838020 -18.507969 -0.167886 -0.207008 33.128227 -4.428764 -0.803268 -4.197080 1.630062 -1.761375 0.280909 0.000000 -0.000001 0.000002 -10.101109 -20.862974 1.368905 0.138216 0.386157 24.867163 10.135798 5.582622 -16.603424 -1.428173 0.892542 -1.098561 0.000000 0.000000 -0.000001 
2.251307 95.524773 5.624959 -3.244427 -3.182245 -4.642047 3.377980 0.255720 1.512256 0.113032 -0.118665 -4.618342 2.194425 -2.130841 14.849465 -6.639859 7.195889 14.360023 3.366289 14.153650 -3.066533 -2.949040 16.345266 -11.030008 0.000077 -0.000023 0.000006 -0.006785 -0.002147 0.028228 0.726839 -3.747808 -10.724388 -0.745219 3.746183 -10.756965 -1.927343 -14.349999 9.100835 -36.271553 -22.037184 -41.260303 178.761612 -50.855289 -178.992325 14.675509 -12.042667 -30.428686 -5.882101 9.861278 0.702589 -10.936858 -0.360575 7.156197 0.000001 8.774811 -0.000002 -16.560966 17.912132 5.958968 -1.844031 2.498503 -2.507276 -10.163589 4.678939 4.621103 -20.975998 -0.000003 0.000002 -21.226255 2.451693 -3.593993 -0.000001 -0.000006 0.000000 -1.362682 2.240796 -0.746323 -21.334890 0.584909 3.008319 -13.821197 -0.000003 0.000002 -23.887133 -0.249078 -0.839482 -60.195354 2.612252 -1.252161 -0.294025 1.679686 0.833255 -14.218192 0.093214 1.300579 -34.212006 -0.287564 0.967169 -20.033178 0.964535 1.212841 0.000000 0.000000 0.000000 -3.440388 0.788233 0.501655 -15.928169 -3.167306 2.999704 -6.338818 -0.000001 0.000001 -18.123411 3.648175 -4.905662 -0.000004 0.000000 -0.000002 5.645584 15.928904 12.493659 61.764946 60.961182 19.369614 179.426117 61.963909 179.913605 -6.346519 -1.155700 -9.557916 2.243541 -5.255033 -3.180156 14.282878 -0.826592 6.952497 -0.000005 -12.690591 0.000001 15.915810 -18.087177 2.960339 1.665664 -1.955919 -2.878298 4.727795 -4.170584 4.993918 11.020514 0.000003 -0.000001 12.109034 -3.735709 -2.866780 -0.000001 0.000000 -0.000001 1.291985 -1.928548 -1.498088 14.800114 0.567468 3.865602 14.242551 -1.341734 -6.660650 19.631939 0.143926 -0.648241 49.995308 -0.932441 -5.939939 0.353030 -1.511149 -0.031941 20.222771 3.684306 2.316629 18.787245 0.000005 0.000001 10.751611 -0.479867 1.397905 -0.000001 0.000002 -0.000000 3.273804 0.305947 -0.580110 21.486794 11.830361 2.266132 8.162916 0.000002 -0.000002 18.399054 -3.798980 -4.940567 0.000004 0.000002 -0.000003 13.634250 40.798260 -18.564917 -0.178034 -0.219819 33.131416 -4.433979 -0.708773 -4.165662 1.630655 -1.761421 0.280575 0.000000 0.000001 0.000002 -10.004777 -20.903051 1.340770 0.131445 0.396719 24.790386 10.132572 5.645863 -16.551918 -1.429828 0.898266 -1.086246 0.000000 0.000000 -0.000001 
2.227333 95.523254 5.597308 -3.306485 -3.209131 -4.592832 3.391208 0.252640 1.503765 0.114851 -0.074262 -4.612488 2.184795 -2.150715 14.815925 -6.582653 7.175095 14.277857 3.391143 14.115202 -3.049068 -2.947378 16.313459 -10.951835 0.000077 -0.000023 0.000006 -0.007616 -0.028949 0.027032 0.728957 -3.769562 -10.732161 -0.743698 3.716033 -10.763981 -1.915433 -14.346250 9.062281 -36.279984 -22.211683 -41.240265 178.803925 -50.893120 -179.108383 14.588233 -12.023187 -30.608118 -5.882101 9.861279 0.702590 -10.936859 -0.360575 7.156199 0.000000 8.774816 -0.000000 -16.505537 17.878239 5.947294 -1.844031 2.498502 -2.507276 -10.163589 4.678940 4.621104 -20.975996 -0.000005 0.000003 -21.226250 2.451692 -3.593992 -0.000000 -0.000006 0.000001 -1.362681 2.240796 -0.746323 -21.334892 0.584907 3.008322 -13.821197 -0.000003 0.000003 -23.887131 -0.249078 -0.839479 -60.078251 2.611839 -1.244678 -0.294025 1.679686 0.833256 -14.218195 0.093214 1.300579 -34.211998 -0.287565 0.967171 -20.033180 0.964535 1.212843 0.000000 0.000000 0.000000 -3.440386 0.788232 0.501656 -15.928171 -3.167308 2.999705 -6.338816 -0.000002 0.000001 -18.123413 3.648177 -4.905661 -0.000005 0.000000 -0.000000 5.660775 16.015116 12.458260 61.529469 60.904125 19.103327 179.409531 61.951084 179.873291 -6.315503 -1.303327 -9.394244 2.243539 -5.255033 -3.180154 14.282877 -0.826594 6.952499 -0.000004 -12.690592 0.000000 15.999016 -18.086782 2.943314 1.665664 -1.955919 -2.878295 4.727794 -4.170585 4.993920 11.020512 0.000003 -0.000001 12.109032 -3.735710 -2.866778 -0.000001 0.000000 -0.000000 1.291984 -1.928550 -1.498087 14.800113 0.567466 3.865604 14.242553 -1.341735 -6.660649 19.631939 0.143926 -0.648244 50.025902 -0.918616 -5.964250 0.353028 -1.511149 -0.031939 20.222769 3.684305 2.316629 18.787245 0.000003 0.000001 10.751610 -0.479868 1.397904 -0.000001 0.000001 -0.000001 3.273804 0.305946 -0.580110 21.486788 11.830361 2.266132 8.162916 0.000001 -0.000001 18.399054 -3.798980 -4.940567 0.000004 0.000001 -0.000001 13.669333 40.788773 -18.645525 -0.172046 -0.218835 33.130463 -4.418706 -0.670873 -4.162229 1.632562 -1.761428 0.256876 0.000000 0.000001 0.000002 -9.904570 -20.962357 1.256644 0.130376 0.409327 24.812628 10.101778 5.704264 -16.539040 -1.430351 0.892376 -1.067396 0.000000 0.000001 -0.000001 
2.219089 95.525040 5.598699 -3.365095 -3.238425 -4.555294 3.409183 0.276916 1.510163 0.116543 -0.056428 -4.621616 2.180570 -2.150558 14.768735 -6.534419 7.134973 14.207374 3.404517 14.099510 -3.033205 -2.935509 16.286764 -10.841763 0.000077 -0.000022 0.000006 -0.004719 -0.026134 0.030882 0.729290 -3.776974 -10.736377 -0.745431 3.712437 -10.765808 -1.910540 -14.350665 9.024240 -36.298569 -22.390471 -41.205799 178.842133 -50.930527 -179.167648 14.526813 -11.995992 -30.803686 -5.882102 9.861278 0.702588 -10.936860 -0.360574 7.156198 -0.000002 8.774813 -0.000002 -16.483608 17.849682 5.925934 -1.844031 2.498503 -2.507276 -10.163589 4.678941 4.621105 -20.975996 0.000000 0.000003 -21.226254 2.451695 -3.593996 -0.000000 -0.000006 0.000000 -1.362682 2.240796 -0.746323 -21.334888 0.584911 3.008320 -13.821197 -0.000001 0.000003 -23.887131 -0.249075 -0.839482 -60.007942 2.603206 -1.239271 -0.294025 1.679686 0.833255 -14.218192 0.093217 1.300579 -34.212002 -0.287559 0.967168 -20.033176 0.964537 1.212840 0.000000 0.000000 0.000000 -3.440386 0.788233 0.501656 -15.928165 -3.167304 2.999705 -6.338815 -0.000001 0.000001 -18.123411 3.648178 -4.905662 -0.000005 -0.000000 -0.000001 5.663906 16.084358 12.399456 61.330456 60.867458 18.896751 179.452194 61.927879 179.911728 -6.289476 -1.422203 -9.236155 2.243542 -5.255033 -3.180154 14.282877 -0.826593 6.952496 -0.000005 -12.690592 0.000001 16.029593 -18.121469 2.920309 1.665664 -1.955919 -2.878296 4.727796 -4.170585 4.993919 11.020512 0.000003 -0.000003 12.109033 -3.735711 -2.866779 -0.000001 0.000000 -0.000001 1.291985 -1.928548 -1.498087 14.800111 0.567468 3.865600 14.242550 -1.341732 -6.660648 19.631939 0.143927 -0.648242 50.033852 -0.915252 -5.975554 0.353028 -1.511149 -0.031939 20.222771 3.684306 2.316627 18.787247 0.000005 0.000001 10.751612 -0.479867 1.397903 -0.000000 0.000001 -0.000000 3.273806 0.305946 -0.580109 21.486792 11.830364 2.266129 8.162916 0.000003 0.000000 18.399055 -3.798978 -4.940570 0.000004 0.000001 -0.000003 13.716787 40.822708 -18.697311 -0.171464 -0.228865 33.158127 -4.415761 -0.644613 -4.167957 1.634312 -1.783947 0.254785 0.000000 -0.000000 0.000002 -9.837980 -21.028612 1.235896 0.136409 0.426929 24.776012 10.099257 5.752230 -16.506359 -1.430503 0.881177 -1.044039 0.000000 0.000000 -0.000001 
2.228815 95.515976 5.586850 -3.421512 -3.247819 -4.530645 3.429078 0.288573 1.512450 0.116120 -0.033603 -4.620275 2.175288 -2.157943 14.726123 -6.494202 7.103732 14.148272 3.412142 14.072471 -3.026036 -2.922820 16.247152 -10.741114 0.000077 -0.000022 0.000006 -0.008661 -0.052976 0.025829 0.722750 -3.801286 -10.738955 -0.747443 3.692600 -10.772026 -1.893340 -14.360119 8.969547 -36.272934 -22.557318 -41.207630 178.873001 -51.009247 -179.190323 14.464392 -11.964861 -31.013603 -5.882100 9.861277 0.702589 -10.936857 -0.360577 7.156196 0.000002 8.774813 -0.000002 -16.459124 17.838882 5.940276 -1.844032 2.498502 -2.507277 -10.163587 4.678938 4.621102 -20.975992 -0.000005 0.000004 -21.226250 2.451691 -3.593994 0.000000 -0.000006 0.000000 -1.362682 2.240797 -0.746323 -21.334892 0.584907 3.008321 -13.821197 -0.000004 0.000002 -23.887129 -0.249080 -0.839481 -59.988388 2.604668 -1.213739 -0.294025 1.679686 0.833255 -14.218192 0.093214 1.300578 -34.212002 -0.287566 0.967171 -20.033176 0.964534 1.212844 0.000000 0.000000 0.000000 -3.440384 0.788232 0.501655 -15.928165 -3.167307 2.999703 -6.338814 -0.000002 0.000001 -18.123413 3.648175 -4.905661 -0.000005 0.000000 -0.000002 5.646418 16.164873 12.329881 61.135960 60.896687 18.679974 179.549606 61.962605 179.976181 -6.330650 -1.535187 -9.070962 2.243540 -5.255033 -3.180157 14.282877 -0.826593 6.952497 -0.000003 -12.690592 -0.000001 16.041273 -18.141611 2.907475 1.665664 -1.955919 -2.878296 4.727792 -4.170585 4.993918 11.020510 0.000003 -0.000001 12.109032 -3.735711 -2.866780 0.000000 -0.000001 -0.000000 1.291985 -1.928549 -1.498088 14.800111 0.567467 3.865603 14.242553 -1.341735 -6.660650 19.631935 0.143926 -0.648245 50.024803 -0.889756 -5.992579 0.353027 -1.511149 -0.031940 20.222769 3.684304 2.316630 18.787245 0.000005 -0.000001 10.751610 -0.479868 1.397904 -0.000000 0.000002 -0.000000 3.273807 0.305946 -0.580111 21.486788 11.830363 2.266130 8.162916 0.000002 0.000002 18.399055 -3.798979 -4.940568 0.000004 0.000001 -0.000003 13.758451 40.879929 -18.770008 -0.194077 -0.238060 33.235474 -4.402981 -0.652807 -4.195031 1.635477 -1.801069 0.245723 0.000000 0.000001 0.000002 -9.793966 -21.105923 1.201078 0.137542 0.425642 24.791924 10.125614 5.840972 -16.484600 -1.430084 0.882031 -1.020065 0.000000 0.000001 -0.000001 
2.225994 95.502983 5.574473 -3.473820 -3.270273 -4.509212 3.444634 0.305586 1.512397 0.116609 -0.014111 -4.621131 2.182686 -2.162968 14.687550 -6.472528 7.096269 14.093899 3.406687 14.036811 -3.010202 -2.904911 16.168438 -10.617952 0.000077 -0.000022 0.000006 -0.006077 -0.038057 0.029177 0.726136 -3.786438 -10.744087 -0.744509 3.706974 -10.779673 -1.884463 -14.391327 8.926851 -36.197628 -22.734953 -41.219234 178.833511 -51.112152 -179.194168 14.358432 -11.935122 -31.147795 -5.882102 9.861278 0.702590 -10.936861 -0.360574 7.156197 0.000001 8.774814 0.000000 -16.421387 17.830935 5.947540 -1.844032 2.498502 -2.507277 -10.163591 4.678941 4.621105 -20.975996 -0.000003 0.000002 -21.226255 2.451693 -3.593993 -0.000000 -0.000006 0.000001 -1.362680 2.240797 -0.746323 -21.334898 0.584909 3.008320 -13.821198 -0.000003 0.000002 -23.887131 -0.249078 -0.839481 -59.936409 2.589979 -1.185542 -0.294025 1.679687 0.833256 -14.218197 0.093214 1.300580 -34.212006 -0.287564 0.967169 -20.033180 0.964535 1.212841 0.000000 -0.000000 0.000000 -3.440386 0.788233 0.501655 -15.928171 -3.167306 2.999703 -6.338819 -0.000001 0.000001 -18.123417 3.648177 -4.905661 -0.000004 0.000000 -0.000001 5.632054 16.234579 12.289472 60.943138 60.936111 18.428898 179.540604 61.976715 179.971252 -6.395012 -1.633631 -9.021173 2.243540 -5.255032 -3.180154 14.282875 -0.826594 6.952495 -0.000005 -12.690593 0.000001 15.977305 -18.133202 2.943918 1.665663 -1.955920 -2.878295 4.727794 -4.170583 4.993920 11.020513 0.000004 -0.000004 12.109031 -3.735710 -2.866781 -0.000000 -0.000001 -0.000001 1.291985 -1.928548 -1.498087 14.800113 0.567469 3.865602 14.242553 -1.341733 -6.660652 19.631939 0.143928 -0.648246 50.019073 -0.874918 -5.978509 0.353027 -1.511149 -0.031940 20.222767 3.684305 2.316626 18.787243 0.000005 -0.000002 10.751608 -0.479867 1.397904 -0.000001 0.000002 -0.000001 3.273803 0.305948 -0.580110 21.486788 11.830361 2.266130 8.162916 0.000002 -0.000001 18.399050 -3.798978 -4.940567 0.000003 0.000000 0.000000 13.808757 40.933949 -18.837008 -0.192061 -0.225349 33.316681 -4.395398 -0.676043 -4.218287 1.636677 -1.784132 0.251076 0.000000 0.000000 0.000002 -9.751811 -21.207752 1.152568 0.132495 0.429192 24.841660 10.137489 6.000364 -16.476480 -1.429676 0.869676 -0.995320 0.000000 0.000000 -0.000001 
2.254538 95.502014 5.561204 -3.519227 -3.287296 -4.491626 3.451835 0.322862 1.511971 0.119498 -0.008639 -4.614965 2.203362 -2.152924 14.647644 -6.469213 7.104683 14.071216 3.400715 13.993820 -3.017744 -2.868207 16.085114 -10.491191 0.000077 -0.000020 0.000006 -0.012072 -0.045684 0.024559 0.720288 -3.791854 -10.740833 -0.747689 3.705645 -10.773672 -1.890183 -14.427586 8.898115 -36.111794 -22.902906 -41.314117 178.850372 -51.235645 -179.154999 14.297110 -11.931412 -31.390192 -5.882102 9.861278 0.702590 -10.936862 -0.360574 7.156197 -0.000001 8.774812 -0.000001 -16.413872 17.861053 5.982913 -1.844031 2.498503 -2.507277 -10.163589 4.678940 4.621103 -20.975998 -0.000002 0.000003 -21.226257 2.451694 -3.593994 -0.000000 -0.000006 0.000000 -1.362681 2.240795 -0.746322 -21.334890 0.584910 3.008321 -13.821198 -0.000001 0.000003 -23.887133 -0.249076 -0.839482 -59.947124 2.590208 -1.155855 -0.294025 1.679685 0.833255 -14.218195 0.093215 1.300581 -34.212009 -0.287560 0.967171 -20.033180 0.964537 1.212842 0.000000 -0.000000 -0.000000 -3.440386 0.788233 0.501655 -15.928169 -3.167305 2.999705 -6.338818 -0.000001 0.000002 -18.123417 3.648178 -4.905661 -0.000004 0.000000 -0.000001 5.605196 16.311195 12.240914 60.724369 60.929089 18.128941 179.590927 62.013771 -179.966660 -6.383098 -1.669001 -9.081517 2.243541 -5.255034 -3.180156 14.282878 -0.826596 6.952496 -0.000001 -12.690592 -0.000002 15.947710 -18.144382 2.945744 1.665665 -1.955920 -2.878299 4.727795 -4.170584 4.993919 11.020512 0.000002 -0.000002 12.109031 -3.735709 -2.866777 -0.000000 0.000000 -0.000001 1.291985 -1.928549 -1.498086 14.800114 0.567468 3.865602 14.242553 -1.341733 -6.660649 19.631939 0.143926 -0.648242 49.989235 -0.844522 -5.959647 0.353029 -1.511150 -0.031941 20.222771 3.684304 2.316630 18.787245 0.000004 -0.000000 10.751611 -0.479868 1.397904 -0.000001 0.000002 -0.000000 3.273804 0.305948 -0.580109 21.486788 11.830362 2.266131 8.162916 0.000003 -0.000001 18.399052 -3.798980 -4.940568 0.000003 0.000000 -0.000001 13.825878 41.029285 -18.898279 -0.197164 -0.229070 33.384529 -4.358072 -0.681408 -4.227188 1.636371 -1.790154 0.267904 -0.000000 0.000001 0.000002 -9.747622 -21.318037 1.147402 0.139788 0.431157 24.812740 10.143912 6.139148 -16.418972 -1.431004 0.864663 -1.005460 -0.000000 -0.000000 -0.000001 
2.334306 95.504959 5.576749 -3.558333 -3.339638 -4.462599 3.456692 0.315218 1.508289 0.123324 0.023998 -4.600907 2.211837 -2.138372 14.620823 -6.471801 7.093223 14.048306 3.389433 13.931079 -3.012772 -2.839018 16.022835 -10.373983 0.000077 -0.000021 0.000006 -0.012470 -0.040896 0.022361 0.719641 -3.791608 -10.736449 -0.746518 3.708946 -10.769044 -1.895694 -14.473119 8.879777 -35.981979 -23.042786 -41.420498 178.913116 -51.366047 -179.194336 14.212282 -11.921921 -31.590239 -5.882099 9.861279 0.702590 -10.936858 -0.360574 7.156197 0.000002 8.774812 -0.000001 -16.398050 17.887842 5.999768 -1.844030 2.498502 -2.507276 -10.163589 4.678939 4.621104 -20.975992 -0.000004 0.000002 -21.226248 2.451692 -3.593994 -0.000000 -0.000006 0.000001 -1.362680 2.240797 -0.746323 -21.334887 0.584908 3.008320 -13.821197 -0.000003 0.000002 -23.887133 -0.249078 -0.839481 -59.936623 2.590193 -1.138502 -0.294025 1.679686 0.833256 -14.218190 0.093214 1.300579 -34.211998 -0.287563 0.967170 -20.033176 0.964535 1.212842 0.000000 -0.000000 0.000000 -3.440385 0.788233 0.501655 -15.928165 -3.167306 2.999703 -6.338817 -0.000001 0.000001 -18.123415 3.648177 -4.905661 -0.000004 0.000000 -0.000001 5.584161 16.371849 12.176763 60.568569 60.972561 17.919611 179.545792 62.077694 179.985245 -6.378403 -1.715210 -9.308499 2.243541 -5.255033 -3.180154 14.282877 -0.826593 6.952496 -0.000004 -12.690592 0.000002 15.907529 -18.130377 2.952244 1.665664 -1.955918 -2.878297 4.727791 -4.170580 4.993919 11.020511 0.000004 -0.000002 12.109030 -3.735711 -2.866780 0.000000 0.000000 -0.000002 1.291984 -1.928548 -1.498088 14.800114 0.567467 3.865604 14.242554 -1.341735 -6.660649 19.631939 0.143926 -0.648243 50.007740 -0.802909 -5.935954 0.353028 -1.511149 -0.031938 20.222769 3.684306 2.316627 18.787245 0.000005 -0.000000 10.751609 -0.479870 1.397903 -0.000000 0.000002 -0.000000 3.273804 0.305947 -0.580110 21.486792 11.830362 2.266129 8.162916 0.000003 0.000001 18.399055 -3.798979 -4.940566 0.000004 0.000001 -0.000003 13.816161 41.182999 -18.977962 -0.194029 -0.232677 33.532505 -4.322145 -0.660648 -4.259035 1.635075 -1.761985 0.254733 0.000000 0.000001 0.000002 -9.779884 -21.411274 1.166248 0.136552 0.437518 24.719671 10.197382 6.288229 -16.320330 -1.432473 0.864975 -1.031785 -0.000000 -0.000000 -0.000001 
2.429988 95.496315 5.599062 -3.608721 -3.427937 -4.436129 3.471756 0.315065 1.521047 0.124942 0.034194 -4.594804 2.214175 -2.126969 14.607397 -6.477649 7.105559 14.047047 3.376958 13.898060 -3.011222 -2.822888 15.972984 -10.241813 0.000077 -0.000023 0.000006 -0.012436 -0.033501 0.022810 0.715759 -3.776197 -10.733451 -0.748818 3.716896 -10.764305 -1.906822 -14.533045 8.891334 -35.729679 -23.138685 -41.671738 178.982452 -51.524723 -179.246277 14.092712 -11.979809 -31.631130 -5.882100 9.861278 0.702590 -10.936860 -0.360574 7.156197 0.000000 8.774815 -0.000000 -16.369905 17.895321 6.012212 -1.844032 2.498502 -2.507277 -10.163589 4.678939 4.621103 -20.975994 -0.000004 0.000002 -21.226255 2.451691 -3.593994 0.000000 -0.000006 -0.000000 -1.362680 2.240795 -0.746322 -21.334887 0.584909 3.008320 -13.821197 -0.000003 0.000002 -23.887129 -0.249078 -0.839482 -59.953964 2.578352 -1.136437 -0.294025 1.679685 0.833256 -14.218190 0.093214 1.300578 -34.211998 -0.287565 0.967168 -20.033176 0.964534 1.212841 0.000000 0.000000 -0.000000 -3.440386 0.788233 0.501655 -15.928171 -3.167305 2.999704 -6.338818 -0.000001 0.000000 -18.123415 3.648176 -4.905662 -0.000004 0.000000 -0.000002 5.550847 16.456642 12.130588 60.400009 60.998013 17.728930 179.547806 62.112366 179.942368 -6.414912 -1.746525 -9.535280 2.243541 -5.255032 -3.180155 14.282878 -0.826593 6.952498 -0.000005 -12.690590 0.000001 15.885742 -18.117994 2.987497 1.665664 -1.955919 -2.878296 4.727795 -4.170586 4.993917 11.020514 0.000003 -0.000001 12.109033 -3.735711 -2.866777 -0.000000 0.000000 -0.000000 1.291984 -1.928548 -1.498087 14.800114 0.567467 3.865605 14.242554 -1.341736 -6.660648 19.631945 0.143923 -0.648244 50.005047 -0.801306 -5.911053 0.353028 -1.511149 -0.031939 20.222773 3.684304 2.316628 18.787247 0.000004 -0.000000 10.751612 -0.479867 1.397903 -0.000001 0.000001 -0.000000 3.273806 0.305945 -0.580110 21.486790 11.830363 2.266129 8.162916 0.000002 -0.000001 18.399054 -3.798980 -4.940567 0.000004 0.000000 -0.000002 13.838065 41.346699 -19.035362 -0.189282 -0.214511 33.700855 -4.279815 -0.634225 -4.361493 1.633659 -1.750943 0.250941 0.000000 0.000001 0.000002 -9.819364 -21.489664 1.167834 0.139560 0.433317 24.666338 10.250707 6.470141 -16.232462 -1.432559 0.852511 -1.053524 -0.000000 0.000002 -0.000001 
2.556557 95.485115 5.618906 -3.650684 -3.551919 -4.397628 3.485208 0.327382 1.550289 0.119998 0.012673 -4.603617 2.202485 -2.094412 14.620069 -6.458910 7.072096 14.048755 3.344278 13.914536 -3.006539 -2.839653 15.921568 -10.166968 0.000078 -0.000022 0.000006 -0.010989 -0.040246 0.014996 0.714648 -3.780982 -10.738749 -0.742454 3.717028 -10.769768 -1.914316 -14.555621 8.912555 -35.417606 -23.261793 -41.906628 179.077469 -51.716808 -179.326202 13.932107 -12.090572 -31.542622 -5.882100 9.861280 0.702590 -10.936860 -0.360575 7.156198 -0.000000 8.774814 -0.000002 -16.384537 17.883133 6.038980 -1.844032 2.498503 -2.507275 -10.163590 4.678941 4.621104 -20.975998 -0.000004 0.000003 -21.226255 2.451694 -3.593992 0.000000 -0.000006 -0.000000 -1.362682 2.240797 -0.746323 -21.334896 0.584908 3.008320 -13.821195 -0.000003 0.000003 -23.887131 -0.249079 -0.839481 -59.956402 2.556913 -1.117023 -0.294024 1.679686 0.833256 -14.218194 0.093214 1.300579 -34.212006 -0.287564 0.967172 -20.033180 0.964535 1.212843 0.000000 -0.000000 -0.000000 -3.440387 0.788232 0.501656 -15.928165 -3.167308 2.999705 -6.338816 -0.000001 0.000001 -18.123415 3.648178 -4.905662 -0.000004 -0.000000 -0.000002 5.479009 16.527473 12.049765 60.260418 61.035934 17.519707 179.385681 62.188732 179.740234 -6.450422 -1.780008 -9.722644 2.243539 -5.255033 -3.180156 14.282877 -0.826592 6.952497 -0.000003 -12.690593 -0.000001 15.884062 -18.109535 2.983855 1.665664 -1.955921 -2.878297 4.727793 -4.170582 4.993917 11.020511 0.000005 -0.000004 12.109030 -3.735709 -2.866778 -0.000000 0.000000 0.000001 1.291984 -1.928548 -1.498088 14.800111 0.567469 3.865603 14.242553 -1.341734 -6.660649 19.631937 0.143929 -0.648243 49.950634 -0.771135 -5.924329 0.353029 -1.511150 -0.031940 20.222771 3.684308 2.316627 18.787243 0.000006 0.000000 10.751610 -0.479865 1.397906 -0.000001 0.000001 -0.000001 3.273804 0.305947 -0.580109 21.486792 11.830369 2.266134 8.162915 0.000003 0.000003 18.399052 -3.798977 -4.940566 0.000004 0.000001 -0.000001 13.826101 41.582550 -19.130585 -0.192583 -0.219019 33.928925 -4.252554 -0.572288 -4.471896 1.631698 -1.779306 0.255157 -0.000000 0.000001 0.000002 -9.878592 -21.539473 1.133649 0.152069 0.437986 24.629282 10.351735 6.663346 -16.132275 -1.432495 0.854837 -1.060054 -0.000000 0.000001 -0.000001 
2.684332 95.462822 5.605431 -3.704231 -3.727720 -4.336506 3.496967 0.308185 1.564745 0.122307 0.025377 -4.582471 2.198113 -2.098136 14.613893 -6.444939 7.039526 14.066925 3.326390 13.902623 -3.020559 -2.910093 15.944364 -10.124607 0.000077 -0.000022 0.000006 -0.009197 -0.040012 0.016209 0.719299 -3.797925 -10.735331 -0.739108 3.702480 -10.771065 -1.931630 -14.626069 8.953566 -35.019974 -23.310360 -42.083054 179.081161 -51.912720 -179.317291 13.745814 -12.268720 -31.275965 -5.882101 9.861279 0.702589 -10.936858 -0.360576 7.156197 -0.000001 8.774814 -0.000001 -16.402216 17.852283 6.057599 -1.844032 2.498503 -2.507275 -10.163589 4.678940 4.621104 -20.975994 -0.000002 0.000001 -21.226255 2.451694 -3.593996 -0.000000 -0.000006 0.000000 -1.362680 2.240796 -0.746323 -21.334896 0.584911 3.008319 -13.821198 -0.000001 0.000001 -23.887133 -0.249077 -0.839484 -59.984207 2.544834 -1.091764 -0.294026 1.679686 0.833254 -14.218192 0.093215 1.300578 -34.212006 -0.287562 0.967167 -20.033178 0.964535 1.212840 -0.000000 -0.000000 0.000000 -3.440386 0.788233 0.501655 -15.928169 -3.167305 2.999703 -6.338817 -0.000001 0.000001 -18.123415 3.648177 -4.905663 -0.000005 0.000000 -0.000003 5.366468 16.574055 11.903393 60.344616 61.009335 17.581331 179.349167 62.294956 179.654510 -6.377845 -1.732737 -9.703938 2.243542 -5.255033 -3.180155 14.282878 -0.826593 6.952494 -0.000005 -12.690588 -0.000000 15.833194 -18.112459 3.021693 1.665664 -1.955921 -2.878297 4.727795 -4.170585 4.993920 11.020513 0.000003 -0.000001 12.109035 -3.735711 -2.866780 -0.000000 0.000000 -0.000000 1.291984 -1.928548 -1.498087 14.800117 0.567466 3.865603 14.242554 -1.341735 -6.660646 19.631941 0.143925 -0.648247 49.907635 -0.770395 -5.887705 0.353028 -1.511148 -0.031940 20.222773 3.684304 2.316625 18.787251 0.000005 -0.000000 10.751612 -0.479867 1.397903 -0.000001 0.000002 -0.000000 3.273804 0.305947 -0.580109 21.486795 11.830360 2.266130 8.162920 0.000001 0.000000 18.399057 -3.798978 -4.940569 0.000003 0.000000 -0.000002 13.804814 41.843319 -19.244385 -0.190579 -0.221614 34.115105 -4.233770 -0.509411 -4.637742 1.633581 -1.751123 0.257737 -0.000000 0.000001 0.000002 -9.907791 -21.623175 0.989531 0.154531 0.464166 24.693588 10.469495 6.889603 -16.042007 -1.430774 0.866714 -1.045346 0.000000 0.000000 -0.000001 
2.848933 95.438011 5.580339 -3.771117 -3.922516 -4.266576 3.504266 0.280150 1.592734 0.127132 0.013747 -4.578821 2.194848 -2.107843 14.638947 -6.402275 7.000924 14.083226 3.312700 13.899369 -3.024793 -2.989643 15.932158 -10.097637 0.000077 -0.000024 0.000006 -0.007320 -0.037799 0.016750 0.723566 -3.791445 -10.738704 -0.742075 3.718795 -10.775725 -1.968271 -14.703339 8.992826 -34.616516 -23.293577 -42.226479 179.089813 -52.061707 -179.308746 13.523860 -12.522373 -30.900156 -5.882103 9.861278 0.702590 -10.936860 -0.360574 7.156196 -0.000000 8.774812 -0.000001 -16.436079 17.844547 6.060737 -1.844033 2.498502 -2.507277 -10.163589 4.678939 4.621104 -20.976000 -0.000003 0.000002 -21.226255 2.451693 -3.593993 -0.000000 -0.000006 0.000000 -1.362681 2.240796 -0.746322 -21.334890 0.584910 3.008320 -13.821198 -0.000001 0.000001 -23.887131 -0.249078 -0.839483 -59.993702 2.546660 -1.082126 -0.294024 1.679687 0.833255 -14.218195 0.093215 1.300578 -34.212006 -0.287562 0.967168 -20.033178 0.964535 1.212840 -0.000000 0.000000 0.000001 -3.440386 0.788232 0.501656 -15.928165 -3.167305 2.999703 -6.338819 -0.000001 0.000001 -18.123415 3.648175 -4.905662 -0.000004 -0.000000 -0.000000 5.252968 16.610859 11.776018 60.410843 61.001350 17.638420 179.345047 62.430275 179.563980 -6.247073 -1.650573 -9.417024 2.243541 -5.255029 -3.180155 14.282877 -0.826591 6.952495 -0.000004 -12.690592 -0.000000 15.793106 -18.116768 3.038227 1.665666 -1.955919 -2.878297 4.727792 -4.170582 4.993917 11.020512 0.000004 -0.000003 12.109033 -3.735709 -2.866778 -0.000000 0.000000 -0.000000 1.291984 -1.928547 -1.498090 14.800111 0.567468 3.865601 14.242553 -1.341732 -6.660649 19.631939 0.143928 -0.648243 49.905254 -0.785634 -5.915903 0.353029 -1.511150 -0.031941 20.222767 3.684309 2.316626 18.787245 0.000006 -0.000002 10.751610 -0.479866 1.397904 -0.000001 0.000000 0.000000 3.273804 0.305947 -0.580109 21.486794 11.830362 2.266130 8.162918 0.000002 0.000000 18.399055 -3.798977 -4.940566 0.000003 0.000001 -0.000003 13.768062 42.139214 -19.415924 -0.179274 -0.206195 34.386997 -4.179968 -0.433591 -4.801235 1.634039 -1.739876 0.237100 0.000000 -0.000000 0.000002 -9.962790 -21.749638 0.831458 0.168616 0.476650 24.753271 10.645662 7.183146 -15.905929 -1.430590 0.870165 -1.009445 0.000000 0.000000 -0.000001 
3.034659 95.402565 5.550558 -3.860091 -4.134337 -4.183837 3.522501 0.264573 1.634641 0.130899 -0.019362 -4.569227 2.205142 -2.123816 14.668558 -6.360591 6.959834 14.109094 3.304935 13.887980 -3.020485 -3.126683 15.966639 -10.123119 0.000077 -0.000021 0.000007 -0.006566 -0.058311 0.018093 0.724334 -3.802767 -10.731508 -0.744573 3.695904 -10.775687 -2.006648 -14.792591 9.051373 -34.158413 -23.194305 -42.433464 179.093918 -52.201847 -179.298798 13.305001 -12.776509 -30.435032 -5.882101 9.861279 0.702589 -10.936858 -0.360573 7.156196 -0.000000 8.774813 -0.000001 -16.465189 17.820276 6.071834 -1.844031 2.498502 -2.507276 -10.163589 4.678941 4.621105 -20.975994 -0.000003 0.000002 -21.226255 2.451693 -3.593994 -0.000000 -0.000006 0.000000 -1.362680 2.240796 -0.746323 -21.334887 0.584908 3.008319 -13.821193 -0.000003 0.000001 -23.887123 -0.249078 -0.839483 -60.021179 2.566660 -1.069209 -0.294025 1.679686 0.833255 -14.218190 0.093215 1.300578 -34.211998 -0.287564 0.967168 -20.033176 0.964535 1.212841 0.000000 0.000000 0.000000 -3.440386 0.788233 0.501655 -15.928165 -3.167305 2.999703 -6.338816 -0.000001 0.000001 -18.123411 3.648176 -4.905662 -0.000005 -0.000000 -0.000001 5.118168 16.650141 11.637206 60.508286 60.937729 17.713861 179.431229 62.554680 179.548767 -6.135797 -1.576645 -9.052196 2.243541 -5.255032 -3.180156 14.282878 -0.826592 6.952495 -0.000004 -12.690592 0.000001 15.795012 -18.105247 3.032506 1.665665 -1.955919 -2.878296 4.727792 -4.170583 4.993920 11.020513 0.000005 -0.000003 12.109033 -3.735708 -2.866782 -0.000000 0.000000 -0.000000 1.291982 -1.928547 -1.498087 14.800114 0.567469 3.865603 14.242554 -1.341733 -6.660652 19.631939 0.143928 -0.648244 49.934414 -0.791072 -5.912076 0.353029 -1.511150 -0.031938 20.222769 3.684309 2.316626 18.787245 0.000007 -0.000001 10.751609 -0.479868 1.397904 -0.000001 0.000001 -0.000000 3.273804 0.305947 -0.580110 21.486794 11.830365 2.266129 8.162916 0.000002 -0.000002 18.399054 -3.798979 -4.940569 0.000003 0.000000 -0.000001 13.725756 42.454838 -19.623779 -0.183108 -0.225228 34.691654 -4.109231 -0.255087 -5.025246 1.635046 -1.757369 0.219291 0.000000 0.000001 0.000002 -9.994989 -21.872738 0.632850 0.173313 0.491814 24.846897 10.861018 7.472292 -15.768069 -1.431095 0.884438 -1.002079 -0.000000 0.000002 -0.000001 
3.270426 95.362244 5.522655 -3.951936 -4.341189 -4.072219 3.537894 0.222039 1.685552 0.138625 -0.045442 -4.542278 2.219893 -2.155503 14.682660 -6.315022 6.910954 14.095218 3.303320 13.887299 -3.028884 -3.305883 16.038074 -10.160533 0.000077 -0.000021 0.000006 -0.002933 -0.064067 0.017647 0.733656 -3.818986 -10.716934 -0.740442 3.676032 -10.765644 -2.057154 -14.854074 9.123022 -33.732903 -23.027897 -42.606236 179.074982 -52.255596 -179.270142 13.056564 -13.093350 -29.733171 -5.882100 9.861279 0.702590 -10.936862 -0.360575 7.156199 0.000001 8.774817 -0.000002 -16.486752 17.790648 6.077945 -1.844031 2.498503 -2.507275 -10.163591 4.678940 4.621105 -20.976002 -0.000002 0.000004 -21.226257 2.451696 -3.593992 0.000000 -0.000006 -0.000000 -1.362680 2.240797 -0.746323 -21.334892 0.584909 3.008322 -13.821197 -0.000002 0.000003 -23.887131 -0.249077 -0.839480 -60.018555 2.588505 -1.044473 -0.294025 1.679687 0.833255 -14.218195 0.093215 1.300580 -34.212013 -0.287561 0.967172 -20.033186 0.964536 1.212842 -0.000000 -0.000000 0.000000 -3.440386 0.788232 0.501656 -15.928169 -3.167307 2.999704 -6.338817 -0.000001 0.000001 -18.123417 3.648178 -4.905662 -0.000004 0.000000 -0.000001 4.966199 16.686258 11.490779 60.748383 60.876770 17.894882 179.511993 62.677643 179.544998 -6.025639 -1.549100 -8.661993 2.243539 -5.255033 -3.180153 14.282875 -0.826596 6.952496 -0.000002 -12.690591 0.000002 15.809271 -18.112350 3.015603 1.665665 -1.955921 -2.878296 4.727794 -4.170584 4.993921 11.020509 0.000003 -0.000001 12.109031 -3.735711 -2.866779 -0.000001 0.000000 -0.000000 1.291985 -1.928549 -1.498087 14.800114 0.567466 3.865605 14.242551 -1.341734 -6.660647 19.631939 0.143924 -0.648241 49.937077 -0.767280 -5.903562 0.353029 -1.511149 -0.031939 20.222769 3.684304 2.316628 18.787245 0.000001 0.000002 10.751611 -0.479869 1.397903 -0.000000 0.000000 0.000000 3.273804 0.305948 -0.580108 21.486790 11.830360 2.266130 8.162917 0.000001 0.000001 18.399054 -3.798980 -4.940566 0.000004 0.000001 0.000000 13.626065 42.820847 -19.891912 -0.173898 -0.212688 35.033340 -4.015347 -0.124398 -5.302621 1.635273 -1.749294 0.213305 0.000000 -0.000000 0.000002 -10.057445 -22.020594 0.405730 0.182751 0.492429 24.937189 11.107463 7.766459 -15.601125 -1.430399 0.893982 -1.008248 -0.000000 -0.000000 -0.000001 
3.571389 95.308693 5.491007 -4.045736 -4.508249 -3.943524 3.545643 0.192146 1.760046 0.145306 -0.074138 -4.507010 2.244218 -2.211092 14.697936 -6.272722 6.873807 14.074350 3.323225 13.936454 -3.037998 -3.561934 16.115734 -10.246389 0.000077 -0.000023 0.000006 -0.003677 -0.089207 0.010908 0.730063 -3.831546 -10.720505 -0.735828 3.650078 -10.776390 -2.104094 -14.891261 9.192929 -33.315899 -22.725977 -42.736343 178.956177 -52.204899 -179.191162 12.849181 -13.472771 -28.848459 -5.882101 9.861279 0.702589 -10.936859 -0.360575 7.156196 -0.000000 8.774814 -0.000003 -16.507240 17.762703 6.056060 -1.844032 2.498503 -2.507276 -10.163589 4.678940 4.621103 -20.975994 -0.000002 0.000001 -21.226254 2.451693 -3.593995 0.000000 -0.000006 -0.000000 -1.362679 2.240797 -0.746323 -21.334890 0.584909 3.008319 -13.821197 -0.000002 0.000001 -23.887129 -0.249078 -0.839484 -59.995335 2.600429 -1.035385 -0.294024 1.679686 0.833255 -14.218190 0.093215 1.300578 -34.212002 -0.287563 0.967167 -20.033175 0.964534 1.212840 -0.000000 0.000000 -0.000000 -3.440384 0.788232 0.501655 -15.928164 -3.167306 2.999703 -6.338815 -0.000001 0.000001 -18.123415 3.648177 -4.905663 -0.000004 -0.000000 -0.000002 4.804584 16.723194 11.363576 60.915455 60.784275 18.017982 179.643616 62.795704 179.596039 -6.023013 -1.507999 -8.307649 2.243540 -5.255033 -3.180153 14.282877 -0.826593 6.952499 -0.000004 -12.690592 -0.000000 15.869887 -18.141970 2.988648 1.665666 -1.955920 -2.878297 4.727793 -4.170582 4.993919 11.020509 0.000005 -0.000002 12.109033 -3.735708 -2.866781 -0.000001 -0.000000 0.000000 1.291985 -1.928548 -1.498087 14.800113 0.567467 3.865603 14.242553 -1.341734 -6.660647 19.631939 0.143926 -0.648243 49.991993 -0.777978 -5.905698 0.353029 -1.511149 -0.031941 20.222769 3.684307 2.316628 18.787249 0.000005 -0.000001 10.751610 -0.479868 1.397902 -0.000000 0.000001 -0.000000 3.273804 0.305948 -0.580110 21.486792 11.830365 2.266130 8.162916 0.000003 0.000002 18.399052 -3.798981 -4.940566 0.000003 0.000000 0.000000 13.445651 43.207355 -20.260256 -0.189256 -0.219904 35.471573 -3.898255 0.091074 -5.643348 1.637231 -1.736910 0.210960 0.000000 -0.000001 0.000002 -10.153502 -22.205597 0.149833 0.196684 0.526111 25.050190 11.376825 8.025742 -15.430160 -1.430521 0.915512 -1.049235 -0.000000 -0.000000 -0.000001 
3.846364 95.225075 5.440892 -4.146476 -4.622592 -3.795620 3.558697 0.182162 1.869956 0.154533 -0.119244 -4.486119 2.292953 -2.218532 14.725957 -6.246433 6.786787 13.997717 3.317651 14.075010 -3.039251 -3.875614 16.185411 -10.360924 0.000077 -0.000023 0.000006 -0.002840 -0.082974 0.011172 0.734395 -3.828073 -10.730705 -0.735707 3.671853 -10.792166 -2.143738 -14.921701 9.299413 -32.997314 -22.335526 -42.902115 178.692734 -52.043320 -179.019806 12.719693 -13.870563 -27.923546 -5.882102 9.861278 0.702590 -10.936861 -0.360576 7.156197 0.000002 8.774815 -0.000002 -16.490334 17.758232 6.055255 -1.844031 2.498503 -2.507276 -10.163589 4.678938 4.621103 -20.975992 -0.000005 0.000002 -21.226250 2.451691 -3.593993 0.000000 -0.000006 -0.000001 -1.362680 2.240796 -0.746322 -21.334887 0.584907 3.008320 -13.821197 -0.000004 0.000002 -23.887131 -0.249080 -0.839480 -59.957516 2.600322 -1.051486 -0.294025 1.679686 0.833255 -14.218194 0.093214 1.300579 -34.211998 -0.287565 0.967171 -20.033180 0.964534 1.212843 -0.000000 -0.000000 0.000000 -3.440386 0.788233 0.501655 -15.928167 -3.167307 2.999703 -6.338817 -0.000001 0.000001 -18.123413 3.648175 -4.905661 -0.000004 0.000000 -0.000003 4.599417 16.765327 11.248087 61.139050 60.699123 18.203526 179.758194 62.974319 179.662079 -6.090586 -1.457246 -8.043574 2.243540 -5.255033 -3.180156 14.282878 -0.826593 6.952497 -0.000004 -12.690590 0.000001 15.899902 -18.103304 2.919960 1.665663 -1.955920 -2.878295 4.727795 -4.170583 4.993917 11.020511 0.000004 -0.000003 12.109034 -3.735708 -2.866780 -0.000000 0.000000 -0.000000 1.291984 -1.928547 -1.498088 14.800114 0.567467 3.865601 14.242553 -1.341735 -6.660648 19.631939 0.143926 -0.648245 49.998497 -0.767846 -5.897224 0.353028 -1.511149 -0.031941 20.222767 3.684306 2.316627 18.787245 0.000005 -0.000001 10.751611 -0.479868 1.397903 0.000001 -0.000001 -0.000000 3.273803 0.305947 -0.580110 21.486794 11.830361 2.266130 8.162916 0.000002 0.000001 18.399054 -3.798977 -4.940569 0.000003 0.000001 -0.000001 13.232667 43.578144 -20.756092 -0.201754 -0.231043 36.010853 -3.829518 0.316682 -5.996873 1.636665 -1.746854 0.193944 0.000000 0.000000 0.000002 -10.225400 -22.432302 -0.207514 0.203315 0.525603 25.341755 11.608615 8.366024 -15.345643 -1.430815 0.918822 -1.082316 -0.000000 -0.000000 -0.000001 
4.178129 95.109299 5.406859 -4.273026 -4.571527 -3.597279 3.595238 0.180017 1.974514 0.164955 -0.135538 -4.464310 2.378857 -2.217286 14.752680 -6.298518 6.718695 13.832362 3.315567 14.224278 -3.045197 -4.228033 16.270454 -10.576087 0.000077 -0.000021 0.000006 -0.003438 -0.057466 0.008377 0.728781 -3.801245 -10.747005 -0.738188 3.687928 -10.818825 -2.207226 -14.883461 9.410755 -32.930649 -21.767889 -43.081970 178.383270 -51.703075 -178.770187 12.778746 -14.225955 -27.064905 -5.882099 9.861278 0.702590 -10.936857 -0.360576 7.156197 0.000003 8.774814 -0.000001 -16.514856 17.754747 6.044186 -1.844032 2.498502 -2.507276 -10.163588 4.678938 4.621104 -20.975996 -0.000005 0.000002 -21.226248 2.451691 -3.593993 -0.000000 -0.000006 0.000001 -1.362679 2.240797 -0.746323 -21.334887 0.584906 3.008320 -13.821197 -0.000003 0.000002 -23.887129 -0.249080 -0.839481 -59.935638 2.598720 -1.100676 -0.294024 1.679686 0.833256 -14.218190 0.093214 1.300578 -34.212006 -0.287566 0.967169 -20.033176 0.964534 1.212841 0.000000 0.000000 -0.000000 -3.440384 0.788232 0.501655 -15.928173 -3.167307 2.999703 -6.338817 -0.000002 0.000001 -18.123411 3.648175 -4.905661 -0.000004 -0.000000 -0.000002 4.361507 16.822241 11.165676 61.373459 60.535336 18.366966 179.782318 63.144726 179.661316 -6.196492 -1.441738 -7.903965 2.243540 -5.255034 -3.180155 14.282875 -0.826594 6.952495 -0.000003 -12.690593 0.000000 15.882204 -18.093887 2.898872 1.665665 -1.955918 -2.878298 4.727795 -4.170585 4.993920 11.020512 0.000004 -0.000001 12.109034 -3.735709 -2.866777 -0.000000 0.000000 0.000001 1.291984 -1.928547 -1.498088 14.800114 0.567467 3.865603 14.242554 -1.341734 -6.660650 19.631941 0.143927 -0.648244 50.005699 -0.792859 -5.875221 0.353029 -1.511149 -0.031939 20.222769 3.684308 2.316629 18.787245 0.000004 0.000002 10.751610 -0.479870 1.397904 -0.000000 0.000001 -0.000001 3.273803 0.305947 -0.580109 21.486790 11.830367 2.266132 8.162917 0.000003 0.000001 18.399050 -3.798981 -4.940567 0.000004 0.000000 -0.000002 12.901195 43.914600 -21.468657 -0.213022 -0.212984 36.706673 -3.701992 0.554255 -6.457508 1.636791 -1.756865 0.181884 0.000000 -0.000000 0.000002 -10.293061 -22.687849 -0.606897 0.207966 0.510202 25.702538 11.847231 8.604281 -15.328837 -1.431096 0.939319 -1.107008 -0.000000 -0.000000 -0.000001 
4.543091 94.965843 5.400534 -4.428995 -4.262943 -3.358350 3.667030 0.193313 2.074889 0.177285 -0.112545 -4.426019 2.497598 -2.190636 14.766880 -6.403324 6.650422 13.532425 3.295439 14.319091 -3.054304 -4.626007 16.409552 -10.911209 0.000077 -0.000024 0.000006 -0.005533 -0.032112 0.004094 0.730130 -3.784015 -10.765984 -0.742755 3.708562 -10.849172 -2.345871 -14.764180 9.548142 -33.273186 -20.981888 -43.220997 178.057510 -51.167763 -178.475586 12.940822 -14.532731 -26.236708 -5.882100 9.861278 0.702590 -10.936859 -0.360576 7.156198 0.000001 8.774815 -0.000002 -16.542297 17.705814 6.041711 -1.844030 2.498502 -2.507276 -10.163589 4.678940 4.621103 -20.975994 -0.000005 0.000002 -21.226250 2.451691 -3.593994 0.000001 -0.000006 -0.000001 -1.362680 2.240797 -0.746323 -21.334885 0.584907 3.008320 -13.821194 -0.000003 0.000001 -23.887129 -0.249079 -0.839481 -59.878380 2.590866 -1.103343 -0.294023 1.679686 0.833255 -14.218190 0.093213 1.300580 -34.211998 -0.287565 0.967170 -20.033180 0.964534 1.212843 0.000000 -0.000000 -0.000000 -3.440384 0.788233 0.501655 -15.928165 -3.167307 2.999703 -6.338815 -0.000002 0.000001 -18.123415 3.648175 -4.905662 -0.000004 -0.000000 -0.000002 4.093306 16.922525 11.045027 61.713196 60.107704 18.679142 179.856384 63.358059 179.727997 -6.237625 -1.509579 -7.819610 2.243539 -5.255033 -3.180154 14.282875 -0.826592 6.952491 -0.000004 -12.690590 0.000000 15.880737 -18.090635 2.858593 1.665665 -1.955920 -2.878294 4.727793 -4.170583 4.993918 11.020510 0.000004 -0.000003 12.109034 -3.735711 -2.866781 -0.000001 0.000000 -0.000001 1.291985 -1.928547 -1.498089 14.800111 0.567469 3.865604 14.242553 -1.341733 -6.660651 19.631939 0.143927 -0.648243 50.000042 -0.789820 -5.858753 0.353027 -1.511150 -0.031940 20.222773 3.684308 2.316625 18.787247 0.000005 -0.000003 10.751610 -0.479867 1.397902 -0.000000 0.000002 -0.000001 3.273805 0.305948 -0.580109 21.486792 11.830368 2.266131 8.162915 0.000003 0.000000 18.399054 -3.798977 -4.940571 0.000003 0.000001 -0.000001 12.419549 44.175583 -22.429146 -0.198625 -0.197159 37.547482 -3.482538 0.886300 -6.981514 1.640654 -1.755010 0.163551 -0.000000 0.000000 0.000002 -10.336033 -22.962988 -0.984265 0.220652 0.504571 26.085602 12.112576 8.614584 -15.407915 -1.432380 0.959888 -1.136429 -0.000000 0.000001 -0.000001 
4.903924 94.802650 5.464610 -4.625883 -3.493402 -3.083304 3.786891 0.238799 2.157514 0.195334 -0.052853 -4.377299 2.639369 -2.160340 14.756483 -6.522276 6.565596 13.112685 3.258708 14.311176 -3.071943 -5.094566 16.507528 -11.372960 0.000077 -0.000023 0.000006 -0.006780 -0.000589 0.003829 0.731383 -3.746049 -10.773583 -0.747532 3.756946 -10.867867 -2.624099 -14.474977 9.795535 -34.279572 -20.004993 -43.101528 177.689499 -50.380871 -178.196869 13.185710 -14.766525 -24.989996 -5.882101 9.861279 0.702589 -10.936858 -0.360575 7.156197 0.000001 8.774814 -0.000002 -16.564550 17.627068 6.040407 -1.844030 2.498503 -2.507275 -10.163589 4.678940 4.621104 -20.975992 -0.000002 0.000003 -21.226255 2.451694 -3.593994 0.000000 -0.000006 0.000000 -1.362679 2.240796 -0.746323 -21.334887 0.584908 3.008321 -13.821197 -0.000002 0.000001 -23.887129 -0.249077 -0.839481 -59.902927 2.603754 -1.109231 -0.294024 1.679687 0.833255 -14.218194 0.093215 1.300580 -34.212006 -0.287563 0.967170 -20.033178 0.964535 1.212842 -0.000000 -0.000000 0.000000 -3.440385 0.788233 0.501655 -15.928165 -3.167307 2.999704 -6.338819 -0.000001 0.000001 -18.123411 3.648177 -4.905662 -0.000005 -0.000000 -0.000002 3.833664 17.081587 10.935520 62.316635 59.323112 19.320518 179.995590 63.532368 179.826584 -6.254381 -1.717474 -7.618397 2.243538 -5.255033 -3.180153 14.282877 -0.826592 6.952496 -0.000004 -12.690588 -0.000000 15.965254 -18.110054 2.836609 1.665664 -1.955920 -2.878294 4.727795 -4.170584 4.993918 11.020510 0.000005 -0.000001 12.109028 -3.735709 -2.866778 -0.000000 0.000000 -0.000001 1.291983 -1.928547 -1.498088 14.800114 0.567466 3.865602 14.242553 -1.341736 -6.660649 19.631939 0.143924 -0.648244 50.043007 -0.867810 -5.826214 0.353031 -1.511148 -0.031939 20.222771 3.684307 2.316629 18.787245 0.000004 -0.000001 10.751610 -0.479867 1.397905 0.000000 -0.000001 -0.000000 3.273805 0.305947 -0.580111 21.486790 11.830363 2.266131 8.162918 0.000002 -0.000001 18.399054 -3.798980 -4.940568 0.000004 0.000000 -0.000002 11.776146 44.455189 -23.672621 -0.178800 -0.182386 38.521065 -3.072126 1.155487 -7.506776 1.652544 -1.772325 0.058019 -0.000000 0.000001 0.000002 -10.333689 -23.322758 -1.198565 0.231458 0.514401 26.384972 12.446128 8.206346 -15.620507 -1.435672 1.027729 -1.172616 0.000000 0.000000 -0.000001 
5.304374 94.564262 5.709900 -4.869783 -2.122467 -2.746242 3.935283 0.354109 2.189036 0.224012 0.046943 -4.356546 2.844688 -2.144898 14.667492 -6.469705 6.386549 12.595634 3.126811 14.318487 -3.128880 -5.734394 16.382101 -11.816005 0.000076 -0.000020 0.000006 -0.009186 0.080754 0.011629 0.718539 -3.656641 -10.750186 -0.739538 3.807687 -10.870188 -2.974215 -13.961764 9.980332 -36.204552 -18.726164 -42.363113 177.393829 -49.377178 -177.906052 13.286154 -14.801245 -23.155390 -5.882102 9.861280 0.702589 -10.936857 -0.360576 7.156198 0.000001 8.774816 -0.000002 -16.609320 17.577526 6.127948 -1.844029 2.498502 -2.507276 -10.163591 4.678939 4.621104 -20.975994 -0.000003 0.000004 -21.226255 2.451694 -3.593992 -0.000001 -0.000006 0.000001 -1.362679 2.240797 -0.746323 -21.334892 0.584908 3.008322 -13.821197 -0.000002 0.000003 -23.887131 -0.249077 -0.839480 -60.005230 2.694759 -1.123327 -0.294025 1.679685 0.833255 -14.218189 0.093215 1.300580 -34.212002 -0.287563 0.967171 -20.033182 0.964536 1.212843 0.000000 0.000000 0.000000 -3.440384 0.788232 0.501655 -15.928167 -3.167306 2.999704 -6.338818 -0.000001 0.000002 -18.123415 3.648176 -4.905662 -0.000005 -0.000000 -0.000002 3.669048 17.342216 10.786790 63.171848 58.078907 20.178076 179.745575 63.649040 179.785645 -6.377580 -2.051289 -7.447897 2.243540 -5.255033 -3.180156 14.282877 -0.826595 6.952496 -0.000004 -12.690590 -0.000000 15.892385 -18.098038 2.930977 1.665665 -1.955918 -2.878298 4.727794 -4.170583 4.993918 11.020512 0.000005 -0.000000 12.109030 -3.735709 -2.866780 0.000001 0.000001 -0.000001 1.291985 -1.928548 -1.498091 14.800109 0.567470 3.865603 14.242553 -1.341735 -6.660651 19.631941 0.143925 -0.648243 49.995110 -0.865939 -5.676536 0.353030 -1.511149 -0.031939 20.222769 3.684306 2.316627 18.787245 0.000006 0.000000 10.751610 -0.479869 1.397906 -0.000001 -0.000000 -0.000001 3.273804 0.305946 -0.580110 21.486792 11.830364 2.266132 8.162916 0.000002 0.000000 18.399050 -3.798979 -4.940566 0.000003 0.000000 -0.000003 10.931792 44.840908 -25.308149 -0.213007 -0.198812 39.850094 -2.450450 1.552730 -8.239944 1.677204 -1.831883 0.143313 -0.000000 -0.000001 0.000002 -10.312500 -23.760757 -1.226249 0.234691 0.574768 26.712332 12.903361 7.384077 -16.129957 -1.432232 1.003245 -1.051216 -0.000000 0.000001 -0.000001 
5.764378 94.285004 6.249420 -5.158400 0.236877 -2.474738 4.099792 0.492413 2.140413 0.262741 0.153505 -4.357737 3.148640 -2.050066 14.528255 -6.348668 6.170410 11.947104 2.952369 13.988147 -3.207177 -6.233103 15.971788 -12.469415 0.000077 -0.000023 0.000006 -0.003704 0.100100 0.026876 0.709466 -3.624129 -10.736986 -0.723323 3.839924 -10.862160 -3.463391 -13.268653 10.296947 -38.967434 -17.323055 -40.660381 177.519516 -48.670124 -177.968277 13.398135 -14.755402 -20.927164 -5.882101 9.861279 0.702590 -10.936857 -0.360576 7.156196 0.000001 8.774816 -0.000001 -16.662825 17.538120 6.083620 -1.844031 2.498502 -2.507275 -10.163589 4.678941 4.621105 -20.975994 -0.000004 0.000003 -21.226246 2.451693 -3.593993 0.000000 -0.000006 0.000000 -1.362680 2.240797 -0.746323 -21.334892 0.584909 3.008320 -13.821195 -0.000002 0.000002 -23.887129 -0.249077 -0.839482 -60.197350 2.708891 -1.192629 -0.294023 1.679686 0.833255 -14.218192 0.093215 1.300580 -34.211998 -0.287563 0.967170 -20.033176 0.964535 1.212842 0.000000 0.000000 0.000000 -3.440385 0.788232 0.501655 -15.928165 -3.167307 2.999703 -6.338820 -0.000001 0.000002 -18.123411 3.648176 -4.905662 -0.000004 -0.000000 -0.000001 3.615786 17.527472 10.808973 63.823032 56.444336 20.909571 179.302216 63.482204 179.412918 -6.623744 -2.443549 -6.604050 2.243540 -5.255033 -3.180153 14.282875 -0.826594 6.952494 -0.000004 -12.690588 0.000000 15.821021 -18.051493 2.978365 1.665665 -1.955920 -2.878297 4.727794 -4.170583 4.993916 11.020512 0.000005 -0.000000 12.109033 -3.735709 -2.866778 -0.000000 0.000001 -0.000000 1.291987 -1.928549 -1.498090 14.800111 0.567468 3.865603 14.242553 -1.341734 -6.660649 19.631939 0.143927 -0.648244 49.942265 -0.872039 -5.637844 0.353028 -1.511148 -0.031940 20.222765 3.684307 2.316628 18.787245 0.000005 -0.000000 10.751610 -0.479867 1.397903 -0.000000 0.000000 0.000000 3.273804 0.305948 -0.580110 21.486790 11.830360 2.266129 8.162916 0.000001 -0.000002 18.399048 -3.798976 -4.940568 0.000003 0.000002 -0.000002 9.896572 45.201275 -27.182667 -0.195891 -0.155054 41.468555 -1.751462 2.011033 -9.114612 1.682998 -1.879380 -0.047934 -0.000000 0.000001 0.000002 -10.389183 -24.312141 -0.514054 0.233726 0.566425 26.612099 13.627331 6.064270 -16.862322 -1.437482 1.005907 -0.877101 -0.000000 0.000001 -0.000001 
6.241499 93.916161 7.005966 -5.409270 3.932850 -2.273149 4.215373 0.654350 1.906589 0.299664 0.330337 -4.425539 3.522712 -1.932211 14.332576 -5.983528 5.756029 11.124365 2.731359 13.407226 -3.289829 -6.635258 15.051583 -13.068319 0.000077 -0.000023 0.000006 0.002561 0.147864 0.037513 0.703469 -3.570453 -10.718003 -0.696838 3.853359 -10.833252 -4.134247 -12.261536 10.582361 -42.638897 -15.509419 -37.250584 177.911972 -48.523613 -178.245010 13.348428 -14.256691 -17.977203 -5.882101 9.861278 0.702588 -10.936860 -0.360574 7.156196 0.000001 8.774813 -0.000002 -16.825850 17.740269 6.029510 -1.844032 2.498505 -2.507276 -10.163589 4.678939 4.621102 -20.975992 -0.000002 -0.000000 -21.226250 2.451691 -3.593996 0.000000 -0.000005 -0.000000 -1.362680 2.240797 -0.746322 -21.334888 0.584909 3.008318 -13.821195 -0.000003 0.000001 -23.887133 -0.249079 -0.839484 -60.628609 2.748777 -1.309146 -0.294024 1.679687 0.833256 -14.218194 0.093217 1.300578 -34.212002 -0.287563 0.967166 -20.033176 0.964532 1.212840 0.000000 -0.000000 0.000001 -3.440385 0.788232 0.501655 -15.928164 -3.167307 2.999702 -6.338816 0.000000 0.000001 -18.123411 3.648174 -4.905663 -0.000003 0.000001 -0.000001 3.806459 17.664284 11.020787 64.121429 54.273163 21.174520 178.245636 63.059444 178.451065 -7.277740 -2.919506 -5.482129 2.243541 -5.255031 -3.180154 14.282873 -0.826592 6.952496 -0.000002 -12.690591 -0.000002 15.752321 -17.966274 3.013088 1.665666 -1.955920 -2.878296 4.727793 -4.170584 4.993918 11.020512 0.000002 -0.000002 12.109031 -3.735707 -2.866781 -0.000000 -0.000000 0.000000 1.291985 -1.928548 -1.498087 14.800114 0.567470 3.865604 14.242554 -1.341732 -6.660648 19.631941 0.143928 -0.648242 49.968601 -0.847067 -5.579931 0.353030 -1.511151 -0.031941 20.222769 3.684309 2.316628 18.787245 0.000006 0.000001 10.751611 -0.479868 1.397905 0.000000 0.000000 0.000000 3.273802 0.305946 -0.580111 21.486790 11.830360 2.266131 8.162917 0.000001 0.000000 18.399054 -3.798979 -4.940566 0.000003 -0.000001 -0.000002 8.422947 45.573719 -29.460514 -0.131867 -0.018996 43.300682 -0.924150 2.527788 -10.164743 1.689163 -1.877586 -0.264731 0.000000 0.000000 0.000002 -10.495524 -24.939802 0.812470 0.230696 0.546393 26.348362 14.497882 4.034623 -18.095608 -1.443021 0.971897 -0.718409 -0.000000 0.000001 -0.000001 
6.847057 93.425652 8.172936 -5.535351 9.195446 -2.179384 4.219369 0.707857 1.401492 0.322609 0.560382 -4.564722 3.856284 -1.754826 14.036206 -5.316324 5.181508 10.385268 2.462384 12.390860 -3.428469 -6.835974 13.696918 -13.487152 0.000077 -0.000020 0.000006 0.015916 0.148385 0.037241 0.697783 -3.554602 -10.693326 -0.662497 3.824581 -10.780340 -4.903097 -10.989485 10.851981 -46.788322 -13.187053 -31.955229 178.399521 -49.564976 -178.584991 12.863722 -13.268708 -14.162318 -5.882102 9.861273 0.702590 -10.936861 -0.360575 7.156199 -0.000002 8.774812 -0.000001 -17.059639 18.254045 5.928718 -1.844030 2.498502 -2.507276 -10.163589 4.678940 4.621106 -20.975998 -0.000001 0.000004 -21.226255 2.451694 -3.593992 -0.000000 -0.000005 -0.000001 -1.362681 2.240797 -0.746324 -21.334888 0.584910 3.008319 -13.821194 -0.000003 0.000002 -23.887131 -0.249075 -0.839480 -61.164368 2.856373 -1.487449 -0.294024 1.679685 0.833255 -14.218195 0.093216 1.300580 -34.212006 -0.287562 0.967170 -20.033180 0.964535 1.212840 0.000000 0.000002 0.000001 -3.440385 0.788232 0.501655 -15.928167 -3.167302 2.999703 -6.338817 -0.000002 0.000001 -18.123413 3.648176 -4.905661 -0.000003 -0.000000 -0.000001 4.104525 17.636988 11.367372 64.187561 51.402298 20.823860 176.809265 62.428719 177.250061 -8.122031 -3.261429 -4.170048 2.243540 -5.255030 -3.180157 14.282875 -0.826594 6.952495 -0.000004 -12.690585 0.000001 15.743219 -17.914965 3.018908 1.665664 -1.955919 -2.878296 4.727794 -4.170583 4.993920 11.020508 0.000003 -0.000002 12.109031 -3.735708 -2.866780 -0.000000 -0.000000 0.000002 1.291986 -1.928548 -1.498090 14.800109 0.567465 3.865602 14.242553 -1.341736 -6.660649 19.631935 0.143926 -0.648244 50.188755 -0.865966 -5.589930 0.353027 -1.511146 -0.031939 20.222767 3.684304 2.316627 18.787245 0.000003 -0.000000 10.751610 -0.479869 1.397903 0.000001 -0.000001 0.000001 3.273804 0.305948 -0.580110 21.486788 11.830359 2.266127 8.162916 0.000001 -0.000002 18.399052 -3.798978 -4.940569 0.000003 -0.000001 -0.000003 6.567208 45.491463 -31.741558 -0.074961 0.181867 45.187546 -0.217555 2.756779 -11.841671 1.705367 -1.846967 -0.492704 0.000000 0.000002 0.000002 -10.678478 -25.459028 3.113933 0.210399 0.512960 25.596710 15.707376 0.795906 -19.924761 -1.449097 0.890883 -0.568246 -0.000000 -0.000000 -0.000001 
7.638324 92.864449 9.715362 -5.213609 15.981156 -2.168061 3.883677 0.759231 0.690951 0.307486 0.779688 -4.868366 3.949748 -1.435408 13.675372 -4.260579 4.607868 9.776107 2.020678 10.947395 -3.588784 -6.672809 11.580455 -13.519756 0.000077 -0.000026 0.000006 0.029093 0.158183 0.024276 0.695269 -3.527046 -10.675445 -0.637595 3.839603 -10.741935 -5.639361 -9.497778 11.280528 -50.871521 -10.834569 -25.471020 179.475906 -52.173904 -179.422592 12.166467 -11.819506 -10.174614 -5.882101 9.861276 0.702590 -10.936861 -0.360575 7.156199 0.000002 8.774812 -0.000001 -17.305780 18.709665 5.742690 -1.844032 2.498502 -2.507277 -10.163590 4.678939 4.621104 -20.975996 -0.000004 0.000005 -21.226255 2.451693 -3.593991 0.000002 -0.000007 -0.000001 -1.362681 2.240797 -0.746322 -21.334890 0.584907 3.008322 -13.821197 -0.000005 0.000003 -23.887133 -0.249080 -0.839479 -61.495617 2.994913 -1.714092 -0.294025 1.679682 0.833257 -14.218194 0.093212 1.300579 -34.212006 -0.287562 0.967175 -20.033176 0.964537 1.212841 0.000000 0.000000 0.000001 -3.440385 0.788234 0.501656 -15.928169 -3.167305 2.999703 -6.338817 -0.000000 -0.000001 -18.123415 3.648175 -4.905659 -0.000003 0.000002 -0.000001 4.439663 17.279568 11.846093 63.831982 47.459633 19.541250 175.491882 61.546169 176.221085 -9.043122 -3.414163 -3.019136 2.243539 -5.255033 -3.180156 14.282878 -0.826594 6.952497 -0.000002 -12.690590 -0.000001 15.724024 -17.804485 2.936790 1.665664 -1.955919 -2.878294 4.727793 -4.170582 4.993919 11.020511 0.000002 -0.000001 12.109031 -3.735711 -2.866780 -0.000000 0.000000 -0.000000 1.291985 -1.928549 -1.498087 14.800111 0.567467 3.865603 14.242553 -1.341734 -6.660647 19.631939 0.143926 -0.648240 50.368046 -0.850274 -5.693403 0.353028 -1.511149 -0.031938 20.222767 3.684306 2.316630 18.787247 0.000002 0.000000 10.751611 -0.479869 1.397904 0.000001 0.000001 0.000000 3.273803 0.305946 -0.580108 21.486792 11.830361 2.266133 8.162916 0.000000 0.000001 18.399055 -3.798980 -4.940566 0.000003 -0.000001 -0.000002 4.404214 43.708832 -33.626591 -0.022395 0.385812 47.210617 0.710472 2.342115 -13.561624 1.714375 -1.701088 -0.610576 0.000000 0.000000 0.000002 -10.983014 -25.658056 6.519210 0.165564 0.619432 23.977257 17.132416 -4.159257 -22.288235 -1.455375 0.859983 -0.701774 0.000000 0.000000 -0.000001 
8.824693 92.364624 11.437136 -4.292025 24.125469 -2.136337 3.241759 0.660228 -0.237422 0.326230 1.219753 -5.095257 3.517512 -0.856176 13.217190 -3.047602 4.119687 9.258888 1.360301 8.234293 -3.628618 -6.151921 9.181016 -13.440723 0.000077 -0.000022 0.000006 0.036014 0.018427 0.030633 0.703626 -3.674742 -10.654531 -0.635832 3.715453 -10.683109 -6.637098 -7.704487 11.991695 -54.039524 -8.386518 -18.241301 -179.776932 -55.731823 -179.918213 11.381996 -9.862952 -6.804875 -5.882103 9.861280 0.702587 -10.936859 -0.360574 7.156194 0.000001 8.774816 -0.000001 -17.559072 18.741957 5.592630 -1.844031 2.498502 -2.507274 -10.163590 4.678940 4.621102 -20.975996 -0.000004 -0.000001 -21.226254 2.451694 -3.593997 0.000001 -0.000005 -0.000000 -1.362679 2.240797 -0.746323 -21.334896 0.584909 3.008320 -13.821197 -0.000002 -0.000000 -23.887131 -0.249078 -0.839482 -61.467396 2.884003 -1.577890 -0.294025 1.679686 0.833255 -14.218194 0.093214 1.300578 -34.212006 -0.287561 0.967168 -20.033180 0.964536 1.212840 0.000002 0.000001 -0.000000 -3.440386 0.788232 0.501654 -15.928169 -3.167306 2.999704 -6.338817 -0.000001 0.000001 -18.123415 3.648177 -4.905663 -0.000005 -0.000000 -0.000002 4.559630 16.543842 12.311173 62.796680 42.010456 16.710064 174.476151 60.718979 175.327911 -9.829971 -2.979331 -1.903234 2.243539 -5.255029 -3.180156 14.282877 -0.826594 6.952496 -0.000004 -12.690590 0.000001 15.758521 -17.990440 2.816161 1.665665 -1.955920 -2.878297 4.727793 -4.170581 4.993917 11.020511 0.000003 -0.000002 12.109033 -3.735710 -2.866779 -0.000000 0.000000 -0.000002 1.291985 -1.928548 -1.498087 14.800114 0.567468 3.865605 14.242553 -1.341734 -6.660648 19.631939 0.143927 -0.648242 50.423294 -1.059355 -5.869203 0.353029 -1.511150 -0.031940 20.222771 3.684308 2.316628 18.787247 0.000005 0.000002 10.751610 -0.479867 1.397906 -0.000002 0.000002 0.000001 3.273805 0.305945 -0.580110 21.486790 11.830365 2.266132 8.162916 0.000001 -0.000001 18.399055 -3.798978 -4.940566 0.000003 0.000002 -0.000001 2.081694 38.775898 -34.369488 -0.030430 0.284366 48.663452 1.795607 1.207867 -15.217039 1.690060 -1.655849 -0.658715 0.000000 -0.000000 0.000002 -11.472578 -24.912464 8.922751 0.126166 0.748440 25.503639 19.294704 -10.471303 -23.834316 -1.458093 0.946716 -1.746558 0.000000 0.000000 -0.000001 
10.318969 91.770760 13.167299 -3.146296 33.118923 -2.242905 2.445985 0.616031 -0.938430 0.207003 1.725063 -5.358210 2.831903 -0.540617 12.930026 -1.728989 3.741258 9.149517 0.556881 5.481974 -3.601444 -5.744421 5.988994 -14.020283 0.000077 -0.000020 0.000006 0.033673 -0.000336 0.049252 0.687702 -3.664477 -10.583310 -0.621753 3.682793 -10.605793 -7.537297 -5.719930 13.004422 -56.024837 -6.267277 -13.130594 -179.180649 -59.355503 179.551743 10.697821 -8.752892 -4.465460 -5.882101 9.861279 0.702587 -10.936858 -0.360576 7.156198 -0.000001 8.774814 -0.000001 -17.254391 18.825647 5.647202 -1.844030 2.498503 -2.507277 -10.163590 4.678939 4.621105 -20.975994 -0.000004 0.000001 -21.226250 2.451693 -3.593994 0.000000 -0.000006 -0.000002 -1.362681 2.240797 -0.746323 -21.334887 0.584907 3.008320 -13.821197 -0.000003 -0.000000 -23.887129 -0.249078 -0.839482 -60.982029 2.973306 -1.484015 -0.294025 1.679686 0.833255 -14.218192 0.093214 1.300580 -34.211998 -0.287563 0.967169 -20.033176 0.964536 1.212842 0.000001 0.000000 0.000000 -3.440385 0.788231 0.501656 -15.928165 -3.167307 2.999703 -6.338817 -0.000001 0.000001 -18.123411 3.648175 -4.905659 -0.000004 0.000001 -0.000002 4.749797 15.385724 13.039468 61.527016 35.530121 12.910243 174.400467 60.153198 175.313263 -10.214083 -2.877376 -2.052745 2.243540 -5.255034 -3.180155 14.282877 -0.826594 6.952496 -0.000001 -12.690592 0.000000 15.433469 -18.147327 2.870391 1.665664 -1.955921 -2.878297 4.727794 -4.170585 4.993920 11.020513 0.000002 -0.000002 12.109032 -3.735711 -2.866780 -0.000000 0.000001 -0.000001 1.291985 -1.928548 -1.498089 14.800113 0.567466 3.865603 14.242551 -1.341735 -6.660651 19.631939 0.143924 -0.648244 50.276020 -1.105497 -5.923053 0.353029 -1.511149 -0.031940 20.222769 3.684302 2.316628 18.787245 0.000004 -0.000002 10.751610 -0.479867 1.397903 -0.000001 -0.000000 -0.000002 3.273805 0.305945 -0.580110 21.486790 11.830360 2.266132 8.162914 0.000000 0.000000 18.399054 -3.798980 -4.940568 0.000003 0.000001 0.000000 0.231447 31.470125 -34.081604 0.007776 0.038907 50.129543 3.082857 -1.257562 -16.925484 1.679598 -1.603006 -0.170176 0.000000 0.000000 0.000002 -11.846556 -23.413334 8.406726 0.212149 0.899906 33.664864 19.342623 -16.530975 -22.345247 -1.496980 1.096612 -5.305635 -0.000000 0.000000 -0.000001 
11.991762 91.394493 14.788660 -2.886529 42.588493 -3.251151 1.932071 0.589258 -1.141459 0.122022 2.019736 -5.491625 2.260170 -0.423367 12.715521 -0.538566 3.261986 9.783003 -0.236069 2.813373 -3.584791 -5.524194 2.560283 -15.100992 0.000077 -0.000023 0.000006 0.028810 -0.038257 0.079265 0.679871 -3.705972 -10.538506 -0.624857 3.642783 -10.553272 -7.982862 -3.769817 14.165793 -56.718945 -4.575593 -10.665475 -178.969406 -62.295681 179.411133 10.706736 -7.836154 -3.373544 -5.882101 9.861276 0.702590 -10.936860 -0.360576 7.156197 0.000002 8.774814 -0.000001 -16.651121 18.942011 5.894395 -1.844033 2.498501 -2.507275 -10.163589 4.678938 4.621104 -20.976000 -0.000006 0.000003 -21.226255 2.451691 -3.593992 0.000001 -0.000006 0.000001 -1.362679 2.240796 -0.746322 -21.334892 0.584907 3.008318 -13.821198 -0.000004 0.000002 -23.887136 -0.249080 -0.839478 -61.073498 3.046731 -1.543036 -0.294026 1.679685 0.833254 -14.218197 0.093213 1.300578 -34.212013 -0.287567 0.967170 -20.033180 0.964533 1.212842 0.000001 -0.000000 -0.000002 -3.440388 0.788232 0.501655 -15.928171 -3.167306 2.999703 -6.338817 -0.000001 0.000001 -18.123415 3.648174 -4.905663 -0.000004 0.000000 -0.000003 4.675966 14.003266 14.052414 60.539387 28.379175 7.873055 174.511627 60.438442 175.361664 -10.050690 -2.767873 -2.792597 2.243538 -5.255033 -3.180156 14.282875 -0.826595 6.952496 -0.000002 -12.690591 -0.000001 15.013235 -18.126320 2.978427 1.665665 -1.955920 -2.878298 4.727793 -4.170585 4.993917 11.020510 0.000003 -0.000002 12.109032 -3.735710 -2.866780 0.000000 -0.000000 -0.000001 1.291984 -1.928548 -1.498088 14.800111 0.567468 3.865601 14.242553 -1.341736 -6.660650 19.631929 0.143926 -0.648244 49.977234 -1.303020 -5.895346 0.353029 -1.511148 -0.031939 20.222765 3.684307 2.316627 18.787245 0.000005 -0.000001 10.751610 -0.479865 1.397906 0.000001 -0.000001 -0.000000 3.273804 0.305946 -0.580112 21.486790 11.830366 2.266131 8.162917 0.000000 0.000000 18.399055 -3.798979 -4.940570 0.000002 0.000001 -0.000000 -0.454672 24.391785 -32.708271 -0.024717 -0.113776 51.118465 4.757977 -5.015401 -18.418573 1.644635 -1.653848 0.524681 -0.000000 0.000000 0.000002 -11.682509 -21.824238 4.698090 0.433792 0.946465 47.500481 14.509041 -20.320986 -11.535723 -1.641105 1.184865 -7.676171 -0.000000 0.000000 -0.000001 
13.453202 91.308052 16.453352 -4.394839 52.611149 -5.777730 1.687651 0.366653 -0.988465 0.106025 1.956407 -5.455157 1.919465 -0.479819 12.536737 0.905255 2.384004 11.087762 -1.002612 0.198007 -3.625118 -5.340966 -0.691403 -16.542902 0.000077 -0.000023 0.000006 0.011460 -0.079204 0.084082 0.664010 -3.740419 -10.512436 -0.641117 3.594027 -10.548117 -7.691162 -2.529184 14.884337 -55.861835 -3.334257 -10.147694 -179.052811 -64.646461 179.458008 11.233951 -6.846473 -3.002877 -5.882101 9.861279 0.702590 -10.936858 -0.360576 7.156197 0.000001 8.774814 -0.000001 -16.283392 18.954718 6.287075 -1.844031 2.498502 -2.507275 -10.163589 4.678940 4.621103 -20.975994 -0.000004 0.000004 -21.226248 2.451693 -3.593992 0.000000 -0.000005 -0.000001 -1.362680 2.240797 -0.746323 -21.334892 0.584908 3.008321 -13.821195 -0.000003 0.000004 -23.887129 -0.249076 -0.839480 -61.271732 3.150459 -1.640425 -0.294023 1.679685 0.833255 -14.218190 0.093214 1.300580 -34.212002 -0.287562 0.967170 -20.033178 0.964537 1.212843 -0.000000 0.000001 -0.000000 -3.440385 0.788233 0.501655 -15.928167 -3.167308 2.999705 -6.338815 -0.000002 0.000002 -18.123411 3.648176 -4.905660 -0.000004 -0.000000 -0.000002 4.859546 12.166985 14.796264 59.967167 21.297770 2.345569 174.751495 61.737320 175.480911 -9.549185 -2.416713 -4.272088 2.243539 -5.255033 -3.180154 14.282875 -0.826593 6.952495 -0.000003 -12.690590 -0.000001 14.533574 -18.110722 3.153480 1.665665 -1.955920 -2.878297 4.727792 -4.170582 4.993916 11.020511 0.000004 -0.000002 12.109032 -3.735708 -2.866779 -0.000001 0.000001 -0.000001 1.291984 -1.928548 -1.498088 14.800111 0.567467 3.865602 14.242551 -1.341734 -6.660649 19.631935 0.143927 -0.648245 49.586674 -1.475941 -5.928122 0.353029 -1.511150 -0.031940 20.222767 3.684306 2.316629 18.787245 0.000005 0.000001 10.751609 -0.479867 1.397903 0.000001 0.000001 0.000001 3.273804 0.305946 -0.580110 21.486790 11.830365 2.266129 8.162916 0.000002 0.000000 18.399050 -3.798981 -4.940568 0.000003 -0.000000 -0.000001 0.172895 17.791458 -31.001503 -0.022228 -0.048386 51.647686 6.317832 -9.625342 -19.506739 1.605705 -1.736114 0.937719 0.000000 0.000000 0.000002 -10.797016 -19.782999 -0.528155 0.591093 0.719635 61.011848 9.922665 -19.055096 0.696759 -1.763808 1.263119 -3.650521 -0.000000 -0.000000 -0.000001 
14.514621 91.406563 18.177628 -8.551480 63.319950 -10.717705 1.299874 0.023220 -0.493984 0.087164 1.383523 -5.127852 1.790374 -0.909890 12.353209 2.910237 1.080606 12.126727 -1.809121 -2.345820 -3.612758 -5.157658 -3.770734 -18.106968 0.000076 -0.000024 0.000006 -0.010813 -0.146366 0.089790 0.639200 -3.808063 -10.483753 -0.657264 3.528358 -10.531071 -6.835697 -2.570201 15.140534 -53.516647 -3.005435 -10.778663 -178.733246 -66.421417 178.768066 11.645748 -6.182411 -2.898823 -5.882100 9.861279 0.702590 -10.936858 -0.360574 7.156197 -0.000000 8.774812 -0.000003 -16.525036 19.111391 6.415521 -1.844031 2.498503 -2.507276 -10.163591 4.678940 4.621106 -20.975996 -0.000004 0.000005 -21.226254 2.451693 -3.593991 -0.000000 -0.000006 -0.000000 -1.362679 2.240795 -0.746324 -21.334887 0.584908 3.008322 -13.821194 -0.000002 0.000002 -23.887131 -0.249078 -0.839480 -60.986805 3.330588 -1.678668 -0.294022 1.679685 0.833255 -14.218192 0.093216 1.300578 -34.212006 -0.287564 0.967172 -20.033180 0.964535 1.212843 -0.000000 0.000000 0.000001 -3.440384 0.788233 0.501655 -15.928169 -3.167307 2.999704 -6.338817 -0.000000 0.000001 -18.123415 3.648175 -4.905662 -0.000004 -0.000000 -0.000002 5.771348 9.967336 15.073064 59.532082 15.168287 -3.268207 174.839508 64.130608 175.439163 -9.255800 -1.078838 -6.488316 2.243539 -5.255033 -3.180155 14.282877 -0.826593 6.952496 -0.000003 -12.690593 -0.000001 14.254630 -18.181490 3.343169 1.665664 -1.955920 -2.878296 4.727793 -4.170585 4.993918 11.020511 0.000003 -0.000002 12.109032 -3.735709 -2.866781 0.000000 0.000000 0.000000 1.291985 -1.928548 -1.498088 14.800114 0.567468 3.865603 14.242554 -1.341735 -6.660650 19.631939 0.143927 -0.648245 49.433044 -1.604790 -5.942834 0.353029 -1.511150 -0.031941 20.222771 3.684307 2.316626 18.787245 0.000006 0.000000 10.751611 -0.479867 1.397903 0.000003 0.000000 0.000000 3.273804 0.305947 -0.580111 21.486792 11.830369 2.266132 8.162917 0.000003 -0.000001 18.399050 -3.798977 -4.940569 0.000003 0.000000 -0.000001 1.459250 10.807826 -29.776522 -0.032048 0.041038 51.879421 7.592044 -14.358074 -20.056543 1.574215 -1.769160 1.213652 0.000000 0.000001 0.000002 -10.528364 -16.822309 -6.850738 0.754409 0.377999 71.906578 11.358468 -13.464278 6.047841 -1.960497 1.356613 -1.917412 -0.000001 -0.000000 -0.000003 
15.067511 91.800568 19.880798 -19.117596 73.075935 -21.797010 0.923872 -0.249352 0.290009 0.158472 0.505420 -4.561714 1.953581 -1.520842 12.193546 5.280497 -0.536219 12.330072 -2.514098 -4.510979 -3.488078 -4.929088 -6.341091 -19.188572 0.000076 -0.000023 0.000005 -0.022494 -0.169412 0.095792 0.632914 -3.837833 -10.494769 -0.669313 3.500369 -10.543767 -5.507765 -3.489268 15.147726 -50.333138 -3.832926 -11.331725 -177.583206 -67.557014 177.088226 11.805866 -5.998206 -3.762687 -5.882101 9.861278 0.702590 -10.936858 -0.360575 7.156196 -0.000000 8.774813 -0.000001 -16.951218 19.164021 6.087744 -1.844030 2.498504 -2.507275 -10.163588 4.678938 4.621102 -20.975996 -0.000005 0.000002 -21.226248 2.451691 -3.593994 0.000000 -0.000007 0.000000 -1.362680 2.240797 -0.746323 -21.334888 0.584908 3.008319 -13.821197 -0.000004 0.000004 -23.887125 -0.249078 -0.839482 -60.516872 3.486048 -1.614624 -0.294023 1.679687 0.833255 -14.218192 0.093216 1.300579 -34.211998 -0.287565 0.967170 -20.033178 0.964534 1.212842 0.000001 0.000001 0.000000 -3.440384 0.788235 0.501654 -15.928167 -3.167308 2.999704 -6.338815 -0.000002 -0.000000 -18.123411 3.648175 -4.905662 -0.000004 -0.000001 -0.000000 7.075471 8.088548 14.906853 58.888283 10.426204 -8.516708 174.554153 67.567093 174.801270 -9.430376 1.188032 -8.879857 2.243539 -5.255033 -3.180155 14.282875 -0.826594 6.952497 -0.000003 -12.690590 0.000000 14.561754 -18.143150 3.273646 1.665664 -1.955921 -2.878297 4.727793 -4.170584 4.993918 11.020510 0.000004 -0.000002 12.109031 -3.735708 -2.866779 -0.000001 0.000000 0.000001 1.291984 -1.928548 -1.498088 14.800111 0.567470 3.865602 14.242551 -1.341733 -6.660649 19.631937 0.143927 -0.648242 49.768887 -1.786723 -5.949443 0.353029 -1.511149 -0.031940 20.222765 3.684307 2.316627 18.787245 0.000006 0.000001 10.751607 -0.479867 1.397902 -0.000000 -0.000001 0.000001 3.273804 0.305946 -0.580110 21.486790 11.830363 2.266131 8.162916 0.000003 -0.000000 18.399048 -3.798979 -4.940566 0.000005 0.000001 -0.000000 3.312137 4.113693 -29.162243 -0.116892 -0.037263 51.464497 8.555185 -18.664850 -19.897243 1.576660 -1.694121 1.234527 0.000000 0.000000 0.000002 -12.324384 -12.591305 -14.223963 0.881644 0.140397 79.376831 13.787828 -8.156607 12.359845 -2.076509 1.363691 -1.020698 0.000001 0.000000 -0.000002 
15.288880 92.608574 21.318094 -48.166538 79.041771 -51.390076 1.164365 -0.431163 1.326455 0.429181 -0.270375 -3.802599 2.667673 -2.113410 12.140643 8.084758 -2.213607 11.854766 -3.222886 -6.404668 -3.427123 -4.720237 -8.309621 -19.257046 0.000077 -0.000021 0.000006 -0.017092 -0.187839 0.097669 0.643422 -3.844442 -10.557399 -0.675133 3.485382 -10.576156 -3.730631 -4.606517 14.738384 -46.785431 -5.720404 -10.132895 -177.559525 -68.005203 176.628830 11.956100 -6.445598 -5.548862 -5.882100 9.861276 0.702590 -10.936858 -0.360573 7.156199 0.000002 8.774814 -0.000001 -17.065279 19.210093 5.793445 -1.844031 2.498503 -2.507275 -10.163589 4.678940 4.621106 -20.975992 -0.000004 0.000005 -21.226250 2.451692 -3.593990 0.000000 -0.000007 0.000000 -1.362680 2.240798 -0.746323 -21.334890 0.584907 3.008323 -13.821197 -0.000002 0.000002 -23.887133 -0.249077 -0.839478 -60.487865 3.575718 -1.610823 -0.294024 1.679687 0.833255 -14.218192 0.093214 1.300581 -34.212006 -0.287563 0.967174 -20.033176 0.964535 1.212842 0.000001 0.000001 0.000000 -3.440384 0.788232 0.501656 -15.928167 -3.167307 2.999705 -6.338817 -0.000001 0.000002 -18.123413 3.648176 -4.905659 -0.000005 -0.000000 -0.000001 8.096776 7.261937 14.518099 57.789284 7.029326 -13.358430 173.214050 71.556633 173.038223 -9.962987 4.501998 -11.353771 2.243540 -5.255031 -3.180154 14.282877 -0.826593 6.952495 -0.000003 -12.690590 0.000001 15.058801 -18.224272 3.075597 1.665665 -1.955921 -2.878296 4.727794 -4.170583 4.993918 11.020513 0.000003 -0.000001 12.109033 -3.735709 -2.866778 -0.000000 0.000000 -0.000002 1.291984 -1.928546 -1.498087 14.800114 0.567468 3.865603 14.242553 -1.341733 -6.660648 19.631937 0.143926 -0.648243 50.061390 -2.082070 -6.086240 0.353029 -1.511149 -0.031941 20.222773 3.684308 2.316628 18.787247 0.000005 -0.000000 10.751611 -0.479867 1.397903 -0.000001 -0.000001 0.000000 3.273804 0.305947 -0.580110 21.486794 11.830362 2.266130 8.162918 0.000003 -0.000000 18.399055 -3.798979 -4.940567 0.000004 0.000000 -0.000002 6.365058 -1.762828 -28.568203 -0.159806 -0.144222 50.231026 8.778215 -21.913477 -19.212234 1.588830 -1.606591 1.199572 -0.000000 0.000002 0.000002 -17.390413 -8.128282 -21.178995 1.170315 0.498254 81.569336 16.153795 -4.257130 23.575409 -2.175224 1.347744 -0.126701 0.000000 -0.000001 -0.000002 
15.457165 93.653061 22.499311 -84.057144 78.050537 -87.987427 2.198912 -0.583931 2.343606 0.901390 -0.770722 -3.086083 3.955800 -2.675991 12.185900 10.898513 -3.512187 11.019508 -3.794364 -7.857907 -3.406495 -4.626619 -9.691885 -18.505209 0.000076 -0.000023 0.000006 0.002540 -0.186483 0.147069 0.682583 -3.828764 -10.536133 -0.669049 3.468080 -10.498179 -2.123093 -5.620592 14.127192 -43.415672 -8.515891 -7.759056 -178.541733 -67.385109 177.768875 12.097609 -7.726867 -7.695842 -5.882100 9.861278 0.702588 -10.936857 -0.360575 7.156195 -0.000001 8.774813 -0.000002 -16.999277 19.270838 5.693418 -1.844031 2.498503 -2.507276 -10.163588 4.678939 4.621100 -20.975998 -0.000005 0.000001 -21.226250 2.451690 -3.593995 -0.000000 -0.000006 0.000000 -1.362680 2.240795 -0.746322 -21.334887 0.584907 3.008320 -13.821193 -0.000004 0.000002 -23.887131 -0.249080 -0.839482 -60.714832 3.491943 -1.502980 -0.294024 1.679685 0.833255 -14.218192 0.093214 1.300579 -34.212006 -0.287565 0.967167 -20.033178 0.964535 1.212840 0.000001 0.000001 -0.000000 -3.440385 0.788231 0.501655 -15.928167 -3.167307 2.999701 -6.338816 0.000000 0.000000 -18.123413 3.648177 -4.905663 -0.000004 0.000001 -0.000003 8.214956 7.554734 13.909417 56.275089 4.930365 -17.278667 170.567078 74.761139 170.142761 -10.711066 8.351524 -13.426517 2.243540 -5.255033 -3.180156 14.282877 -0.826593 6.952496 -0.000003 -12.690590 0.000000 15.733032 -18.538307 2.722475 1.665665 -1.955918 -2.878296 4.727794 -4.170582 4.993919 11.020513 0.000004 -0.000000 12.109034 -3.735707 -2.866781 -0.000000 0.000000 -0.000001 1.291984 -1.928546 -1.498087 14.800113 0.567469 3.865603 14.242553 -1.341733 -6.660646 19.631941 0.143928 -0.648244 50.245476 -2.154016 -6.331126 0.353029 -1.511149 -0.031939 20.222771 3.684307 2.316629 18.787247 0.000005 -0.000000 10.751613 -0.479868 1.397904 -0.000002 -0.000001 0.000001 3.273804 0.305947 -0.580111 21.486795 11.830361 2.266130 8.162917 0.000004 0.000000 18.399054 -3.798979 -4.940567 0.000004 0.000000 -0.000001 10.751170 -6.894210 -27.798801 -0.074320 -0.144263 48.674213 7.938749 -23.659731 -18.312241 1.570158 -1.557599 1.159791 0.000000 0.000002 0.000002 -24.776165 -4.592631 -25.876875 2.524712 1.855911 77.363113 18.781628 -2.407949 36.998898 -2.388324 1.366538 0.850990 -0.000001 -0.000000 -0.000001 
15.772518 94.580154 23.504749 -99.365562 73.453659 -103.956764 3.526689 -0.726451 2.855345 1.562366 -0.990796 -2.442487 5.646356 -3.640074 12.404601 13.488173 -4.443840 10.143970 -3.959647 -8.811649 -3.338028 -4.637557 -10.573705 -17.501913 0.000077 -0.000022 0.000006 0.017539 -0.212594 0.257916 0.720431 -3.834357 -10.382655 -0.689106 3.414388 -10.277172 -1.492921 -6.354366 13.579566 -39.653423 -11.711247 -6.001156 -179.355865 -65.352692 179.046722 12.635971 -9.853406 -8.782339 -5.882102 9.861278 0.702587 -10.936857 -0.360575 7.156196 -0.000000 8.774813 -0.000002 -17.037430 19.239780 5.495543 -1.844029 2.498503 -2.507277 -10.163589 4.678941 4.621104 -20.975996 -0.000003 0.000001 -21.226250 2.451693 -3.593997 -0.000000 -0.000006 -0.000000 -1.362680 2.240795 -0.746322 -21.334892 0.584910 3.008319 -13.821194 -0.000002 -0.000000 -23.887129 -0.249078 -0.839483 -60.655525 3.217009 -1.439316 -0.294025 1.679688 0.833253 -14.218192 0.093217 1.300580 -34.211998 -0.287558 0.967167 -20.033176 0.964537 1.212840 -0.000001 -0.000000 -0.000000 -3.440386 0.788233 0.501658 -15.928167 -3.167306 2.999704 -6.338816 -0.000001 -0.000001 -18.123411 3.648176 -4.905662 -0.000004 0.000001 -0.000003 8.097131 8.371433 13.202975 53.936169 3.756952 -19.988047 167.586685 76.420860 167.243164 -11.535310 11.532038 -14.959389 2.243540 -5.255033 -3.180154 14.282875 -0.826594 6.952495 -0.000002 -12.690590 0.000000 16.214424 -18.443928 2.300851 1.665664 -1.955919 -2.878295 4.727793 -4.170583 4.993918 11.020511 0.000002 -0.000002 12.109029 -3.735710 -2.866781 -0.000001 0.000000 0.000000 1.291984 -1.928547 -1.498088 14.800111 0.567467 3.865604 14.242551 -1.341736 -6.660650 19.631935 0.143925 -0.648245 49.729755 -1.675953 -6.463976 0.353029 -1.511149 -0.031941 20.222767 3.684304 2.316628 18.787243 0.000004 -0.000001 10.751610 -0.479868 1.397903 -0.000003 -0.000001 0.000002 3.273804 0.305948 -0.580110 21.486788 11.830360 2.266130 8.162915 0.000002 0.000000 18.399052 -3.798980 -4.940566 0.000006 0.000001 -0.000000 16.024008 -11.570700 -27.340977 0.015773 -0.237137 47.653126 6.701219 -23.726189 -17.908802 1.542395 -1.539642 1.177113 0.000000 0.000002 0.000002 -33.113590 -1.861372 -28.608976 4.099641 3.440885 69.500931 18.380623 -4.366991 47.156979 -2.651971 1.402043 1.486739 -0.000000 0.000001 -0.000001 
16.281315 95.509109 24.642912 -104.299202 67.985176 -109.398148 4.851833 -0.845203 2.769516 2.315268 -1.308730 -1.908030 7.427212 -4.946224 12.967076 15.962409 -5.483951 9.318334 -3.712156 -9.146997 -3.357095 -4.481516 -10.871942 -16.138521 0.000077 -0.000022 0.000006 0.043005 -0.280035 0.328678 0.742028 -3.887469 -10.202649 -0.661530 3.358653 -10.054327 -1.960919 -7.231794 13.061682 -35.056854 -15.204839 -6.100462 -179.244858 -61.976135 178.937271 14.127507 -11.903306 -8.417500 -5.882100 9.861280 0.702588 -10.936856 -0.360576 7.156197 -0.000002 8.774814 0.000001 -16.585886 19.172281 5.586010 -1.844030 2.498502 -2.507275 -10.163589 4.678939 4.621103 -20.975992 -0.000005 0.000003 -21.226246 2.451693 -3.593993 -0.000000 -0.000006 -0.000001 -1.362682 2.240797 -0.746324 -21.334887 0.584906 3.008320 -13.821197 -0.000004 0.000003 -23.887125 -0.249078 -0.839482 -60.677826 3.055734 -1.489786 -0.294024 1.679686 0.833255 -14.218190 0.093214 1.300579 -34.211998 -0.287565 0.967174 -20.033173 0.964533 1.212843 0.000000 0.000001 0.000001 -3.440385 0.788233 0.501656 -15.928165 -3.167306 2.999703 -6.338817 -0.000001 0.000001 -18.123411 3.648175 -4.905663 -0.000004 0.000001 -0.000002 8.736390 9.000538 12.659626 50.685986 3.153962 -21.617134 167.246826 76.914192 167.530853 -11.348930 12.945034 -16.131641 2.243540 -5.255033 -3.180155 14.282877 -0.826593 6.952494 -0.000003 -12.690590 0.000000 16.171637 -17.927099 2.124165 1.665665 -1.955920 -2.878297 4.727794 -4.170582 4.993919 11.020511 0.000003 -0.000002 12.109031 -3.735710 -2.866781 -0.000000 -0.000000 0.000001 1.291984 -1.928548 -1.498089 14.800111 0.567468 3.865601 14.242553 -1.341734 -6.660649 19.631939 0.143928 -0.648245 48.689651 -1.311398 -6.204675 0.353029 -1.511150 -0.031939 20.222769 3.684306 2.316626 18.787245 0.000006 -0.000001 10.751611 -0.479867 1.397902 0.000000 -0.000001 -0.000000 3.273804 0.305947 -0.580111 21.486790 11.830362 2.266129 8.162916 0.000002 -0.000001 18.399054 -3.798978 -4.940568 0.000005 0.000002 -0.000002 22.244946 -15.080102 -27.090710 0.001457 -0.427703 46.624725 5.600780 -23.747629 -17.929731 1.566559 -1.491027 1.233217 -0.000000 0.000002 0.000002 -42.056557 -0.070547 -29.363176 4.191508 5.200242 60.381969 10.562063 -9.223050 50.648201 -2.797422 1.216796 2.014317 -0.000000 -0.000001 -0.000001 
16.875912 96.340591 26.004848 -106.741142 62.713455 -112.394722 5.567387 -1.223025 2.679001 2.920758 -1.894504 -1.517245 8.914335 -6.104675 13.634007 18.295002 -6.692080 8.613368 -3.218391 -9.165418 -3.476807 -3.711966 -10.881609 -14.443268 0.000077 -0.000023 0.000006 0.065117 -0.207986 0.311650 0.687813 -3.862705 -10.209973 -0.562609 3.482450 -10.063049 -2.496833 -8.426503 12.725705 -30.613371 -18.685570 -7.280215 179.731842 -58.202305 179.201202 15.287050 -13.426456 -6.413784 -5.882101 9.861279 0.702590 -10.936858 -0.360577 7.156196 -0.000001 8.774813 -0.000002 -15.576770 18.931503 6.025012 -1.844031 2.498504 -2.507276 -10.163590 4.678939 4.621103 -20.975994 -0.000004 0.000002 -21.226254 2.451690 -3.593995 0.000001 -0.000006 -0.000002 -1.362682 2.240795 -0.746323 -21.334890 0.584907 3.008319 -13.821197 -0.000004 0.000001 -23.887131 -0.249081 -0.839484 -60.558975 3.262055 -1.735330 -0.294025 1.679685 0.833255 -14.218194 0.093212 1.300579 -34.211998 -0.287567 0.967170 -20.033180 0.964534 1.212843 0.000000 0.000000 0.000001 -3.440387 0.788233 0.501655 -15.928167 -3.167306 2.999703 -6.338817 -0.000001 0.000000 -18.123415 3.648174 -4.905662 -0.000004 -0.000000 -0.000001 10.760242 8.983456 12.665490 46.937332 2.786682 -22.521984 171.887161 77.087517 172.932068 -10.302528 13.166091 -16.705620 2.243540 -5.255032 -3.180155 14.282877 -0.826594 6.952496 -0.000001 -12.690588 -0.000002 15.735328 -17.087248 2.240386 1.665665 -1.955920 -2.878295 4.727794 -4.170584 4.993918 11.020510 0.000002 0.000000 12.109030 -3.735709 -2.866780 -0.000001 -0.000000 -0.000002 1.291985 -1.928550 -1.498088 14.800114 0.567469 3.865603 14.242553 -1.341735 -6.660648 19.631937 0.143925 -0.648244 47.977871 -1.468010 -5.618607 0.353028 -1.511150 -0.031939 20.222767 3.684306 2.316627 18.787245 0.000005 0.000001 10.751610 -0.479867 1.397904 -0.000001 0.000000 0.000001 3.273804 0.305947 -0.580111 21.486788 11.830363 2.266129 8.162914 0.000000 -0.000000 18.399052 -3.798979 -4.940567 0.000004 0.000000 -0.000002 28.451738 -16.908281 -26.942862 -0.201751 -0.859282 45.412613 4.534464 -24.892620 -17.965410 1.641365 -1.334872 1.267978 -0.000000 0.000000 0.000002 -51.124470 0.741995 -27.665461 2.381071 6.913678 50.495205 -2.611365 -12.946468 43.387810 -2.447868 1.023922 1.616758 -0.000000 -0.000000 -0.000001 
17.677807 97.269279 27.498632 -106.421722 58.823257 -112.917778 5.619656 -1.961408 2.709402 3.158502 -2.343050 -1.443103 9.841624 -6.306715 14.517336 20.293657 -8.500449 8.637828 -2.566845 -8.547757 -3.745781 -2.809789 -10.173355 -12.418006 0.000077 -0.000022 0.000006 0.043067 -0.169569 0.204315 0.573263 -3.912973 -10.394218 -0.489995 3.582159 -10.254934 -2.719146 -9.513765 12.703877 -27.978182 -21.167799 -8.674446 178.997711 -54.764633 179.365677 15.389565 -14.736107 -3.958021 -5.882101 9.861278 0.702589 -10.936858 -0.360576 7.156196 0.000002 8.774813 -0.000001 -14.999950 18.638140 6.115751 -1.844033 2.498503 -2.507276 -10.163589 4.678938 4.621101 -20.975998 -0.000005 0.000001 -21.226255 2.451691 -3.593993 0.000000 -0.000006 -0.000001 -1.362680 2.240798 -0.746323 -21.334887 0.584906 3.008318 -13.821198 -0.000004 0.000001 -23.887133 -0.249081 -0.839482 -60.522987 3.492174 -2.312558 -0.294024 1.679687 0.833255 -14.218194 0.093214 1.300577 -34.212002 -0.287568 0.967167 -20.033180 0.964533 1.212844 0.000000 0.000000 -0.000000 -3.440385 0.788233 0.501655 -15.928169 -3.167308 2.999703 -6.338817 -0.000000 0.000000 -18.123415 3.648175 -4.905663 -0.000005 0.000000 -0.000002 13.366711 8.051827 12.855832 43.955753 1.870635 -23.815786 174.393524 76.998642 175.807617 -9.619048 13.503428 -16.369436 2.243540 -5.255033 -3.180155 14.282878 -0.826592 6.952496 -0.000002 -12.690590 -0.000001 15.503531 -16.935431 2.329447 1.665665 -1.955920 -2.878298 4.727795 -4.170583 4.993920 11.020513 0.000003 -0.000001 12.109033 -3.735710 -2.866781 -0.000002 -0.000001 -0.000001 1.291985 -1.928549 -1.498088 14.800114 0.567468 3.865604 14.242554 -1.341735 -6.660649 19.631939 0.143926 -0.648245 47.661804 -1.533319 -5.577144 0.353029 -1.511150 -0.031938 20.222769 3.684309 2.316626 18.787245 0.000007 -0.000001 10.751610 -0.479866 1.397904 0.000001 0.000001 -0.000001 3.273805 0.305948 -0.580109 21.486794 11.830362 2.266130 8.162917 0.000002 0.000001 18.399055 -3.798975 -4.940567 0.000005 0.000001 0.000000 33.506592 -16.436274 -25.432175 -0.522194 -1.487793 43.130352 2.105720 -26.440052 -17.055468 1.616427 -1.122226 1.258322 0.000000 0.000001 0.000002 -59.422874 -0.936037 -24.734013 -0.180775 9.082016 38.919613 -8.173112 -11.187222 28.729843 -1.935107 0.795395 0.474376 0.000000 0.000000 -0.000001 
18.528307 98.584755 28.791342 -104.865059 55.674828 -112.755676 5.454968 -3.000646 2.874049 3.137233 -2.350753 -1.210713 9.857369 -6.488769 15.432699 22.384109 -10.372452 9.442680 -2.234914 -8.090115 -3.720929 -1.582101 -9.439263 -11.387741 0.000077 -0.000023 0.000006 0.033763 -0.166258 0.170509 0.520699 -3.967494 -10.463308 -0.456005 3.633545 -10.343589 -2.577886 -10.059369 12.592752 -27.448219 -22.118265 -9.080344 177.723801 -51.832584 -179.823837 14.902277 -15.223128 -3.894914 -5.882101 9.861279 0.702590 -10.936860 -0.360574 7.156197 0.000002 8.774812 -0.000002 -14.912384 18.630074 6.312850 -1.844031 2.498502 -2.507276 -10.163590 4.678939 4.621104 -20.975996 -0.000002 0.000004 -21.226257 2.451694 -3.593993 0.000000 -0.000006 -0.000000 -1.362681 2.240796 -0.746323 -21.334896 0.584909 3.008320 -13.821197 -0.000002 0.000002 -23.887133 -0.249078 -0.839482 -60.929012 3.918723 -2.489663 -0.294025 1.679687 0.833254 -14.218195 0.093214 1.300580 -34.212006 -0.287563 0.967169 -20.033180 0.964535 1.212840 -0.000000 0.000000 0.000001 -3.440386 0.788232 0.501655 -15.928167 -3.167305 2.999704 -6.338818 -0.000001 0.000000 -18.123415 3.648176 -4.905661 -0.000004 -0.000000 -0.000002 16.611607 6.712740 13.574184 41.915756 0.333389 -25.733330 178.210526 77.911705 179.977493 -9.713772 13.738102 -16.118832 2.243540 -5.255033 -3.180155 14.282873 -0.826594 6.952494 -0.000001 -12.690588 -0.000001 15.588944 -16.760653 2.398714 1.665665 -1.955920 -2.878295 4.727793 -4.170584 4.993918 11.020510 0.000002 -0.000003 12.109030 -3.735709 -2.866781 -0.000001 0.000000 0.000000 1.291985 -1.928548 -1.498089 14.800111 0.567467 3.865603 14.242553 -1.341735 -6.660649 19.631935 0.143923 -0.648244 48.163570 -1.479604 -5.495141 0.353029 -1.511150 -0.031937 20.222761 3.684304 2.316625 18.787243 0.000004 -0.000000 10.751610 -0.479868 1.397902 0.000000 0.000001 0.000000 3.273803 0.305946 -0.580110 21.486788 11.830360 2.266131 8.162915 0.000003 0.000000 18.399052 -3.798980 -4.940567 0.000003 -0.000001 -0.000001 37.807388 -15.843914 -22.035297 -0.837224 -2.026920 38.820938 -0.323297 -27.153799 -15.208241 1.576133 -1.108589 1.021678 -0.000000 0.000001 0.000002 -65.849060 -3.328886 -22.623716 -1.981776 11.080643 30.566216 -6.717083 -8.838494 18.651909 -1.773740 0.466932 -0.767373 0.000000 -0.000000 -0.000001 
19.472748 99.824287 29.772795 -102.571091 53.306080 -111.976204 5.318739 -3.726462 2.994307 2.975712 -2.232831 -0.884165 9.559119 -6.497751 16.427652 23.705072 -11.692708 10.441614 -2.246494 -7.412900 -3.546607 -0.070318 -9.273738 -10.934242 0.000077 -0.000024 0.000006 0.013678 -0.042612 0.189278 0.457943 -3.859800 -10.394010 -0.431966 3.775816 -10.308007 -3.004899 -10.009059 12.308448 -28.848881 -21.796268 -7.745981 176.193375 -49.737915 -178.471283 14.372507 -15.801756 -4.033586 -5.882101 9.861278 0.702590 -10.936858 -0.360576 7.156199 0.000002 8.774814 -0.000001 -15.063985 18.969702 6.456780 -1.844033 2.498503 -2.507275 -10.163589 4.678941 4.621105 -20.975992 -0.000003 0.000003 -21.226254 2.451693 -3.593995 0.000000 -0.000006 -0.000000 -1.362681 2.240797 -0.746323 -21.334892 0.584910 3.008319 -13.821197 -0.000002 0.000002 -23.887131 -0.249077 -0.839483 -61.185581 4.175172 -2.440625 -0.294025 1.679685 0.833255 -14.218190 0.093214 1.300579 -34.211998 -0.287564 0.967171 -20.033175 0.964535 1.212842 -0.000000 0.000000 -0.000000 -3.440385 0.788232 0.501655 -15.928165 -3.167306 2.999703 -6.338817 -0.000002 0.000001 -18.123413 3.648175 -4.905661 -0.000004 0.000001 -0.000002 18.354580 5.760338 13.991309 42.019924 -1.387244 -28.048325 -176.690475 82.042923 -174.929779 -10.441107 13.807821 -17.111080 2.243539 -5.255032 -3.180157 14.282875 -0.826594 6.952496 -0.000002 -12.690590 0.000001 15.838382 -16.837263 2.548927 1.665665 -1.955920 -2.878296 4.727793 -4.170583 4.993917 11.020513 0.000003 -0.000001 12.109033 -3.735709 -2.866781 0.000000 0.000000 -0.000001 1.291986 -1.928547 -1.498088 14.800111 0.567469 3.865600 14.242553 -1.341732 -6.660647 19.631941 0.143927 -0.648244 49.370892 -1.497450 -5.501123 0.353029 -1.511150 -0.031940 20.222767 3.684307 2.316626 18.787245 0.000004 0.000001 10.751609 -0.479866 1.397903 0.000001 0.000001 0.000000 3.273804 0.305948 -0.580109 21.486792 11.830364 2.266128 8.162916 0.000003 0.000000 18.399054 -3.798979 -4.940567 0.000002 -0.000003 0.000002 41.205254 -15.278948 -18.011890 -0.953750 -2.437156 34.359547 -1.886573 -27.579214 -13.271900 1.588017 -1.074130 0.804024 -0.000000 0.000000 0.000002 -67.603836 -5.856316 -23.440319 -2.011516 11.296142 31.764784 -6.622805 -9.235204 12.489353 -1.646202 0.288191 -1.814310 0.000001 0.000001 -0.000002 
20.141861 100.928307 30.520947 -100.661285 51.850937 -111.021217 4.986472 -4.110571 3.321177 2.777482 -2.016276 -0.551779 9.228930 -6.087261 16.860308 24.378767 -12.264553 10.689445 -2.386555 -7.132536 -3.319956 1.550772 -9.269596 -11.233872 0.000077 -0.000022 0.000006 -0.000997 0.104522 0.226794 0.425442 -3.707892 -10.348441 -0.430812 3.922130 -10.282423 -3.818620 -10.075857 12.100223 -31.155924 -20.553839 -6.303083 175.551987 -48.895016 -177.425064 14.587702 -16.516848 -4.594915 -5.882100 9.861277 0.702590 -10.936857 -0.360576 7.156196 -0.000000 8.774814 -0.000001 -15.058536 19.353842 6.867249 -1.844031 2.498502 -2.507276 -10.163589 4.678940 4.621103 -20.975994 -0.000005 0.000004 -21.226250 2.451692 -3.593994 0.000000 -0.000006 -0.000001 -1.362680 2.240797 -0.746323 -21.334892 0.584908 3.008321 -13.821197 -0.000003 0.000003 -23.887133 -0.249078 -0.839480 -61.148926 4.512127 -2.451063 -0.294024 1.679687 0.833255 -14.218194 0.093214 1.300579 -34.211998 -0.287563 0.967172 -20.033176 0.964536 1.212843 -0.000000 -0.000000 -0.000000 -3.440387 0.788233 0.501655 -15.928167 -3.167305 2.999704 -6.338814 -0.000001 0.000002 -18.123411 3.648176 -4.905660 -0.000003 0.000000 -0.000003 17.831266 5.789786 13.311216 43.627556 -2.425424 -30.286314 -146.746246 88.280685 -145.107620 -12.365176 12.725072 -20.531385 2.243539 -5.255033 -3.180155 14.282875 -0.826596 6.952499 0.000000 -12.690592 -0.000000 16.101377 -16.742699 2.819683 1.665664 -1.955920 -2.878295 4.727795 -4.170585 4.993920 11.020513 0.000002 0.000001 12.109033 -3.735712 -2.866780 0.000000 0.000000 -0.000001 1.291983 -1.928548 -1.498086 14.800114 0.567466 3.865607 14.242553 -1.341737 -6.660647 19.631937 0.143923 -0.648244 50.838409 -1.393757 -5.343882 0.353029 -1.511149 -0.031938 20.222771 3.684304 2.316628 18.787245 0.000002 0.000000 10.751611 -0.479868 1.397903 0.000000 -0.000000 0.000003 3.273805 0.305946 -0.580113 21.486788 11.830359 2.266130 8.162917 0.000000 0.000001 18.399052 -3.798982 -4.940568 0.000003 0.000001 -0.000001 43.544456 -14.310088 -15.278455 -0.844458 -2.519594 31.456141 -2.521201 -28.547623 -10.362494 1.620808 -0.998293 0.670758 0.000000 0.000000 0.000002 -65.068787 -10.575398 -26.950800 -0.845656 10.013878 39.982067 -7.893692 -8.775734 11.139413 -1.444005 0.356188 -2.778423 0.000002 -0.000001 -0.000001 
20.467703 101.844360 31.130955 -99.636314 51.098621 -110.191147 4.700438 -4.173450 3.741469 2.393379 -1.620129 -0.381814 8.747150 -5.764503 16.810968 25.086227 -12.338988 10.016717 -2.597220 -7.191306 -3.153545 2.726671 -9.570291 -11.809043 0.000077 -0.000021 0.000006 0.007542 0.175240 0.239019 0.440412 -3.624007 -10.349806 -0.433494 3.982565 -10.285503 -4.969010 -10.245831 11.916821 -32.757351 -18.945169 -5.632699 175.891541 -49.682194 -177.065353 15.383607 -16.883286 -4.652500 -5.882100 9.861276 0.702589 -10.936857 -0.360576 7.156196 0.000002 8.774815 -0.000000 -14.843505 19.539545 7.254238 -1.844029 2.498501 -2.507276 -10.163589 4.678938 4.621102 -20.975994 -0.000006 0.000003 -21.226250 2.451690 -3.593993 0.000000 -0.000006 -0.000001 -1.362682 2.240797 -0.746323 -21.334888 0.584906 3.008321 -13.821197 -0.000004 0.000002 -23.887129 -0.249081 -0.839481 -61.009304 4.565258 -2.364041 -0.294025 1.679685 0.833255 -14.218190 0.093213 1.300579 -34.211998 -0.287567 0.967168 -20.033176 0.964533 1.212842 0.000000 0.000000 0.000001 -3.440386 0.788232 0.501655 -15.928167 -3.167307 2.999702 -6.338819 -0.000002 0.000001 -18.123417 3.648174 -4.905661 -0.000005 0.000001 -0.000003 16.849682 6.672590 12.233657 44.130913 -2.441912 -31.856705 -11.219009 87.009575 -9.895113 -13.834959 11.187231 -22.321980 2.243539 -5.255032 -3.180154 14.282878 -0.826590 6.952497 -0.000006 -12.690591 0.000001 16.551607 -16.743771 2.927560 1.665666 -1.955918 -2.878297 4.727795 -4.170583 4.993919 11.020513 0.000004 -0.000001 12.109034 -3.735707 -2.866781 0.000000 -0.000000 -0.000001 1.291984 -1.928547 -1.498088 14.800114 0.567470 3.865600 14.242558 -1.341732 -6.660648 19.631941 0.143929 -0.648242 52.032497 -1.173256 -5.162624 0.353028 -1.511149 -0.031940 20.222775 3.684310 2.316627 18.787249 0.000008 0.000001 10.751613 -0.479866 1.397906 -0.000000 -0.000001 0.000002 3.273804 0.305948 -0.580113 21.486795 11.830367 2.266132 8.162918 0.000004 0.000000 18.399055 -3.798975 -4.940567 0.000003 0.000001 -0.000002 45.101913 -12.618946 -13.851195 -0.721487 -2.346372 29.288164 -2.859292 -30.094372 -7.277073 1.646243 -1.021391 0.541876 0.000000 0.000000 0.000002 -59.362797 -16.033062 -32.781418 1.097829 8.145414 54.336704 -7.666352 -7.766999 14.534636 -1.459081 0.602922 -3.249126 -0.000001 0.000001 -0.000000 
20.772930 102.281425 31.443703 -99.675774 51.171543 -110.040550 4.388052 -3.985036 4.037602 1.940762 -1.296733 -0.432226 7.985456 -5.678751 16.690826 25.828518 -12.260927 9.056852 -2.875715 -7.074055 -3.099520 3.348632 -10.096538 -12.282284 0.000077 -0.000021 0.000006 0.028626 0.116645 0.198496 0.488407 -3.665313 -10.427920 -0.441566 3.910366 -10.342434 -5.802436 -10.474084 11.692509 -33.658356 -17.972313 -4.872181 176.313080 -52.137062 -177.032608 16.211527 -17.013044 -3.145517 -5.882102 9.861278 0.702590 -10.936858 -0.360573 7.156197 -0.000000 8.774812 -0.000001 -14.675002 19.483349 7.450156 -1.844032 2.498502 -2.507276 -10.163589 4.678940 4.621104 -20.975996 -0.000003 0.000003 -21.226255 2.451693 -3.593990 0.000001 -0.000006 -0.000001 -1.362681 2.240797 -0.746323 -21.334892 0.584909 3.008320 -13.821197 -0.000003 0.000002 -23.887135 -0.249077 -0.839481 -61.287590 4.212924 -2.340805 -0.294025 1.679686 0.833256 -14.218194 0.093216 1.300579 -34.212006 -0.287562 0.967170 -20.033178 0.964536 1.212841 -0.000000 0.000000 -0.000001 -3.440386 0.788233 0.501656 -15.928169 -3.167306 2.999703 -6.338820 -0.000001 0.000002 -18.123415 3.648177 -4.905661 -0.000003 0.000001 -0.000002 16.079082 7.704268 11.420394 42.940594 -1.506085 -31.880976 2.052846 87.382965 2.927014 -13.255479 10.293450 -21.295378 2.243539 -5.255032 -3.180154 14.282875 -0.826592 6.952495 -0.000002 -12.690592 -0.000002 17.379993 -17.112661 2.455654 1.665665 -1.955920 -2.878297 4.727793 -4.170582 4.993919 11.020509 0.000003 -0.000001 12.109033 -3.735708 -2.866779 -0.000000 -0.000000 -0.000001 1.291984 -1.928548 -1.498089 14.800109 0.567469 3.865603 14.242551 -1.341734 -6.660650 19.631939 0.143927 -0.648244 52.449467 -0.852100 -5.296164 0.353027 -1.511149 -0.031938 20.222771 3.684306 2.316626 18.787245 0.000004 0.000001 10.751610 -0.479867 1.397904 0.000000 -0.000000 0.000003 3.273804 0.305947 -0.580109 21.486788 11.830362 2.266131 8.162916 0.000002 -0.000001 18.399048 -3.798977 -4.940567 0.000003 0.000000 0.000000 45.446194 -10.782285 -13.430293 -0.637267 -1.999563 28.369663 -2.836792 -31.996435 -5.612184 1.650234 -1.079911 0.410685 0.000000 0.000000 0.000002 -51.991604 -20.109268 -39.013054 3.033655 6.096548 71.702568 -4.737501 -6.919641 22.172697 -1.640462 0.786756 -2.611238 0.000000 0.000000 -0.000003 
21.068304 102.241173 31.501657 -100.521965 52.171551 -110.699539 3.986829 -3.731434 4.101675 1.423669 -1.063033 -0.544324 7.006508 -5.639705 16.533657 26.458820 -12.057203 8.331359 -3.257861 -7.168515 -3.056345 3.472964 -10.596271 -12.646553 0.000077 -0.000023 0.000006 0.041989 0.003500 0.151620 0.544702 -3.767748 -10.528060 -0.471641 3.783027 -10.401146 -5.842418 -10.563317 11.529558 -34.336414 -18.287664 -3.513815 176.884369 -55.577564 -177.310287 16.606686 -17.050001 -0.576901 -5.882102 9.861277 0.702589 -10.936860 -0.360577 7.156198 0.000002 8.774811 -0.000000 -14.621535 19.304102 7.436448 -1.844031 2.498504 -2.507277 -10.163589 4.678938 4.621104 -20.975998 -0.000004 0.000002 -21.226254 2.451691 -3.593994 -0.000001 -0.000005 -0.000002 -1.362680 2.240797 -0.746323 -21.334892 0.584908 3.008319 -13.821198 -0.000002 0.000003 -23.887131 -0.249080 -0.839482 -61.250271 3.763218 -2.264173 -0.294025 1.679686 0.833255 -14.218194 0.093214 1.300579 -34.212006 -0.287564 0.967169 -20.033182 0.964535 1.212842 -0.000000 -0.000000 0.000000 -3.440385 0.788233 0.501655 -15.928171 -3.167306 2.999703 -6.338818 -0.000001 0.000001 -18.123415 3.648175 -4.905663 -0.000005 0.000000 -0.000003 15.406230 8.540622 10.935198 40.534527 0.001540 -30.957916 142.364563 88.651566 143.241379 -11.033137 9.674413 -19.067274 2.243539 -5.255033 -3.180154 14.282877 -0.826593 6.952496 -0.000003 -12.690588 0.000000 17.976252 -17.349667 1.958048 1.665666 -1.955920 -2.878298 4.727794 -4.170583 4.993918 11.020511 0.000003 -0.000001 12.109031 -3.735709 -2.866779 -0.000000 -0.000000 0.000000 1.291983 -1.928547 -1.498088 14.800111 0.567469 3.865602 14.242551 -1.341733 -6.660651 19.631939 0.143927 -0.648242 52.359165 -0.536538 -5.505529 0.353031 -1.511150 -0.031941 20.222773 3.684307 2.316629 18.787245 0.000004 0.000001 10.751610 -0.479868 1.397905 -0.000001 0.000001 -0.000002 3.273806 0.305947 -0.580112 21.486795 11.830366 2.266131 8.162918 0.000003 0.000000 18.399052 -3.798981 -4.940565 0.000003 -0.000001 0.000001 44.419022 -9.257045 -13.424368 -0.583746 -1.572700 28.403498 -2.514041 -33.601925 -5.643571 1.643252 -1.075004 0.262518 0.000000 0.000000 0.000002 -44.713043 -22.339481 -43.028732 4.236347 4.387809 87.214104 0.358978 -6.690144 29.098459 -1.876243 0.925167 -1.655050 -0.000000 -0.000000 -0.000001 
21.471037 101.851784 31.280636 -101.546585 54.088650 -111.592216 3.343414 -3.479697 4.077415 0.986969 -0.915046 -0.767235 5.932959 -5.366236 16.246914 26.754152 -11.735802 7.987381 -3.571964 -7.617516 -3.034088 3.236356 -10.973389 -12.815146 0.000077 -0.000023 0.000006 0.039144 -0.089944 0.127015 0.578648 -3.852766 -10.602865 -0.507446 3.681159 -10.448651 -5.114378 -10.479227 11.428288 -34.947250 -19.845072 -1.561406 177.536789 -59.223598 -177.945892 16.656990 -17.146465 1.913965 -5.882100 9.861279 0.702590 -10.936858 -0.360575 7.156198 0.000002 8.774813 -0.000002 -14.686873 19.254337 7.378270 -1.844031 2.498503 -2.507275 -10.163589 4.678940 4.621104 -20.975994 -0.000003 0.000003 -21.226250 2.451694 -3.593996 0.000000 -0.000006 -0.000001 -1.362679 2.240797 -0.746323 -21.334888 0.584910 3.008321 -13.821194 -0.000001 0.000002 -23.887129 -0.249076 -0.839483 -61.180939 3.474583 -2.134945 -0.294025 1.679685 0.833255 -14.218190 0.093215 1.300581 -34.211998 -0.287560 0.967170 -20.033178 0.964536 1.212842 -0.000000 -0.000000 -0.000002 -3.440387 0.788232 0.501655 -15.928165 -3.167305 2.999704 -6.338818 -0.000000 0.000002 -18.123415 3.648178 -4.905661 -0.000004 -0.000000 -0.000002 14.581418 9.153608 10.692952 37.936066 1.607493 -30.242447 166.200470 83.456436 167.381210 -8.444827 9.243334 -17.123943 2.243539 -5.255033 -3.180155 14.282875 -0.826593 6.952495 -0.000002 -12.690592 0.000000 17.796825 -17.350927 1.939160 1.665665 -1.955920 -2.878296 4.727793 -4.170583 4.993917 11.020510 0.000002 0.000000 12.109030 -3.735711 -2.866782 0.000000 -0.000000 0.000002 1.291985 -1.928549 -1.498089 14.800111 0.567466 3.865606 14.242551 -1.341737 -6.660649 19.631935 0.143923 -0.648244 52.174793 -0.374583 -5.581411 0.353029 -1.511149 -0.031941 20.222765 3.684306 2.316628 18.787243 0.000003 0.000001 10.751610 -0.479870 1.397903 0.000001 0.000000 0.000000 3.273803 0.305947 -0.580110 21.486788 11.830361 2.266131 8.162916 0.000003 -0.000001 18.399048 -3.798983 -4.940565 0.000003 -0.000003 -0.000001 42.107849 -7.937835 -13.528562 -0.543273 -1.239787 29.488264 -1.471545 -34.438057 -7.070928 1.646698 -1.047892 0.225097 0.000000 0.000001 0.000002 -38.029491 -23.447140 -44.153099 4.484959 3.183307 99.109779 5.323529 -7.035854 31.256258 -2.031491 1.095286 -0.988705 0.000000 0.000000 0.000000 
21.939722 101.315948 30.832445 -102.033783 56.758278 -111.959099 2.563257 -3.140302 3.994323 0.679489 -0.820151 -1.161839 4.824552 -4.924176 15.876781 26.515091 -11.307066 8.015719 -3.704847 -8.127358 -3.092994 2.744259 -11.256676 -12.606678 0.000077 -0.000022 0.000006 0.031012 -0.148150 0.122728 0.595946 -3.914592 -10.631775 -0.541805 3.601632 -10.482556 -4.067179 -10.309213 11.155841 -35.631889 -21.576296 0.501110 177.933502 -62.142532 -178.572266 16.415062 -17.075951 3.636319 -5.882100 9.861278 0.702588 -10.936856 -0.360576 7.156196 0.000001 8.774812 -0.000001 -14.990330 19.401409 7.208465 -1.844031 2.498502 -2.507277 -10.163589 4.678939 4.621103 -20.975994 -0.000005 0.000002 -21.226250 2.451690 -3.593994 -0.000001 -0.000006 -0.000001 -1.362679 2.240797 -0.746323 -21.334888 0.584908 3.008320 -13.821195 -0.000002 0.000001 -23.887123 -0.249078 -0.839484 -61.079491 3.379490 -2.052181 -0.294023 1.679685 0.833255 -14.218190 0.093214 1.300579 -34.211998 -0.287565 0.967169 -20.033175 0.964534 1.212841 -0.000000 0.000000 -0.000001 -3.440386 0.788233 0.501655 -15.928165 -3.167307 2.999704 -6.338816 -0.000001 0.000001 -18.123411 3.648175 -4.905661 -0.000005 -0.000001 -0.000002 13.568790 9.485319 10.548196 36.377434 3.130307 -29.707701 171.583847 77.906082 173.042618 -6.491906 9.012869 -16.431757 2.243541 -5.255031 -3.180155 14.282877 -0.826593 6.952493 -0.000003 -12.690590 0.000000 17.236027 -17.200478 2.122853 1.665665 -1.955919 -2.878296 4.727792 -4.170583 4.993917 11.020512 0.000004 -0.000000 12.109031 -3.735709 -2.866779 0.000000 -0.000001 -0.000001 1.291985 -1.928547 -1.498088 14.800114 0.567468 3.865604 14.242554 -1.341734 -6.660649 19.631939 0.143926 -0.648245 52.007408 -0.384932 -5.603146 0.353028 -1.511148 -0.031940 20.222767 3.684307 2.316627 18.787245 0.000006 0.000000 10.751610 -0.479869 1.397904 0.000002 0.000000 -0.000000 3.273805 0.305947 -0.580109 21.486790 11.830363 2.266130 8.162916 0.000003 -0.000002 18.399048 -3.798978 -4.940570 0.000005 0.000000 -0.000002 38.905796 -6.679623 -13.447813 -0.503500 -1.019524 31.154831 -0.018346 -34.409126 -8.936951 1.655062 -1.039240 0.454164 0.000000 0.000000 0.000002 -31.776634 -23.979166 -43.031727 3.929307 2.383278 107.462540 9.215448 -7.113441 30.167261 -2.094509 1.281604 -0.878418 -0.000001 -0.000001 -0.000001 
22.445223 100.747108 30.347261 -101.321785 59.775940 -111.123657 1.826891 -2.742965 3.812550 0.428927 -0.743326 -1.694722 3.753713 -4.428104 15.508722 25.866066 -10.853113 8.337720 -3.688321 -8.505327 -3.195774 2.175402 -11.360222 -12.063483 0.000077 -0.000022 0.000006 0.021592 -0.190785 0.117385 0.610369 -3.942531 -10.685291 -0.576473 3.577730 -10.565137 -3.127256 -10.041400 10.809106 -36.208969 -22.854275 1.920611 178.182449 -64.114433 -179.011627 16.142792 -16.665527 4.397946 -5.882101 9.861279 0.702590 -10.936860 -0.360575 7.156197 0.000003 8.774812 0.000000 -15.327833 19.563066 7.007452 -1.844031 2.498502 -2.507275 -10.163590 4.678939 4.621104 -20.976000 -0.000004 0.000005 -21.226255 2.451694 -3.593992 -0.000000 -0.000006 0.000000 -1.362682 2.240793 -0.746322 -21.334896 0.584908 3.008322 -13.821198 -0.000003 0.000003 -23.887131 -0.249078 -0.839481 -61.056900 3.393315 -2.033479 -0.294026 1.679685 0.833255 -14.218194 0.093213 1.300579 -34.212006 -0.287564 0.967171 -20.033180 0.964535 1.212843 -0.000000 -0.000000 0.000000 -3.440386 0.788233 0.501656 -15.928171 -3.167306 2.999706 -6.338819 -0.000001 0.000002 -18.123415 3.648178 -4.905660 -0.000003 -0.000000 -0.000001 12.582126 9.548064 10.395332 36.033482 4.432823 -29.174868 174.747330 72.483490 176.312973 -5.266140 8.523226 -16.608494 2.243539 -5.255034 -3.180155 14.282877 -0.826592 6.952497 -0.000004 -12.690592 -0.000001 16.739340 -16.977707 2.256359 1.665664 -1.955918 -2.878295 4.727794 -4.170582 4.993919 11.020512 0.000007 -0.000003 12.109031 -3.735709 -2.866780 0.000001 0.000001 0.000000 1.291984 -1.928547 -1.498088 14.800113 0.567469 3.865602 14.242553 -1.341732 -6.660650 19.631939 0.143928 -0.648241 51.747002 -0.475670 -5.641444 0.353030 -1.511149 -0.031939 20.222769 3.684309 2.316628 18.787245 0.000005 -0.000000 10.751610 -0.479865 1.397905 0.000001 0.000001 -0.000001 3.273804 0.305947 -0.580110 21.486794 11.830367 2.266131 8.162917 0.000002 -0.000001 18.399054 -3.798978 -4.940567 0.000003 -0.000001 -0.000001 35.518253 -5.301607 -12.945387 -0.422217 -0.837480 32.681339 1.253172 -33.797546 -10.750037 1.661977 -1.062599 0.755967 -0.000000 -0.000001 0.000002 -26.088947 -24.230509 -40.245888 2.890178 1.740361 111.478020 12.138260 -7.137918 28.914316 -2.115837 1.416145 -0.950258 -0.000001 -0.000001 -0.000002 
22.937294 100.114418 29.837137 -98.970566 62.885132 -108.642868 1.154238 -2.365419 3.479936 0.233944 -0.625097 -2.310705 2.690749 -3.974101 15.196581 25.013100 -10.584932 8.900985 -3.595123 -8.634065 -3.344862 1.628225 -11.168097 -11.324785 0.000077 -0.000022 0.000006 0.012374 -0.206754 0.100885 0.615357 -3.968130 -10.727379 -0.590939 3.556336 -10.642118 -2.416616 -9.800858 10.469296 -36.686657 -23.378490 2.865951 177.985764 -65.373177 -178.841278 15.908026 -16.107485 4.459560 -5.882101 9.861277 0.702591 -10.936859 -0.360574 7.156197 0.000000 8.774813 0.000001 -15.577185 19.675156 6.794059 -1.844031 2.498502 -2.507276 -10.163589 4.678939 4.621105 -20.975994 -0.000005 0.000003 -21.226255 2.451692 -3.593994 -0.000000 -0.000006 0.000000 -1.362679 2.240795 -0.746324 -21.334896 0.584908 3.008321 -13.821197 -0.000003 0.000002 -23.887133 -0.249078 -0.839480 -61.091633 3.414480 -2.081786 -0.294027 1.679687 0.833255 -14.218190 0.093214 1.300579 -34.212002 -0.287565 0.967171 -20.033176 0.964535 1.212841 0.000000 -0.000000 0.000000 -3.440387 0.788232 0.501656 -15.928167 -3.167308 2.999703 -6.338819 -0.000001 0.000001 -18.123413 3.648174 -4.905658 -0.000005 -0.000000 -0.000002 11.579424 9.376366 10.191287 36.764755 5.533664 -28.405699 176.630661 67.358566 178.263062 -4.590290 7.893482 -17.094212 2.243539 -5.255031 -3.180157 14.282877 -0.826593 6.952497 -0.000004 -12.690593 -0.000001 16.543331 -16.681398 2.287092 1.665665 -1.955918 -2.878296 4.727793 -4.170583 4.993918 11.020511 0.000004 -0.000000 12.109030 -3.735709 -2.866779 0.000000 0.000003 -0.000002 1.291986 -1.928549 -1.498088 14.800114 0.567470 3.865603 14.242554 -1.341733 -6.660648 19.631941 0.143928 -0.648241 51.348415 -0.570389 -5.653412 0.353029 -1.511149 -0.031940 20.222771 3.684308 2.316627 18.787247 0.000005 -0.000000 10.751612 -0.479866 1.397905 0.000002 -0.000001 -0.000001 3.273804 0.305947 -0.580108 21.486792 11.830364 2.266132 8.162917 0.000002 0.000000 18.399054 -3.798978 -4.940566 0.000003 0.000000 -0.000000 32.224445 -3.634071 -12.116168 -0.314460 -0.699804 33.929665 2.265159 -32.961418 -12.700537 1.661619 -1.127213 0.965409 0.000000 0.000000 0.000002 -20.907398 -24.356037 -35.641113 1.760736 1.166964 110.961563 14.799682 -7.126454 29.293474 -2.167511 1.474430 -0.777308 -0.000001 0.000001 -0.000000 
23.381275 99.384674 29.378801 -94.795212 65.951996 -104.398758 0.535829 -2.022563 2.978018 -0.005725 -0.492348 -2.888612 1.633504 -3.571767 14.864320 24.086254 -10.298528 9.659260 -3.430614 -8.614534 -3.443568 1.109413 -10.659426 -10.511916 0.000077 -0.000023 0.000006 0.000516 -0.269479 0.080254 0.600979 -4.022710 -10.774608 -0.602265 3.502127 -10.713368 -1.857104 -9.569170 10.204423 -37.116951 -23.091940 3.506535 177.303024 -66.080864 -178.194382 15.562015 -15.478098 4.108302 -5.882099 9.861279 0.702590 -10.936856 -0.360577 7.156195 0.000001 8.774816 -0.000002 -15.867746 19.700607 6.581738 -1.844031 2.498502 -2.507275 -10.163589 4.678940 4.621103 -20.975992 -0.000005 0.000003 -21.226254 2.451691 -3.593992 0.000000 -0.000006 -0.000000 -1.362679 2.240796 -0.746323 -21.334887 0.584909 3.008319 -13.821193 -0.000003 0.000001 -23.887129 -0.249080 -0.839480 -61.168766 3.385942 -2.092215 -0.294024 1.679687 0.833255 -14.218190 0.093213 1.300580 -34.212002 -0.287567 0.967169 -20.033176 0.964534 1.212842 0.000000 0.000000 0.000000 -3.440386 0.788232 0.501655 -15.928167 -3.167308 2.999705 -6.338817 -0.000001 -0.000000 -18.123407 3.648174 -4.905660 -0.000007 0.000000 -0.000003 10.604585 9.050949 10.038453 38.280617 6.293749 -27.294586 178.086777 62.651649 179.673157 -4.507736 7.219108 -17.823881 2.243539 -5.255031 -3.180156 14.282877 -0.826590 6.952496 -0.000003 -12.690588 -0.000001 16.538370 -16.507986 2.279631 1.665665 -1.955920 -2.878296 4.727794 -4.170580 4.993919 11.020512 0.000004 -0.000002 12.109033 -3.735709 -2.866779 0.000001 0.000000 -0.000003 1.291984 -1.928548 -1.498088 14.800114 0.567466 3.865602 14.242553 -1.341733 -6.660650 19.631939 0.143925 -0.648244 51.044506 -0.619927 -5.645524 0.353030 -1.511150 -0.031938 20.222771 3.684304 2.316627 18.787243 0.000005 -0.000000 10.751608 -0.479865 1.397902 0.000001 0.000001 0.000001 3.273804 0.305948 -0.580110 21.486790 11.830362 2.266130 8.162916 0.000003 0.000000 18.399052 -3.798979 -4.940565 0.000003 0.000001 -0.000002 29.111507 -1.620828 -11.204306 -0.232098 -0.601498 35.177307 2.898566 -32.087467 -14.638900 1.656043 -1.215387 1.040600 -0.000000 -0.000001 0.000002 -16.700460 -24.257181 -29.103989 1.043074 0.676370 106.283775 17.155041 -7.233445 31.186239 -2.216190 1.442475 -0.433006 -0.000001 -0.000000 -0.000001 
23.742044 98.545158 28.836418 -87.762253 68.837379 -97.382027 -0.038240 -1.719623 2.377000 -0.258025 -0.301180 -3.353921 0.632413 -3.191159 14.455894 22.976114 -9.861552 10.476775 -3.240031 -8.483687 -3.502019 0.633970 -9.926623 -9.691888 0.000077 -0.000022 0.000006 -0.008800 -0.332122 0.059319 0.574912 -4.088975 -10.805068 -0.594289 3.426357 -10.754562 -1.567317 -9.302815 10.044785 -37.529884 -22.179886 3.682118 176.711868 -66.251518 -177.708084 14.991672 -14.950716 3.787735 -5.882101 9.861277 0.702590 -10.936856 -0.360575 7.156196 0.000001 8.774810 -0.000001 -16.166821 19.716602 6.433264 -1.844030 2.498502 -2.507275 -10.163590 4.678940 4.621104 -20.975994 -0.000003 0.000003 -21.226254 2.451692 -3.593994 0.000000 -0.000006 -0.000000 -1.362681 2.240798 -0.746323 -21.334892 0.584908 3.008320 -13.821194 -0.000002 0.000002 -23.887131 -0.249078 -0.839481 -61.301205 3.351223 -2.014424 -0.294024 1.679685 0.833255 -14.218192 0.093215 1.300580 -34.212002 -0.287564 0.967170 -20.033178 0.964535 1.212842 -0.000000 0.000000 0.000000 -3.440383 0.788232 0.501655 -15.928167 -3.167304 2.999704 -6.338817 -0.000001 0.000001 -18.123413 3.648175 -4.905662 -0.000004 -0.000000 -0.000002 9.639750 8.676436 9.924454 40.317692 6.853209 -26.095747 179.327728 58.565918 -179.252457 -5.014165 6.687161 -18.587994 2.243540 -5.255034 -3.180155 14.282878 -0.826594 6.952495 -0.000001 -12.690587 0.000000 16.654503 -16.430187 2.257635 1.665666 -1.955922 -2.878295 4.727795 -4.170583 4.993919 11.020513 0.000003 -0.000001 12.109033 -3.735709 -2.866779 0.000001 0.000001 -0.000001 1.291985 -1.928549 -1.498086 14.800114 0.567470 3.865604 14.242554 -1.341734 -6.660647 19.631939 0.143923 -0.648242 50.738441 -0.609582 -5.631478 0.353029 -1.511149 -0.031939 20.222771 3.684309 2.316628 18.787245 0.000005 -0.000001 10.751610 -0.479868 1.397904 0.000001 0.000001 -0.000001 3.273804 0.305945 -0.580109 21.486790 11.830360 2.266130 8.162918 0.000003 0.000001 18.399052 -3.798976 -4.940566 0.000003 0.000001 -0.000001 26.087936 0.761370 -10.312934 -0.204963 -0.523835 36.673893 3.536060 -30.964121 -16.644823 1.645964 -1.316041 1.013592 -0.000000 -0.000001 0.000002 -13.853144 -23.527313 -21.038010 0.761338 0.490276 98.559593 18.474503 -7.842227 33.224548 -2.225808 1.376206 -0.277684 0.000001 0.000001 0.000000 
23.995008 97.579971 28.198689 -75.993469 71.256973 -85.548828 -0.509292 -1.375172 1.693497 -0.475708 -0.170875 -3.748372 -0.235518 -2.776233 13.940167 21.343815 -8.923965 11.115897 -2.996270 -8.167815 -3.503114 0.110107 -9.055359 -9.015575 0.000077 -0.000023 0.000006 -0.017920 -0.379429 0.043299 0.558541 -4.114169 -10.794343 -0.593454 3.379351 -10.752775 -1.755694 -8.928088 9.933351 -38.063568 -20.899235 3.022996 176.728241 -65.822830 -177.888992 14.310390 -14.664349 3.177303 -5.882103 9.861278 0.702590 -10.936858 -0.360574 7.156197 -0.000000 8.774809 -0.000002 -16.418594 19.655699 6.332066 -1.844031 2.498503 -2.507276 -10.163590 4.678941 4.621104 -20.975996 -0.000002 0.000004 -21.226255 2.451693 -3.593993 0.000000 -0.000006 -0.000000 -1.362681 2.240795 -0.746323 -21.334896 0.584908 3.008323 -13.821197 -0.000002 0.000003 -23.887131 -0.249075 -0.839481 -61.614895 3.228975 -1.816700 -0.294026 1.679688 0.833256 -14.218194 0.093216 1.300580 -34.212002 -0.287562 0.967169 -20.033176 0.964536 1.212841 -0.000000 0.000000 0.000000 -3.440385 0.788233 0.501655 -15.928167 -3.167306 2.999705 -6.338820 0.000001 0.000001 -18.123413 3.648176 -4.905659 -0.000003 -0.000000 -0.000003 8.636573 8.507464 9.826314 42.415115 7.589240 -25.125772 179.986099 55.228504 -178.861664 -5.956194 6.311862 -19.155426 2.243539 -5.255033 -3.180157 14.282877 -0.826594 6.952497 -0.000002 -12.690590 -0.000002 16.601742 -16.309217 2.259470 1.665663 -1.955922 -2.878296 4.727794 -4.170585 4.993919 11.020510 0.000004 -0.000002 12.109031 -3.735709 -2.866779 -0.000001 0.000001 -0.000002 1.291984 -1.928547 -1.498090 14.800107 0.567467 3.865602 14.242551 -1.341736 -6.660649 19.631939 0.143924 -0.648243 50.356060 -0.656436 -5.587781 0.353027 -1.511148 -0.031940 20.222767 3.684302 2.316630 18.787243 0.000005 0.000001 10.751610 -0.479869 1.397904 0.000001 0.000003 -0.000000 3.273806 0.305946 -0.580110 21.486790 11.830359 2.266131 8.162917 0.000001 0.000002 18.399054 -3.798980 -4.940566 0.000003 0.000002 -0.000001 22.987898 3.553467 -9.566691 -0.201843 -0.427505 38.372356 4.190338 -29.336508 -18.785051 1.633127 -1.372812 0.989422 0.000000 0.000000 0.000002 -12.358703 -21.785879 -12.323402 0.673856 0.446895 89.308067 18.364111 -8.890043 33.889256 -2.252257 1.339796 -0.233216 0.000001 0.000000 -0.000001 
23.957781 96.599731 27.399197 -58.431652 72.203178 -67.834183 -0.797951 -1.047147 1.083959 -0.569721 0.066943 -4.136265 -0.968114 -2.316309 13.434942 19.142500 -7.560495 11.405869 -2.701499 -7.439620 -3.526469 -0.387011 -8.097949 -8.593362 0.000077 -0.000023 0.000006 -0.023552 -0.348821 0.030380 0.553575 -4.077953 -10.760170 -0.598333 3.367039 -10.729120 -2.395565 -8.386942 9.717095 -38.817745 -19.621822 1.611794 177.233673 -64.635803 -178.542084 13.613800 -14.643337 2.122181 -5.882102 9.861279 0.702590 -10.936858 -0.360574 7.156199 -0.000000 8.774813 -0.000002 -16.535692 19.590370 6.364001 -1.844032 2.498503 -2.507275 -10.163591 4.678939 4.621106 -20.975996 0.000000 0.000004 -21.226254 2.451697 -3.593994 0.000000 -0.000006 -0.000000 -1.362681 2.240797 -0.746322 -21.334892 0.584911 3.008320 -13.821193 -0.000000 0.000004 -23.887129 -0.249074 -0.839482 -61.870754 3.069745 -1.558795 -0.294024 1.679685 0.833255 -14.218194 0.093217 1.300579 -34.212002 -0.287559 0.967170 -20.033178 0.964537 1.212841 -0.000000 0.000000 -0.000001 -3.440385 0.788233 0.501656 -15.928169 -3.167305 2.999706 -6.338816 0.000001 0.000001 -18.123415 3.648178 -4.905659 -0.000003 0.000000 -0.000003 7.665039 8.698272 9.801147 44.133957 8.987611 -24.221666 -179.396973 52.944691 -178.528137 -6.905891 6.159661 -19.408251 2.243539 -5.255033 -3.180155 14.282877 -0.826596 6.952498 -0.000001 -12.690591 0.000000 16.357050 -16.260908 2.317517 1.665664 -1.955920 -2.878297 4.727794 -4.170580 4.993918 11.020512 0.000003 -0.000001 12.109034 -3.735712 -2.866777 -0.000001 -0.000001 -0.000002 1.291984 -1.928548 -1.498088 14.800111 0.567467 3.865606 14.242554 -1.341736 -6.660647 19.631939 0.143926 -0.648241 49.863571 -0.801969 -5.518995 0.353030 -1.511149 -0.031940 20.222765 3.684303 2.316629 18.787247 0.000003 -0.000000 10.751610 -0.479869 1.397905 0.000001 0.000002 0.000000 3.273805 0.305946 -0.580110 21.486790 11.830363 2.266133 8.162917 0.000001 0.000000 18.399055 -3.798980 -4.940569 0.000004 0.000001 -0.000001 19.810457 6.703772 -9.099028 -0.177481 -0.306900 40.127808 4.755854 -26.860470 -20.604446 1.616193 -1.428590 1.013072 0.000000 0.000001 0.000002 -11.997466 -19.162085 -3.947421 0.697946 0.465625 79.721512 17.599636 -9.896915 33.299355 -2.250314 1.321059 -0.343657 -0.000000 0.000000 -0.000001 
23.582645 95.714127 26.327763 -39.000980 70.531914 -48.093311 -0.821081 -0.652250 0.601415 -0.582314 0.411366 -4.469655 -1.463592 -1.872231 12.965147 16.526493 -5.979854 11.323525 -2.343316 -6.189916 -3.579257 -0.846142 -6.947234 -8.576479 0.000077 -0.000022 0.000006 -0.027162 -0.301616 0.015860 0.567696 -4.024580 -10.742163 -0.617953 3.428407 -10.722148 -3.222651 -7.776768 9.411183 -39.851402 -18.684244 -0.305096 177.734848 -63.017376 -179.118347 13.115323 -14.722548 0.725271 -5.882101 9.861279 0.702589 -10.936859 -0.360576 7.156198 -0.000000 8.774816 -0.000001 -16.527435 19.449701 6.465623 -1.844030 2.498502 -2.507275 -10.163589 4.678941 4.621104 -20.975994 -0.000003 0.000002 -21.226254 2.451693 -3.593993 0.000000 -0.000006 -0.000001 -1.362681 2.240796 -0.746322 -21.334887 0.584908 3.008321 -13.821197 -0.000002 0.000003 -23.887129 -0.249078 -0.839482 -62.135223 2.887735 -1.336562 -0.294026 1.679686 0.833254 -14.218192 0.093214 1.300579 -34.211998 -0.287564 0.967169 -20.033178 0.964534 1.212842 0.000000 -0.000000 -0.000001 -3.440387 0.788232 0.501655 -15.928169 -3.167306 2.999704 -6.338817 -0.000001 0.000001 -18.123415 3.648177 -4.905662 -0.000004 -0.000000 -0.000002 6.673690 9.359503 9.921102 45.347111 11.293021 -23.104195 -179.027481 51.650280 -178.328003 -7.627708 6.112137 -19.158281 2.243539 -5.255033 -3.180156 14.282877 -0.826592 6.952494 -0.000002 -12.690590 -0.000002 16.061678 -16.277849 2.449005 1.665666 -1.955919 -2.878297 4.727793 -4.170585 4.993918 11.020512 0.000002 -0.000002 12.109030 -3.735710 -2.866781 0.000000 -0.000001 -0.000003 1.291983 -1.928548 -1.498088 14.800117 0.567468 3.865601 14.242554 -1.341735 -6.660648 19.631939 0.143924 -0.648244 49.491688 -0.981254 -5.483233 0.353029 -1.511150 -0.031941 20.222769 3.684308 2.316626 18.787245 0.000007 -0.000002 10.751612 -0.479865 1.397903 0.000000 0.000002 0.000001 3.273805 0.305947 -0.580109 21.486788 11.830365 2.266130 8.162918 0.000003 0.000000 18.399052 -3.798978 -4.940567 0.000003 0.000001 -0.000000 16.621738 10.147038 -9.059375 -0.151378 -0.178845 41.665581 4.984238 -23.497137 -21.827053 1.602645 -1.490200 1.104730 0.000000 0.000001 0.000002 -12.533203 -16.147524 3.150910 0.772081 0.637982 70.620506 16.987450 -10.234676 32.434532 -2.276794 1.308495 -0.678151 -0.000000 0.000000 -0.000001 
22.919683 95.050278 25.077423 -23.922890 66.077583 -32.438881 -0.614095 -0.300512 0.269761 -0.506940 0.834576 -4.725092 -1.654346 -1.512446 12.551493 13.687590 -4.258291 10.968590 -1.907109 -4.616009 -3.624061 -1.229312 -5.339561 -9.006716 0.000077 -0.000020 0.000006 -0.026149 -0.270700 0.007006 0.595879 -3.989495 -10.732936 -0.646009 3.457993 -10.720838 -3.885797 -7.299262 8.988751 -41.254623 -18.245667 -2.654162 178.142578 -61.144669 -179.469177 12.863845 -14.654563 -1.160690 -5.882101 9.861278 0.702591 -10.936858 -0.360576 7.156198 0.000002 8.774813 -0.000002 -16.474228 19.256439 6.596903 -1.844032 2.498502 -2.507276 -10.163589 4.678937 4.621104 -20.975998 -0.000004 0.000002 -21.226255 2.451692 -3.593992 0.000000 -0.000006 0.000000 -1.362681 2.240796 -0.746322 -21.334887 0.584907 3.008318 -13.821197 -0.000005 0.000001 -23.887131 -0.249081 -0.839481 -62.383366 2.720745 -1.283299 -0.294024 1.679686 0.833254 -14.218194 0.093214 1.300578 -34.212013 -0.287565 0.967170 -20.033180 0.964534 1.212843 -0.000000 0.000000 -0.000000 -3.440387 0.788235 0.501654 -15.928169 -3.167306 2.999702 -6.338817 -0.000001 0.000001 -18.123417 3.648177 -4.905661 -0.000004 0.000000 -0.000002 5.732289 10.346934 10.080087 46.059383 14.832609 -21.460333 -178.787781 51.268154 -178.166153 -7.693643 6.234560 -18.267094 2.243541 -5.255035 -3.180155 14.282877 -0.826592 6.952495 -0.000005 -12.690590 0.000001 15.728777 -16.372637 2.576178 1.665665 -1.955920 -2.878297 4.727793 -4.170583 4.993918 11.020511 0.000005 -0.000002 12.109034 -3.735706 -2.866779 -0.000002 -0.000000 -0.000001 1.291983 -1.928547 -1.498090 14.800113 0.567468 3.865604 14.242553 -1.341733 -6.660650 19.631941 0.143929 -0.648242 49.209114 -1.172859 -5.530802 0.353027 -1.511147 -0.031941 20.222771 3.684308 2.316629 18.787247 0.000006 -0.000000 10.751611 -0.479865 1.397904 0.000001 0.000003 0.000001 3.273804 0.305947 -0.580110 21.486792 11.830366 2.266130 8.162916 0.000003 0.000001 18.399054 -3.798977 -4.940565 0.000003 0.000001 0.000000 13.700653 13.826030 -9.531116 -0.142901 -0.094191 42.722836 4.703050 -19.519342 -22.349262 1.589786 -1.551896 1.210348 0.000000 -0.000000 0.000002 -13.595498 -13.374834 8.472910 0.794401 0.847904 62.727859 16.634943 -9.868464 31.490429 -2.264165 1.293544 -1.087694 0.000001 0.000000 -0.000001 
21.908928 94.658684 23.705950 -14.765888 59.677662 -22.470663 -0.271610 0.020536 0.069205 -0.395229 1.157948 -4.878200 -1.508102 -1.206542 12.181508 10.834017 -2.656461 10.662734 -1.372200 -2.718016 -3.652365 -1.542759 -3.128207 -9.743872 0.000077 -0.000022 0.000006 -0.022643 -0.239949 0.001413 0.626157 -3.959725 -10.725067 -0.674183 3.484601 -10.714722 -4.084489 -7.213571 8.458570 -42.989075 -18.407631 -5.616377 178.733353 -59.312778 -179.844803 12.886393 -14.248657 -3.752174 -5.882101 9.861278 0.702589 -10.936859 -0.360574 7.156196 -0.000002 8.774812 -0.000002 -16.437843 19.049452 6.603310 -1.844031 2.498502 -2.507276 -10.163590 4.678940 4.621104 -20.975996 -0.000004 0.000002 -21.226254 2.451693 -3.593994 0.000001 -0.000006 -0.000001 -1.362679 2.240796 -0.746322 -21.334892 0.584909 3.008319 -13.821197 -0.000002 0.000002 -23.887129 -0.249077 -0.839483 -62.300739 2.637758 -1.386963 -0.294025 1.679686 0.833255 -14.218192 0.093214 1.300579 -34.212006 -0.287564 0.967168 -20.033176 0.964534 1.212840 0.000000 0.000001 0.000001 -3.440384 0.788231 0.501656 -15.928165 -3.167306 2.999704 -6.338816 -0.000001 0.000001 -18.123415 3.648177 -4.905662 -0.000003 -0.000000 -0.000003 4.968897 11.421829 10.213399 46.418205 19.635376 -19.253962 -179.118561 51.547436 -178.437988 -7.231219 6.283216 -16.980268 2.243540 -5.255032 -3.180153 14.282877 -0.826591 6.952493 -0.000002 -12.690592 -0.000002 15.622795 -16.560904 2.635232 1.665665 -1.955922 -2.878295 4.727793 -4.170582 4.993916 11.020511 0.000004 -0.000003 12.109032 -3.735708 -2.866781 -0.000001 -0.000000 -0.000002 1.291983 -1.928548 -1.498088 14.800111 0.567468 3.865602 14.242550 -1.341734 -6.660652 19.631939 0.143928 -0.648243 49.098923 -1.276982 -5.594334 0.353029 -1.511151 -0.031943 20.222769 3.684308 2.316626 18.787245 0.000007 -0.000003 10.751610 -0.479865 1.397903 0.000001 0.000003 0.000001 3.273803 0.305947 -0.580113 21.486794 11.830362 2.266130 8.162915 0.000003 -0.000000 18.399050 -3.798977 -4.940570 0.000003 0.000000 -0.000001 11.332278 17.659065 -10.487270 -0.154786 -0.056946 43.178375 3.879617 -15.342651 -22.157154 1.581252 -1.620010 1.333047 0.000000 -0.000000 0.000002 -14.845901 -11.279840 12.259145 0.768574 1.134502 55.996517 16.905584 -8.752925 30.699793 -2.208107 1.272788 -1.291015 -0.000000 0.000000 -0.000000 
20.706669 94.539932 22.295685 -9.723552 52.424061 -16.515930 0.112246 0.237650 -0.092426 -0.261979 1.422569 -4.945982 -1.181671 -0.876463 11.888699 8.224755 -1.319736 10.762604 -0.802994 -0.768331 -3.662696 -1.788707 -0.576972 -10.446595 0.000077 -0.000022 0.000006 -0.016568 -0.218193 0.001132 0.646979 -3.924133 -10.683105 -0.682782 3.492390 -10.666152 -3.836532 -7.558030 7.800985 -44.673504 -19.082977 -8.988315 179.432007 -57.852745 179.842300 13.282787 -13.420521 -6.768577 -5.882101 9.861279 0.702586 -10.936858 -0.360575 7.156197 -0.000001 8.774814 -0.000002 -16.477261 18.798609 6.466302 -1.844032 2.498504 -2.507275 -10.163589 4.678939 4.621103 -20.975994 -0.000004 -0.000001 -21.226250 2.451690 -3.593996 0.000001 -0.000006 -0.000001 -1.362679 2.240797 -0.746323 -21.334887 0.584907 3.008318 -13.821197 -0.000004 0.000001 -23.887131 -0.249081 -0.839481 -61.880260 2.655178 -1.496395 -0.294025 1.679686 0.833256 -14.218190 0.093215 1.300579 -34.211998 -0.287564 0.967166 -20.033176 0.964532 1.212841 0.000000 -0.000000 0.000000 -3.440386 0.788232 0.501655 -15.928167 -3.167306 2.999702 -6.338818 -0.000001 0.000001 -18.123411 3.648175 -4.905663 -0.000004 -0.000000 -0.000001 4.528622 12.356929 10.198318 46.693851 25.119854 -16.400787 -179.905502 52.294579 -179.025345 -6.377117 6.137290 -15.789057 2.243539 -5.255033 -3.180156 14.282877 -0.826593 6.952495 -0.000005 -12.690590 0.000001 15.679019 -16.808306 2.636824 1.665665 -1.955920 -2.878295 4.727794 -4.170581 4.993918 11.020511 0.000006 -0.000001 12.109031 -3.735708 -2.866777 -0.000000 0.000001 -0.000001 1.291984 -1.928546 -1.498089 14.800114 0.567470 3.865604 14.242553 -1.341734 -6.660647 19.631937 0.143928 -0.648242 49.125824 -1.260249 -5.668136 0.353029 -1.511149 -0.031940 20.222769 3.684304 2.316629 18.787245 0.000006 -0.000002 10.751610 -0.479866 1.397905 0.000001 0.000002 0.000001 3.273804 0.305946 -0.580108 21.486792 11.830364 2.266133 8.162916 0.000001 0.000000 18.399054 -3.798980 -4.940566 0.000004 0.000001 -0.000000 9.602297 21.474138 -11.632054 -0.162784 -0.045523 43.037365 2.805050 -11.414618 -21.539667 1.578939 -1.637897 1.448193 0.000000 -0.000000 0.000002 -16.218508 -10.152487 15.265955 0.698957 1.465269 49.805233 17.844505 -7.230581 30.228746 -2.122844 1.254065 -1.299791 0.000000 0.000000 -0.000000 
19.357937 94.668671 20.921165 -6.820191 44.873898 -12.729551 0.512100 0.432189 -0.275262 -0.142023 1.655148 -5.006612 -0.857744 -0.567719 11.655185 5.777095 -0.205603 11.493272 -0.184852 1.279699 -3.675654 -2.028085 2.080576 -10.938910 0.000077 -0.000021 0.000006 -0.008013 -0.207939 -0.007574 0.660453 -3.910291 -10.655773 -0.676515 3.517617 -10.639511 -3.419203 -8.095033 7.201390 -45.797478 -20.148727 -12.739402 -179.784958 -56.904232 179.422607 14.035155 -12.228517 -9.561002 -5.882100 9.861278 0.702590 -10.936859 -0.360574 7.156197 -0.000000 8.774814 -0.000000 -16.520163 18.531000 6.269476 -1.844030 2.498502 -2.507275 -10.163591 4.678940 4.621104 -20.975996 -0.000005 0.000002 -21.226255 2.451692 -3.593992 0.000001 -0.000006 -0.000000 -1.362678 2.240795 -0.746322 -21.334892 0.584908 3.008321 -13.821197 -0.000001 0.000002 -23.887133 -0.249078 -0.839482 -61.263691 2.693379 -1.599662 -0.294024 1.679686 0.833254 -14.218195 0.093214 1.300579 -34.212013 -0.287563 0.967173 -20.033184 0.964534 1.212841 -0.000001 0.000000 0.000002 -3.440384 0.788233 0.501656 -15.928169 -3.167305 2.999703 -6.338819 -0.000001 0.000003 -18.123415 3.648174 -4.905660 -0.000004 -0.000000 -0.000000 4.291144 13.006254 10.116803 47.163074 30.843945 -12.938532 179.038040 53.292900 -179.856247 -5.482969 5.771557 -15.298957 2.243541 -5.255033 -3.180154 14.282879 -0.826594 6.952498 -0.000003 -12.690593 -0.000001 15.800035 -16.973570 2.602839 1.665664 -1.955921 -2.878298 4.727796 -4.170585 4.993918 11.020511 0.000005 0.000000 12.109035 -3.735713 -2.866779 -0.000001 -0.000000 -0.000001 1.291985 -1.928547 -1.498089 14.800114 0.567468 3.865603 14.242556 -1.341736 -6.660646 19.631939 0.143925 -0.648242 49.137550 -1.194917 -5.685944 0.353030 -1.511150 -0.031940 20.222773 3.684305 2.316630 18.787249 0.000005 -0.000001 10.751612 -0.479868 1.397903 0.000001 0.000003 0.000001 3.273804 0.305946 -0.580110 21.486797 11.830363 2.266131 8.162918 0.000002 -0.000001 18.399057 -3.798979 -4.940568 0.000003 0.000001 -0.000001 8.415779 25.181742 -12.745552 -0.176153 -0.050011 42.427032 1.651190 -7.909543 -20.382469 1.587560 -1.617626 1.497986 0.000000 0.000000 0.000002 -17.795792 -9.978544 18.090542 0.605040 1.843571 43.337349 19.186783 -5.685181 30.284719 -2.066852 1.224890 -1.579408 0.000001 0.000000 -0.000001 
17.942949 94.934586 19.589886 -4.996469 37.253872 -10.035197 0.879313 0.644601 -0.467194 -0.037475 1.869341 -5.101633 -0.618206 -0.234819 11.420590 3.472829 0.866127 12.594680 0.480660 3.296851 -3.671725 -2.336572 4.668827 -11.354599 0.000077 -0.000023 0.000006 -0.000209 -0.179282 -0.019575 0.658525 -3.895328 -10.668031 -0.658768 3.540525 -10.659706 -3.054824 -8.544289 6.665881 -46.168312 -21.108944 -16.664881 -178.967026 -56.128223 178.981232 14.907019 -11.003038 -11.554814 -5.882102 9.861278 0.702592 -10.936859 -0.360574 7.156198 0.000001 8.774812 -0.000002 -16.655766 18.293285 6.029643 -1.844031 2.498502 -2.507274 -10.163591 4.678938 4.621107 -20.975994 -0.000003 0.000004 -21.226255 2.451692 -3.593991 0.000002 -0.000007 -0.000001 -1.362679 2.240795 -0.746323 -21.334892 0.584910 3.008322 -13.821198 -0.000000 0.000003 -23.887133 -0.249077 -0.839479 -60.710873 2.699256 -1.575958 -0.294025 1.679685 0.833255 -14.218194 0.093215 1.300581 -34.212006 -0.287561 0.967172 -20.033180 0.964537 1.212844 -0.000000 -0.000001 0.000000 -3.440386 0.788233 0.501653 -15.928169 -3.167305 2.999705 -6.338819 -0.000001 0.000002 -18.123417 3.648178 -4.905660 -0.000004 -0.000000 -0.000001 4.192576 13.521289 9.958756 47.984482 36.228951 -9.044865 178.042831 54.274136 179.389908 -4.716877 5.277233 -15.563285 2.243540 -5.255033 -3.180155 14.282877 -0.826595 6.952495 -0.000001 -12.690590 0.000000 15.900109 -17.053368 2.546757 1.665664 -1.955920 -2.878298 4.727795 -4.170586 4.993922 11.020512 0.000003 -0.000001 12.109034 -3.735709 -2.866778 0.000000 0.000000 -0.000002 1.291986 -1.928550 -1.498088 14.800113 0.567468 3.865601 14.242553 -1.341733 -6.660648 19.631939 0.143924 -0.648244 49.219509 -1.130975 -5.694119 0.353029 -1.511150 -0.031939 20.222769 3.684305 2.316629 18.787247 0.000005 -0.000001 10.751611 -0.479870 1.397903 0.000000 0.000002 0.000001 3.273805 0.305948 -0.580109 21.486794 11.830361 2.266132 8.162916 0.000001 0.000000 18.399055 -3.798980 -4.940568 0.000003 0.000001 -0.000001 7.573659 28.731592 -13.925984 -0.161295 -0.056711 41.746010 0.529680 -4.928066 -18.775459 1.604549 -1.590869 1.334268 0.000000 0.000000 0.000002 -19.608780 -10.372385 20.536919 0.459465 2.190241 36.985802 19.989679 -4.375611 29.940245 -1.989746 1.202319 -1.965280 0.000000 -0.000000 0.000001 
16.445765 95.206764 18.295700 -3.883239 29.869055 -7.971330 1.237360 0.803261 -0.665085 0.067895 2.201824 -5.161171 -0.462153 0.108784 11.189967 1.501426 1.874194 13.625685 1.009254 5.235184 -3.663116 -2.691911 6.957027 -11.693137 0.000077 -0.000023 0.000006 0.007801 -0.129134 -0.012042 0.647668 -3.837017 -10.672899 -0.634099 3.583611 -10.680620 -2.671933 -8.913199 6.092721 -46.121754 -21.558033 -20.230986 -178.694138 -55.209862 178.917877 15.557210 -10.060110 -12.191712 -5.882102 9.861278 0.702592 -10.936858 -0.360574 7.156197 -0.000000 8.774812 -0.000002 -16.800539 18.417406 5.957179 -1.844030 2.498501 -2.507276 -10.163589 4.678941 4.621105 -20.975998 -0.000003 0.000005 -21.226255 2.451693 -3.593992 0.000001 -0.000003 0.000001 -1.362679 2.240795 -0.746323 -21.334892 0.584909 3.008321 -13.821199 -0.000003 0.000004 -23.887135 -0.249079 -0.839480 -60.328552 2.889596 -1.611768 -0.294024 1.679687 0.833256 -14.218192 0.093214 1.300579 -34.212013 -0.287563 0.967172 -20.033180 0.964535 1.212842 -0.000000 -0.000001 0.000001 -3.440384 0.788231 0.501655 -15.928169 -3.167307 2.999704 -6.338817 -0.000002 0.000003 -18.123413 3.648176 -4.905660 -0.000003 0.000003 -0.000002 4.076494 14.036491 9.789572 49.183609 40.963055 -5.074879 177.601501 55.033398 179.120453 -4.003069 4.738697 -16.181822 2.243541 -5.255031 -3.180154 14.282877 -0.826594 6.952496 -0.000002 -12.690586 -0.000001 15.727676 -17.147734 2.602673 1.665664 -1.955919 -2.878295 4.727794 -4.170582 4.993919 11.020512 0.000002 0.000000 12.109034 -3.735710 -2.866780 -0.000001 0.000001 -0.000002 1.291985 -1.928548 -1.498088 14.800117 0.567465 3.865602 14.242556 -1.341735 -6.660649 19.631941 0.143924 -0.648244 49.394043 -1.050284 -5.580782 0.353028 -1.511148 -0.031938 20.222771 3.684302 2.316631 18.787249 0.000006 -0.000003 10.751613 -0.479869 1.397903 0.000001 0.000002 0.000001 3.273804 0.305948 -0.580110 21.486794 11.830360 2.266128 8.162918 -0.000002 -0.000000 18.399055 -3.798980 -4.940569 0.000004 0.000001 -0.000000 7.049177 32.002247 -15.299355 -0.162233 -0.087448 41.182194 -0.407957 -2.473954 -17.108448 1.646157 -1.619626 0.856801 -0.000000 0.000002 0.000002 -21.449083 -11.212088 22.420355 0.347598 2.359194 30.523527 19.813848 -3.676796 29.457409 -1.903773 1.169684 -2.727631 0.000001 0.000000 -0.000001 
14.841074 95.423676 17.034756 -3.047409 22.614704 -6.263682 1.473690 0.994043 -0.695242 0.145382 2.375674 -5.123728 -0.398802 0.531868 10.837083 -0.414272 2.966805 14.419319 1.658106 7.060297 -3.601983 -3.076869 9.349339 -12.169095 0.000077 -0.000024 0.000006 0.012327 -0.109009 0.007667 0.644185 -3.835256 -10.677915 -0.624794 3.606066 -10.676920 -2.412370 -9.056639 5.663894 -45.531105 -21.389471 -23.533178 -178.738922 -53.970730 179.024918 15.652570 -9.293178 -11.972229 -5.882100 9.861278 0.702588 -10.936858 -0.360574 7.156199 0.000001 8.774815 -0.000001 -16.757435 18.391493 5.926371 -1.844031 2.498503 -2.507276 -10.163589 4.678941 4.621103 -20.975996 -0.000003 0.000002 -21.226250 2.451694 -3.593995 0.000001 -0.000005 0.000001 -1.362681 2.240796 -0.746324 -21.334896 0.584910 3.008319 -13.821195 -0.000003 0.000000 -23.887131 -0.249080 -0.839483 -59.850143 2.983607 -1.497369 -0.294024 1.679687 0.833255 -14.218190 0.093216 1.300581 -34.211998 -0.287563 0.967169 -20.033175 0.964533 1.212842 0.000000 0.000000 -0.000000 -3.440387 0.788233 0.501656 -15.928165 -3.167306 2.999701 -6.338817 -0.000003 0.000001 -18.123413 3.648176 -4.905663 -0.000005 0.000002 -0.000000 3.817097 14.731659 9.769531 50.589310 45.112556 -1.411475 177.321243 55.511772 179.046890 -3.489016 4.276457 -17.290058 2.243540 -5.255033 -3.180156 14.282877 -0.826596 6.952495 -0.000002 -12.690590 0.000001 15.577132 -17.315886 2.675917 1.665664 -1.955920 -2.878298 4.727794 -4.170584 4.993917 11.020513 0.000002 -0.000001 12.109035 -3.735713 -2.866781 0.000000 0.000000 -0.000001 1.291985 -1.928548 -1.498087 14.800113 0.567468 3.865603 14.242551 -1.341736 -6.660649 19.631939 0.143928 -0.648242 49.558411 -0.897298 -5.614714 0.353029 -1.511149 -0.031939 20.222769 3.684308 2.316626 18.787247 0.000006 -0.000003 10.751611 -0.479866 1.397904 0.000000 0.000003 0.000000 3.273804 0.305948 -0.580110 21.486792 11.830366 2.266133 8.162917 0.000002 0.000000 18.399054 -3.798977 -4.940568 0.000003 0.000000 -0.000000 6.687747 34.668011 -16.778715 -0.175601 -0.177760 40.903645 -1.362512 -0.825878 -15.383935 1.662471 -1.682174 0.283517 0.000000 0.000000 0.000002 -23.223202 -12.252532 23.551796 0.292696 2.350992 23.901552 19.942137 -3.023557 28.346117 -1.809633 1.114370 -4.451625 0.000000 0.000000 -0.000002 
13.227527 95.412430 15.858377 -2.315423 15.627682 -4.849108 1.480164 1.162797 -0.541283 0.150411 2.481312 -5.081769 -0.390824 0.978107 10.510984 -2.044293 3.983996 14.861227 2.231431 9.046181 -3.475160 -3.360135 11.636407 -12.632602 0.000077 -0.000024 0.000006 0.017961 -0.059274 0.026252 0.661280 -3.779829 -10.709631 -0.627046 3.679557 -10.694219 -1.852868 -9.068078 5.285797 -44.895973 -20.625137 -26.324562 -179.140335 -52.385822 179.266403 14.995007 -8.429000 -11.377227 -5.882100 9.861278 0.702588 -10.936856 -0.360576 7.156196 0.000001 8.774812 -0.000003 -16.802057 18.453585 5.943452 -1.844030 2.498503 -2.507275 -10.163589 4.678937 4.621107 -20.975994 -0.000004 0.000002 -21.226250 2.451692 -3.593994 0.000001 -0.000006 -0.000001 -1.362680 2.240796 -0.746321 -21.334892 0.584910 3.008322 -13.821191 -0.000002 0.000001 -23.887129 -0.249077 -0.839480 -59.418530 3.020165 -1.393090 -0.294024 1.679686 0.833255 -14.218190 0.093215 1.300580 -34.211998 -0.287564 0.967170 -20.033176 0.964537 1.212843 -0.000000 -0.000002 -0.000001 -3.440385 0.788232 0.501655 -15.928169 -3.167307 2.999707 -6.338817 -0.000001 0.000000 -18.123413 3.648177 -4.905661 -0.000004 -0.000001 -0.000003 3.162795 15.695726 9.956117 51.920525 48.709499 1.667451 177.678940 55.908772 179.401169 -3.359128 3.812404 -18.424606 2.243540 -5.255033 -3.180156 14.282877 -0.826593 6.952496 -0.000003 -12.690590 0.000000 15.418177 -17.512369 2.849361 1.665664 -1.955919 -2.878297 4.727792 -4.170582 4.993919 11.020511 0.000002 -0.000001 12.109030 -3.735709 -2.866780 -0.000001 -0.000001 -0.000001 1.291984 -1.928547 -1.498089 14.800114 0.567467 3.865602 14.242553 -1.341735 -6.660650 19.631937 0.143924 -0.648246 49.638889 -0.733392 -5.525360 0.353029 -1.511148 -0.031941 20.222765 3.684304 2.316627 18.787243 0.000002 -0.000004 10.751610 -0.479869 1.397901 0.000001 0.000003 0.000000 3.273804 0.305946 -0.580112 21.486790 11.830361 2.266131 8.162915 0.000000 -0.000001 18.399052 -3.798979 -4.940569 0.000004 0.000001 0.000000 6.517182 36.621143 -17.906570 -0.202445 -0.246490 40.471249 -2.094574 0.538445 -14.577296 1.667755 -1.717890 0.223588 0.000000 -0.000001 0.000002 -24.664728 -13.519837 23.718588 0.313767 2.259557 17.454487 21.074608 -2.300639 26.057226 -1.731241 1.060556 -8.693493 0.000000 -0.000000 -0.000003 
11.462486 95.000687 14.649294 -1.591860 9.430611 -3.731821 1.149894 1.270580 -0.331605 0.099509 2.598793 -5.119421 -0.378598 1.318056 10.356366 -3.420088 4.928173 15.040025 2.779311 10.816481 -3.286195 -3.422741 13.925738 -13.324180 0.000077 -0.000023 0.000006 0.012951 -0.060301 0.039788 0.672809 -3.789989 -10.735018 -0.650105 3.686418 -10.706093 -1.068608 -8.874930 5.195968 -44.083660 -19.852695 -28.772945 -179.628754 -50.892593 179.454407 13.891506 -7.682090 -10.820428 -5.882102 9.861280 0.702590 -10.936858 -0.360575 7.156199 -0.000001 8.774817 -0.000002 -16.835709 18.137098 5.851980 -1.844032 2.498502 -2.507277 -10.163589 4.678939 4.621104 -20.975994 -0.000005 0.000003 -21.226250 2.451692 -3.593993 0.000000 -0.000007 -0.000000 -1.362679 2.240796 -0.746322 -21.334894 0.584908 3.008321 -13.821197 -0.000003 0.000002 -23.887129 -0.249076 -0.839479 -59.294159 2.799184 -1.437249 -0.294023 1.679685 0.833257 -14.218192 0.093214 1.300580 -34.211998 -0.287565 0.967172 -20.033178 0.964535 1.212843 0.000000 -0.000002 0.000000 -3.440385 0.788234 0.501656 -15.928169 -3.167307 2.999705 -6.338816 -0.000002 0.000000 -18.123411 3.648178 -4.905661 -0.000004 -0.000000 -0.000001 2.136544 16.580763 10.244132 52.865379 51.775082 3.873985 178.609238 56.313271 -179.968658 -3.179512 3.141230 -18.577766 2.243539 -5.255032 -3.180155 14.282877 -0.826592 6.952496 -0.000003 -12.690586 -0.000001 15.326524 -17.534918 2.946653 1.665664 -1.955919 -2.878297 4.727795 -4.170583 4.993916 11.020510 0.000002 -0.000001 12.109031 -3.735710 -2.866779 0.000001 0.000000 -0.000001 1.291984 -1.928547 -1.498090 14.800117 0.567468 3.865602 14.242556 -1.341736 -6.660648 19.631945 0.143926 -0.648245 49.334698 -0.768204 -5.481218 0.353029 -1.511149 -0.031940 20.222773 3.684303 2.316626 18.787249 0.000003 -0.000000 10.751610 -0.479870 1.397903 0.000000 0.000002 0.000000 3.273804 0.305948 -0.580113 21.486790 11.830361 2.266128 8.162916 0.000002 0.000000 18.399054 -3.798980 -4.940567 0.000003 0.000001 -0.000000 6.554119 38.887367 -18.927954 -0.213008 -0.306141 40.251209 -3.233149 1.677158 -14.893598 1.636692 -1.680310 0.721428 0.000000 0.000000 0.000002 -25.838495 -15.236003 22.678171 0.305255 2.181654 13.035424 23.520948 -1.196783 20.743603 -1.689395 1.057708 -13.736899 -0.000000 0.000000 -0.000002 
9.594771 94.349129 13.204965 -1.054387 4.102313 -3.186486 0.938959 1.301111 0.098011 -0.039684 2.619867 -5.121925 -0.533887 1.576655 10.427505 -4.593233 5.872860 15.284696 3.161423 12.525034 -3.260306 -3.449887 15.608829 -14.489696 0.000077 -0.000021 0.000006 0.008290 -0.029936 0.038136 0.682944 -3.730094 -10.736601 -0.676392 3.706096 -10.717276 -0.176265 -8.831176 5.140475 -43.254200 -19.114902 -31.435940 179.971237 -49.753304 179.677887 12.729547 -7.401184 -10.645359 -5.882101 9.861278 0.702590 -10.936860 -0.360576 7.156199 0.000000 8.774815 -0.000001 -16.710606 17.993717 5.928675 -1.844031 2.498503 -2.507276 -10.163589 4.678943 4.621104 -20.975998 -0.000002 0.000003 -21.226254 2.451696 -3.593995 0.000000 -0.000006 -0.000000 -1.362681 2.240796 -0.746323 -21.334890 0.584909 3.008321 -13.821198 -0.000002 0.000002 -23.887133 -0.249077 -0.839482 -59.325306 2.888463 -1.216443 -0.294025 1.679687 0.833255 -14.218194 0.093216 1.300580 -34.212013 -0.287563 0.967169 -20.033180 0.964535 1.212840 -0.000000 -0.000002 0.000000 -3.440385 0.788234 0.501657 -15.928165 -3.167305 2.999704 -6.338815 0.000001 0.000001 -18.123413 3.648175 -4.905662 -0.000004 -0.000001 -0.000002 1.235287 17.395939 10.246998 53.836430 54.045452 5.391845 179.042068 56.682144 -179.734451 -2.648799 2.118290 -17.939884 2.243537 -5.255033 -3.180155 14.282878 -0.826590 6.952496 -0.000004 -12.690591 -0.000001 15.261553 -17.615463 3.010248 1.665664 -1.955921 -2.878296 4.727793 -4.170582 4.993918 11.020513 0.000003 -0.000001 12.109032 -3.735708 -2.866779 -0.000000 0.000000 -0.000001 1.291986 -1.928547 -1.498087 14.800113 0.567468 3.865601 14.242554 -1.341733 -6.660650 19.631937 0.143927 -0.648243 49.104069 -0.812964 -5.448655 0.353028 -1.511151 -0.031940 20.222773 3.684306 2.316629 18.787245 0.000005 -0.000001 10.751612 -0.479866 1.397905 0.000001 0.000003 0.000002 3.273804 0.305947 -0.580110 21.486795 11.830363 2.266133 8.162917 0.000002 -0.000001 18.399057 -3.798978 -4.940568 0.000003 -0.000002 -0.000000 7.166233 41.624477 -20.157005 -0.242809 -0.314593 41.359215 -4.001833 2.538273 -14.850690 1.622933 -1.640160 0.829312 0.000000 0.000001 0.000002 -26.306290 -16.684296 19.925634 0.319338 1.859108 12.671005 25.170254 0.528968 11.157228 -1.583842 1.074836 -11.912346 -0.000000 -0.000000 -0.000001 
7.765285 93.789742 11.710400 -0.843126 -0.579095 -3.168210 0.996718 1.294154 0.664039 -0.126213 2.730173 -4.950840 -0.706752 1.594349 10.580885 -5.932984 6.806893 15.535495 3.555142 14.050763 -3.183348 -3.510979 16.978046 -15.506820 0.000077 -0.000020 0.000006 0.006663 0.009297 0.048018 0.686738 -3.703144 -10.743068 -0.682458 3.748336 -10.721236 0.254814 -8.553573 5.166017 -42.641140 -18.915560 -33.641846 179.560303 -49.066460 179.951508 11.721661 -7.737545 -10.986594 -5.882101 9.861278 0.702590 -10.936858 -0.360576 7.156196 -0.000001 8.774817 0.000000 -16.606169 18.030369 6.027022 -1.844031 2.498501 -2.507276 -10.163588 4.678938 4.621105 -20.975996 -0.000003 0.000003 -21.226250 2.451695 -3.593995 -0.000001 -0.000005 0.000000 -1.362681 2.240796 -0.746323 -21.334892 0.584909 3.008320 -13.821197 -0.000002 0.000002 -23.887131 -0.249077 -0.839483 -59.541168 2.887743 -1.166587 -0.294024 1.679686 0.833255 -14.218194 0.093214 1.300579 -34.212002 -0.287564 0.967169 -20.033178 0.964535 1.212841 0.000000 0.000001 0.000000 -3.440385 0.788232 0.501654 -15.928167 -3.167306 2.999705 -6.338815 0.000000 0.000001 -18.123413 3.648177 -4.905662 -0.000005 -0.000001 -0.000002 0.695875 18.139957 10.483130 54.708351 55.703964 6.778897 179.014252 57.029652 179.886597 -2.054514 1.418106 -16.875866 2.243540 -5.255034 -3.180154 14.282875 -0.826592 6.952495 -0.000005 -12.690592 -0.000000 15.274191 -17.574963 2.964790 1.665664 -1.955920 -2.878297 4.727793 -4.170584 4.993919 11.020511 0.000004 -0.000000 12.109030 -3.735709 -2.866781 0.000000 0.000000 -0.000001 1.291984 -1.928546 -1.498086 14.800113 0.567467 3.865605 14.242553 -1.341735 -6.660647 19.631939 0.143927 -0.648242 49.184986 -0.950462 -5.508243 0.353029 -1.511148 -0.031942 20.222771 3.684307 2.316629 18.787245 0.000007 0.000000 10.751610 -0.479867 1.397904 0.000000 0.000002 0.000000 3.273806 0.305945 -0.580111 21.486792 11.830364 2.266131 8.162916 0.000002 0.000001 18.399057 -3.798977 -4.940568 0.000002 -0.000001 -0.000001 8.623954 44.169716 -20.695583 -0.294037 -0.338514 42.487888 -4.710192 3.674452 -14.212724 1.616776 -1.685214 0.611844 0.000000 0.000001 0.000002 -25.956955 -17.448719 14.813646 0.338921 1.612008 16.817890 25.339312 3.674871 2.000429 -1.512513 1.050423 -8.690374 -0.000000 -0.000000 -0.000000 
6.098404 93.349823 10.301207 -0.854803 -4.360509 -3.348104 1.130985 1.216464 1.164901 -0.197596 2.718737 -4.791548 -0.731922 1.442157 10.801312 -7.199395 7.583943 15.923093 3.827635 15.323694 -3.148664 -3.566028 18.029284 -16.179981 0.000077 -0.000021 0.000006 -0.000559 0.107674 0.053601 0.674469 -3.615949 -10.746109 -0.681420 3.833889 -10.739270 0.437365 -8.367628 5.338353 -42.696991 -19.194448 -35.508835 179.335739 -48.759060 -179.932205 10.890896 -8.140758 -12.022207 -5.882103 9.861278 0.702590 -10.936858 -0.360574 7.156196 0.000000 8.774814 -0.000002 -16.705864 18.043833 6.006385 -1.844032 2.498503 -2.507277 -10.163590 4.678939 4.621106 -20.975996 -0.000004 0.000002 -21.226254 2.451693 -3.593994 -0.000000 -0.000006 0.000001 -1.362681 2.240796 -0.746324 -21.334892 0.584908 3.008321 -13.821198 -0.000001 0.000003 -23.887133 -0.249078 -0.839482 -59.749100 2.861746 -1.103985 -0.294024 1.679686 0.833256 -14.218195 0.093214 1.300579 -34.212006 -0.287563 0.967170 -20.033180 0.964535 1.212841 0.000000 -0.000000 0.000000 -3.440386 0.788234 0.501655 -15.928167 -3.167304 2.999704 -6.338818 -0.000002 0.000001 -18.123413 3.648176 -4.905661 -0.000004 0.000001 -0.000002 0.439313 18.656616 10.803903 56.081730 56.773426 8.723694 179.049713 57.320145 179.694870 -1.445288 0.891165 -16.041807 2.243540 -5.255032 -3.180153 14.282878 -0.826596 6.952495 -0.000001 -12.690590 0.000000 15.269912 -17.596498 2.930504 1.665663 -1.955919 -2.878298 4.727794 -4.170582 4.993917 11.020513 0.000003 -0.000001 12.109033 -3.735709 -2.866780 -0.000001 -0.000000 -0.000001 1.291983 -1.928547 -1.498088 14.800114 0.567466 3.865604 14.242553 -1.341735 -6.660650 19.631939 0.143924 -0.648244 49.365864 -1.019699 -5.537013 0.353028 -1.511150 -0.031940 20.222771 3.684305 2.316627 18.787245 0.000004 -0.000001 10.751612 -0.479866 1.397904 0.000000 0.000001 0.000001 3.273804 0.305946 -0.580109 21.486790 11.830360 2.266130 8.162916 0.000001 -0.000001 18.399054 -3.798977 -4.940567 0.000003 -0.000001 -0.000002 10.446821 45.925610 -20.693865 -0.304813 -0.328377 43.178032 -5.320728 4.679266 -13.313407 1.618489 -1.747604 0.434279 -0.000000 -0.000001 0.000002 -25.125044 -17.966082 10.844175 0.393805 1.472506 20.160494 24.852312 6.781909 -3.825820 -1.471126 1.023340 -6.386335 0.000000 0.000000 -0.000001 
4.474779 93.038536 9.047500 -0.919430 -7.017410 -3.563374 1.194277 1.128666 1.539164 -0.268410 2.550837 -4.689573 -0.740161 1.242637 10.976600 -7.986953 8.070113 16.345955 3.970189 16.205879 -3.118712 -3.618297 18.767506 -16.522781 0.000077 -0.000022 0.000006 -0.005229 0.127358 0.048185 0.662746 -3.599591 -10.742886 -0.679408 3.865318 -10.749715 0.624968 -8.475785 5.626826 -43.191006 -19.701139 -36.885361 179.091415 -48.649353 -179.735794 10.383224 -8.371049 -13.363176 -5.882102 9.861278 0.702589 -10.936860 -0.360575 7.156198 0.000001 8.774813 -0.000002 -16.800531 18.065796 6.018020 -1.844030 2.498503 -2.507276 -10.163589 4.678939 4.621104 -20.975994 -0.000002 0.000002 -21.226254 2.451693 -3.593993 -0.000000 -0.000005 0.000000 -1.362680 2.240797 -0.746323 -21.334892 0.584910 3.008320 -13.821197 -0.000003 0.000002 -23.887131 -0.249077 -0.839481 -60.006474 2.808158 -1.019500 -0.294026 1.679687 0.833255 -14.218192 0.093215 1.300580 -34.212002 -0.287563 0.967170 -20.033180 0.964537 1.212841 -0.000000 0.000001 -0.000000 -3.440386 0.788233 0.501654 -15.928169 -3.167306 2.999704 -6.338817 -0.000001 0.000001 -18.123415 3.648176 -4.905662 -0.000005 -0.000001 -0.000001 0.362940 18.800068 11.019011 58.088924 57.305607 11.225173 179.012375 57.573730 179.573700 -0.947816 0.536648 -15.173325 2.243539 -5.255030 -3.180156 14.282875 -0.826595 6.952496 -0.000003 -12.690587 0.000002 15.315717 -17.671780 2.887915 1.665664 -1.955920 -2.878300 4.727793 -4.170583 4.993918 11.020511 0.000003 -0.000003 12.109033 -3.735710 -2.866778 -0.000001 -0.000000 -0.000001 1.291986 -1.928547 -1.498089 14.800114 0.567466 3.865603 14.242556 -1.341735 -6.660649 19.631939 0.143925 -0.648245 49.474030 -1.094350 -5.576132 0.353029 -1.511150 -0.031940 20.222767 3.684306 2.316624 18.787245 0.000004 -0.000000 10.751611 -0.479866 1.397903 -0.000000 0.000003 -0.000001 3.273803 0.305947 -0.580112 21.486790 11.830360 2.266129 8.162918 -0.000001 -0.000000 18.399054 -3.798976 -4.940570 0.000003 -0.000003 -0.000003 12.222486 46.802357 -20.441826 -0.322293 -0.338053 43.305912 -5.863337 5.421915 -12.161983 1.620199 -1.810974 0.364486 0.000000 0.000000 0.000002 -23.998478 -18.270214 7.923722 0.430686 1.328259 22.851503 23.816542 9.200147 -8.030501 -1.453504 1.013696 -4.734979 0.000000 0.000000 -0.000001 
2.922023 92.843506 7.944502 -0.998910 -8.852846 -3.776513 1.227227 1.062606 1.790029 -0.335345 2.320031 -4.643151 -0.762653 1.051657 11.126513 -8.348033 8.352719 16.755692 4.027715 16.763195 -3.075464 -3.675714 19.262827 -16.621109 0.000077 -0.000023 0.000006 -0.003662 0.127355 0.043050 0.661389 -3.588710 -10.743260 -0.679823 3.859972 -10.758613 0.774730 -8.683383 5.895063 -43.565449 -20.220089 -37.828194 178.857666 -48.692657 -179.568771 10.098116 -8.532853 -14.550029 -5.882102 9.861278 0.702590 -10.936863 -0.360575 7.156199 0.000001 8.774813 -0.000001 -16.779072 18.030010 6.066548 -1.844032 2.498503 -2.507275 -10.163591 4.678940 4.621105 -20.975994 -0.000002 0.000003 -21.226248 2.451694 -3.593992 0.000002 -0.000005 0.000000 -1.362680 2.240797 -0.746323 -21.334894 0.584908 3.008321 -13.821198 -0.000002 0.000003 -23.887131 -0.249077 -0.839480 -60.155807 2.782852 -0.979695 -0.294025 1.679686 0.833255 -14.218194 0.093215 1.300580 -34.212006 -0.287564 0.967172 -20.033178 0.964536 1.212843 -0.000000 0.000000 0.000000 -3.440387 0.788233 0.501655 -15.928169 -3.167306 2.999704 -6.338819 -0.000002 0.000002 -18.123413 3.648176 -4.905660 -0.000005 0.000001 -0.000001 0.421003 18.717834 11.100124 60.076366 57.543945 13.662526 178.892044 57.868076 179.490723 -0.543512 0.290392 -14.436952 2.243541 -5.255033 -3.180154 14.282877 -0.826596 6.952497 -0.000002 -12.690590 0.000001 15.301886 -17.719034 2.889444 1.665663 -1.955919 -2.878297 4.727791 -4.170582 4.993917 11.020512 0.000002 -0.000001 12.109033 -3.735711 -2.866779 -0.000000 -0.000001 0.000001 1.291984 -1.928547 -1.498088 14.800111 0.567469 3.865602 14.242553 -1.341735 -6.660650 19.631937 0.143925 -0.648242 49.461185 -1.123338 -5.584482 0.353030 -1.511150 -0.031941 20.222767 3.684304 2.316627 18.787247 0.000005 -0.000000 10.751611 -0.479868 1.397902 0.000001 0.000002 0.000001 3.273806 0.305946 -0.580111 21.486792 11.830362 2.266130 8.162917 0.000001 -0.000001 18.399055 -3.798980 -4.940569 0.000003 -0.000001 -0.000002 13.846138 47.150623 -20.024820 -0.340807 -0.357862 42.948246 -6.352681 5.910389 -10.840499 1.621328 -1.854173 0.284218 0.000000 0.000001 0.000002 -22.754047 -18.436224 5.836887 0.417716 1.213636 24.882307 22.514591 10.809183 -11.280605 -1.447007 0.994485 -3.403816 -0.000000 -0.000001 -0.000001 
1.436958 92.723358 6.929563 -1.022422 -10.124079 -3.989421 1.218596 1.007789 1.903024 -0.379277 2.128863 -4.564044 -0.811752 0.844913 11.221096 -8.535459 8.577941 17.157677 4.111018 17.007286 -3.062957 -3.734514 19.719246 -16.539877 0.000077 -0.000021 0.000006 0.001111 0.010254 0.023871 0.677588 -3.721049 -10.806922 -0.686367 3.761125 -10.829256 0.944940 -8.945891 6.066415 -43.917126 -20.645161 -38.633144 178.839020 -48.770702 -179.713776 10.011142 -8.832192 -15.589269 -5.882101 9.861278 0.702590 -10.936858 -0.360574 7.156196 0.000001 8.774816 -0.000001 -16.702997 17.958921 6.056228 -1.844031 2.498502 -2.507276 -10.163590 4.678941 4.621104 -20.975996 -0.000005 0.000002 -21.226250 2.451692 -3.593995 0.000000 -0.000005 0.000001 -1.362682 2.240795 -0.746323 -21.334890 0.584908 3.008319 -13.821197 -0.000002 0.000001 -23.887131 -0.249079 -0.839483 -60.226822 2.671983 -0.874044 -0.294024 1.679687 0.833255 -14.218192 0.093215 1.300578 -34.212006 -0.287565 0.967168 -20.033176 0.964533 1.212841 0.000000 0.000000 0.000000 -3.440386 0.788233 0.501655 -15.928167 -3.167307 2.999703 -6.338818 -0.000002 0.000001 -18.123415 3.648176 -4.905662 -0.000005 -0.000000 -0.000001 0.415534 18.472496 10.915019 62.173889 57.475391 16.048033 178.723343 58.076889 179.238953 -0.273278 0.132123 -13.606224 2.243540 -5.255032 -3.180155 14.282878 -0.826594 6.952496 -0.000002 -12.690590 0.000001 15.440582 -17.770617 2.876195 1.665665 -1.955919 -2.878295 4.727795 -4.170585 4.993918 11.020512 0.000004 -0.000002 12.109031 -3.735710 -2.866779 -0.000000 -0.000000 0.000002 1.291985 -1.928550 -1.498089 14.800114 0.567468 3.865605 14.242554 -1.341733 -6.660649 19.631941 0.143927 -0.648243 49.539223 -1.069166 -5.621328 0.353028 -1.511149 -0.031940 20.222771 3.684304 2.316628 18.787249 0.000005 -0.000001 10.751612 -0.479868 1.397901 0.000000 0.000001 0.000000 3.273804 0.305947 -0.580111 21.486790 11.830361 2.266130 8.162918 0.000001 -0.000001 18.399054 -3.798980 -4.940568 0.000004 0.000000 -0.000002 15.215151 47.055534 -19.545734 -0.349576 -0.366472 42.223160 -6.718543 6.110215 -9.403520 1.627559 -1.865914 0.224982 -0.000000 -0.000001 0.000002 -21.525764 -18.342550 4.333197 0.395867 0.943840 26.362614 21.286694 11.797074 -14.016607 -1.433130 0.965973 -2.290549 0.000000 0.000000 -0.000001 
0.172002 92.690788 6.051524 -1.096120 -11.080028 -4.244286 1.297174 0.942199 2.015569 -0.407215 1.919478 -4.544022 -0.785547 0.652443 11.344942 -8.702369 8.729861 17.579641 4.215786 17.335924 -3.029413 -3.832410 19.940233 -16.414127 0.000077 -0.000022 0.000006 0.004359 -0.039825 0.018069 0.691719 -3.784358 -10.814910 -0.690176 3.700619 -10.842363 0.910599 -9.066665 6.337718 -44.096786 -21.089462 -39.167744 178.648666 -48.835602 -179.567368 9.956728 -9.084076 -16.346233 -5.882101 9.861278 0.702591 -10.936862 -0.360575 7.156198 0.000003 8.774814 0.000000 -16.596870 17.910305 6.088518 -1.844031 2.498502 -2.507275 -10.163589 4.678939 4.621104 -20.975996 -0.000005 0.000004 -21.226255 2.451692 -3.593992 0.000001 -0.000007 0.000001 -1.362682 2.240796 -0.746322 -21.334894 0.584909 3.008321 -13.821198 -0.000002 0.000003 -23.887133 -0.249078 -0.839479 -60.137218 2.648458 -0.874463 -0.294025 1.679686 0.833255 -14.218194 0.093214 1.300580 -34.212002 -0.287565 0.967171 -20.033180 0.964535 1.212842 -0.000000 0.000000 0.000000 -3.440387 0.788232 0.501656 -15.928169 -3.167305 2.999703 -6.338817 -0.000002 0.000001 -18.123415 3.648175 -4.905660 -0.000004 0.000000 -0.000002 0.433437 18.252741 10.891018 63.639206 57.463226 18.162643 179.133942 58.236259 179.425705 0.114958 -0.131630 -12.877045 2.243538 -5.255030 -3.180155 14.282873 -0.826592 6.952495 -0.000002 -12.690588 0.000001 15.488659 -17.801449 2.822077 1.665665 -1.955918 -2.878294 4.727793 -4.170585 4.993918 11.020512 0.000003 -0.000001 12.109033 -3.735710 -2.866781 -0.000000 -0.000000 0.000000 1.291986 -1.928550 -1.498088 14.800113 0.567466 3.865602 14.242554 -1.341734 -6.660652 19.631941 0.143925 -0.648244 49.594402 -1.064315 -5.731248 0.353028 -1.511150 -0.031939 20.222767 3.684305 2.316626 18.787245 0.000005 -0.000004 10.751609 -0.479869 1.397902 0.000000 0.000000 0.000001 3.273804 0.305947 -0.580110 21.486788 11.830362 2.266126 8.162916 0.000000 -0.000002 18.399052 -3.798980 -4.940567 0.000003 0.000000 -0.000002 16.513262 46.971096 -18.851608 -0.367362 -0.386864 41.256207 -7.007575 6.153121 -8.007316 1.631299 -1.917382 0.148653 -0.000000 -0.000001 0.000002 -20.410002 -18.226179 3.047640 0.363906 0.850767 27.983206 19.981268 12.609027 -15.716012 -1.435581 0.948883 -1.749675 -0.000000 0.000001 -0.000001 
-0.897417 92.702827 5.277519 -1.086875 -11.825878 -4.480811 1.367903 0.898214 2.065753 -0.413454 1.744400 -4.527904 -0.745806 0.486276 11.411589 -8.783322 8.858207 17.943130 4.276829 17.589733 -2.991337 -3.921228 20.174475 -16.221134 0.000077 -0.000023 0.000006 0.003865 -0.070933 0.016538 0.694958 -3.821358 -10.810942 -0.694691 3.667410 -10.838575 0.857386 -9.092546 6.567435 -44.196854 -21.383413 -39.432941 178.525833 -48.799576 -179.451920 9.971077 -9.258920 -16.873343 -5.882100 9.861279 0.702590 -10.936858 -0.360574 7.156196 0.000002 8.774814 -0.000001 -16.456108 17.874775 6.109492 -1.844031 2.498502 -2.507276 -10.163587 4.678940 4.621103 -20.975994 -0.000005 0.000002 -21.226250 2.451693 -3.593994 0.000000 -0.000005 0.000000 -1.362679 2.240796 -0.746323 -21.334885 0.584907 3.008320 -13.821197 -0.000004 0.000002 -23.887125 -0.249079 -0.839480 -59.970753 2.661240 -0.911608 -0.294024 1.679686 0.833255 -14.218190 0.093214 1.300579 -34.211998 -0.287566 0.967169 -20.033175 0.964535 1.212841 -0.000000 -0.000000 0.000000 -3.440385 0.788232 0.501655 -15.928164 -3.167307 2.999703 -6.338815 -0.000002 0.000001 -18.123411 3.648176 -4.905662 -0.000004 0.000001 -0.000002 0.387034 18.038229 10.881027 64.837532 57.404587 19.882494 179.481689 58.298626 179.621964 0.479735 -0.349091 -12.280265 2.243538 -5.255033 -3.180156 14.282877 -0.826591 6.952497 -0.000004 -12.690591 -0.000001 15.622170 -17.872417 2.755064 1.665664 -1.955920 -2.878294 4.727793 -4.170582 4.993917 11.020513 0.000002 0.000001 12.109032 -3.735709 -2.866777 -0.000000 -0.000000 0.000003 1.291984 -1.928548 -1.498090 14.800114 0.567469 3.865606 14.242553 -1.341733 -6.660645 19.631939 0.143927 -0.648242 49.653103 -1.031690 -5.861084 0.353029 -1.511149 -0.031939 20.222769 3.684309 2.316630 18.787245 0.000006 0.000001 10.751611 -0.479866 1.397905 0.000000 0.000001 -0.000001 3.273806 0.305946 -0.580109 21.486794 11.830365 2.266134 8.162916 0.000003 0.000000 18.399055 -3.798974 -4.940565 0.000003 -0.000001 -0.000001 17.518370 46.889400 -18.139721 -0.375466 -0.394570 40.160725 -7.210734 6.134919 -6.687384 1.634202 -1.928483 0.086629 -0.000000 -0.000001 0.000002 -19.529671 -18.125864 2.045191 0.372132 0.819906 29.246536 18.844261 13.177420 -16.962431 -1.432906 0.937129 -1.373856 0.000000 0.000001 -0.000001 
-1.773209 92.712006 4.681702 -1.050663 -12.347661 -4.693616 1.441069 0.863968 2.095680 -0.407481 1.597016 -4.531918 -0.674296 0.359860 11.447597 -8.802561 8.954850 18.207947 4.296001 17.750776 -2.969395 -3.991313 20.289400 -16.006659 0.000077 -0.000022 0.000006 0.004553 -0.074320 0.016586 0.696111 -3.826773 -10.811668 -0.694973 3.665367 -10.840998 0.797447 -9.098246 6.738950 -44.294701 -21.590244 -39.499050 178.475403 -48.771797 -179.343460 9.962903 -9.361153 -17.251511 -5.882100 9.861280 0.702590 -10.936858 -0.360575 7.156196 -0.000000 8.774814 -0.000001 -16.412518 17.847479 6.094556 -1.844031 2.498503 -2.507275 -10.163590 4.678939 4.621104 -20.975994 -0.000004 0.000003 -21.226255 2.451694 -3.593992 0.000001 -0.000006 0.000001 -1.362680 2.240797 -0.746323 -21.334892 0.584909 3.008321 -13.821197 -0.000003 0.000002 -23.887129 -0.249078 -0.839481 -59.851429 2.659504 -0.957044 -0.294026 1.679687 0.833255 -14.218194 0.093215 1.300579 -34.212006 -0.287563 0.967171 -20.033178 0.964535 1.212842 0.000000 0.000000 0.000000 -3.440385 0.788232 0.501655 -15.928169 -3.167307 2.999704 -6.338819 -0.000001 0.000001 -18.123411 3.648178 -4.905661 -0.000004 -0.000000 -0.000001 0.293911 17.857080 10.807389 65.632454 57.251068 21.043535 179.690109 58.270573 179.736862 0.779043 -0.532618 -11.698318 2.243540 -5.255032 -3.180156 14.282877 -0.826592 6.952497 -0.000002 -12.690591 -0.000001 15.774441 -17.923380 2.719253 1.665664 -1.955920 -2.878296 4.727796 -4.170584 4.993922 11.020511 0.000003 -0.000001 12.109031 -3.735711 -2.866782 0.000000 -0.000001 0.000000 1.291983 -1.928546 -1.498088 14.800113 0.567468 3.865602 14.242553 -1.341733 -6.660648 19.631941 0.143925 -0.648240 49.736240 -1.010025 -5.916699 0.353028 -1.511148 -0.031940 20.222771 3.684305 2.316628 18.787247 0.000005 -0.000000 10.751612 -0.479869 1.397905 -0.000000 -0.000001 -0.000002 3.273804 0.305947 -0.580109 21.486792 11.830363 2.266132 8.162916 0.000003 0.000001 18.399050 -3.798980 -4.940566 0.000003 0.000000 -0.000001 18.309290 46.781326 -17.496555 -0.382399 -0.418980 39.189617 -7.418295 6.064092 -5.599508 1.635076 -1.949213 0.059320 -0.000000 0.000000 0.000002 -18.859480 -18.069937 1.385995 0.366671 0.785924 30.132347 17.907902 13.560321 -17.948599 -1.430623 0.906289 -1.114436 -0.000000 -0.000001 -0.000001 
-2.464696 92.738983 4.191864 -0.977673 -12.704143 -4.862494 1.501197 0.813303 2.094010 -0.393329 1.512972 -4.543479 -0.589850 0.218149 11.467639 -8.799144 9.017518 18.363214 4.292660 17.850988 -2.958701 -4.040719 20.354134 -15.782396 0.000077 -0.000023 0.000006 -0.001861 -0.078925 0.012634 0.689691 -3.817364 -10.832913 -0.705094 3.678869 -10.859621 0.709059 -9.127990 6.907505 -44.395031 -21.779783 -39.552422 178.593597 -48.761829 -179.373016 9.992123 -9.460264 -17.662340 -5.882100 9.861278 0.702590 -10.936858 -0.360576 7.156197 0.000001 8.774816 -0.000002 -16.372568 17.791046 6.095481 -1.844030 2.498503 -2.507276 -10.163589 4.678940 4.621103 -20.975996 -0.000004 0.000003 -21.226255 2.451694 -3.593993 0.000000 -0.000007 -0.000000 -1.362681 2.240797 -0.746323 -21.334892 0.584908 3.008320 -13.821197 -0.000003 0.000002 -23.887133 -0.249077 -0.839481 -59.836689 2.634211 -0.981685 -0.294025 1.679686 0.833255 -14.218194 0.093214 1.300579 -34.212002 -0.287564 0.967170 -20.033180 0.964534 1.212841 0.000000 0.000000 0.000000 -3.440386 0.788233 0.501655 -15.928171 -3.167306 2.999704 -6.338818 -0.000002 0.000001 -18.123413 3.648177 -4.905662 -0.000005 0.000000 -0.000001 0.175590 17.669521 10.709179 66.211525 57.066933 21.810177 179.726303 58.186516 179.758072 1.037624 -0.697255 -11.232792 2.243539 -5.255033 -3.180154 14.282875 -0.826594 6.952496 -0.000002 -12.690586 0.000000 15.829707 -17.945438 2.689492 1.665664 -1.955920 -2.878296 4.727792 -4.170582 4.993920 11.020513 0.000002 0.000000 12.109032 -3.735708 -2.866780 -0.000001 -0.000000 0.000001 1.291984 -1.928547 -1.498086 14.800114 0.567469 3.865603 14.242553 -1.341733 -6.660650 19.631939 0.143926 -0.648242 49.783936 -1.003593 -5.951549 0.353029 -1.511150 -0.031940 20.222767 3.684305 2.316629 18.787245 0.000006 0.000000 10.751610 -0.479870 1.397904 -0.000000 -0.000000 -0.000002 3.273802 0.305948 -0.580109 21.486794 11.830360 2.266132 8.162917 0.000003 0.000001 18.399055 -3.798979 -4.940566 0.000003 0.000000 -0.000001 18.852392 46.612461 -16.984175 -0.402165 -0.418400 38.321907 -7.624447 5.982046 -4.647612 1.637062 -1.962091 0.080096 0.000000 -0.000000 0.000002 -18.360224 -18.045502 0.881084 0.366137 0.789106 30.804268 17.151768 13.744763 -18.660528 -1.429173 0.887584 -0.933649 -0.000000 -0.000000 -0.000001 
-3.040079 92.774323 3.815806 -0.901863 -12.953231 -5.000174 1.560017 0.816930 2.076877 -0.371306 1.394866 -4.554701 -0.506631 0.086583 11.484655 -8.800473 9.048817 18.416159 4.292085 17.920504 -2.931262 -4.074166 20.320135 -15.549462 0.000077 -0.000022 0.000006 -0.007162 -0.043865 0.015202 0.689612 -3.797503 -10.844646 -0.717477 3.702361 -10.873729 0.573546 -9.164454 7.079972 -44.440567 -21.932638 -39.567406 178.720612 -48.812828 -179.449265 9.995289 -9.561453 -17.914101 -5.882101 9.861279 0.702589 -10.936858 -0.360575 7.156198 0.000001 8.774814 -0.000001 -16.333109 17.742487 6.125909 -1.844031 2.498503 -2.507276 -10.163589 4.678939 4.621103 -20.975992 -0.000004 0.000002 -21.226250 2.451692 -3.593993 0.000001 -0.000006 0.000000 -1.362679 2.240796 -0.746323 -21.334887 0.584907 3.008321 -13.821197 -0.000003 0.000002 -23.887131 -0.249078 -0.839480 -59.810459 2.588758 -0.955776 -0.294024 1.679686 0.833255 -14.218192 0.093214 1.300580 -34.211998 -0.287564 0.967171 -20.033175 0.964534 1.212842 -0.000000 -0.000000 -0.000000 -3.440384 0.788231 0.501655 -15.928165 -3.167307 2.999704 -6.338817 -0.000001 0.000001 -18.123411 3.648176 -4.905660 -0.000004 -0.000000 -0.000002 0.076272 17.509624 10.631637 66.524437 56.866165 22.182348 179.663467 58.042801 179.663284 1.278028 -0.842920 -10.842299 2.243540 -5.255031 -3.180154 14.282875 -0.826592 6.952496 -0.000002 -12.690590 -0.000001 15.804814 -17.942804 2.656670 1.665664 -1.955920 -2.878297 4.727794 -4.170583 4.993918 11.020512 0.000002 -0.000001 12.109030 -3.735712 -2.866778 -0.000001 -0.000000 0.000001 1.291985 -1.928548 -1.498088 14.800114 0.567469 3.865602 14.242554 -1.341735 -6.660647 19.631939 0.143927 -0.648242 49.818871 -0.981297 -5.963027 0.353030 -1.511150 -0.031940 20.222767 3.684308 2.316628 18.787245 0.000005 0.000001 10.751610 -0.479867 1.397903 0.000000 0.000000 0.000000 3.273805 0.305947 -0.580111 21.486792 11.830364 2.266132 8.162917 0.000002 0.000001 18.399052 -3.798980 -4.940565 0.000004 -0.000001 -0.000000 19.269857 46.454536 -16.548613 -0.423157 -0.439300 37.569927 -7.893949 5.862692 -3.816580 1.634112 -1.944094 0.141312 -0.000000 0.000001 0.000002 -18.041080 -17.939657 0.531496 0.364953 0.749994 31.324871 16.551109 13.801101 -19.057343 -1.431706 0.880833 -0.826996 -0.000000 -0.000001 -0.000001 
-3.486312 92.829086 3.564219 -0.813931 -13.044533 -5.108201 1.611900 0.801099 2.027123 -0.338762 1.329476 -4.545692 -0.437862 -0.063255 11.485787 -8.828906 9.063485 18.451218 4.313832 17.954878 -2.898347 -4.122932 20.331989 -15.320880 0.000077 -0.000023 0.000006 -0.013388 -0.024986 0.022238 0.685437 -3.770822 -10.827008 -0.720639 3.729476 -10.860378 0.411231 -9.228021 7.235853 -44.533421 -22.070417 -39.516926 178.849304 -48.945034 -179.508774 9.979401 -9.691488 -18.013487 -5.882100 9.861278 0.702590 -10.936857 -0.360574 7.156196 0.000001 8.774812 -0.000000 -16.314291 17.726929 6.147687 -1.844032 2.498503 -2.507276 -10.163589 4.678939 4.621103 -20.975992 -0.000004 0.000001 -21.226250 2.451692 -3.593992 0.000001 -0.000007 -0.000000 -1.362680 2.240795 -0.746323 -21.334892 0.584909 3.008319 -13.821193 -0.000003 0.000002 -23.887129 -0.249078 -0.839483 -59.781384 2.542956 -0.933628 -0.294025 1.679686 0.833255 -14.218194 0.093215 1.300579 -34.212002 -0.287563 0.967168 -20.033176 0.964535 1.212841 -0.000000 -0.000000 0.000000 -3.440385 0.788233 0.501655 -15.928167 -3.167306 2.999703 -6.338816 -0.000001 0.000001 -18.123415 3.648176 -4.905662 -0.000004 -0.000000 -0.000002 -0.019187 17.322401 10.558114 66.796394 56.666821 22.543499 179.657516 57.921341 179.637558 1.524599 -1.031638 -10.545272 2.243541 -5.255032 -3.180156 14.282877 -0.826595 6.952493 -0.000003 -12.690590 0.000000 15.769750 -17.950661 2.623873 1.665665 -1.955921 -2.878297 4.727793 -4.170584 4.993919 11.020513 0.000002 -0.000001 12.109032 -3.735712 -2.866777 -0.000001 -0.000000 0.000001 1.291984 -1.928547 -1.498086 14.800113 0.567467 3.865602 14.242554 -1.341735 -6.660647 19.631939 0.143925 -0.648243 49.871605 -0.954550 -6.033690 0.353027 -1.511148 -0.031938 20.222767 3.684306 2.316628 18.787247 0.000005 -0.000000 10.751610 -0.479867 1.397904 -0.000000 0.000000 0.000000 3.273803 0.305948 -0.580110 21.486792 11.830362 2.266130 8.162918 0.000001 0.000001 18.399054 -3.798976 -4.940566 0.000003 0.000001 0.000000 19.526375 46.359203 -16.189842 -0.416713 -0.442049 36.897640 -8.146254 5.666358 -3.104155 1.633154 -1.925823 0.229269 0.000000 0.000001 0.000002 -17.668081 -17.897800 0.333522 0.340302 0.744189 31.616510 15.903805 13.775892 -19.569118 -1.434701 0.869365 -0.798286 -0.000000 -0.000000 -0.000001 
-3.830555 92.869049 3.330908 -0.723359 -13.058700 -5.201726 1.665530 0.795920 1.965539 -0.304474 1.281376 -4.532360 -0.361969 -0.197892 11.472708 -8.850210 9.096711 18.512770 4.318127 17.970041 -2.886075 -4.196944 20.304079 -15.119513 0.000077 -0.000021 0.000006 -0.013370 -0.013768 0.031962 0.691925 -3.765656 -10.805984 -0.726394 3.736416 -10.839411 0.232929 -9.291039 7.357828 -44.632050 -22.153910 -39.418831 178.979919 -49.173576 -179.597504 9.997452 -9.817753 -17.873632 -5.882101 9.861279 0.702589 -10.936858 -0.360572 7.156196 0.000001 8.774814 -0.000001 -16.339638 17.731916 6.147437 -1.844031 2.498503 -2.507276 -10.163589 4.678940 4.621103 -20.975992 -0.000004 -0.000000 -21.226255 2.451691 -3.593995 -0.000001 -0.000006 0.000000 -1.362681 2.240797 -0.746323 -21.334892 0.584909 3.008318 -13.821198 -0.000003 0.000001 -23.887133 -0.249080 -0.839483 -59.838600 2.519016 -0.925436 -0.294024 1.679687 0.833255 -14.218192 0.093214 1.300578 -34.212006 -0.287565 0.967165 -20.033176 0.964533 1.212840 -0.000000 -0.000000 -0.000000 -3.440386 0.788232 0.501655 -15.928165 -3.167306 2.999702 -6.338815 -0.000001 0.000000 -18.123411 3.648176 -4.905663 -0.000005 -0.000000 -0.000001 -0.114893 17.163980 10.531472 66.781242 56.539528 22.663223 179.895309 57.854240 179.802979 1.804121 -1.186534 -10.351251 2.243540 -5.255033 -3.180156 14.282875 -0.826592 6.952497 -0.000002 -12.690593 0.000000 15.775523 -17.977070 2.620857 1.665663 -1.955919 -2.878298 4.727795 -4.170585 4.993919 11.020511 0.000002 0.000000 12.109029 -3.735709 -2.866779 -0.000001 -0.000000 0.000002 1.291984 -1.928548 -1.498087 14.800111 0.567467 3.865603 14.242553 -1.341735 -6.660646 19.631933 0.143923 -0.648240 49.986320 -0.947517 -6.064771 0.353029 -1.511150 -0.031941 20.222765 3.684308 2.316630 18.787243 0.000005 -0.000000 10.751610 -0.479867 1.397903 0.000000 0.000000 0.000000 3.273804 0.305947 -0.580111 21.486792 11.830364 2.266132 8.162918 0.000001 0.000002 18.399054 -3.798978 -4.940567 0.000003 -0.000000 0.000001 19.668854 46.436592 -15.957493 -0.417991 -0.460928 36.362156 -8.326787 5.396176 -2.488432 1.629938 -1.927899 0.316184 -0.000000 0.000001 0.000002 -17.463705 -17.839247 0.191821 0.335892 0.708014 31.850304 15.416327 13.754617 -19.891333 -1.434439 0.856732 -0.754404 0.000000 0.000001 -0.000001 
-4.086905 92.918312 3.195049 -0.621164 -13.023036 -5.277388 1.716267 0.810300 1.928794 -0.279091 1.207242 -4.528158 -0.290089 -0.286816 11.437577 -8.840219 9.154349 18.578222 4.310322 17.972876 -2.873907 -4.290464 20.296015 -14.927369 0.000077 -0.000021 0.000006 -0.015060 -0.013974 0.032736 0.696402 -3.753937 -10.782560 -0.724483 3.729881 -10.818410 0.031916 -9.338087 7.479511 -44.720444 -22.198822 -39.383846 179.124023 -49.424507 -179.691879 10.037349 -9.932805 -17.566767 -5.882101 9.861279 0.702590 -10.936859 -0.360575 7.156197 0.000001 8.774817 -0.000002 -16.341885 17.765013 6.146007 -1.844031 2.498502 -2.507276 -10.163591 4.678941 4.621104 -20.976000 -0.000004 0.000003 -21.226255 2.451693 -3.593992 -0.000001 -0.000007 0.000001 -1.362680 2.240797 -0.746322 -21.334892 0.584908 3.008321 -13.821197 -0.000003 0.000002 -23.887129 -0.249078 -0.839480 -59.857273 2.513558 -0.917334 -0.294023 1.679685 0.833255 -14.218192 0.093215 1.300579 -34.212002 -0.287564 0.967171 -20.033180 0.964535 1.212843 -0.000000 -0.000000 0.000000 -3.440387 0.788232 0.501655 -15.928169 -3.167308 2.999704 -6.338818 -0.000001 0.000001 -18.123411 3.648177 -4.905661 -0.000006 -0.000000 -0.000002 -0.200991 17.045439 10.534172 66.669609 56.517178 22.659039 -179.892258 57.868454 179.960648 2.041259 -1.297358 -10.245698 2.243540 -5.255031 -3.180153 14.282878 -0.826592 6.952496 -0.000003 -12.690591 -0.000001 15.886281 -18.002396 2.633000 1.665664 -1.955919 -2.878294 4.727793 -4.170585 4.993918 11.020510 0.000003 -0.000001 12.109033 -3.735709 -2.866777 -0.000001 -0.000000 0.000000 1.291986 -1.928548 -1.498086 14.800113 0.567468 3.865604 14.242554 -1.341737 -6.660648 19.631939 0.143925 -0.648243 50.147400 -0.958702 -6.089868 0.353027 -1.511149 -0.031940 20.222767 3.684305 2.316627 18.787247 0.000005 -0.000002 10.751611 -0.479867 1.397903 0.000000 0.000000 -0.000001 3.273806 0.305945 -0.580109 21.486794 11.830361 2.266134 8.162917 0.000001 0.000002 18.399054 -3.798980 -4.940567 0.000003 0.000001 0.000001 19.763882 46.622692 -15.738138 -0.431057 -0.461789 35.934860 -8.460785 5.042847 -1.952696 1.630812 -1.908538 0.406557 0.000000 -0.000000 0.000002 -17.344797 -17.790691 0.130448 0.334103 0.731400 32.005608 15.056379 13.669088 -20.073050 -1.436625 0.849575 -0.723986 0.000000 -0.000001 -0.000001 
-4.277557 92.930725 2.999375 -0.517109 -12.906796 -5.334514 1.752507 0.789626 1.893888 -0.258712 1.158550 -4.523691 -0.217466 -0.336372 11.398757 -8.829782 9.209783 18.577951 4.293161 17.950815 -2.876994 -4.362076 20.278502 -14.723901 0.000077 -0.000021 0.000006 -0.009901 -0.013936 0.035287 0.697763 -3.767306 -10.765326 -0.724034 3.731602 -10.802150 -0.157550 -9.368123 7.577701 -44.759010 -22.203335 -39.333706 179.188492 -49.655083 -179.737152 10.054749 -10.025297 -17.175508 -5.882102 9.861278 0.702589 -10.936862 -0.360574 7.156197 -0.000001 8.774813 -0.000002 -16.303474 17.786407 6.108743 -1.844031 2.498502 -2.507276 -10.163589 4.678940 4.621104 -20.975994 -0.000003 0.000001 -21.226248 2.451693 -3.593995 -0.000001 -0.000007 0.000000 -1.362680 2.240796 -0.746323 -21.334888 0.584910 3.008319 -13.821197 -0.000003 0.000001 -23.887131 -0.249078 -0.839483 -59.824707 2.526830 -0.911210 -0.294023 1.679686 0.833255 -14.218194 0.093216 1.300578 -34.211998 -0.287563 0.967167 -20.033176 0.964535 1.212840 -0.000000 0.000000 -0.000000 -3.440384 0.788233 0.501655 -15.928165 -3.167304 2.999703 -6.338816 -0.000001 0.000001 -18.123413 3.648175 -4.905663 -0.000006 0.000000 -0.000002 -0.290453 16.940069 10.564556 66.469810 56.545467 22.477716 -179.765594 57.890278 -179.915131 2.238429 -1.357432 -10.189318 2.243540 -5.255033 -3.180156 14.282878 -0.826593 6.952499 -0.000003 -12.690588 0.000000 15.993813 -18.015551 2.600965 1.665664 -1.955921 -2.878294 4.727791 -4.170583 4.993923 11.020509 0.000003 -0.000001 12.109029 -3.735710 -2.866779 -0.000001 -0.000000 0.000001 1.291982 -1.928548 -1.498089 14.800111 0.567468 3.865606 14.242550 -1.341735 -6.660645 19.631933 0.143925 -0.648243 50.233276 -0.920107 -6.103953 0.353029 -1.511151 -0.031940 20.222769 3.684305 2.316630 18.787243 0.000004 0.000001 10.751610 -0.479870 1.397904 0.000000 0.000001 0.000000 3.273804 0.305946 -0.580110 21.486788 11.830363 2.266135 8.162914 0.000001 0.000002 18.399052 -3.798980 -4.940566 0.000003 -0.000000 0.000001 19.699553 46.879765 -15.702043 -0.433536 -0.473799 35.566051 -8.478952 4.744590 -1.553007 1.635304 -1.906155 0.453091 0.000000 0.000000 0.000002 -17.259729 -17.803761 -0.005499 0.327240 0.735744 32.230553 14.714657 13.641101 -20.331156 -1.435022 0.822926 -0.680964 0.000000 0.000000 -0.000001 
-4.445986 92.917099 2.935424 -0.409475 -12.715118 -5.380785 1.765129 0.777087 1.870471 -0.240578 1.116820 -4.525958 -0.145604 -0.388117 11.370996 -8.833124 9.282470 18.555454 4.273216 17.935215 -2.893868 -4.434382 20.262867 -14.530149 0.000077 -0.000022 0.000006 -0.012505 -0.029509 0.029240 0.696468 -3.762319 -10.755726 -0.721035 3.719711 -10.795584 -0.286859 -9.430992 7.709754 -44.811470 -22.232801 -39.452053 179.203217 -49.853714 -179.719498 10.052128 -10.088646 -16.836084 -5.882099 9.861278 0.702590 -10.936856 -0.360574 7.156198 0.000001 8.774812 -0.000001 -16.324772 17.814810 6.069675 -1.844029 2.498502 -2.507276 -10.163589 4.678939 4.621105 -20.975992 -0.000004 0.000002 -21.226250 2.451691 -3.593993 0.000001 -0.000006 0.000001 -1.362678 2.240795 -0.746323 -21.334887 0.584909 3.008321 -13.821194 -0.000002 0.000003 -23.887129 -0.249078 -0.839480 -59.869282 2.541290 -0.929804 -0.294025 1.679686 0.833255 -14.218190 0.093214 1.300580 -34.211998 -0.287564 0.967171 -20.033175 0.964535 1.212842 -0.000000 -0.000000 0.000000 -3.440386 0.788233 0.501655 -15.928165 -3.167306 2.999705 -6.338816 -0.000001 0.000001 -18.123411 3.648176 -4.905660 -0.000006 -0.000000 -0.000001 -0.407857 16.863993 10.629136 66.270172 56.677826 22.301573 -179.624710 57.939564 -179.757751 2.282955 -1.303030 -10.204194 2.243540 -5.255031 -3.180154 14.282877 -0.826595 6.952493 -0.000001 -12.690586 0.000000 16.113171 -18.037300 2.594746 1.665666 -1.955919 -2.878299 4.727795 -4.170582 4.993915 11.020513 0.000002 -0.000002 12.109033 -3.735708 -2.866780 -0.000001 -0.000000 0.000001 1.291985 -1.928548 -1.498087 14.800114 0.567467 3.865603 14.242556 -1.341735 -6.660652 19.631941 0.143927 -0.648245 50.316486 -0.896773 -6.119423 0.353027 -1.511148 -0.031939 20.222773 3.684304 2.316627 18.787249 0.000007 -0.000002 10.751611 -0.479866 1.397903 0.000000 0.000000 -0.000001 3.273806 0.305947 -0.580110 21.486795 11.830360 2.266130 8.162917 0.000002 -0.000001 18.399054 -3.798980 -4.940568 0.000003 0.000000 0.000000 19.651768 47.080544 -15.643361 -0.440434 -0.453332 35.301128 -8.531013 4.434942 -1.350903 1.638895 -1.907443 0.504347 -0.000000 0.000000 0.000002 -17.263426 -17.867958 -0.023470 0.331406 0.753267 32.439907 14.470211 13.659804 -20.593342 -1.435671 0.803100 -0.628831 0.000000 -0.000001 -0.000001 
-4.523642 92.883759 2.906785 -0.308451 -12.420570 -5.429083 1.749514 0.748224 1.885397 -0.237897 1.107663 -4.546530 -0.070150 -0.451901 11.346179 -8.836328 9.361406 18.514656 4.270288 17.896746 -2.908159 -4.532481 20.221865 -14.394111 0.000077 -0.000022 0.000006 -0.013667 -0.040936 0.024203 0.690552 -3.771133 -10.744781 -0.721005 3.703272 -10.788060 -0.345488 -9.528602 7.855667 -44.871685 -22.268700 -39.693089 179.290878 -50.013493 -179.673523 10.028614 -10.070162 -16.725140 -5.882102 9.861278 0.702590 -10.936859 -0.360574 7.156197 0.000000 8.774814 -0.000000 -16.276457 17.841137 6.051404 -1.844032 2.498503 -2.507276 -10.163591 4.678940 4.621105 -20.975996 -0.000004 0.000002 -21.226255 2.451692 -3.593992 0.000001 -0.000006 -0.000000 -1.362681 2.240797 -0.746323 -21.334898 0.584909 3.008321 -13.821198 -0.000003 0.000003 -23.887133 -0.249078 -0.839480 -59.828117 2.550393 -0.969437 -0.294024 1.679686 0.833255 -14.218197 0.093215 1.300580 -34.212006 -0.287564 0.967170 -20.033182 0.964535 1.212843 -0.000000 -0.000000 -0.000000 -3.440384 0.788233 0.501655 -15.928169 -3.167306 2.999704 -6.338817 -0.000001 0.000001 -18.123415 3.648176 -4.905661 -0.000005 -0.000000 -0.000001 -0.543640 16.793440 10.697380 66.094574 56.798439 22.062239 -179.609360 57.925514 -179.675217 2.191726 -1.204534 -10.306887 2.243541 -5.255033 -3.180155 14.282878 -0.826592 6.952497 -0.000002 -12.690591 -0.000001 16.229921 -18.085030 2.540618 1.665663 -1.955921 -2.878295 4.727794 -4.170582 4.993917 11.020511 0.000004 -0.000001 12.109031 -3.735709 -2.866781 -0.000001 -0.000000 0.000002 1.291985 -1.928548 -1.498085 14.800111 0.567467 3.865604 14.242553 -1.341733 -6.660648 19.631939 0.143926 -0.648243 50.366459 -0.878326 -6.144383 0.353028 -1.511150 -0.031940 20.222771 3.684309 2.316628 18.787245 0.000006 -0.000001 10.751611 -0.479868 1.397902 0.000000 0.000000 0.000000 3.273806 0.305946 -0.580110 21.486794 11.830364 2.266132 8.162916 0.000002 0.000001 18.399055 -3.798978 -4.940567 0.000004 0.000000 0.000000 19.490948 47.197525 -15.713872 -0.433241 -0.429484 35.191303 -8.520263 4.138035 -1.306583 1.644387 -1.897382 0.559091 -0.000000 0.000000 0.000002 -17.338572 -17.996653 0.013756 0.331796 0.814701 32.639881 14.336710 13.658905 -20.816839 -1.433015 0.802645 -0.557745 0.000000 0.000000 -0.000001 
-4.570287 92.806198 2.905166 -0.227382 -12.048390 -5.479477 1.727666 0.726374 1.930700 -0.244778 1.092305 -4.553315 -0.014904 -0.553180 11.303676 -8.821020 9.422253 18.463919 4.276423 17.837160 -2.912366 -4.628522 20.184153 -14.301618 0.000077 -0.000022 0.000006 -0.013415 -0.040447 0.015512 0.687194 -3.785125 -10.741147 -0.718796 3.682688 -10.783277 -0.297152 -9.609522 7.974187 -44.967228 -22.298744 -40.071003 179.472488 -50.140240 -179.650635 10.028169 -9.962195 -16.888397 -5.882100 9.861279 0.702590 -10.936856 -0.360576 7.156197 0.000001 8.774815 -0.000001 -16.292521 17.911467 6.037628 -1.844031 2.498501 -2.507276 -10.163589 4.678940 4.621104 -20.975994 -0.000006 0.000001 -21.226254 2.451691 -3.593994 0.000000 -0.000007 -0.000000 -1.362680 2.240796 -0.746323 -21.334896 0.584908 3.008320 -13.821198 -0.000003 0.000002 -23.887131 -0.249078 -0.839482 -59.799580 2.537490 -0.989075 -0.294025 1.679687 0.833255 -14.218194 0.093213 1.300579 -34.212002 -0.287565 0.967169 -20.033178 0.964534 1.212842 0.000000 0.000000 0.000000 -3.440385 0.788232 0.501655 -15.928167 -3.167306 2.999703 -6.338817 -0.000001 0.000001 -18.123413 3.648175 -4.905660 -0.000004 -0.000000 -0.000001 -0.722728 16.767256 10.750453 66.060135 56.980122 21.845085 -179.763031 57.953735 -179.706467 1.958021 -1.125533 -10.484645 2.243542 -5.255033 -3.180154 14.282877 -0.826594 6.952495 -0.000003 -12.690590 0.000002 16.350468 -18.107386 2.469558 1.665667 -1.955920 -2.878296 4.727792 -4.170585 4.993916 11.020511 0.000002 -0.000001 12.109035 -3.735710 -2.866779 -0.000001 -0.000000 0.000001 1.291982 -1.928547 -1.498089 14.800111 0.567468 3.865602 14.242553 -1.341734 -6.660650 19.631935 0.143927 -0.648244 50.313992 -0.881154 -6.208759 0.353029 -1.511149 -0.031941 20.222769 3.684306 2.316628 18.787245 0.000005 -0.000001 10.751611 -0.479869 1.397904 0.000000 -0.000001 -0.000001 3.273804 0.305946 -0.580111 21.486795 11.830362 2.266128 8.162917 0.000003 0.000000 18.399055 -3.798981 -4.940567 0.000003 0.000000 0.000000 19.291451 47.187645 -15.860600 -0.441725 -0.432132 35.176411 -8.475393 3.930087 -1.484444 1.649210 -1.896943 0.593913 -0.000000 0.000000 0.000002 -17.429205 -18.103745 0.070754 0.323431 0.835712 32.905930 14.263888 13.618575 -21.128996 -1.430315 0.814282 -0.510985 0.000000 -0.000001 -0.000001 
-4.579501 92.756439 2.970333 -0.174927 -11.592156 -5.538178 1.728189 0.686310 1.988380 -0.259818 1.076508 -4.571806 0.006330 -0.619650 11.302806 -8.780169 9.448841 18.376818 4.274539 17.670565 -2.948936 -4.625764 20.053156 -14.119342 0.000077 -0.000023 0.000006 -0.012850 -0.062458 -0.002572 0.687616 -3.792844 -10.728173 -0.712919 3.655707 -10.767006 -0.162327 -9.684887 8.138098 -45.114307 -22.457211 -40.623684 179.957779 -50.319126 -179.889877 10.119004 -9.924016 -17.073599 -5.882101 9.861278 0.702591 -10.936862 -0.360575 7.156198 0.000002 8.774812 0.000000 -16.308092 18.036106 6.069604 -1.844031 2.498502 -2.507275 -10.163590 4.678939 4.621105 -20.975998 -0.000005 0.000004 -21.226259 2.451694 -3.593992 0.000001 -0.000006 0.000000 -1.362681 2.240795 -0.746323 -21.334892 0.584909 3.008321 -13.821197 -0.000001 0.000004 -23.887133 -0.249076 -0.839479 -59.815865 2.551407 -1.031877 -0.294024 1.679686 0.833255 -14.218195 0.093215 1.300580 -34.212013 -0.287561 0.967172 -20.033184 0.964536 1.212843 -0.000000 -0.000000 0.000000 -3.440385 0.788233 0.501655 -15.928167 -3.167305 2.999704 -6.338818 -0.000001 0.000002 -18.123417 3.648176 -4.905660 -0.000004 -0.000000 -0.000001 -0.920811 16.749659 10.700956 66.035164 57.068005 21.526611 179.983185 57.967983 -179.859818 1.749892 -1.171007 -10.742609 2.243539 -5.255033 -3.180156 14.282877 -0.826596 6.952499 -0.000002 -12.690588 0.000001 16.295551 -18.223097 2.427664 1.665663 -1.955919 -2.878297 4.727795 -4.170582 4.993918 11.020513 0.000001 -0.000002 12.109033 -3.735711 -2.866777 -0.000001 -0.000000 0.000002 1.291986 -1.928548 -1.498086 14.800114 0.567467 3.865602 14.242551 -1.341735 -6.660648 19.631939 0.143923 -0.648245 50.228134 -0.902679 -6.263699 0.353029 -1.511149 -0.031940 20.222771 3.684305 2.316627 18.787247 0.000004 -0.000000 10.751610 -0.479871 1.397903 0.000000 -0.000001 -0.000001 3.273802 0.305945 -0.580109 21.486790 11.830360 2.266132 8.162918 0.000000 0.000000 18.399052 -3.798978 -4.940568 0.000004 -0.000001 -0.000000 19.102125 46.995152 -16.053358 -0.477005 -0.438949 35.310532 -8.452466 3.687301 -1.596768 1.654736 -1.908906 0.585740 -0.000000 0.000000 0.000002 -17.527260 -18.157654 0.312153 0.315671 0.831273 32.957497 14.326352 13.446777 -21.335527 -1.427490 0.814925 -0.517669 -0.000000 0.000001 -0.000001 
