HIERARCHY
ROOT Hips
{
	OFFSET 0.000000 0.000000 0.000000
	CHANNELS 6 Xposition Yposition Zposition Zrotation Yrotation Xrotation 
	JOINT Spine1
	{
		OFFSET -0.013727 5.003763 -0.053727
		CHANNELS 3 Zrotation Yrotation Xrotation
		JOINT Spine2
		{
			OFFSET -0.000000 7.125301 -0.029825
			CHANNELS 3 Zrotation Yrotation Xrotation
			JOINT Chest
			{
				OFFSET -0.000001 7.550064 -0.815971
				CHANNELS 3 Zrotation Yrotation Xrotation
				JOINT Neck1
				{
					OFFSET -0.181676 26.311296 -0.553348
					CHANNELS 3 Zrotation Yrotation Xrotation
					JOINT Neck2
					{
						OFFSET -0.000003 7.709399 2.302586
						CHANNELS 3 Zrotation Yrotation Xrotation
						JOINT Head
						{
							OFFSET -0.000005 6.128913 1.953709
							CHANNELS 3 Zrotation Yrotation Xrotation
							JOINT HeadEnd
							{
								OFFSET 0.003598 16.065401 -1.835380
								CHANNELS 3 Zrotation Yrotation Xrotation
								End Site
								{
									OFFSET 0.000000 0.000000 0.000000
								}
							}
							JOINT Jaw
							{
								OFFSET 0.002637 0.475591 3.094940
								CHANNELS 3 Zrotation Yrotation Xrotation
								End Site
								{
									OFFSET 0.000000 0.000000 0.000000
								}
							}
							JOINT LeftEye
							{
								OFFSET 3.206381 5.380207 7.586883
								CHANNELS 3 Zrotation Yrotation Xrotation
								End Site
								{
									OFFSET 0.000000 0.000000 0.000000
								}
							}
							JOINT RightEye
							{
								OFFSET -3.222440 5.361867 7.558232
								CHANNELS 3 Zrotation Yrotation Xrotation
								End Site
								{
									OFFSET 0.000000 0.000000 0.000000
								}
							}
						}
					}
				}
				JOINT LeftShoulder
				{
					OFFSET 1.621652 23.237164 5.113413
					CHANNELS 3 Zrotation Yrotation Xrotation
					JOINT LeftArm
					{
						OFFSET 14.919845 0.000000 -5.502326
						CHANNELS 3 Zrotation Yrotation Xrotation
						JOINT LeftForeArm
						{
							OFFSET 28.739309 0.000002 -0.002588
							CHANNELS 3 Zrotation Yrotation Xrotation
							JOINT LeftHand
							{
								OFFSET 27.093979 -0.000003 0.002609
								CHANNELS 3 Zrotation Yrotation Xrotation
								JOINT LeftHandThumb1
								{
									OFFSET 2.276481 -1.392045 3.191413
									CHANNELS 3 Zrotation Yrotation Xrotation
									JOINT LeftHandThumb2
									{
										OFFSET 4.012841 -1.828126 1.641655
										CHANNELS 3 Zrotation Yrotation Xrotation
										JOINT LeftHandThumb3
										{
											OFFSET 2.798516 0.000001 -0.000004
											CHANNELS 3 Zrotation Yrotation Xrotation
											JOINT LeftHandThumbEnd
											{
												OFFSET 3.180791 -0.000001 0.000003
												CHANNELS 3 Zrotation Yrotation Xrotation
												End Site
												{
													OFFSET 0.000000 0.000000 0.000000
												}
											}
										}
									}
								}
								JOINT LeftHandIndex1
								{
									OFFSET 3.247553 -0.531998 2.296169
									CHANNELS 3 Zrotation Yrotation Xrotation
									JOINT LeftHandIndex2
									{
										OFFSET 6.364579 0.012062 0.178600
										CHANNELS 3 Zrotation Yrotation Xrotation
										JOINT LeftHandIndex3
										{
											OFFSET 3.662366 0.000001 0.000000
											CHANNELS 3 Zrotation Yrotation Xrotation
											JOINT LeftHandIndex4
											{
												OFFSET 2.329243 0.000003 0.000004
												CHANNELS 3 Zrotation Yrotation Xrotation
												JOINT LeftHandIndexEnd
												{
													OFFSET 2.759619 -0.180539 -0.113024
													CHANNELS 3 Zrotation Yrotation Xrotation
													End Site
													{
														OFFSET 0.000000 0.000000 0.000000
													}
												}
											}
										}
									}
								}
								JOINT LeftHandMiddle1
								{
									OFFSET 3.163499 0.240982 1.000332
									CHANNELS 3 Zrotation Yrotation Xrotation
									JOINT LeftHandMiddle2
									{
										OFFSET 6.190778 -0.259276 -1.002548
										CHANNELS 3 Zrotation Yrotation Xrotation
										JOINT LeftHandMiddle3
										{
											OFFSET 4.356523 -0.000006 0.000000
											CHANNELS 3 Zrotation Yrotation Xrotation
											JOINT LeftHandMiddle4
											{
												OFFSET 2.996875 -0.000006 0.000001
												CHANNELS 3 Zrotation Yrotation Xrotation
												JOINT LeftHandMiddleEnd
												{
													OFFSET 2.304294 -0.294571 -0.031739
													CHANNELS 3 Zrotation Yrotation Xrotation
													End Site
													{
														OFFSET 0.000000 0.000000 0.000000
													}
												}
											}
										}
									}
								}
								JOINT LeftHandRing1
								{
									OFFSET 2.882642 -0.053650 -0.322543
									CHANNELS 3 Zrotation Yrotation Xrotation
									JOINT LeftHandRing2
									{
										OFFSET 5.854543 -0.486203 -1.373841
										CHANNELS 3 Zrotation Yrotation Xrotation
										JOINT LeftHandRing3
										{
											OFFSET 4.350580 0.000001 0.000004
											CHANNELS 3 Zrotation Yrotation Xrotation
											JOINT LeftHandRing4
											{
												OFFSET 2.651324 0.000008 0.000003
												CHANNELS 3 Zrotation Yrotation Xrotation
												JOINT LeftHandRingEnd
												{
													OFFSET 1.936111 0.077685 -0.000070
													CHANNELS 3 Zrotation Yrotation Xrotation
													End Site
													{
														OFFSET 0.000000 0.000000 0.000000
													}
												}
											}
										}
									}
								}
								JOINT LeftHandPinky1
								{
									OFFSET 2.865499 -0.310004 -1.600378
									CHANNELS 3 Zrotation Yrotation Xrotation
									JOINT LeftHandPinky2
									{
										OFFSET 5.087853 -1.331141 -1.771231
										CHANNELS 3 Zrotation Yrotation Xrotation
										JOINT LeftHandPinky3
										{
											OFFSET 3.070975 0.000003 0.000001
											CHANNELS 3 Zrotation Yrotation Xrotation
											JOINT LeftHandPinky4
											{
												OFFSET 1.549668 0.000000 0.000001
												CHANNELS 3 Zrotation Yrotation Xrotation
												JOINT LeftHandPinkyEnd
												{
													OFFSET 1.944895 -0.157801 0.057219
													CHANNELS 3 Zrotation Yrotation Xrotation
													End Site
													{
														OFFSET 0.000000 0.000000 0.000000
													}
												}
											}
										}
									}
								}
							}
						}
					}
				}
				JOINT RightShoulder
				{
					OFFSET -1.380118 23.180307 5.214158
					CHANNELS 3 Zrotation Yrotation Xrotation
					JOINT RightArm
					{
						OFFSET -15.037197 0.000012 -5.545604
						CHANNELS 3 Zrotation Yrotation Xrotation
						JOINT RightForeArm
						{
							OFFSET -28.736639 0.000003 -0.002597
							CHANNELS 3 Zrotation Yrotation Xrotation
							JOINT RightHand
							{
								OFFSET -27.133617 0.000000 0.002613
								CHANNELS 3 Zrotation Yrotation Xrotation
								JOINT RightHandThumb1
								{
									OFFSET -2.274037 -1.383990 3.163127
									CHANNELS 3 Zrotation Yrotation Xrotation
									JOINT RightHandThumb2
									{
										OFFSET -4.011429 -1.827468 1.640914
										CHANNELS 3 Zrotation Yrotation Xrotation
										JOINT RightHandThumb3
										{
											OFFSET -2.794934 -0.000003 -0.000003
											CHANNELS 3 Zrotation Yrotation Xrotation
											JOINT RightHandThumbEnd
											{
												OFFSET -3.183854 0.000003 0.000000
												CHANNELS 3 Zrotation Yrotation Xrotation
												End Site
												{
													OFFSET 0.000000 0.000000 0.000000
												}
											}
										}
									}
								}
								JOINT RightHandIndex1
								{
									OFFSET -3.253269 -0.520060 2.282866
									CHANNELS 3 Zrotation Yrotation Xrotation
									JOINT RightHandIndex2
									{
										OFFSET -6.341917 0.012473 0.178265
										CHANNELS 3 Zrotation Yrotation Xrotation
										JOINT RightHandIndex3
										{
											OFFSET -3.654875 -0.000009 -0.000001
											CHANNELS 3 Zrotation Yrotation Xrotation
											JOINT RightHandIndex4
											{
												OFFSET -2.327586 -0.000000 0.000000
												CHANNELS 3 Zrotation Yrotation Xrotation
												JOINT RightHandIndexEnd
												{
													OFFSET -2.761789 -0.180657 -0.113078
													CHANNELS 3 Zrotation Yrotation Xrotation
													End Site
													{
														OFFSET 0.000000 0.000000 0.000000
													}
												}
											}
										}
									}
								}
								JOINT RightHandMiddle1
								{
									OFFSET -3.168106 0.246594 1.001030
									CHANNELS 3 Zrotation Yrotation Xrotation
									JOINT RightHandMiddle2
									{
										OFFSET -6.180830 -0.258836 -1.000896
										CHANNELS 3 Zrotation Yrotation Xrotation
										JOINT RightHandMiddle3
										{
											OFFSET -4.348906 -0.000000 -0.000001
											CHANNELS 3 Zrotation Yrotation Xrotation
											JOINT RightHandMiddle4
											{
												OFFSET -3.000242 -0.000004 -0.000002
												CHANNELS 3 Zrotation Yrotation Xrotation
												JOINT RightHandMiddleEnd
												{
													OFFSET -2.302518 -0.294371 -0.031706
													CHANNELS 3 Zrotation Yrotation Xrotation
													End Site
													{
														OFFSET 0.000000 0.000000 0.000000
													}
												}
											}
										}
									}
								}
								JOINT RightHandRing1
								{
									OFFSET -2.885694 -0.067952 -0.308859
									CHANNELS 3 Zrotation Yrotation Xrotation
									JOINT RightHandRing2
									{
										OFFSET -5.854196 -0.486132 -1.373732
										CHANNELS 3 Zrotation Yrotation Xrotation
										JOINT RightHandRing3
										{
											OFFSET -4.338814 -0.000003 -0.000001
											CHANNELS 3 Zrotation Yrotation Xrotation
											JOINT RightHandRing4
											{
												OFFSET -2.654905 -0.000004 0.000004
												CHANNELS 3 Zrotation Yrotation Xrotation
												JOINT RightHandRingEnd
												{
													OFFSET -1.933570 0.077524 -0.000052
													CHANNELS 3 Zrotation Yrotation Xrotation
													End Site
													{
														OFFSET 0.000000 0.000000 0.000000
													}
												}
											}
										}
									}
								}
								JOINT RightHandPinky1
								{
									OFFSET -2.866429 -0.342798 -1.584145
									CHANNELS 3 Zrotation Yrotation Xrotation
									JOINT RightHandPinky2
									{
										OFFSET -5.091370 -1.332054 -1.772385
										CHANNELS 3 Zrotation Yrotation Xrotation
										JOINT RightHandPinky3
										{
											OFFSET -3.062666 -0.000006 0.000000
											CHANNELS 3 Zrotation Yrotation Xrotation
											JOINT RightHandPinky4
											{
												OFFSET -1.546527 0.000005 -0.000003
												CHANNELS 3 Zrotation Yrotation Xrotation
												JOINT RightHandPinkyEnd
												{
													OFFSET -1.945122 -0.157722 0.057211
													CHANNELS 3 Zrotation Yrotation Xrotation
													End Site
													{
														OFFSET 0.000000 0.000000 0.000000
													}
												}
											}
										}
									}
								}
							}
						}
					}
				}
			}
		}
	}
	JOINT LeftLeg
	{
		OFFSET 10.043214 -8.434526 2.595655
		CHANNELS 3 Zrotation Yrotation Xrotation
		JOINT LeftShin
		{
			OFFSET -0.000001 -43.221752 -0.802913
			CHANNELS 3 Zrotation Yrotation Xrotation
			JOINT LeftFoot
			{
				OFFSET 0.000001 -42.155094 -3.481523
				CHANNELS 3 Zrotation Yrotation Xrotation
				JOINT LeftToeBase
				{
					OFFSET 0.000000 -5.059475 13.231529
					CHANNELS 3 Zrotation Yrotation Xrotation
					JOINT LeftToeEnd
					{
						OFFSET -0.009607 -1.647615 6.513017
						CHANNELS 3 Zrotation Yrotation Xrotation
						End Site
						{
							OFFSET 0.000000 0.000000 0.000000
						}
					}
				}
			}
		}
	}
	JOINT RightLeg
	{
		OFFSET -10.047277 -8.295260 2.620317
		CHANNELS 3 Zrotation Yrotation Xrotation
		JOINT RightShin
		{
			OFFSET 0.000001 -43.362209 -0.805556
			CHANNELS 3 Zrotation Yrotation Xrotation
			JOINT RightFoot
			{
				OFFSET 0.000002 -42.117393 -3.478398
				CHANNELS 3 Zrotation Yrotation Xrotation
				JOINT RightToeBase
				{
					OFFSET -0.000001 -5.079609 13.284196
					CHANNELS 3 Zrotation Yrotation Xrotation
					JOINT RightToeEnd
					{
						OFFSET 0.009532 -1.634383 6.460591
						CHANNELS 3 Zrotation Yrotation Xrotation
						End Site
						{
							OFFSET 0.000000 0.000000 0.000000
						}
					}
				}
			}
		}
	}
}
MOTION
Frames: 300
Frame Time: 0.033333
-5.376456 99.410728 3.026146 -2.038841 0.094406 3.148828 -0.199246 -0.050293 -0.911557 -0.419874 -0.488227 -4.885061 0.627638 -2.448235 7.935901 4.596974 1.209081 2.449241 -1.317505 -3.168586 -3.549089 0.971195 -4.915735 -15.869725 0.000077 -0.000023 0.000006 0.023536 0.083094 0.032860 0.659974 -3.677649 -10.409706 -0.624655 3.840167 -10.379119 -11.510472 -3.220674 14.379087 -63.569324 -12.773408 2.692319 0.033362 -25.279699 -0.179160 -1.064072 1.367514 -1.018296 -5.882100 9.861279 0.702591 -10.936858 -0.360575 7.156196 0.000000 8.774814 -0.000001 -16.339214 18.177572 5.817697 -1.844031 2.498502 -2.507275 -10.163589 4.678941 4.621105 -20.975994 -0.000004 0.000005 -21.226250 2.451693 -3.593993 0.000000 -0.000006 -0.000000 -1.362680 2.240797 -0.746324 -21.334887 0.584908 3.008322 -13.821193 -0.000003 0.000004 -23.887123 -0.249078 -0.839481 -60.469841 2.400838 -1.381204 -0.294024 1.679685 0.833255 -14.218190 0.093215 1.300579 -34.212002 -0.287563 0.967169 -20.033178 0.964535 1.212843 0.000002 -0.000001 -0.000000 -3.440386 0.788232 0.501654 -15.928167 -3.167306 2.999705 -6.338816 -0.000001 0.000002 -18.123411 3.648175 -4.905661 -0.000002 0.000001 -0.000001 7.059392 8.911122 11.414180 68.128883 0.619942 10.596089 0.289088 31.965864 0.044179 6.900121 7.558143 4.332247 2.243540 -5.255033 -3.180155 14.282875 -0.826592 6.952497 -0.000003 -12.690590 -0.000001 16.421915 -18.167862 2.453207 1.665664 -1.955920 -2.878296 4.727793 -4.170582 4.993918 11.020512 0.000003 -0.000001 12.109031 -3.735709 -2.866779 -0.000000 -0.000001 0.000001 1.291984 -1.928547 -1.498088 14.800113 0.567468 3.865603 14.242554 -1.341735 -6.660648 19.631939 0.143926 -0.648242 50.724983 -0.410731 -6.174222 0.353028 -1.511148 -0.031941 20.222767 3.684308 2.316628 18.787245 0.000005 0.000001 10.751610 -0.479866 1.397905 0.000002 -0.000000 0.000003 3.273805 0.305947 -0.580110 21.486788 11.830363 2.266133 8.162915 0.000002 0.000002 18.399055 -3.798978 -4.940568 0.000005 0.000001 0.000000 7.580476 5.452745 -13.727311 -0.086589 -0.338623 18.845152 -9.374272 8.303613 -8.225388 1.643577 -1.889101 -0.675732 -0.000000 0.000000 0.000002 -5.341912 -9.091677 -4.224133 0.064845 0.359159 8.796176 12.227811 -9.340066 -6.156805 -1.426275 1.109668 -0.789884 -0.000000 0.000001 -0.000001 
-5.414109 99.531212 2.869426 -2.271904 0.014883 3.387544 -0.104198 -0.031571 -0.849822 -0.397564 -0.451214 -4.869104 0.647229 -2.434593 7.781471 4.790816 1.043103 2.151664 -1.396140 -3.239266 -3.532173 0.965724 -5.089877 -15.991070 0.000077 -0.000022 0.000006 0.025596 0.064620 0.032607 0.662111 -3.698658 -10.426237 -0.623162 3.830560 -10.401929 -11.252954 -3.186120 14.434947 -63.889996 -12.550776 3.271772 0.202551 -26.018642 -0.211943 -1.758776 1.802850 0.024567 -5.882102 9.861278 0.702588 -10.936859 -0.360574 7.156197 0.000001 8.774812 0.000000 -16.319305 18.136801 5.884618 -1.844031 2.498501 -2.507277 -10.163590 4.678939 4.621104 -20.975994 -0.000005 0.000002 -21.226254 2.451692 -3.593994 -0.000000 -0.000006 0.000001 -1.362680 2.240796 -0.746324 -21.334892 0.584908 3.008320 -13.821197 -0.000002 0.000002 -23.887133 -0.249079 -0.839481 -60.499947 2.435908 -1.305648 -0.294025 1.679686 0.833255 -14.218194 0.093214 1.300578 -34.212006 -0.287564 0.967168 -20.033175 0.964536 1.212844 0.000000 -0.000000 -0.000001 -3.440386 0.788232 0.501655 -15.928169 -3.167307 2.999703 -6.338818 -0.000002 0.000000 -18.123411 3.648175 -4.905661 -0.000003 0.000001 -0.000002 6.521068 8.931249 11.341275 68.418068 0.103591 10.911279 0.160998 32.124420 0.016941 6.983420 7.347507 4.452919 2.243540 -5.255033 -3.180156 14.282875 -0.826595 6.952496 -0.000002 -12.690590 -0.000001 16.429247 -18.072826 2.433534 1.665664 -1.955919 -2.878299 4.727794 -4.170583 4.993917 11.020511 0.000003 0.000000 12.109033 -3.735711 -2.866778 -0.000001 -0.000001 0.000001 1.291984 -1.928547 -1.498086 14.800114 0.567467 3.865604 14.242553 -1.341735 -6.660648 19.631939 0.143926 -0.648242 50.490368 -0.380123 -6.102451 0.353028 -1.511149 -0.031938 20.222769 3.684304 2.316629 18.787245 0.000003 0.000000 10.751611 -0.479868 1.397903 0.000001 0.000001 0.000000 3.273805 0.305947 -0.580109 21.486790 11.830360 2.266130 8.162916 0.000003 0.000001 18.399057 -3.798979 -4.940566 0.000005 0.000001 -0.000001 7.823612 5.507970 -13.819238 -0.075937 -0.332746 18.325291 -9.103840 8.582132 -7.816009 1.636806 -1.908064 -0.822473 0.000000 -0.000000 0.000002 -4.994873 -8.904158 -4.391416 0.054916 0.321904 8.321976 12.092369 -9.612296 -5.436259 -1.429257 1.062819 -0.851084 -0.000000 -0.000000 -0.000001 
-5.255738 99.564682 2.569587 -2.532732 -0.061825 3.589935 -0.004096 -0.009065 -0.811637 -0.381492 -0.465983 -4.859389 0.682041 -2.410535 7.723954 4.986428 0.924796 1.898604 -1.505863 -3.335796 -3.524195 1.024059 -5.259882 -15.945262 0.000077 -0.000022 0.000007 0.027214 0.046898 0.050123 0.658502 -3.737987 -10.452500 -0.617049 3.823805 -10.431348 -11.187117 -3.129419 14.459497 -63.852390 -12.297650 4.060650 0.293420 -27.149094 -0.251552 -2.312344 2.012223 1.091110 -5.882101 9.861279 0.702590 -10.936858 -0.360574 7.156196 -0.000000 8.774815 -0.000003 -16.294790 18.181065 5.960445 -1.844031 2.498502 -2.507275 -10.163589 4.678941 4.621103 -20.975994 -0.000001 0.000004 -21.226255 2.451695 -3.593995 0.000000 -0.000006 -0.000001 -1.362681 2.240796 -0.746320 -21.334887 0.584911 3.008320 -13.821193 -0.000001 0.000002 -23.887121 -0.249075 -0.839483 -60.454109 2.498224 -1.234732 -0.294025 1.679687 0.833256 -14.218192 0.093217 1.300578 -34.211998 -0.287560 0.967169 -20.033176 0.964537 1.212840 0.000000 -0.000000 -0.000001 -3.440385 0.788232 0.501656 -15.928165 -3.167306 2.999703 -6.338817 0.000000 0.000002 -18.123413 3.648178 -4.905661 -0.000003 0.000000 -0.000003 6.266788 8.880020 11.254003 68.367249 -0.435829 11.274962 0.013781 32.242516 -0.015386 7.158261 7.335042 4.269673 2.243540 -5.255034 -3.180153 14.282877 -0.826594 6.952495 -0.000001 -12.690592 -0.000001 16.402523 -17.976902 2.434834 1.665666 -1.955920 -2.878296 4.727794 -4.170583 4.993917 11.020511 0.000002 -0.000001 12.109033 -3.735711 -2.866777 -0.000001 -0.000000 0.000001 1.291984 -1.928548 -1.498087 14.800111 0.567467 3.865602 14.242553 -1.341738 -6.660650 19.631939 0.143926 -0.648245 50.286861 -0.391155 -6.089241 0.353028 -1.511149 -0.031940 20.222769 3.684305 2.316628 18.787245 0.000005 -0.000000 10.751610 -0.479867 1.397902 -0.000001 0.000000 0.000001 3.273804 0.305947 -0.580111 21.486790 11.830361 2.266130 8.162915 0.000000 -0.000001 18.399054 -3.798979 -4.940568 0.000005 0.000000 -0.000002 7.960545 5.552443 -14.352295 -0.056274 -0.322031 18.581678 -8.785665 8.741560 -7.717432 1.634012 -1.947109 -0.907475 0.000000 -0.000000 0.000002 -4.743109 -8.651659 -4.682129 0.045925 0.279244 8.002181 12.036523 -9.734733 -4.928625 -1.431110 1.002867 -0.858369 0.000000 0.000000 -0.000001 
-4.978111 99.487206 2.224235 -2.737303 -0.259000 3.717663 0.054639 0.022163 -0.761577 -0.395052 -0.462893 -4.854455 0.680951 -2.406557 7.727173 5.147246 0.888940 1.736951 -1.578296 -3.432437 -3.543398 1.034274 -5.363361 -15.832668 0.000077 -0.000023 0.000006 0.028504 0.046726 0.067021 0.650571 -3.748553 -10.477987 -0.605757 3.826987 -10.464722 -11.299088 -3.034234 14.381202 -63.468437 -11.927402 4.884629 0.242260 -28.562029 -0.212627 -2.412840 1.965997 1.883910 -5.882101 9.861277 0.702590 -10.936860 -0.360575 7.156198 0.000002 8.774812 -0.000001 -16.263620 18.269196 6.043848 -1.844031 2.498502 -2.507275 -10.163591 4.678937 4.621102 -20.976000 -0.000006 0.000004 -21.226255 2.451692 -3.593992 0.000002 -0.000006 -0.000000 -1.362680 2.240795 -0.746322 -21.334896 0.584905 3.008321 -13.821198 -0.000003 0.000003 -23.887133 -0.249080 -0.839481 -60.473732 2.528286 -1.181447 -0.294025 1.679686 0.833255 -14.218197 0.093214 1.300580 -34.212013 -0.287567 0.967172 -20.033184 0.964534 1.212843 -0.000000 -0.000000 -0.000002 -3.440386 0.788233 0.501655 -15.928173 -3.167308 2.999703 -6.338820 -0.000001 0.000003 -18.123415 3.648175 -4.905661 -0.000003 0.000001 -0.000001 6.332449 8.745451 11.202950 67.994049 -0.704422 11.419758 -0.000909 32.064976 -0.075542 7.228379 7.369305 4.138789 2.243540 -5.255033 -3.180156 14.282877 -0.826593 6.952495 -0.000004 -12.690590 0.000000 16.353485 -17.913301 2.462269 1.665665 -1.955920 -2.878298 4.727794 -4.170583 4.993918 11.020512 0.000003 -0.000001 12.109034 -3.735710 -2.866778 0.000000 -0.000000 -0.000000 1.291984 -1.928546 -1.498088 14.800114 0.567468 3.865602 14.242554 -1.341732 -6.660648 19.631941 0.143928 -0.648243 50.225906 -0.421323 -6.076967 0.353029 -1.511150 -0.031941 20.222773 3.684308 2.316628 18.787249 0.000006 0.000000 10.751610 -0.479869 1.397904 -0.000001 0.000000 -0.000000 3.273805 0.305947 -0.580109 21.486797 11.830361 2.266131 8.162916 0.000002 -0.000001 18.399057 -3.798979 -4.940567 0.000004 0.000000 -0.000001 7.968699 5.660802 -15.164821 -0.048755 -0.316617 19.570566 -8.446209 8.793999 -7.991246 1.633003 -1.989658 -0.884803 0.000000 -0.000000 0.000002 -4.623891 -8.357238 -5.169861 0.034272 0.255819 8.093418 12.109227 -9.745221 -4.907684 -1.431758 0.983448 -0.778876 -0.000000 -0.000000 -0.000001 
-4.577639 99.335167 1.955451 -2.825247 -0.617384 3.785352 0.036655 0.042233 -0.690545 -0.432965 -0.447195 -4.846082 0.633417 -2.355384 7.771464 5.271433 0.932480 1.583248 -1.627217 -3.478225 -3.562701 1.006552 -5.412706 -15.630790 0.000077 -0.000023 0.000006 0.028713 0.040533 0.074635 0.637735 -3.738265 -10.461194 -0.593711 3.817292 -10.457705 -11.648571 -2.917707 14.228584 -62.733742 -11.477094 5.629515 0.098164 -30.122435 -0.115822 -2.072603 1.642877 2.153690 -5.882101 9.861278 0.702589 -10.936859 -0.360574 7.156198 0.000001 8.774813 0.000000 -16.181232 18.366312 6.145679 -1.844031 2.498502 -2.507277 -10.163589 4.678940 4.621105 -20.975994 -0.000003 0.000004 -21.226255 2.451693 -3.593993 0.000001 -0.000006 -0.000001 -1.362680 2.240797 -0.746321 -21.334894 0.584909 3.008322 -13.821197 -0.000003 0.000004 -23.887131 -0.249078 -0.839480 -60.553783 2.556884 -1.102920 -0.294025 1.679686 0.833256 -14.218194 0.093217 1.300578 -34.212002 -0.287562 0.967170 -20.033180 0.964535 1.212841 0.000001 0.000000 0.000001 -3.440386 0.788232 0.501656 -15.928169 -3.167305 2.999705 -6.338817 -0.000002 0.000002 -18.123411 3.648176 -4.905659 -0.000002 -0.000000 -0.000001 6.657684 8.581256 11.142851 67.440666 -0.760443 11.415353 0.069870 31.661993 -0.095023 7.229236 7.232691 4.040522 2.243540 -5.255033 -3.180156 14.282877 -0.826594 6.952494 -0.000002 -12.690592 -0.000002 16.271341 -17.953829 2.507281 1.665665 -1.955921 -2.878298 4.727794 -4.170583 4.993920 11.020513 0.000003 -0.000001 12.109033 -3.735710 -2.866779 0.000000 -0.000000 0.000002 1.291984 -1.928548 -1.498088 14.800111 0.567467 3.865602 14.242553 -1.341735 -6.660648 19.631937 0.143925 -0.648245 50.180241 -0.450027 -6.135533 0.353028 -1.511150 -0.031940 20.222765 3.684307 2.316627 18.787245 0.000004 0.000001 10.751610 -0.479867 1.397904 -0.000000 0.000000 -0.000000 3.273804 0.305947 -0.580110 21.486788 11.830364 2.266129 8.162916 0.000002 0.000000 18.399052 -3.798978 -4.940568 0.000005 -0.000000 -0.000001 7.782320 5.866622 -15.992168 -0.050211 -0.303496 20.907806 -8.060958 8.890934 -8.531961 1.635756 -2.011192 -0.760952 0.000000 -0.000000 0.000002 -4.769280 -7.925502 -5.721427 0.018132 0.215092 8.583602 12.350777 -9.638225 -5.257102 -1.434469 0.974084 -0.673199 -0.000000 -0.000000 -0.000001 
-4.064841 99.198090 1.614268 -2.767849 -1.196147 3.834020 -0.073802 0.050979 -0.594157 -0.466630 -0.428077 -4.808563 0.524356 -2.261092 7.844918 5.311932 1.031800 1.374540 -1.634918 -3.424351 -3.592337 0.976771 -5.341022 -15.362064 0.000077 -0.000022 0.000006 0.029426 0.053971 0.073972 0.634753 -3.713684 -10.451735 -0.588551 3.824533 -10.445393 -12.117293 -2.791795 14.041032 -61.798679 -10.994102 6.212313 0.016587 -31.553759 -0.081271 -1.469167 1.212436 1.866950 -5.882101 9.861279 0.702590 -10.936859 -0.360576 7.156196 0.000001 8.774814 -0.000001 -16.091625 18.410624 6.279580 -1.844031 2.498503 -2.507277 -10.163589 4.678939 4.621103 -20.975994 -0.000004 0.000003 -21.226254 2.451693 -3.593993 0.000001 -0.000006 -0.000000 -1.362681 2.240796 -0.746321 -21.334887 0.584907 3.008318 -13.821198 -0.000002 0.000002 -23.887133 -0.249080 -0.839481 -60.621593 2.592898 -1.027985 -0.294025 1.679686 0.833256 -14.218194 0.093214 1.300578 -34.211998 -0.287564 0.967165 -20.033176 0.964533 1.212841 -0.000000 0.000001 -0.000001 -3.440385 0.788231 0.501654 -15.928167 -3.167305 2.999701 -6.338818 -0.000002 0.000002 -18.123415 3.648175 -4.905661 -0.000003 0.000001 -0.000001 7.051611 8.467902 11.084497 66.902092 -0.604389 11.329847 0.166799 31.218847 -0.084270 7.267761 6.900161 4.221160 2.243540 -5.255033 -3.180154 14.282877 -0.826593 6.952495 -0.000002 -12.690592 -0.000001 16.163618 -18.045761 2.551154 1.665664 -1.955920 -2.878297 4.727795 -4.170584 4.993917 11.020512 0.000003 -0.000001 12.109032 -3.735710 -2.866780 -0.000001 -0.000000 0.000000 1.291984 -1.928547 -1.498089 14.800111 0.567468 3.865602 14.242553 -1.341734 -6.660648 19.631941 0.143928 -0.648244 50.208340 -0.463021 -6.257314 0.353028 -1.511149 -0.031941 20.222771 3.684306 2.316629 18.787245 0.000004 0.000001 10.751613 -0.479868 1.397905 0.000000 0.000000 0.000001 3.273804 0.305947 -0.580110 21.486790 11.830362 2.266130 8.162916 0.000002 0.000000 18.399055 -3.798977 -4.940567 0.000004 0.000000 -0.000001 7.357215 6.172584 -16.676456 -0.051732 -0.280989 21.991129 -7.601814 9.161765 -8.944940 1.638364 -2.019302 -0.585348 -0.000000 0.000000 0.000002 -5.167602 -7.493823 -6.595531 0.004406 0.198207 9.565423 12.654659 -9.391183 -5.524798 -1.439129 0.999894 -0.628557 0.000000 0.000000 -0.000001 
-3.360907 99.145493 1.257501 -2.523103 -1.998641 3.903855 -0.284938 0.027059 -0.474105 -0.492132 -0.365709 -4.738393 0.374249 -2.181434 7.900422 5.213535 1.202094 1.101718 -1.618592 -3.346063 -3.611472 0.987084 -5.142189 -15.135087 0.000077 -0.000022 0.000006 0.030241 0.071889 0.064075 0.637693 -3.691917 -10.449766 -0.590196 3.825213 -10.442676 -12.508980 -2.688206 13.869888 -61.040707 -10.641006 6.440451 0.000924 -32.401093 -0.040492 -0.909399 0.849184 1.214665 -5.882101 9.861279 0.702589 -10.936858 -0.360575 7.156196 0.000001 8.774812 -0.000003 -16.052767 18.427645 6.315619 -1.844031 2.498504 -2.507276 -10.163589 4.678939 4.621103 -20.975994 -0.000004 0.000002 -21.226250 2.451694 -3.593996 0.000001 -0.000006 -0.000000 -1.362680 2.240795 -0.746323 -21.334894 0.584908 3.008318 -13.821195 -0.000003 0.000002 -23.887131 -0.249079 -0.839482 -60.652855 2.601419 -1.048101 -0.294024 1.679685 0.833256 -14.218192 0.093216 1.300581 -34.212006 -0.287563 0.967169 -20.033178 0.964534 1.212841 -0.000000 -0.000000 0.000001 -3.440385 0.788233 0.501655 -15.928165 -3.167306 2.999703 -6.338817 -0.000000 0.000000 -18.123413 3.648177 -4.905662 -0.000004 0.000001 -0.000002 7.251501 8.496957 11.090397 66.730118 -0.227532 11.109342 0.169843 30.929705 -0.044356 7.262627 6.533362 4.485320 2.243540 -5.255033 -3.180155 14.282877 -0.826593 6.952494 -0.000004 -12.690590 0.000000 16.103590 -18.116749 2.558447 1.665665 -1.955920 -2.878296 4.727794 -4.170583 4.993918 11.020514 0.000004 -0.000001 12.109033 -3.735708 -2.866780 -0.000001 -0.000000 0.000001 1.291985 -1.928549 -1.498088 14.800111 0.567468 3.865600 14.242554 -1.341733 -6.660648 19.631939 0.143928 -0.648244 50.331421 -0.428817 -6.318065 0.353028 -1.511148 -0.031941 20.222771 3.684307 2.316627 18.787247 0.000007 -0.000001 10.751610 -0.479866 1.397902 -0.000002 0.000000 0.000000 3.273804 0.305947 -0.580110 21.486790 11.830366 2.266127 8.162916 0.000002 -0.000001 18.399052 -3.798976 -4.940568 0.000003 0.000000 0.000000 6.582992 6.526217 -17.046560 -0.046068 -0.269302 22.431540 -7.003038 9.699853 -9.077231 1.643076 -2.010387 -0.389436 0.000000 -0.000000 0.000002 -5.843341 -7.229663 -7.641820 0.007435 0.230198 10.579261 12.947239 -9.003413 -5.314361 -1.443029 1.012509 -0.633795 0.000000 0.000000 -0.000001 
-2.507912 99.161018 0.808226 -2.094526 -3.096317 4.041668 -0.606870 0.000837 -0.304522 -0.512754 -0.285625 -4.627685 0.216645 -2.107915 7.897519 4.968783 1.385622 0.757191 -1.590204 -3.170354 -3.615477 0.992628 -4.911798 -15.072678 0.000077 -0.000022 0.000006 0.034777 0.102268 0.052904 0.649661 -3.663053 -10.479250 -0.592156 3.847408 -10.456384 -12.682817 -2.628578 13.705924 -60.602081 -10.373216 6.427092 0.042130 -32.707474 -0.035553 -0.494722 0.666964 0.252714 -5.882101 9.861278 0.702590 -10.936857 -0.360575 7.156196 0.000001 8.774813 -0.000001 -16.032452 18.400497 6.294739 -1.844032 2.498503 -2.507274 -10.163589 4.678939 4.621104 -20.975994 -0.000003 0.000002 -21.226254 2.451691 -3.593995 0.000001 -0.000006 -0.000001 -1.362680 2.240797 -0.746322 -21.334892 0.584909 3.008319 -13.821197 -0.000003 0.000002 -23.887129 -0.249078 -0.839482 -60.594620 2.603746 -1.147884 -0.294024 1.679687 0.833255 -14.218190 0.093215 1.300579 -34.211998 -0.287563 0.967170 -20.033176 0.964535 1.212841 0.000001 0.000000 0.000000 -3.440385 0.788232 0.501653 -15.928165 -3.167306 2.999704 -6.338817 -0.000001 0.000000 -18.123413 3.648175 -4.905663 -0.000004 -0.000000 -0.000002 7.135971 8.753047 11.093914 66.979080 0.207057 10.703773 0.108098 30.932224 -0.026393 7.151502 6.382339 4.688760 2.243540 -5.255032 -3.180156 14.282877 -0.826592 6.952497 -0.000003 -12.690590 0.000000 16.069376 -18.165064 2.575736 1.665664 -1.955919 -2.878298 4.727793 -4.170582 4.993920 11.020513 0.000004 0.000000 12.109031 -3.735709 -2.866779 -0.000001 -0.000000 0.000000 1.291984 -1.928549 -1.498088 14.800111 0.567470 3.865602 14.242551 -1.341733 -6.660650 19.631941 0.143927 -0.648242 50.455883 -0.408764 -6.326171 0.353029 -1.511150 -0.031941 20.222771 3.684308 2.316626 18.787247 0.000006 0.000001 10.751612 -0.479867 1.397905 -0.000001 0.000000 0.000001 3.273804 0.305947 -0.580111 21.486794 11.830363 2.266129 8.162915 0.000002 0.000000 18.399050 -3.798978 -4.940566 0.000003 0.000001 0.000000 5.488994 7.007433 -17.257580 -0.035291 -0.244526 22.322950 -6.302752 10.508470 -8.915282 1.650056 -2.012484 -0.200328 -0.000000 -0.000000 0.000002 -6.888676 -7.155371 -8.873104 0.030796 0.298224 11.645104 13.399239 -8.216124 -4.628651 -1.451107 1.030359 -0.730651 0.000000 0.000000 -0.000001 
-1.527468 99.222931 0.231644 -1.561140 -4.441447 4.301243 -1.016051 -0.049213 -0.102984 -0.539383 -0.160148 -4.475725 0.099043 -2.073304 7.854665 4.661331 1.556370 0.285191 -1.538559 -2.922935 -3.625857 0.969615 -4.585520 -15.177170 0.000077 -0.000022 0.000006 0.034685 0.102552 0.036211 0.656721 -3.635287 -10.494794 -0.598420 3.846606 -10.478229 -12.624132 -2.621422 13.554731 -60.481422 -10.183853 6.179804 0.091461 -32.667107 -0.048513 -0.123132 0.652037 -0.956519 -5.882102 9.861278 0.702591 -10.936859 -0.360574 7.156196 0.000000 8.774813 -0.000002 -16.070534 18.373125 6.206924 -1.844031 2.498502 -2.507276 -10.163590 4.678940 4.621101 -20.975996 -0.000003 0.000001 -21.226250 2.451691 -3.593995 0.000001 -0.000006 -0.000000 -1.362680 2.240797 -0.746323 -21.334890 0.584909 3.008320 -13.821197 -0.000002 0.000002 -23.887131 -0.249078 -0.839482 -60.510201 2.610048 -1.305268 -0.294024 1.679687 0.833256 -14.218192 0.093214 1.300579 -34.212006 -0.287563 0.967168 -20.033180 0.964534 1.212840 0.000001 0.000001 0.000000 -3.440386 0.788233 0.501654 -15.928169 -3.167306 2.999703 -6.338817 -0.000001 0.000001 -18.123415 3.648177 -4.905661 -0.000004 -0.000000 -0.000001 6.831519 9.158221 11.025634 67.413116 0.674482 10.168246 0.125642 31.287060 0.002014 7.089817 6.435172 4.913707 2.243540 -5.255033 -3.180156 14.282877 -0.826595 6.952496 -0.000002 -12.690590 0.000001 16.120144 -18.148104 2.529928 1.665664 -1.955921 -2.878297 4.727794 -4.170582 4.993919 11.020513 0.000003 0.000000 12.109034 -3.735709 -2.866780 -0.000001 -0.000000 0.000000 1.291984 -1.928548 -1.498088 14.800111 0.567467 3.865602 14.242553 -1.341736 -6.660648 19.631935 0.143925 -0.648243 50.575600 -0.382428 -6.340655 0.353029 -1.511150 -0.031941 20.222769 3.684306 2.316628 18.787245 0.000004 0.000002 10.751610 -0.479868 1.397905 -0.000001 -0.000000 0.000001 3.273804 0.305946 -0.580111 21.486788 11.830361 2.266132 8.162919 0.000002 -0.000002 18.399052 -3.798978 -4.940567 0.000002 0.000000 0.000000 4.157250 7.790977 -17.513304 -0.025730 -0.218256 21.836519 -5.496351 11.359174 -8.480744 1.656414 -2.032585 -0.010697 -0.000000 0.000000 0.000002 -8.037155 -7.472306 -10.446361 0.076128 0.393429 12.635465 13.948746 -7.022038 -3.322013 -1.458385 1.021557 -0.989337 -0.000000 -0.000000 -0.000001 
-0.561762 99.260750 -0.486620 -1.009943 -5.918087 4.645843 -1.462739 -0.112203 0.127061 -0.590168 -0.036419 -4.304498 0.035851 -1.984933 7.816512 4.385724 1.717297 -0.279595 -1.446534 -2.692779 -3.623400 0.904843 -4.220362 -15.322779 0.000077 -0.000023 0.000006 0.020722 0.049398 0.018829 0.650251 -3.686061 -10.509694 -0.617254 3.781793 -10.491818 -12.283711 -2.752657 13.469494 -60.600494 -10.114532 5.883315 0.133876 -32.317162 -0.106559 0.240771 0.649956 -2.254800 -5.882099 9.861278 0.702588 -10.936857 -0.360575 7.156199 0.000001 8.774812 -0.000001 -16.075151 18.366863 6.129688 -1.844030 2.498503 -2.507277 -10.163589 4.678940 4.621106 -20.975994 -0.000003 0.000005 -21.226250 2.451693 -3.593991 0.000001 -0.000006 0.000001 -1.362680 2.240795 -0.746323 -21.334887 0.584910 3.008321 -13.821195 -0.000002 0.000003 -23.887129 -0.249079 -0.839479 -60.390263 2.652988 -1.461921 -0.294025 1.679686 0.833254 -14.218190 0.093212 1.300580 -34.212002 -0.287564 0.967171 -20.033178 0.964535 1.212843 0.000000 0.000000 0.000000 -3.440385 0.788233 0.501655 -15.928167 -3.167305 2.999704 -6.338817 -0.000001 0.000003 -18.123411 3.648176 -4.905660 -0.000002 -0.000000 0.000000 6.536006 9.529221 10.958362 67.838905 1.228434 9.852933 0.121754 31.908587 0.020584 7.133671 6.564382 5.404446 2.243540 -5.255033 -3.180156 14.282877 -0.826594 6.952496 -0.000002 -12.690591 0.000000 16.175375 -18.066828 2.484473 1.665665 -1.955920 -2.878296 4.727793 -4.170583 4.993920 11.020511 0.000004 0.000000 12.109033 -3.735708 -2.866780 -0.000001 0.000000 -0.000000 1.291984 -1.928549 -1.498088 14.800111 0.567469 3.865602 14.242551 -1.341734 -6.660649 19.631939 0.143925 -0.648242 50.568470 -0.373505 -6.320306 0.353029 -1.511151 -0.031939 20.222769 3.684308 2.316628 18.787245 0.000005 0.000001 10.751611 -0.479867 1.397905 -0.000002 -0.000001 -0.000001 3.273804 0.305947 -0.580110 21.486792 11.830364 2.266132 8.162916 0.000001 0.000001 18.399052 -3.798980 -4.940567 0.000005 0.000001 -0.000002 2.777727 8.924785 -18.022303 -0.015983 -0.164136 21.393604 -4.687618 12.110561 -7.947357 1.660777 -2.062020 0.211246 0.000000 -0.000000 0.000002 -9.112987 -8.209187 -12.298979 0.159655 0.485843 13.611962 14.748219 -5.477655 -1.883054 -1.458618 0.988922 -1.421545 -0.000000 -0.000000 -0.000001 
0.259489 99.287880 -1.311824 -0.599924 -7.231843 4.991220 -1.906845 -0.225397 0.361240 -0.571775 0.079112 -4.105670 -0.000644 -1.800466 7.870465 4.143187 1.870150 -0.848133 -1.282277 -2.273000 -3.595845 0.747360 -4.066569 -15.414356 0.000077 -0.000023 0.000006 0.030172 0.082692 0.007926 0.681498 -3.655664 -10.567750 -0.628674 3.819913 -10.553018 -11.590953 -3.114260 13.364603 -60.706669 -10.170442 6.093143 0.093901 -31.856380 -0.049502 0.545970 0.651209 -3.976588 -5.882101 9.861279 0.702590 -10.936857 -0.360575 7.156196 0.000001 8.774812 -0.000001 -16.072218 18.423838 6.169244 -1.844031 2.498504 -2.507276 -10.163589 4.678940 4.621102 -20.975992 -0.000002 0.000004 -21.226250 2.451695 -3.593994 0.000002 -0.000006 -0.000000 -1.362681 2.240797 -0.746323 -21.334892 0.584909 3.008320 -13.821197 -0.000003 0.000002 -23.887129 -0.249077 -0.839481 -60.520969 2.517312 -1.320854 -0.294024 1.679687 0.833256 -14.218192 0.093214 1.300578 -34.212002 -0.287561 0.967171 -20.033176 0.964536 1.212842 0.000000 0.000000 0.000000 -3.440385 0.788233 0.501654 -15.928164 -3.167305 2.999705 -6.338817 -0.000001 0.000001 -18.123413 3.648177 -4.905659 -0.000003 0.000000 0.000000 6.258048 9.831030 10.904730 68.233208 1.845594 9.942268 0.048749 32.599010 -0.020906 7.127724 6.922272 5.625428 2.243540 -5.255034 -3.180155 14.282878 -0.826594 6.952496 -0.000002 -12.690591 -0.000001 16.218216 -18.161640 2.500527 1.665665 -1.955921 -2.878297 4.727794 -4.170585 4.993917 11.020513 0.000002 0.000000 12.109034 -3.735710 -2.866780 -0.000001 -0.000001 0.000001 1.291985 -1.928548 -1.498088 14.800114 0.567466 3.865603 14.242554 -1.341735 -6.660647 19.631939 0.143925 -0.648242 50.668133 -0.409403 -6.244859 0.353028 -1.511148 -0.031941 20.222769 3.684306 2.316628 18.787245 0.000004 -0.000000 10.751610 -0.479868 1.397903 -0.000001 0.000000 -0.000000 3.273804 0.305947 -0.580110 21.486788 11.830360 2.266129 8.162918 0.000001 0.000000 18.399050 -3.798978 -4.940567 0.000005 0.000001 -0.000002 1.615835 10.136809 -18.705412 0.023382 -0.079310 21.024849 -3.965950 12.793406 -7.329230 1.633730 -2.046602 0.434353 0.000000 -0.000000 0.000002 -9.825121 -9.238118 -13.926881 0.278557 0.800276 14.274765 16.145498 -3.787575 -0.916682 -1.481716 0.994659 -1.939125 -0.000000 0.000001 -0.000001 
0.881361 99.196449 -2.129224 -0.517074 -8.190152 5.175683 -2.193533 -0.325510 0.646191 -0.562564 0.103630 -4.050631 0.099384 -1.750232 8.087846 4.005708 1.827622 -1.023735 -1.156933 -1.899765 -3.577605 0.646264 -3.874941 -15.794636 0.000077 -0.000023 0.000006 0.030880 0.106635 0.011016 0.672863 -3.623580 -10.557460 -0.620731 3.834618 -10.560607 -10.891154 -3.496574 13.310090 -60.719749 -10.234991 6.094863 -0.050444 -31.228579 -0.000335 0.766705 0.492992 -4.912013 -5.882100 9.861278 0.702590 -10.936858 -0.360575 7.156197 0.000001 8.774813 -0.000002 -16.084564 18.455812 6.123601 -1.844030 2.498503 -2.507276 -10.163589 4.678940 4.621104 -20.975992 -0.000005 0.000002 -21.226250 2.451693 -3.593994 0.000001 -0.000006 -0.000001 -1.362680 2.240797 -0.746322 -21.334892 0.584907 3.008322 -13.821197 -0.000003 0.000002 -23.887123 -0.249079 -0.839479 -60.456432 2.527757 -1.376525 -0.294025 1.679687 0.833254 -14.218190 0.093214 1.300579 -34.211998 -0.287563 0.967172 -20.033175 0.964535 1.212845 0.000000 0.000000 0.000000 -3.440385 0.788232 0.501655 -15.928167 -3.167308 2.999703 -6.338815 -0.000002 0.000001 -18.123411 3.648176 -4.905661 -0.000002 -0.000000 -0.000001 6.158828 9.917230 10.816110 68.527359 2.272096 9.846419 0.199345 33.362915 0.025353 7.005969 7.423729 5.976520 2.243540 -5.255030 -3.180156 14.282877 -0.826591 6.952496 -0.000004 -12.690588 0.000000 16.345633 -18.098190 2.463355 1.665665 -1.955920 -2.878297 4.727793 -4.170582 4.993918 11.020512 0.000005 -0.000001 12.109031 -3.735708 -2.866778 -0.000000 -0.000001 0.000000 1.291984 -1.928547 -1.498089 14.800111 0.567470 3.865602 14.242553 -1.341732 -6.660652 19.631939 0.143929 -0.648242 50.611897 -0.512187 -6.163443 0.353028 -1.511151 -0.031939 20.222771 3.684309 2.316626 18.787245 0.000007 -0.000001 10.751609 -0.479868 1.397904 -0.000000 -0.000001 -0.000001 3.273805 0.305947 -0.580110 21.486795 11.830368 2.266132 8.162916 0.000004 0.000000 18.399052 -3.798976 -4.940563 0.000004 -0.000000 -0.000001 0.981033 11.289172 -19.687071 0.027645 0.007943 21.580410 -3.482584 12.990657 -7.147398 1.620606 -1.962996 0.583855 0.000000 -0.000000 0.000002 -9.907351 -10.145707 -14.903725 0.321768 0.769627 15.287069 15.958468 -3.550334 -1.840712 -1.472249 0.996819 -2.216020 0.000000 0.000000 -0.000001 
1.310562 99.146339 -2.920029 -0.680062 -8.669032 5.201033 -2.321850 -0.383832 0.924773 -0.553904 0.048248 -3.995806 0.214197 -1.811658 8.333230 4.020732 1.739003 -0.867005 -1.014081 -1.690287 -3.603028 0.595265 -3.738803 -16.009005 0.000077 -0.000023 0.000006 0.035160 0.133847 0.030937 0.673385 -3.601599 -10.547461 -0.613620 3.859728 -10.552505 -10.319871 -3.869762 13.305564 -60.484558 -10.359909 6.134951 -0.097101 -30.447765 0.020778 1.034159 0.442099 -5.882023 -5.882100 9.861279 0.702590 -10.936859 -0.360575 7.156198 0.000001 8.774815 0.000001 -16.067169 18.526344 6.171390 -1.844031 2.498503 -2.507277 -10.163590 4.678940 4.621104 -20.975996 -0.000005 0.000003 -21.226254 2.451691 -3.593994 0.000001 -0.000006 -0.000000 -1.362680 2.240795 -0.746323 -21.334892 0.584909 3.008320 -13.821197 -0.000003 0.000003 -23.887131 -0.249078 -0.839480 -60.546196 2.572614 -1.356001 -0.294025 1.679687 0.833255 -14.218192 0.093213 1.300579 -34.212006 -0.287567 0.967169 -20.033180 0.964534 1.212842 0.000000 0.000000 0.000001 -3.440386 0.788231 0.501655 -15.928169 -3.167306 2.999703 -6.338818 -0.000001 0.000002 -18.123415 3.648175 -4.905661 -0.000003 0.000000 -0.000001 6.312549 9.793137 10.785556 68.765129 2.529218 9.817781 0.252585 34.016411 0.006915 6.863368 7.918978 5.985188 2.243540 -5.255034 -3.180154 14.282877 -0.826593 6.952493 -0.000002 -12.690592 0.000000 16.380268 -18.089809 2.487570 1.665665 -1.955920 -2.878296 4.727793 -4.170584 4.993919 11.020511 0.000004 -0.000002 12.109032 -3.735709 -2.866780 0.000000 -0.000000 0.000001 1.291985 -1.928548 -1.498088 14.800113 0.567467 3.865601 14.242553 -1.341735 -6.660648 19.631939 0.143927 -0.648245 50.593426 -0.580689 -6.044493 0.353028 -1.511148 -0.031940 20.222765 3.684307 2.316626 18.787243 0.000005 -0.000002 10.751610 -0.479866 1.397902 -0.000000 -0.000001 -0.000001 3.273804 0.305947 -0.580111 21.486790 11.830364 2.266128 8.162916 0.000003 -0.000003 18.399052 -3.798980 -4.940569 0.000005 0.000001 -0.000003 0.775674 12.062807 -20.432623 0.034257 0.023550 22.004004 -3.097898 13.039557 -6.864882 1.612191 -1.922336 0.570942 0.000000 -0.000000 0.000002 -9.568048 -10.661914 -15.515691 0.307000 0.602975 18.274710 13.379583 -5.420871 -4.028368 -1.474997 0.979177 -2.121254 0.000000 -0.000001 -0.000001 
1.494672 99.050293 -3.678709 -0.893611 -8.847096 5.092598 -2.379368 -0.399303 1.135713 -0.579180 -0.032818 -3.961215 0.288228 -1.929379 8.572479 4.224848 1.631848 -0.429494 -0.944814 -1.624277 -3.642958 0.636343 -3.651392 -16.008656 0.000077 -0.000022 0.000006 0.036538 0.153889 0.042120 0.678912 -3.577911 -10.550654 -0.614053 3.881078 -10.552579 -9.882914 -4.165915 13.324654 -60.186611 -10.430875 5.925754 -0.066816 -29.615143 -0.013057 1.332197 0.380794 -6.756386 -5.882102 9.861280 0.702590 -10.936860 -0.360574 7.156196 0.000000 8.774816 0.000000 -16.041271 18.595299 6.200120 -1.844030 2.498502 -2.507277 -10.163590 4.678941 4.621105 -20.975994 -0.000004 0.000002 -21.226255 2.451693 -3.593994 0.000001 -0.000006 -0.000001 -1.362680 2.240797 -0.746322 -21.334890 0.584909 3.008320 -13.821197 -0.000002 0.000002 -23.887129 -0.249077 -0.839482 -60.676071 2.602308 -1.373636 -0.294024 1.679686 0.833254 -14.218194 0.093215 1.300579 -34.211998 -0.287562 0.967168 -20.033178 0.964535 1.212841 -0.000000 -0.000000 0.000002 -3.440385 0.788231 0.501655 -15.928167 -3.167305 2.999705 -6.338817 -0.000000 0.000002 -18.123415 3.648179 -4.905661 -0.000003 0.000000 -0.000001 6.614071 9.591398 10.786255 68.971901 2.707268 9.962855 0.248197 34.104279 0.014929 6.613223 8.238456 5.867377 2.243540 -5.255032 -3.180156 14.282877 -0.826593 6.952495 -0.000002 -12.690591 -0.000001 16.412718 -18.108465 2.545363 1.665665 -1.955921 -2.878298 4.727794 -4.170584 4.993918 11.020512 0.000003 -0.000001 12.109034 -3.735711 -2.866778 0.000000 -0.000000 0.000001 1.291985 -1.928548 -1.498088 14.800114 0.567467 3.865604 14.242554 -1.341734 -6.660648 19.631941 0.143925 -0.648242 50.657795 -0.631268 -5.947937 0.353029 -1.511150 -0.031939 20.222771 3.684304 2.316628 18.787245 0.000004 0.000001 10.751611 -0.479868 1.397903 -0.000000 0.000000 -0.000001 3.273805 0.305947 -0.580109 21.486790 11.830363 2.266133 8.162918 0.000002 -0.000001 18.399052 -3.798981 -4.940567 0.000006 0.000001 -0.000002 0.838169 12.539783 -21.122463 0.026224 -0.000034 22.643366 -2.881097 13.067805 -6.684004 1.610007 -1.890688 0.533803 -0.000000 -0.000001 0.000002 -9.313653 -10.655570 -15.561670 0.269772 0.487393 22.606384 10.304436 -8.127090 -6.113254 -1.477511 0.957240 -1.969684 -0.000000 0.000001 -0.000001 
1.476919 98.878647 -4.361125 -1.043213 -8.960205 4.909338 -2.414909 -0.418652 1.223935 -0.643322 -0.085457 -3.933710 0.300876 -2.008563 8.759802 4.546006 1.491533 0.137092 -0.937207 -1.597136 -3.670337 0.732907 -3.600265 -15.871342 0.000077 -0.000022 0.000006 0.035545 0.161534 0.048001 0.682940 -3.560772 -10.538678 -0.620581 3.881615 -10.551006 -9.559772 -4.381520 13.277802 -59.904999 -10.273570 5.461721 -0.024071 -28.818352 -0.037876 1.508860 0.311147 -7.575425 -5.882101 9.861278 0.702591 -10.936859 -0.360574 7.156199 0.000000 8.774813 -0.000002 -16.021954 18.588223 6.230031 -1.844031 2.498503 -2.507277 -10.163589 4.678940 4.621105 -20.975992 -0.000004 0.000003 -21.226254 2.451693 -3.593993 0.000001 -0.000007 -0.000001 -1.362680 2.240795 -0.746324 -21.334890 0.584908 3.008322 -13.821197 -0.000002 0.000004 -23.887129 -0.249077 -0.839480 -60.730427 2.598432 -1.361276 -0.294025 1.679686 0.833255 -14.218190 0.093214 1.300579 -34.211998 -0.287563 0.967170 -20.033175 0.964536 1.212842 0.000001 -0.000001 -0.000002 -3.440385 0.788232 0.501656 -15.928164 -3.167305 2.999703 -6.338817 -0.000001 0.000003 -18.123413 3.648175 -4.905660 -0.000003 0.000000 -0.000002 6.956460 9.368662 10.799191 69.186020 2.766833 10.392790 0.123459 33.741669 -0.008258 6.463730 8.294577 5.864269 2.243539 -5.255031 -3.180156 14.282875 -0.826594 6.952499 -0.000003 -12.690588 0.000001 16.444735 -18.090460 2.561602 1.665664 -1.955921 -2.878298 4.727794 -4.170582 4.993919 11.020511 0.000003 -0.000001 12.109030 -3.735708 -2.866780 -0.000001 -0.000000 0.000001 1.291984 -1.928548 -1.498088 14.800111 0.567467 3.865604 14.242550 -1.341735 -6.660649 19.631937 0.143924 -0.648242 50.681923 -0.647104 -5.923682 0.353029 -1.511148 -0.031941 20.222767 3.684306 2.316630 18.787243 0.000004 0.000002 10.751610 -0.479868 1.397902 -0.000000 0.000000 -0.000001 3.273804 0.305947 -0.580109 21.486790 11.830360 2.266133 8.162917 0.000003 0.000002 18.399052 -3.798980 -4.940565 0.000005 0.000000 -0.000001 1.068695 12.761487 -21.756763 0.009899 -0.030226 23.586008 -2.860813 13.217869 -6.760165 1.607937 -1.866357 0.530824 -0.000000 0.000000 0.000002 -9.273485 -10.186096 -15.023393 0.242550 0.457707 27.163177 7.985495 -10.494668 -7.354672 -1.474240 0.925171 -1.984766 0.000000 0.000001 -0.000002 
1.278490 98.637566 -5.040532 -1.111089 -9.257322 4.664139 -2.443469 -0.399393 1.242356 -0.705141 -0.098028 -3.943008 0.247313 -2.022071 8.934604 4.847856 1.329109 0.687601 -0.939879 -1.543153 -3.674084 0.811123 -3.531449 -15.689765 0.000077 -0.000022 0.000006 0.030881 0.148434 0.040745 0.683827 -3.572596 -10.546690 -0.631113 3.871809 -10.574325 -9.376277 -4.533113 13.241982 -59.723217 -9.957289 4.879437 0.049888 -28.110382 -0.061024 1.542487 0.241805 -8.356206 -5.882102 9.861279 0.702591 -10.936858 -0.360574 7.156196 -0.000000 8.774815 -0.000003 -16.063496 18.531599 6.237481 -1.844031 2.498502 -2.507275 -10.163589 4.678941 4.621102 -20.975992 -0.000002 0.000001 -21.226254 2.451694 -3.593995 0.000001 -0.000006 -0.000001 -1.362680 2.240797 -0.746323 -21.334887 0.584911 3.008320 -13.821197 -0.000002 0.000002 -23.887131 -0.249078 -0.839483 -60.738541 2.577576 -1.321927 -0.294025 1.679686 0.833255 -14.218190 0.093215 1.300579 -34.211998 -0.287564 0.967167 -20.033176 0.964536 1.212841 0.000000 -0.000000 -0.000001 -3.440385 0.788232 0.501655 -15.928165 -3.167306 2.999703 -6.338817 0.000000 0.000000 -18.123411 3.648178 -4.905663 -0.000003 0.000000 -0.000003 7.284973 9.191523 10.839311 69.344276 2.776832 10.950670 0.019347 33.127983 -0.000226 6.406699 8.146256 5.802546 2.243539 -5.255032 -3.180155 14.282875 -0.826594 6.952495 -0.000003 -12.690590 0.000000 16.458214 -18.057049 2.566857 1.665665 -1.955918 -2.878296 4.727793 -4.170584 4.993917 11.020509 0.000003 -0.000001 12.109030 -3.735709 -2.866781 -0.000000 -0.000001 0.000001 1.291984 -1.928546 -1.498087 14.800113 0.567467 3.865604 14.242553 -1.341735 -6.660649 19.631933 0.143926 -0.648243 50.612045 -0.678090 -5.958505 0.353029 -1.511149 -0.031941 20.222769 3.684306 2.316628 18.787245 0.000005 0.000001 10.751610 -0.479867 1.397904 -0.000000 -0.000001 -0.000001 3.273804 0.305947 -0.580110 21.486790 11.830360 2.266131 8.162916 0.000001 0.000000 18.399050 -3.798977 -4.940567 0.000007 -0.000000 -0.000002 1.290553 12.839883 -22.509575 -0.007265 -0.058546 24.752531 -2.856359 13.596048 -6.851366 1.607220 -1.869592 0.550950 -0.000000 0.000000 0.000002 -9.345493 -9.441132 -13.986732 0.227544 0.495328 31.165123 6.858305 -11.726047 -7.919315 -1.470379 0.900081 -2.181428 -0.000000 -0.000000 -0.000001 
0.906793 98.348022 -5.795044 -1.134331 -9.896627 4.392149 -2.426504 -0.359180 1.165728 -0.760533 -0.055201 -3.966573 0.150245 -1.972022 9.113509 5.011418 1.191677 1.177684 -0.926511 -1.458329 -3.671758 0.888631 -3.344855 -15.457964 0.000077 -0.000023 0.000006 0.023993 0.100667 0.024886 0.690052 -3.620658 -10.563574 -0.650666 3.827255 -10.595346 -9.371760 -4.550668 13.266025 -59.551685 -9.596595 4.182828 0.121775 -27.376701 -0.073075 1.414345 0.126256 -8.980193 -5.882101 9.861278 0.702589 -10.936859 -0.360574 7.156199 0.000001 8.774813 -0.000002 -16.144869 18.517950 6.213333 -1.844030 2.498502 -2.507276 -10.163589 4.678939 4.621105 -20.975992 -0.000003 0.000004 -21.226255 2.451693 -3.593992 0.000001 -0.000006 -0.000001 -1.362680 2.240797 -0.746322 -21.334892 0.584908 3.008323 -13.821194 -0.000003 0.000002 -23.887129 -0.249078 -0.839480 -60.698994 2.571429 -1.282050 -0.294024 1.679686 0.833256 -14.218192 0.093214 1.300580 -34.211998 -0.287563 0.967169 -20.033175 0.964536 1.212840 0.000000 0.000000 -0.000001 -3.440386 0.788233 0.501655 -15.928169 -3.167305 2.999703 -6.338818 -0.000001 0.000001 -18.123415 3.648176 -4.905661 -0.000006 0.000001 -0.000002 7.576949 9.100524 10.952884 69.465263 2.865896 11.660130 -0.113176 32.272015 0.027653 6.409020 7.897569 5.523171 2.243540 -5.255033 -3.180156 14.282877 -0.826593 6.952495 -0.000002 -12.690591 -0.000001 16.431347 -17.996386 2.572567 1.665665 -1.955921 -2.878298 4.727793 -4.170583 4.993917 11.020511 0.000003 -0.000003 12.109034 -3.735709 -2.866781 -0.000000 0.000000 -0.000001 1.291985 -1.928548 -1.498089 14.800111 0.567467 3.865601 14.242554 -1.341734 -6.660651 19.631937 0.143926 -0.648245 50.490002 -0.697026 -5.951502 0.353029 -1.511150 -0.031940 20.222767 3.684307 2.316629 18.787245 0.000005 -0.000000 10.751611 -0.479868 1.397907 -0.000003 -0.000001 0.000001 3.273804 0.305947 -0.580110 21.486792 11.830361 2.266133 8.162916 0.000002 0.000000 18.399052 -3.798980 -4.940569 0.000005 -0.000000 -0.000001 1.688151 12.938381 -23.209732 -0.005500 -0.045690 26.021963 -2.977846 14.128843 -6.997856 1.607887 -1.861521 0.562667 0.000000 -0.000001 0.000002 -9.445182 -8.721259 -12.593963 0.227287 0.597714 34.004772 6.655865 -11.971319 -7.911229 -1.474746 0.895530 -2.502404 0.000000 0.000000 -0.000001 
0.467895 98.046883 -6.640593 -1.152419 -10.993999 4.125835 -2.337718 -0.275914 1.019518 -0.797140 0.026051 -4.013532 0.053090 -1.847383 9.287975 4.946510 1.130006 1.629102 -0.880565 -1.266848 -3.662522 0.970658 -3.056026 -15.163013 0.000077 -0.000022 0.000006 0.017551 0.056683 0.014052 0.694357 -3.675056 -10.596847 -0.669360 3.793758 -10.623620 -9.529877 -4.354465 13.255712 -59.454525 -9.180594 3.474683 0.247590 -26.629997 -0.115809 1.184715 0.018985 -9.678146 -5.882101 9.861278 0.702590 -10.936859 -0.360575 7.156199 0.000000 8.774813 0.000000 -16.203444 18.524618 6.214043 -1.844030 2.498502 -2.507275 -10.163589 4.678940 4.621105 -20.975994 -0.000003 0.000004 -21.226254 2.451694 -3.593992 0.000001 -0.000007 -0.000001 -1.362680 2.240797 -0.746322 -21.334887 0.584909 3.008322 -13.821197 -0.000002 0.000002 -23.887131 -0.249078 -0.839482 -60.663536 2.589046 -1.262277 -0.294025 1.679686 0.833255 -14.218192 0.093215 1.300580 -34.211998 -0.287562 0.967171 -20.033176 0.964536 1.212841 0.000001 -0.000000 -0.000000 -3.440385 0.788233 0.501656 -15.928167 -3.167306 2.999705 -6.338817 -0.000001 0.000001 -18.123413 3.648178 -4.905661 -0.000001 0.000000 -0.000002 7.779600 9.215718 11.070217 69.449928 3.001818 12.419072 -0.223647 31.318697 0.040952 6.498618 7.579828 5.214697 2.243540 -5.255033 -3.180154 14.282877 -0.826594 6.952497 -0.000002 -12.690591 -0.000001 16.395571 -17.912031 2.544466 1.665665 -1.955919 -2.878297 4.727794 -4.170583 4.993919 11.020513 0.000003 -0.000001 12.109033 -3.735709 -2.866780 -0.000001 -0.000000 0.000000 1.291984 -1.928547 -1.498090 14.800113 0.567466 3.865605 14.242553 -1.341735 -6.660648 19.631937 0.143924 -0.648244 50.366043 -0.675830 -6.005937 0.353028 -1.511148 -0.031940 20.222771 3.684306 2.316629 18.787247 0.000005 0.000001 10.751612 -0.479868 1.397903 -0.000003 -0.000001 0.000002 3.273804 0.305947 -0.580109 21.486792 11.830362 2.266131 8.162917 0.000003 0.000000 18.399050 -3.798980 -4.940567 0.000005 0.000001 -0.000002 2.171892 13.202340 -23.845591 -0.001470 -0.020301 27.233032 -3.076765 14.815960 -7.084641 1.609352 -1.884187 0.571553 -0.000000 -0.000001 0.000002 -9.532930 -8.102367 -10.986490 0.226301 0.763457 35.254559 7.344225 -11.346276 -7.543320 -1.474848 0.893545 -3.029762 0.000000 0.000000 -0.000003 
-0.101834 97.699097 -7.630392 -1.198818 -12.620372 3.857538 -2.135275 -0.173860 0.833193 -0.814076 0.178149 -4.064966 -0.018180 -1.648869 9.425625 4.595457 1.172054 2.071818 -0.791199 -0.978829 -3.650173 1.036770 -2.647096 -14.770814 0.000077 -0.000022 0.000006 0.013700 0.025947 0.017609 0.696710 -3.716896 -10.603315 -0.681398 3.762275 -10.636046 -9.910063 -3.939262 13.292604 -59.352974 -8.741767 2.619880 0.287406 -25.949806 -0.118144 1.040636 -0.060385 -10.314223 -5.882100 9.861278 0.702590 -10.936857 -0.360575 7.156197 0.000000 8.774813 -0.000002 -16.209629 18.584040 6.245230 -1.844031 2.498502 -2.507275 -10.163588 4.678940 4.621105 -20.975992 -0.000004 0.000004 -21.226248 2.451693 -3.593992 -0.000001 -0.000006 0.000000 -1.362680 2.240796 -0.746323 -21.334888 0.584908 3.008321 -13.821193 -0.000002 0.000003 -23.887119 -0.249077 -0.839480 -60.661270 2.611868 -1.231665 -0.294024 1.679685 0.833255 -14.218189 0.093214 1.300582 -34.211998 -0.287562 0.967171 -20.033173 0.964537 1.212842 0.000001 -0.000000 -0.000000 -3.440386 0.788234 0.501655 -15.928167 -3.167307 2.999704 -6.338815 -0.000000 0.000002 -18.123411 3.648176 -4.905660 -0.000002 -0.000000 -0.000002 7.885749 9.526030 11.211054 69.273621 3.228552 13.324765 -0.299580 30.347202 0.036340 6.641106 7.192322 4.897275 2.243540 -5.255033 -3.180156 14.282877 -0.826594 6.952499 -0.000002 -12.690588 0.000000 16.333239 -17.837145 2.477873 1.665665 -1.955920 -2.878297 4.727793 -4.170584 4.993918 11.020510 0.000003 -0.000001 12.109032 -3.735710 -2.866780 -0.000001 -0.000000 0.000000 1.291984 -1.928549 -1.498088 14.800111 0.567469 3.865605 14.242553 -1.341735 -6.660648 19.631939 0.143925 -0.648242 50.227707 -0.634838 -6.063123 0.353029 -1.511149 -0.031940 20.222765 3.684304 2.316627 18.787245 0.000005 -0.000000 10.751610 -0.479868 1.397905 -0.000002 -0.000001 0.000000 3.273804 0.305947 -0.580110 21.486790 11.830360 2.266132 8.162918 0.000001 -0.000001 18.399052 -3.798981 -4.940566 0.000005 0.000000 0.000000 2.850902 13.702885 -24.481476 0.010203 0.039407 28.541054 -3.283702 15.652559 -7.163376 1.609815 -1.927000 0.592389 -0.000000 -0.000000 0.000002 -9.583467 -7.660233 -9.226928 0.205746 0.934354 34.429703 9.126774 -9.817223 -7.365553 -1.469111 0.909249 -4.134637 0.000000 0.000000 -0.000001 
-0.676315 97.319534 -8.536141 -1.246139 -14.786707 3.590384 -1.847636 -0.030297 0.619124 -0.796927 0.412389 -4.158620 -0.079247 -1.382346 9.548875 4.010788 1.380607 2.559090 -0.648059 -0.609075 -3.622698 1.093229 -2.156482 -14.327374 0.000077 -0.000021 0.000006 0.013542 0.030153 0.033687 0.700108 -3.702094 -10.583850 -0.682993 3.766798 -10.611995 -10.487661 -3.324605 13.279481 -59.216721 -8.216623 1.629128 0.201670 -25.425804 -0.084727 1.022703 -0.101956 -10.798931 -5.882102 9.861279 0.702590 -10.936857 -0.360575 7.156197 0.000000 8.774812 -0.000001 -16.115503 18.606432 6.257755 -1.844031 2.498502 -2.507275 -10.163589 4.678941 4.621104 -20.975992 -0.000002 0.000002 -21.226250 2.451694 -3.593993 -0.000000 -0.000007 0.000001 -1.362680 2.240796 -0.746323 -21.334892 0.584909 3.008320 -13.821197 -0.000002 0.000002 -23.887123 -0.249078 -0.839483 -60.685249 2.602973 -1.144329 -0.294024 1.679686 0.833255 -14.218194 0.093215 1.300580 -34.211998 -0.287563 0.967168 -20.033178 0.964534 1.212840 0.000001 0.000000 -0.000001 -3.440385 0.788234 0.501656 -15.928167 -3.167306 2.999703 -6.338817 -0.000000 0.000002 -18.123411 3.648178 -4.905661 -0.000002 0.000001 -0.000002 7.941041 10.047839 11.386810 68.844902 3.600468 14.270123 -0.255213 29.280233 0.046248 6.786510 6.776541 4.635568 2.243540 -5.255033 -3.180156 14.282873 -0.826594 6.952495 -0.000002 -12.690590 0.000000 16.318083 -17.938231 2.428890 1.665665 -1.955920 -2.878295 4.727793 -4.170582 4.993918 11.020510 0.000003 -0.000001 12.109030 -3.735709 -2.866780 -0.000001 -0.000000 0.000000 1.291985 -1.928548 -1.498087 14.800114 0.567468 3.865604 14.242553 -1.341735 -6.660650 19.631929 0.143925 -0.648242 50.181007 -0.586556 -6.099198 0.353029 -1.511150 -0.031940 20.222769 3.684306 2.316628 18.787245 0.000005 -0.000001 10.751610 -0.479867 1.397904 -0.000002 -0.000001 0.000000 3.273804 0.305947 -0.580109 21.486790 11.830360 2.266131 8.162917 0.000002 -0.000001 18.399055 -3.798979 -4.940569 0.000006 0.000000 -0.000002 3.623915 14.483477 -24.950521 0.012674 0.121083 29.933828 -3.614586 16.680185 -7.412568 1.608540 -1.961209 0.665137 -0.000000 -0.000000 0.000002 -9.731655 -7.620629 -7.411594 0.175515 1.053648 31.396378 12.117664 -7.317096 -8.377471 -1.470140 0.928096 -5.608693 -0.000000 0.000000 0.000000 
-1.325053 96.912949 -9.426100 -1.288217 -17.284742 3.340019 -1.494029 0.098862 0.436742 -0.761798 0.688709 -4.326370 -0.097301 -1.034965 9.682706 3.279333 1.600141 3.030805 -0.504333 -0.121422 -3.629347 1.162554 -1.503318 -13.887514 0.000077 -0.000022 0.000006 0.000359 0.010850 0.037046 0.687836 -3.720296 -10.543962 -0.698003 3.729106 -10.583063 -11.129516 -2.638656 13.307598 -59.153214 -7.656502 0.456083 0.050392 -25.184052 -0.022189 0.946663 -0.361927 -10.682192 -5.882101 9.861279 0.702590 -10.936858 -0.360575 7.156198 0.000001 8.774812 0.000000 -16.015696 18.634926 6.233182 -1.844031 2.498502 -2.507275 -10.163589 4.678940 4.621106 -20.975992 -0.000003 0.000004 -21.226248 2.451693 -3.593994 -0.000001 -0.000006 0.000000 -1.362680 2.240797 -0.746322 -21.334887 0.584908 3.008321 -13.821195 -0.000002 0.000004 -23.887123 -0.249076 -0.839481 -60.581043 2.675126 -1.307718 -0.294025 1.679686 0.833255 -14.218190 0.093214 1.300580 -34.212002 -0.287563 0.967173 -20.033180 0.964537 1.212844 0.000001 0.000000 -0.000002 -3.440384 0.788231 0.501656 -15.928167 -3.167306 2.999704 -6.338817 -0.000002 0.000003 -18.123411 3.648175 -4.905661 -0.000003 0.000001 -0.000002 8.038914 10.642539 11.630308 68.189049 4.166210 15.016969 -0.069462 28.241272 0.048874 6.898738 6.324021 4.482867 2.243540 -5.255032 -3.180155 14.282877 -0.826594 6.952496 -0.000002 -12.690587 0.000000 16.326431 -18.031780 2.396852 1.665664 -1.955920 -2.878297 4.727793 -4.170583 4.993919 11.020511 0.000002 -0.000002 12.109030 -3.735709 -2.866781 -0.000001 -0.000000 -0.000001 1.291984 -1.928546 -1.498087 14.800114 0.567467 3.865604 14.242553 -1.341735 -6.660650 19.631937 0.143925 -0.648243 50.094601 -0.506973 -6.070520 0.353029 -1.511149 -0.031940 20.222767 3.684305 2.316628 18.787245 0.000003 -0.000001 10.751611 -0.479868 1.397904 -0.000000 -0.000001 0.000001 3.273804 0.305947 -0.580110 21.486790 11.830360 2.266130 8.162918 0.000001 0.000000 18.399055 -3.798981 -4.940567 0.000005 0.000000 -0.000002 4.487332 15.555929 -25.291235 0.023745 0.173084 31.326025 -4.013183 17.543993 -7.699891 1.621383 -1.956299 0.559460 -0.000000 -0.000001 0.000002 -9.795497 -8.075722 -5.970518 0.130616 0.856139 27.418013 14.368764 -4.984208 -11.430107 -1.465751 0.946684 -4.595564 -0.000000 -0.000000 -0.000001 
-2.021120 96.677536 -10.407628 -1.476570 -20.299009 3.129984 -1.018018 0.242506 0.243213 -0.645330 1.009725 -4.397061 0.000300 -0.536893 9.841985 2.380607 2.038903 3.345344 -0.286941 0.473769 -3.689714 1.203052 -0.776151 -13.238756 0.000077 -0.000023 0.000006 -0.000164 0.030960 0.013507 0.682523 -3.701325 -10.563111 -0.693582 3.748678 -10.595852 -11.849494 -1.802911 13.120952 -59.155533 -6.946666 0.041756 -0.070123 -25.419487 0.032110 0.989022 -0.631170 -10.681472 -5.882102 9.861279 0.702589 -10.936859 -0.360575 7.156198 0.000001 8.774812 -0.000001 -15.933492 18.586464 6.225346 -1.844030 2.498501 -2.507274 -10.163589 4.678939 4.621106 -20.975994 -0.000004 0.000004 -21.226255 2.451693 -3.593991 -0.000000 -0.000006 0.000001 -1.362680 2.240796 -0.746321 -21.334892 0.584908 3.008321 -13.821194 -0.000002 0.000005 -23.887129 -0.249077 -0.839479 -60.495281 2.659348 -1.213544 -0.294025 1.679686 0.833256 -14.218192 0.093214 1.300582 -34.212006 -0.287564 0.967172 -20.033176 0.964535 1.212844 0.000001 0.000000 0.000000 -3.440386 0.788233 0.501656 -15.928167 -3.167307 2.999707 -6.338816 -0.000001 0.000002 -18.123413 3.648175 -4.905660 -0.000002 -0.000000 -0.000003 8.146303 11.366582 11.860244 67.292480 4.938725 15.591647 0.035817 27.254738 0.050497 6.935203 5.877492 4.386255 2.243540 -5.255033 -3.180155 14.282877 -0.826593 6.952495 -0.000003 -12.690590 -0.000001 16.285765 -18.228979 2.427919 1.665665 -1.955919 -2.878297 4.727794 -4.170582 4.993917 11.020513 0.000004 -0.000003 12.109033 -3.735708 -2.866779 -0.000001 -0.000000 0.000000 1.291984 -1.928547 -1.498088 14.800114 0.567469 3.865603 14.242553 -1.341733 -6.660647 19.631941 0.143927 -0.648242 50.104706 -0.569749 -6.220572 0.353028 -1.511149 -0.031940 20.222769 3.684307 2.316627 18.787247 0.000005 -0.000001 10.751610 -0.479867 1.397903 -0.000001 -0.000002 -0.000001 3.273805 0.305947 -0.580110 21.486790 11.830362 2.266130 8.162918 0.000001 0.000000 18.399048 -3.798977 -4.940567 0.000006 0.000001 -0.000002 5.628354 16.847475 -25.065506 0.017427 0.154618 31.906540 -4.523960 18.889511 -7.601565 1.622430 -1.962371 0.443712 0.000000 0.000000 0.000002 -9.389777 -8.282240 -5.316919 0.089419 0.692979 23.774858 14.527631 -3.176803 -14.432779 -1.458665 0.952766 -2.638136 0.000000 0.000000 -0.000001 
-2.730199 96.574722 -11.542659 -1.808158 -23.361017 3.021929 -0.423231 0.359164 0.156594 -0.523738 1.221287 -4.440349 0.280875 -0.122627 9.899650 1.338857 2.542412 3.580292 -0.033970 1.157348 -3.709836 1.114557 0.145683 -12.554512 0.000077 -0.000021 0.000006 -0.005533 0.006856 0.002637 0.676013 -3.733518 -10.560876 -0.695215 3.744567 -10.591512 -12.433200 -1.041259 12.670659 -59.668831 -5.991467 -0.554329 -0.261983 -25.849480 0.031398 1.053777 -0.869384 -10.087402 -5.882101 9.861279 0.702589 -10.936858 -0.360575 7.156196 0.000001 8.774815 -0.000003 -15.987061 18.404842 6.194431 -1.844031 2.498503 -2.507276 -10.163589 4.678940 4.621102 -20.975994 -0.000004 0.000002 -21.226250 2.451694 -3.593993 -0.000000 -0.000006 -0.000001 -1.362681 2.240797 -0.746321 -21.334887 0.584908 3.008322 -13.821197 -0.000003 0.000001 -23.887123 -0.249077 -0.839480 -60.327873 2.776028 -1.138179 -0.294025 1.679687 0.833255 -14.218194 0.093215 1.300579 -34.211998 -0.287562 0.967169 -20.033180 0.964533 1.212841 0.000001 -0.000000 -0.000002 -3.440386 0.788234 0.501655 -15.928167 -3.167307 2.999703 -6.338818 -0.000001 0.000002 -18.123413 3.648177 -4.905660 -0.000003 0.000001 -0.000002 8.216906 12.210953 11.884281 66.352852 5.648629 15.919227 0.003766 26.284946 0.019014 6.754002 5.584432 4.571233 2.243540 -5.255033 -3.180155 14.282875 -0.826595 6.952496 -0.000001 -12.690587 0.000000 16.271723 -18.243780 2.409514 1.665664 -1.955920 -2.878297 4.727793 -4.170583 4.993918 11.020511 0.000002 -0.000001 12.109031 -3.735710 -2.866780 -0.000000 -0.000000 -0.000002 1.291984 -1.928547 -1.498089 14.800111 0.567467 3.865605 14.242553 -1.341735 -6.660650 19.631939 0.143924 -0.648243 50.175503 -0.599005 -6.478896 0.353029 -1.511150 -0.031941 20.222769 3.684304 2.316627 18.787243 0.000002 -0.000001 10.751611 -0.479868 1.397904 -0.000000 -0.000001 -0.000001 3.273804 0.305947 -0.580109 21.486788 11.830360 2.266131 8.162917 0.000002 -0.000001 18.399052 -3.798981 -4.940570 0.000006 0.000001 -0.000002 6.977829 18.036062 -24.529266 0.006030 0.082509 31.824879 -5.153755 20.454319 -7.127576 1.637902 -1.940583 0.324525 0.000000 -0.000000 0.000002 -8.521630 -7.960808 -5.138796 0.078590 0.569946 21.066212 13.917958 -1.780804 -16.083612 -1.453477 0.944357 -1.490223 -0.000000 0.000001 -0.000001 
-3.407822 96.795067 -12.764451 -2.206985 -25.804724 3.003996 0.087692 0.435799 0.144679 -0.398097 1.272480 -4.401989 0.855606 -0.006391 9.911130 0.251934 3.035070 3.645839 0.140048 1.837899 -3.679926 1.044888 1.038350 -11.949885 0.000077 -0.000023 0.000006 -0.002197 0.040061 -0.013021 0.697951 -3.700938 -10.582283 -0.711472 3.781930 -10.609225 -12.819407 -0.448655 12.552135 -60.611294 -5.515646 -1.221441 -0.367221 -26.292107 0.028525 0.934186 -0.659849 -9.325135 -5.882101 9.861277 0.702590 -10.936858 -0.360575 7.156197 0.000001 8.774813 -0.000002 -15.980727 18.245106 6.098318 -1.844031 2.498502 -2.507276 -10.163589 4.678940 4.621105 -20.975998 -0.000004 0.000003 -21.226250 2.451693 -3.593992 0.000001 -0.000006 -0.000000 -1.362681 2.240795 -0.746323 -21.334896 0.584908 3.008322 -13.821197 -0.000003 0.000002 -23.887135 -0.249078 -0.839479 -60.190662 2.764795 -1.142577 -0.294024 1.679686 0.833256 -14.218194 0.093214 1.300581 -34.212006 -0.287564 0.967171 -20.033178 0.964537 1.212844 0.000000 -0.000001 -0.000002 -3.440385 0.788231 0.501655 -15.928167 -3.167306 2.999705 -6.338817 -0.000001 0.000001 -18.123413 3.648175 -4.905662 -0.000003 0.000000 -0.000003 8.335492 12.843016 11.978860 65.388527 6.550977 15.657748 -0.085500 25.321560 0.063241 6.442714 5.665144 4.260932 2.243540 -5.255032 -3.180155 14.282878 -0.826592 6.952494 -0.000004 -12.690592 0.000001 16.302900 -18.105547 2.441241 1.665665 -1.955920 -2.878298 4.727793 -4.170582 4.993918 11.020513 0.000004 -0.000001 12.109033 -3.735708 -2.866778 0.000000 -0.000000 0.000001 1.291984 -1.928548 -1.498088 14.800113 0.567469 3.865603 14.242553 -1.341732 -6.660648 19.631941 0.143929 -0.648243 50.244549 -0.590977 -6.379576 0.353029 -1.511149 -0.031940 20.222769 3.684308 2.316627 18.787245 0.000007 -0.000001 10.751612 -0.479866 1.397905 -0.000000 -0.000001 0.000000 3.273804 0.305946 -0.580109 21.486792 11.830365 2.266129 8.162916 0.000003 -0.000001 18.399052 -3.798978 -4.940567 0.000007 -0.000000 -0.000002 8.371446 18.504395 -23.377993 0.006818 0.059353 30.192005 -5.633310 22.004938 -5.818807 1.654657 -1.969324 0.248455 0.000000 -0.000000 0.000002 -7.511582 -7.510418 -6.063449 0.079594 0.565443 20.914213 13.269919 -0.457104 -15.535998 -1.448367 0.938231 -1.269007 -0.000000 0.000002 -0.000001 
-4.166307 97.094704 -13.986671 -2.133979 -27.023949 2.800231 0.280300 0.402016 0.228805 -0.334624 1.111520 -4.330124 1.254591 -0.160006 9.821456 -0.410594 3.248618 3.726407 0.253485 2.392307 -3.637119 0.851779 1.842767 -11.563699 0.000077 -0.000023 0.000006 -0.001984 0.037876 -0.016526 0.707482 -3.716703 -10.610593 -0.721366 3.772415 -10.637585 -12.515149 -0.309782 12.723088 -61.843426 -5.328390 -1.207696 -0.363487 -26.979223 0.028421 0.269356 -0.272331 -8.421000 -5.882101 9.861279 0.702589 -10.936858 -0.360575 7.156197 0.000000 8.774814 -0.000002 -16.005625 18.234081 6.059793 -1.844031 2.498502 -2.507277 -10.163589 4.678940 4.621105 -20.975994 -0.000004 0.000002 -21.226255 2.451693 -3.593994 0.000001 -0.000006 -0.000002 -1.362680 2.240798 -0.746322 -21.334885 0.584908 3.008319 -13.821197 -0.000003 0.000002 -23.887131 -0.249078 -0.839481 -60.166813 2.823695 -1.281262 -0.294025 1.679686 0.833255 -14.218194 0.093215 1.300580 -34.212002 -0.287564 0.967172 -20.033175 0.964534 1.212840 0.000001 -0.000000 0.000001 -3.440385 0.788232 0.501655 -15.928165 -3.167305 2.999704 -6.338817 -0.000001 0.000002 -18.123411 3.648175 -4.905662 -0.000003 0.000001 -0.000000 8.376105 13.080008 12.057555 64.930862 7.167231 14.765809 -0.236422 24.896168 0.040730 6.216808 6.304242 3.939927 2.243539 -5.255032 -3.180155 14.282873 -0.826592 6.952497 -0.000003 -12.690590 0.000000 16.415775 -17.947096 2.489761 1.665664 -1.955920 -2.878296 4.727793 -4.170584 4.993919 11.020510 0.000004 -0.000001 12.109029 -3.735709 -2.866780 0.000000 0.000000 -0.000001 1.291984 -1.928548 -1.498088 14.800113 0.567468 3.865605 14.242551 -1.341735 -6.660649 19.631933 0.143926 -0.648242 50.265724 -0.668248 -6.251596 0.353029 -1.511148 -0.031940 20.222767 3.684305 2.316629 18.787243 0.000006 0.000000 10.751610 -0.479869 1.397904 -0.000002 -0.000001 0.000000 3.273804 0.305946 -0.580110 21.486790 11.830363 2.266132 8.162917 0.000002 0.000000 18.399052 -3.798979 -4.940567 0.000005 0.000001 0.000000 9.256433 18.001314 -22.038607 -0.004715 0.025541 27.628553 -5.766286 23.042610 -3.940142 1.663873 -2.031952 -0.012827 0.000000 -0.000000 0.000002 -6.863220 -7.820300 -6.795707 0.114423 0.572530 21.145796 12.558658 0.647590 -14.837068 -1.449500 0.908261 -1.322366 -0.000000 0.000001 -0.000001 
-5.021036 97.266174 -15.230276 -1.889358 -27.156715 2.669961 0.417575 0.310471 0.313510 -0.281399 0.896342 -4.273768 1.481157 -0.407713 9.682134 -0.813368 3.321929 3.573620 0.330569 2.741042 -3.603977 0.581464 2.396338 -11.296589 0.000077 -0.000021 0.000006 -0.006525 -0.010587 -0.016271 0.708312 -3.767347 -10.644432 -0.731973 3.734112 -10.671660 -12.148845 -0.579263 12.903933 -62.584629 -5.229759 -0.578013 -0.287138 -28.048738 -0.014388 -0.875750 -0.345090 -7.951104 -5.882101 9.861278 0.702591 -10.936858 -0.360574 7.156197 0.000001 8.774815 -0.000001 -16.060570 18.332539 6.064122 -1.844030 2.498502 -2.507276 -10.163589 4.678939 4.621101 -20.975992 -0.000005 0.000002 -21.226254 2.451692 -3.593992 0.000001 -0.000007 -0.000002 -1.362680 2.240796 -0.746323 -21.334887 0.584907 3.008321 -13.821195 -0.000003 0.000003 -23.887125 -0.249078 -0.839477 -60.237579 2.844040 -1.420623 -0.294024 1.679685 0.833255 -14.218194 0.093214 1.300579 -34.211998 -0.287565 0.967170 -20.033178 0.964532 1.212843 -0.000000 -0.000001 0.000000 -3.440385 0.788232 0.501656 -15.928165 -3.167306 2.999701 -6.338817 -0.000001 0.000001 -18.123411 3.648176 -4.905662 -0.000002 0.000000 0.000000 8.500903 12.978877 12.200026 64.596497 7.332191 13.527071 -0.336081 25.196350 -0.014233 6.369211 7.273644 3.176652 2.243540 -5.255033 -3.180156 14.282875 -0.826594 6.952497 -0.000002 -12.690590 0.000001 16.469982 -17.821871 2.475369 1.665664 -1.955919 -2.878296 4.727793 -4.170582 4.993918 11.020513 0.000003 -0.000001 12.109030 -3.735708 -2.866777 0.000001 0.000000 0.000000 1.291985 -1.928549 -1.498088 14.800113 0.567468 3.865604 14.242553 -1.341735 -6.660648 19.631939 0.143926 -0.648242 50.182529 -0.690825 -6.195632 0.353028 -1.511149 -0.031941 20.222769 3.684304 2.316630 18.787247 0.000005 0.000001 10.751610 -0.479868 1.397905 -0.000001 -0.000000 0.000001 3.273804 0.305947 -0.580110 21.486788 11.830361 2.266132 8.162917 0.000002 0.000002 18.399054 -3.798980 -4.940567 0.000004 0.000001 -0.000003 9.883471 17.075369 -21.257996 -0.016649 0.017211 25.233156 -5.633270 23.333778 -1.940407 1.656590 -2.113399 -0.253357 -0.000000 0.000000 0.000002 -6.247876 -8.690138 -7.705252 0.165738 0.552093 22.012224 11.598680 1.460828 -14.788541 -1.449023 0.880559 -1.293020 -0.000000 0.000001 -0.000001 
-5.920980 97.292122 -16.388842 -1.772428 -26.434532 2.703336 0.681406 0.227223 0.389846 -0.225436 0.661871 -4.270322 1.688213 -0.654012 9.584064 -1.152385 3.383580 3.269063 0.412192 2.910868 -3.595477 0.254534 2.661135 -11.299878 0.000077 -0.000023 0.000006 -0.006795 -0.023847 -0.011121 0.707615 -3.777957 -10.658213 -0.732413 3.729697 -10.691126 -12.034964 -1.000315 12.977916 -62.667377 -5.243859 0.354429 -0.206616 -29.434647 -0.050466 -1.405207 -0.997316 -8.007095 -5.882102 9.861279 0.702590 -10.936861 -0.360575 7.156196 0.000000 8.774814 -0.000001 -16.092022 18.417212 6.121089 -1.844032 2.498502 -2.507276 -10.163591 4.678941 4.621103 -20.975996 -0.000004 0.000001 -21.226255 2.451694 -3.593995 0.000001 -0.000007 -0.000000 -1.362681 2.240797 -0.746324 -21.334892 0.584908 3.008318 -13.821198 -0.000003 0.000000 -23.887133 -0.249079 -0.839481 -60.276363 2.832932 -1.340928 -0.294024 1.679687 0.833254 -14.218194 0.093214 1.300576 -34.212013 -0.287565 0.967169 -20.033180 0.964533 1.212839 0.000000 -0.000003 -0.000000 -3.440387 0.788233 0.501656 -15.928171 -3.167306 2.999702 -6.338818 -0.000002 -0.000001 -18.123415 3.648176 -4.905662 -0.000002 0.000000 -0.000001 8.715256 12.706764 12.300607 63.979691 7.075047 12.775170 -0.275775 25.886654 -0.045998 6.695292 7.992809 2.374661 2.243540 -5.255033 -3.180155 14.282878 -0.826591 6.952495 -0.000003 -12.690590 0.000000 16.468382 -17.704973 2.453663 1.665665 -1.955919 -2.878296 4.727794 -4.170582 4.993919 11.020513 0.000004 -0.000000 12.109033 -3.735709 -2.866778 0.000000 0.000000 0.000000 1.291984 -1.928548 -1.498088 14.800113 0.567469 3.865604 14.242553 -1.341734 -6.660648 19.631939 0.143927 -0.648243 50.101234 -0.735146 -6.226817 0.353029 -1.511150 -0.031940 20.222769 3.684309 2.316628 18.787245 0.000005 -0.000000 10.751611 -0.479868 1.397903 -0.000001 -0.000000 0.000001 3.273804 0.305946 -0.580110 21.486794 11.830364 2.266130 8.162916 0.000003 -0.000001 18.399055 -3.798977 -4.940566 0.000004 0.000000 -0.000001 10.470041 16.335056 -21.130411 -0.013096 0.009788 23.448908 -5.345819 22.762770 -0.095749 1.649768 -2.140090 -0.379446 -0.000000 0.000000 0.000002 -5.420522 -9.700961 -8.663874 0.157801 0.468430 23.246487 10.654872 1.777686 -15.114033 -1.448879 0.877340 -1.179375 0.000000 0.000000 -0.000001 
-6.834361 97.178574 -17.498285 -1.835989 -24.988344 2.842469 1.049906 0.146434 0.446420 -0.166550 0.449918 -4.277996 1.963586 -0.909667 9.558739 -1.454595 3.432590 2.877311 0.483322 2.994466 -3.611757 -0.068292 2.643781 -11.583342 0.000077 -0.000021 0.000006 -0.003181 0.006949 -0.007511 0.714977 -3.753785 -10.653715 -0.735995 3.754964 -10.690729 -12.105185 -1.455762 12.991487 -62.388489 -5.616186 1.237898 -0.174607 -30.570040 -0.060468 -1.005299 -1.626419 -8.053163 -5.882101 9.861278 0.702588 -10.936859 -0.360575 7.156196 0.000000 8.774814 -0.000001 -16.125772 18.408016 6.155557 -1.844031 2.498503 -2.507274 -10.163589 4.678938 4.621103 -20.975994 -0.000006 0.000004 -21.226254 2.451692 -3.593991 0.000002 -0.000007 -0.000002 -1.362681 2.240796 -0.746321 -21.334887 0.584907 3.008320 -13.821197 -0.000005 0.000002 -23.887129 -0.249080 -0.839479 -60.344765 2.750390 -1.161907 -0.294024 1.679687 0.833255 -14.218190 0.093214 1.300581 -34.211998 -0.287564 0.967171 -20.033176 0.964534 1.212843 0.000001 0.000000 -0.000001 -3.440385 0.788230 0.501655 -15.928165 -3.167306 2.999702 -6.338817 -0.000001 -0.000001 -18.123413 3.648174 -4.905662 -0.000003 -0.000000 -0.000002 8.989594 12.331790 12.338288 63.104053 6.564344 12.480598 -0.213167 26.535868 -0.079989 7.010658 8.353168 1.940967 2.243540 -5.255033 -3.180154 14.282875 -0.826592 6.952496 -0.000002 -12.690590 0.000000 16.510246 -17.656893 2.396963 1.665665 -1.955920 -2.878297 4.727794 -4.170584 4.993918 11.020512 0.000002 -0.000001 12.109031 -3.735710 -2.866779 0.000001 -0.000000 -0.000000 1.291984 -1.928549 -1.498088 14.800114 0.567469 3.865603 14.242553 -1.341734 -6.660650 19.631937 0.143926 -0.648244 50.042198 -0.743927 -6.306810 0.353029 -1.511149 -0.031940 20.222771 3.684307 2.316628 18.787245 0.000003 0.000001 10.751607 -0.479868 1.397904 0.000000 -0.000001 -0.000001 3.273804 0.305947 -0.580110 21.486790 11.830362 2.266131 8.162916 0.000003 -0.000001 18.399052 -3.798980 -4.940569 0.000004 0.000000 -0.000002 11.070450 15.845187 -21.630245 -0.011510 -0.010683 22.359169 -4.954108 21.569735 1.562875 1.650318 -2.114627 -0.395845 0.000000 0.000000 0.000002 -4.362305 -10.719515 -9.647258 0.137619 0.369045 24.775829 9.764143 1.524746 -15.885490 -1.446620 0.896081 -0.917139 -0.000000 0.000001 -0.000001 
-7.714389 97.024712 -18.569933 -1.949468 -22.855066 3.041111 1.440956 0.067868 0.478130 -0.101876 0.230639 -4.295529 2.236475 -1.150996 9.542356 -1.614469 3.451785 2.475164 0.482438 2.881404 -3.654687 -0.345606 2.501927 -12.033599 0.000077 -0.000023 0.000006 0.002977 0.061292 -0.003491 0.733015 -3.698484 -10.641538 -0.739778 3.800606 -10.675214 -12.127297 -1.815082 13.055972 -62.118340 -6.488179 2.295667 -0.030950 -31.273235 -0.117271 -0.250211 -1.779803 -7.751737 -5.882101 9.861279 0.702590 -10.936858 -0.360574 7.156196 -0.000000 8.774815 -0.000001 -16.117050 18.330633 6.217081 -1.844031 2.498502 -2.507277 -10.163589 4.678941 4.621102 -20.975992 -0.000002 0.000001 -21.226248 2.451695 -3.593995 0.000001 -0.000007 -0.000003 -1.362680 2.240797 -0.746324 -21.334887 0.584909 3.008321 -13.821197 -0.000002 0.000002 -23.887129 -0.249077 -0.839483 -60.354664 2.766266 -1.024406 -0.294025 1.679687 0.833256 -14.218190 0.093215 1.300580 -34.211998 -0.287562 0.967167 -20.033175 0.964536 1.212840 -0.000000 -0.000001 -0.000001 -3.440385 0.788232 0.501655 -15.928167 -3.167307 2.999704 -6.338815 -0.000001 -0.000001 -18.123413 3.648179 -4.905663 -0.000004 -0.000000 -0.000003 9.237841 11.891997 12.337971 62.160030 6.022233 12.299837 -0.097119 26.674837 -0.056242 7.171340 8.491862 2.096123 2.243540 -5.255033 -3.180155 14.282875 -0.826595 6.952495 -0.000001 -12.690591 0.000000 16.632717 -17.664549 2.307895 1.665665 -1.955921 -2.878297 4.727794 -4.170584 4.993917 11.020511 0.000003 -0.000001 12.109032 -3.735711 -2.866779 0.000001 0.000000 0.000000 1.291984 -1.928547 -1.498087 14.800111 0.567467 3.865603 14.242551 -1.341736 -6.660649 19.631937 0.143924 -0.648245 50.091835 -0.694420 -6.331153 0.353029 -1.511150 -0.031941 20.222767 3.684303 2.316628 18.787245 0.000002 -0.000001 10.751609 -0.479868 1.397903 0.000000 -0.000001 -0.000001 3.273804 0.305948 -0.580110 21.486790 11.830361 2.266131 8.162916 0.000001 -0.000001 18.399055 -3.798980 -4.940568 0.000006 0.000001 -0.000001 11.528097 15.262218 -22.499889 -0.017931 -0.062691 21.364100 -4.398101 20.077225 3.300304 1.662739 -2.081950 -0.512138 0.000000 -0.000000 0.000002 -3.226439 -11.930996 -10.537093 0.104681 0.278127 26.179100 8.998266 0.706011 -16.743330 -1.442723 0.951519 -0.611892 0.000000 0.000000 -0.000001 
-8.541131 96.985680 -19.607800 -1.957523 -20.435284 3.224466 1.803394 0.051576 0.539382 -0.046472 0.112316 -4.280491 2.368944 -1.386502 9.294473 -1.527220 3.360219 2.203116 0.429020 2.623796 -3.738175 -0.580078 2.394993 -12.335821 0.000077 -0.000023 0.000006 0.007929 0.068100 -0.012835 0.741430 -3.686887 -10.646912 -0.736471 3.813375 -10.671862 -11.941517 -2.064691 13.088831 -62.124516 -7.496628 3.457332 0.100136 -31.608795 -0.119021 0.031829 -1.799781 -7.172438 -5.882102 9.861279 0.702590 -10.936858 -0.360575 7.156198 0.000000 8.774813 -0.000001 -16.054739 18.317045 6.179876 -1.844031 2.498501 -2.507275 -10.163589 4.678939 4.621106 -20.975994 -0.000002 0.000002 -21.226250 2.451693 -3.593995 0.000002 -0.000006 -0.000001 -1.362680 2.240797 -0.746323 -21.334892 0.584909 3.008323 -13.821197 -0.000002 0.000003 -23.887131 -0.249076 -0.839482 -60.195110 2.867669 -1.176575 -0.294025 1.679684 0.833256 -14.218194 0.093215 1.300581 -34.212002 -0.287562 0.967169 -20.033178 0.964535 1.212842 -0.000000 -0.000001 0.000000 -3.440385 0.788231 0.501655 -15.928167 -3.167306 2.999705 -6.338817 -0.000002 0.000001 -18.123413 3.648175 -4.905661 -0.000004 0.000001 -0.000003 9.372511 11.633116 12.312764 61.522114 5.452928 12.189606 -0.107894 26.133907 -0.044443 7.324169 8.415166 2.471101 2.243540 -5.255033 -3.180155 14.282878 -0.826593 6.952497 -0.000003 -12.690588 0.000000 16.809761 -17.710688 2.194648 1.665665 -1.955919 -2.878296 4.727795 -4.170584 4.993918 11.020513 0.000004 -0.000002 12.109034 -3.735709 -2.866778 -0.000001 0.000001 -0.000000 1.291984 -1.928548 -1.498088 14.800114 0.567467 3.865603 14.242554 -1.341734 -6.660647 19.631941 0.143926 -0.648241 50.196014 -0.610830 -6.310044 0.353028 -1.511148 -0.031940 20.222771 3.684307 2.316628 18.787249 0.000004 -0.000000 10.751612 -0.479868 1.397905 -0.000002 -0.000001 0.000001 3.273805 0.305947 -0.580110 21.486795 11.830360 2.266132 8.162916 0.000003 -0.000001 18.399055 -3.798979 -4.940568 0.000005 0.000001 -0.000002 11.698000 14.746219 -23.047640 -0.015951 -0.073248 19.375759 -3.224814 18.764778 5.746421 1.698756 -2.075106 -0.750626 -0.000000 0.000000 0.000002 -2.198753 -13.230244 -11.153300 0.089608 0.234427 26.893106 8.308241 -0.336322 -17.273357 -1.427149 0.945499 -0.358851 0.000000 0.000000 -0.000001 
-9.176871 96.824936 -20.447004 -1.875018 -18.225946 3.258633 2.091061 0.098086 0.578636 0.004553 -0.001628 -4.230960 2.478968 -1.434837 9.027442 -1.464191 3.422565 1.802330 0.358828 2.181316 -3.676073 -0.607183 2.163732 -12.546819 0.000077 -0.000023 0.000006 0.016268 0.084417 -0.003106 0.739649 -3.678266 -10.657875 -0.721144 3.833492 -10.671992 -11.786414 -2.098769 13.190881 -62.332985 -8.268466 4.897191 0.284451 -32.097618 -0.175295 -0.133468 -1.875625 -6.485694 -5.882102 9.861278 0.702589 -10.936860 -0.360575 7.156194 0.000001 8.774814 0.000000 -15.952468 18.233292 6.167996 -1.844031 2.498502 -2.507276 -10.163589 4.678940 4.621100 -20.975998 -0.000005 0.000002 -21.226257 2.451691 -3.593994 0.000002 -0.000007 -0.000000 -1.362681 2.240796 -0.746320 -21.334890 0.584908 3.008317 -13.821197 -0.000004 -0.000000 -23.887135 -0.249081 -0.839482 -60.192543 2.872334 -1.208801 -0.294024 1.679686 0.833255 -14.218194 0.093214 1.300579 -34.212006 -0.287566 0.967168 -20.033184 0.964532 1.212841 0.000000 -0.000001 -0.000001 -3.440386 0.788231 0.501654 -15.928167 -3.167306 2.999700 -6.338818 -0.000003 0.000000 -18.123417 3.648172 -4.905663 -0.000003 -0.000001 -0.000001 9.247816 11.608102 12.227697 61.048489 4.804808 12.133810 -0.089162 25.398962 -0.009897 7.608236 7.894646 3.401202 2.243539 -5.255033 -3.180155 14.282877 -0.826593 6.952495 -0.000003 -12.690592 0.000000 16.838905 -17.727724 2.122313 1.665665 -1.955921 -2.878296 4.727794 -4.170584 4.993919 11.020512 0.000003 -0.000001 12.109033 -3.735709 -2.866779 0.000000 -0.000000 -0.000000 1.291984 -1.928547 -1.498088 14.800111 0.567468 3.865603 14.242553 -1.341735 -6.660649 19.631939 0.143925 -0.648243 50.262272 -0.469456 -6.149088 0.353029 -1.511149 -0.031939 20.222769 3.684307 2.316629 18.787245 0.000007 -0.000001 10.751610 -0.479868 1.397904 -0.000001 -0.000000 0.000001 3.273804 0.305947 -0.580110 21.486788 11.830362 2.266131 8.162917 0.000002 0.000000 18.399050 -3.798979 -4.940566 0.000005 0.000000 -0.000002 11.949019 14.277736 -23.215828 -0.014964 -0.089651 17.862785 -2.994380 16.985014 6.970947 1.692523 -2.062551 -1.381605 0.000000 -0.000000 0.000002 -1.509543 -14.485263 -11.860360 0.085603 0.180470 28.059601 7.881221 -1.160584 -18.071659 -1.411549 0.938192 -0.044386 -0.000000 0.000001 -0.000001 
-9.696412 96.754265 -21.083374 -1.675843 -16.505936 3.160136 2.295415 0.154768 0.601620 0.023114 0.100581 -4.194863 2.461127 -1.431609 8.811701 -1.340337 3.347894 1.505969 0.213029 2.036390 -3.676414 -0.552610 1.620501 -12.609341 0.000077 -0.000023 0.000006 0.018714 0.084425 -0.006132 0.734850 -3.682054 -10.690767 -0.712300 3.845364 -10.697412 -11.907797 -1.926375 13.124159 -62.394505 -8.500200 6.201766 0.417449 -32.756020 -0.215641 -0.560418 -2.022619 -5.604383 -5.882101 9.861278 0.702589 -10.936860 -0.360575 7.156196 0.000001 8.774813 -0.000001 -15.970179 18.285810 6.135804 -1.844032 2.498502 -2.507275 -10.163589 4.678939 4.621102 -20.975998 -0.000005 0.000001 -21.226255 2.451691 -3.593992 0.000001 -0.000007 -0.000002 -1.362680 2.240796 -0.746323 -21.334890 0.584907 3.008318 -13.821197 -0.000004 0.000001 -23.887136 -0.249081 -0.839480 -60.301105 2.857911 -1.292957 -0.294024 1.679686 0.833255 -14.218192 0.093215 1.300579 -34.212002 -0.287565 0.967170 -20.033176 0.964535 1.212841 0.000000 -0.000000 -0.000000 -3.440385 0.788232 0.501655 -15.928169 -3.167308 2.999701 -6.338817 -0.000001 0.000001 -18.123415 3.648175 -4.905660 -0.000003 0.000000 -0.000002 9.264016 11.720951 12.309957 60.488556 4.286235 12.098650 -0.054193 24.761217 0.027682 7.787608 7.313874 4.329301 2.243539 -5.255032 -3.180156 14.282877 -0.826593 6.952497 -0.000004 -12.690588 -0.000002 16.788349 -17.853373 2.182252 1.665665 -1.955921 -2.878297 4.727794 -4.170584 4.993920 11.020512 0.000003 -0.000001 12.109032 -3.735709 -2.866780 -0.000001 -0.000000 -0.000002 1.291984 -1.928547 -1.498090 14.800113 0.567469 3.865604 14.242551 -1.341733 -6.660650 19.631939 0.143927 -0.648242 50.356529 -0.442826 -6.086978 0.353028 -1.511150 -0.031941 20.222767 3.684305 2.316629 18.787245 0.000005 -0.000000 10.751609 -0.479868 1.397905 -0.000001 -0.000000 0.000001 3.273804 0.305949 -0.580110 21.486792 11.830363 2.266133 8.162917 0.000002 0.000001 18.399054 -3.798980 -4.940565 0.000006 -0.000000 -0.000002 12.116145 14.092694 -23.201960 -0.017847 -0.017739 17.721556 -4.198468 15.041803 6.466778 1.692952 -2.034582 -1.604896 0.000000 -0.000000 0.000002 -1.124022 -15.380021 -12.217709 0.079152 0.134387 28.729710 7.529963 -1.882208 -18.536167 -1.414509 0.938413 0.137156 0.000000 0.000000 -0.000001 
-10.073902 96.725174 -21.572014 -1.459958 -15.269099 3.035508 2.466883 0.214505 0.566110 0.023101 0.231515 -4.169467 2.381966 -1.298984 8.622479 -1.269643 3.322047 1.233804 0.068287 1.788739 -3.696116 -0.454365 1.084231 -12.583638 0.000077 -0.000023 0.000006 0.020188 0.078388 -0.004290 0.726812 -3.694210 -10.688204 -0.701178 3.844233 -10.693988 -12.344926 -1.595094 13.058652 -62.252567 -8.376379 6.992242 0.515017 -33.367390 -0.281789 -0.922075 -2.111732 -4.751266 -5.882102 9.861278 0.702591 -10.936859 -0.360574 7.156197 0.000001 8.774814 -0.000002 -16.020075 18.367012 6.125742 -1.844031 2.498504 -2.507275 -10.163590 4.678941 4.621102 -20.975996 -0.000003 0.000001 -21.226254 2.451692 -3.593994 0.000002 -0.000007 -0.000002 -1.362680 2.240796 -0.746322 -21.334887 0.584908 3.008322 -13.821197 -0.000004 0.000000 -23.887133 -0.249078 -0.839480 -60.436790 2.852613 -1.358247 -0.294024 1.679686 0.833256 -14.218190 0.093215 1.300580 -34.211998 -0.287564 0.967168 -20.033178 0.964534 1.212840 -0.000001 -0.000000 0.000000 -3.440386 0.788231 0.501654 -15.928165 -3.167305 2.999705 -6.338817 -0.000003 0.000000 -18.123415 3.648175 -4.905662 -0.000004 -0.000000 -0.000002 9.315550 11.834781 12.426155 60.022045 3.835570 11.878955 -0.044941 24.454723 0.064829 7.823600 6.762021 5.033630 2.243539 -5.255033 -3.180155 14.282877 -0.826593 6.952497 -0.000004 -12.690588 0.000002 16.702772 -17.931629 2.275731 1.665665 -1.955920 -2.878296 4.727793 -4.170583 4.993918 11.020512 0.000003 -0.000001 12.109034 -3.735708 -2.866778 0.000000 -0.000001 -0.000000 1.291985 -1.928548 -1.498088 14.800113 0.567469 3.865604 14.242553 -1.341733 -6.660649 19.631939 0.143926 -0.648243 50.527699 -0.424578 -6.031251 0.353028 -1.511148 -0.031939 20.222769 3.684308 2.316629 18.787247 0.000005 0.000000 10.751611 -0.479868 1.397903 -0.000000 -0.000001 0.000001 3.273804 0.305947 -0.580110 21.486792 11.830364 2.266132 8.162916 0.000002 0.000000 18.399054 -3.798980 -4.940567 0.000006 0.000000 -0.000002 12.428410 14.101866 -23.096075 -0.032931 0.017359 19.321545 -6.627574 13.120000 5.125134 1.702964 -2.012159 -1.716749 0.000000 -0.000000 0.000002 -0.905056 -15.985109 -12.448503 0.057024 0.131184 29.156570 7.319204 -2.436177 -18.832178 -1.420504 0.882654 0.273285 0.000000 0.000000 -0.000001 
-10.329329 96.771751 -21.804247 -1.296845 -14.506846 2.919960 2.629917 0.294949 0.468032 0.022131 0.365482 -4.217223 2.277787 -1.053454 8.498528 -1.256613 3.313082 1.006193 -0.047611 1.575471 -3.716902 -0.336121 0.536882 -12.584469 0.000077 -0.000023 0.000006 0.021658 0.066608 0.002615 0.715725 -3.707150 -10.678629 -0.688758 3.832575 -10.696592 -13.053402 -1.135990 13.065140 -61.967503 -7.984205 7.168610 0.699841 -33.875320 -0.380350 -1.210063 -2.016013 -4.003767 -5.882101 9.861280 0.702591 -10.936858 -0.360575 7.156197 0.000000 8.774813 -0.000001 -16.011091 18.439978 6.151072 -1.844031 2.498502 -2.507275 -10.163589 4.678939 4.621104 -20.975994 -0.000003 0.000001 -21.226254 2.451693 -3.593992 0.000001 -0.000006 -0.000001 -1.362682 2.240796 -0.746323 -21.334892 0.584909 3.008321 -13.821197 -0.000004 -0.000000 -23.887131 -0.249079 -0.839482 -60.533566 2.801421 -1.387281 -0.294025 1.679687 0.833255 -14.218194 0.093216 1.300578 -34.212002 -0.287561 0.967171 -20.033178 0.964536 1.212844 -0.000000 0.000000 0.000001 -3.440385 0.788232 0.501654 -15.928167 -3.167306 2.999702 -6.338817 -0.000002 0.000001 -18.123413 3.648176 -4.905662 -0.000004 -0.000000 -0.000003 9.402178 11.948590 12.562309 59.639214 3.354770 11.289829 0.005772 24.525272 0.098412 7.773106 6.345513 5.495126 2.243539 -5.255032 -3.180155 14.282873 -0.826594 6.952495 -0.000003 -12.690591 0.000002 16.663494 -17.936691 2.337956 1.665664 -1.955920 -2.878297 4.727792 -4.170582 4.993918 11.020510 0.000002 -0.000001 12.109030 -3.735709 -2.866780 -0.000001 0.000000 -0.000001 1.291984 -1.928547 -1.498088 14.800111 0.567467 3.865605 14.242551 -1.341734 -6.660648 19.631935 0.143926 -0.648242 50.562721 -0.452179 -5.941591 0.353029 -1.511149 -0.031941 20.222767 3.684305 2.316628 18.787243 0.000005 0.000002 10.751608 -0.479869 1.397906 -0.000001 -0.000001 0.000001 3.273804 0.305947 -0.580112 21.486788 11.830361 2.266132 8.162916 0.000001 0.000000 18.399048 -3.798980 -4.940567 0.000003 0.000001 -0.000003 13.053418 14.012920 -22.851093 -0.089259 -0.034206 22.337835 -8.774148 11.474208 3.467684 1.708435 -2.030696 -1.848418 0.000000 0.000000 0.000002 -0.803632 -16.209232 -12.351976 0.022591 0.127257 29.082111 7.321543 -2.987862 -18.878563 -1.428150 0.883101 0.216939 0.000000 0.000000 -0.000001 
-10.488587 96.855453 -21.752436 -1.181749 -14.219240 2.904686 2.754591 0.350895 0.274732 0.020486 0.555331 -4.306255 2.151374 -0.762888 8.390644 -1.369661 3.305963 0.760100 -0.091548 1.405067 -3.724850 -0.255881 0.067800 -12.591280 0.000077 -0.000023 0.000006 0.021068 0.058607 -0.002287 0.705262 -3.709872 -10.653345 -0.678368 3.822835 -10.679820 -13.873456 -0.650902 13.073495 -61.659912 -7.287432 6.476033 0.929169 -34.184509 -0.469233 -1.384413 -1.699947 -3.501913 -5.882100 9.861278 0.702590 -10.936859 -0.360575 7.156198 0.000001 8.774813 -0.000001 -15.973846 18.461935 6.164037 -1.844031 2.498503 -2.507274 -10.163590 4.678939 4.621106 -20.975994 -0.000004 0.000002 -21.226254 2.451692 -3.593992 0.000001 -0.000006 -0.000000 -1.362680 2.240796 -0.746322 -21.334887 0.584907 3.008320 -13.821197 -0.000004 0.000003 -23.887131 -0.249078 -0.839481 -60.586548 2.713427 -1.425417 -0.294025 1.679686 0.833256 -14.218194 0.093214 1.300580 -34.212006 -0.287565 0.967167 -20.033180 0.964535 1.212843 -0.000000 0.000000 0.000000 -3.440385 0.788232 0.501655 -15.928169 -3.167307 2.999703 -6.338818 -0.000001 0.000000 -18.123415 3.648175 -4.905660 -0.000004 0.000001 -0.000003 9.445557 11.999006 12.682056 59.549213 2.866469 10.486485 -0.037040 25.001520 0.092673 7.784002 6.164751 5.579230 2.243540 -5.255033 -3.180153 14.282877 -0.826592 6.952495 -0.000003 -12.690590 0.000000 16.753826 -17.887903 2.268149 1.665665 -1.955919 -2.878294 4.727794 -4.170584 4.993918 11.020512 0.000003 -0.000001 12.109034 -3.735708 -2.866779 -0.000001 -0.000000 -0.000001 1.291985 -1.928548 -1.498087 14.800114 0.567470 3.865602 14.242553 -1.341734 -6.660648 19.631939 0.143926 -0.648242 50.555614 -0.433522 -5.867130 0.353028 -1.511149 -0.031939 20.222771 3.684307 2.316627 18.787245 0.000006 -0.000002 10.751614 -0.479866 1.397903 -0.000002 -0.000001 0.000000 3.273805 0.305947 -0.580111 21.486794 11.830363 2.266130 8.162917 0.000002 -0.000001 18.399054 -3.798978 -4.940568 0.000005 0.000001 -0.000003 13.901008 13.457749 -22.214983 -0.153948 -0.176069 25.283621 -10.053809 10.247129 2.413134 1.708638 -2.066309 -1.920659 0.000000 0.000000 0.000002 -0.799660 -16.113745 -12.093366 0.022136 0.159077 28.704327 7.360106 -3.456018 -18.866484 -1.429493 0.866699 0.033464 -0.000000 -0.000000 -0.000001 
-10.541764 97.000443 -21.382664 -1.051225 -14.355648 3.080788 2.796172 0.431752 0.025796 0.038251 0.796971 -4.459344 2.016091 -0.496362 8.293295 -1.521636 3.214702 0.494908 -0.210350 1.110408 -3.765053 -0.291899 -0.049401 -12.607841 0.000077 -0.000023 0.000006 0.006819 -0.020965 -0.020406 0.684707 -3.793511 -10.673125 -0.687606 3.735840 -10.699455 -14.584166 -0.191994 12.894076 -61.629005 -6.173814 4.865795 1.000945 -34.392067 -0.524963 -1.258158 -1.248153 -3.302642 -5.882101 9.861276 0.702588 -10.936860 -0.360575 7.156198 0.000001 8.774813 -0.000001 -15.970708 18.554300 6.228803 -1.844032 2.498503 -2.507276 -10.163589 4.678939 4.621102 -20.975994 -0.000004 0.000002 -21.226255 2.451692 -3.593993 0.000001 -0.000006 -0.000001 -1.362680 2.240796 -0.746322 -21.334890 0.584906 3.008319 -13.821198 -0.000005 0.000001 -23.887131 -0.249080 -0.839481 -60.578011 2.693877 -1.344753 -0.294024 1.679685 0.833255 -14.218194 0.093214 1.300581 -34.212006 -0.287565 0.967168 -20.033178 0.964534 1.212840 -0.000001 0.000001 -0.000000 -3.440386 0.788232 0.501656 -15.928169 -3.167305 2.999704 -6.338818 -0.000002 0.000002 -18.123415 3.648176 -4.905661 -0.000004 0.000001 -0.000000 9.490394 11.925595 12.943996 59.585537 2.546729 9.468484 -0.033624 26.012135 0.090425 7.925456 6.201850 5.472616 2.243539 -5.255033 -3.180155 14.282877 -0.826594 6.952496 -0.000002 -12.690591 0.000000 16.835678 -17.904453 2.235810 1.665665 -1.955920 -2.878298 4.727794 -4.170583 4.993917 11.020512 0.000003 -0.000001 12.109032 -3.735711 -2.866778 -0.000001 -0.000000 0.000001 1.291984 -1.928548 -1.498088 14.800111 0.567467 3.865603 14.242553 -1.341735 -6.660650 19.631939 0.143925 -0.648243 50.561035 -0.444062 -5.936404 0.353029 -1.511149 -0.031941 20.222767 3.684306 2.316628 18.787245 0.000003 -0.000001 10.751610 -0.479866 1.397905 -0.000002 -0.000001 -0.000001 3.273804 0.305946 -0.580112 21.486790 11.830361 2.266131 8.162916 0.000001 0.000000 18.399054 -3.798980 -4.940569 0.000004 0.000001 -0.000003 14.541817 12.163656 -21.142757 -0.147637 -0.364898 26.322613 -11.166844 9.488678 1.345225 1.697515 -2.103568 -2.065949 0.000000 -0.000000 0.000002 -0.956350 -15.829613 -11.726930 0.041001 0.186643 27.950453 7.380795 -3.921167 -18.716373 -1.437946 0.867933 -0.026655 -0.000000 0.000002 -0.000001 
-10.327841 96.918869 -20.765512 -1.088192 -14.683882 3.476483 2.854173 0.448084 -0.307202 0.053435 0.926945 -4.580939 2.058725 -0.350067 8.036372 -1.861096 3.415253 0.255003 -0.282180 0.896960 -3.716747 -0.396113 -0.110131 -12.718377 0.000077 -0.000023 0.000006 0.009471 -0.021598 -0.002648 0.676130 -3.780243 -10.631325 -0.670289 3.729074 -10.638186 -15.220156 0.332743 12.710407 -61.736397 -4.890532 3.050175 0.944904 -34.284462 -0.446648 -0.890014 -0.878705 -3.622605 -5.882101 9.861278 0.702591 -10.936858 -0.360574 7.156197 -0.000001 8.774813 -0.000000 -15.943855 18.571886 6.261569 -1.844031 2.498503 -2.507275 -10.163589 4.678938 4.621106 -20.975994 -0.000002 0.000005 -21.226248 2.451692 -3.593993 0.000000 -0.000007 -0.000000 -1.362681 2.240797 -0.746322 -21.334887 0.584910 3.008320 -13.821194 -0.000001 0.000003 -23.887129 -0.249076 -0.839481 -60.493843 2.596375 -1.298759 -0.294024 1.679686 0.833256 -14.218190 0.093216 1.300580 -34.211998 -0.287559 0.967171 -20.033173 0.964537 1.212841 0.000000 -0.000001 -0.000001 -3.440385 0.788232 0.501655 -15.928165 -3.167305 2.999704 -6.338817 -0.000002 0.000003 -18.123411 3.648178 -4.905663 -0.000004 -0.000000 -0.000001 9.421628 11.944074 13.103194 59.645977 2.114870 8.675591 0.049633 27.390087 0.143015 8.290430 6.408923 5.656072 2.243540 -5.255033 -3.180156 14.282877 -0.826594 6.952496 -0.000001 -12.690590 0.000000 16.678995 -17.848875 2.254500 1.665665 -1.955921 -2.878297 4.727794 -4.170584 4.993918 11.020511 0.000002 -0.000002 12.109029 -3.735710 -2.866779 -0.000000 -0.000000 0.000001 1.291984 -1.928548 -1.498088 14.800114 0.567466 3.865602 14.242553 -1.341736 -6.660648 19.631939 0.143925 -0.648244 50.415665 -0.423960 -6.009368 0.353029 -1.511150 -0.031940 20.222767 3.684304 2.316629 18.787245 0.000004 0.000002 10.751607 -0.479870 1.397902 -0.000001 0.000000 0.000000 3.273804 0.305947 -0.580111 21.486790 11.830360 2.266130 8.162916 0.000000 0.000000 18.399054 -3.798980 -4.940568 0.000006 0.000001 0.000000 14.382941 11.231133 -20.074917 -0.126113 -0.353096 24.400084 -12.404239 8.963653 -1.344443 1.691830 -2.111773 -1.682376 0.000000 -0.000000 0.000002 -1.173738 -15.874023 -11.878848 0.037896 0.231997 28.081345 7.637132 -3.665929 -18.902100 -1.432624 0.838756 -0.064927 -0.000000 -0.000000 -0.000001 
-10.037077 96.850746 -20.205341 -1.085387 -15.001902 4.001192 2.705635 0.451991 -0.718571 0.085540 0.969563 -4.687645 2.258745 -0.360283 7.922655 -2.331472 3.582411 -0.189919 -0.267872 0.809500 -3.624859 -0.514303 -0.236157 -12.892583 0.000077 -0.000023 0.000006 0.014308 0.026265 0.018436 0.677697 -3.720339 -10.583925 -0.665902 3.769732 -10.606950 -15.962904 0.796146 12.690944 -61.582874 -4.033103 1.460405 0.795875 -33.781132 -0.341000 -0.564518 -0.597565 -3.932371 -5.882100 9.861278 0.702591 -10.936857 -0.360574 7.156198 -0.000001 8.774815 -0.000000 -16.016247 18.449631 6.321074 -1.844031 2.498505 -2.507275 -10.163589 4.678941 4.621105 -20.975994 -0.000002 0.000004 -21.226248 2.451695 -3.593992 -0.000001 -0.000006 -0.000001 -1.362680 2.240798 -0.746323 -21.334887 0.584911 3.008321 -13.821194 -0.000002 0.000004 -23.887121 -0.249075 -0.839482 -60.442703 2.499353 -0.946639 -0.294024 1.679687 0.833255 -14.218192 0.093216 1.300581 -34.211998 -0.287561 0.967169 -20.033178 0.964537 1.212841 0.000001 0.000000 -0.000003 -3.440385 0.788232 0.501654 -15.928165 -3.167304 2.999705 -6.338817 -0.000001 0.000002 -18.123411 3.648178 -4.905660 -0.000003 0.000000 -0.000002 9.505752 11.847167 13.097965 59.468891 1.830554 7.826176 0.177610 28.913149 0.152400 8.774013 6.382702 6.308079 2.243540 -5.255033 -3.180155 14.282875 -0.826595 6.952497 -0.000001 -12.690588 0.000001 16.486465 -17.899210 2.358989 1.665665 -1.955921 -2.878298 4.727793 -4.170583 4.993918 11.020510 0.000001 -0.000002 12.109030 -3.735710 -2.866780 -0.000000 -0.000000 0.000000 1.291984 -1.928549 -1.498087 14.800111 0.567466 3.865605 14.242553 -1.341736 -6.660649 19.631935 0.143923 -0.648244 50.246319 -0.467342 -6.086689 0.353029 -1.511148 -0.031939 20.222765 3.684304 2.316630 18.787245 0.000004 0.000002 10.751610 -0.479870 1.397905 -0.000002 0.000000 0.000002 3.273804 0.305947 -0.580110 21.486788 11.830361 2.266133 8.162916 0.000002 0.000000 18.399050 -3.798981 -4.940566 0.000005 0.000001 -0.000001 14.015381 11.066828 -18.727709 -0.099507 -0.283866 21.451818 -13.928645 8.467425 -3.880225 1.660797 -2.050044 -1.291309 0.000000 -0.000000 0.000002 -1.446429 -15.975327 -12.252838 0.024340 0.179817 28.241678 7.921571 -3.260951 -19.068876 -1.436720 0.869375 -0.027328 -0.000000 0.000001 -0.000001 
-9.654511 96.948112 -19.831020 -0.741097 -15.174057 4.457776 2.395266 0.392278 -0.936469 0.050980 0.922704 -4.786896 2.131377 -0.417017 7.820700 -2.463095 3.614801 -0.611188 -0.299090 0.792389 -3.656965 -0.600723 -0.227381 -13.003373 0.000077 -0.000023 0.000006 0.020044 0.053611 0.011755 0.683346 -3.683753 -10.601776 -0.657126 3.786895 -10.606255 -16.423597 0.906834 12.651887 -61.204979 -3.593358 0.445812 0.569172 -32.544292 -0.242263 -0.546845 -0.419041 -4.242812 -5.882102 9.861278 0.702589 -10.936858 -0.360574 7.156199 0.000000 8.774813 0.000000 -15.951297 18.360506 6.272117 -1.844031 2.498502 -2.507277 -10.163589 4.678939 4.621103 -20.975996 -0.000001 0.000004 -21.226254 2.451695 -3.593994 -0.000001 -0.000006 0.000000 -1.362680 2.240796 -0.746322 -21.334887 0.584910 3.008321 -13.821197 -0.000002 0.000003 -23.887129 -0.249077 -0.839482 -60.232697 2.437602 -0.947014 -0.294025 1.679686 0.833255 -14.218192 0.093215 1.300579 -34.211998 -0.287560 0.967170 -20.033180 0.964536 1.212843 -0.000000 -0.000000 -0.000001 -3.440385 0.788233 0.501655 -15.928167 -3.167304 2.999705 -6.338817 0.000001 0.000003 -18.123415 3.648176 -4.905662 -0.000004 0.000000 -0.000001 9.847833 11.673903 12.902834 59.478745 1.746017 6.546765 0.210588 30.081013 0.169616 8.809735 6.691001 6.490099 2.243539 -5.255033 -3.180156 14.282877 -0.826594 6.952499 -0.000002 -12.690587 -0.000001 16.400009 -17.905302 2.370561 1.665664 -1.955920 -2.878296 4.727793 -4.170583 4.993918 11.020511 0.000003 -0.000001 12.109032 -3.735711 -2.866777 -0.000000 -0.000000 -0.000001 1.291984 -1.928549 -1.498087 14.800111 0.567467 3.865604 14.242553 -1.341733 -6.660648 19.631939 0.143926 -0.648243 50.243572 -0.515416 -6.105097 0.353029 -1.511149 -0.031941 20.222767 3.684306 2.316629 18.787245 0.000003 0.000002 10.751610 -0.479869 1.397905 -0.000002 -0.000001 0.000001 3.273804 0.305946 -0.580110 21.486790 11.830361 2.266134 8.162916 0.000002 0.000000 18.399048 -3.798982 -4.940566 0.000005 0.000001 0.000000 13.238521 11.293930 -18.990171 -0.086895 -0.236713 21.248207 -14.425346 8.258793 -4.223617 1.645242 -2.026338 -1.075172 -0.000000 0.000000 0.000002 -2.020720 -16.004560 -12.591001 0.034448 0.225499 27.982216 8.146336 -3.209420 -18.912537 -1.432893 0.861986 -0.085628 0.000000 0.000002 -0.000001 
-9.267325 97.037041 -19.500866 -0.538128 -15.480659 4.781518 2.231082 0.381461 -1.001417 0.034989 0.886475 -4.803112 1.953499 -0.458577 7.729437 -2.635484 3.609519 -0.900852 -0.339951 0.769455 -3.644948 -0.684253 -0.218141 -13.177094 0.000077 -0.000022 0.000006 0.024244 0.073117 0.007561 0.685817 -3.659504 -10.565718 -0.653119 3.798914 -10.584270 -16.476936 0.795195 12.746857 -61.098640 -3.532465 -0.180838 0.381150 -30.916662 -0.168498 -0.725381 -0.230283 -4.193688 -5.882100 9.861279 0.702590 -10.936858 -0.360575 7.156198 0.000000 8.774814 -0.000003 -15.936805 18.287374 6.228396 -1.844030 2.498501 -2.507275 -10.163589 4.678938 4.621104 -20.975992 -0.000003 0.000004 -21.226250 2.451693 -3.593993 -0.000001 -0.000007 -0.000001 -1.362680 2.240797 -0.746324 -21.334892 0.584908 3.008322 -13.821197 -0.000002 0.000004 -23.887123 -0.249078 -0.839480 -60.218525 2.404528 -1.001023 -0.294024 1.679685 0.833256 -14.218192 0.093214 1.300578 -34.211998 -0.287564 0.967172 -20.033176 0.964536 1.212842 0.000001 0.000000 0.000000 -3.440386 0.788233 0.501656 -15.928167 -3.167307 2.999706 -6.338816 -0.000001 0.000002 -18.123411 3.648177 -4.905659 -0.000004 0.000000 -0.000003 9.814322 11.537125 12.668925 60.084755 1.773423 5.054013 0.148453 31.023230 0.170390 8.707410 7.007092 6.298444 2.243540 -5.255033 -3.180156 14.282877 -0.826595 6.952496 -0.000001 -12.690592 0.000000 16.382023 -17.853327 2.356369 1.665665 -1.955920 -2.878296 4.727794 -4.170583 4.993919 11.020512 0.000003 -0.000002 12.109031 -3.735710 -2.866779 0.000000 -0.000001 -0.000001 1.291984 -1.928548 -1.498089 14.800111 0.567466 3.865602 14.242553 -1.341735 -6.660651 19.631939 0.143924 -0.648243 50.284328 -0.523692 -6.026343 0.353028 -1.511147 -0.031942 20.222765 3.684303 2.316628 18.787245 0.000002 0.000001 10.751611 -0.479869 1.397905 -0.000001 -0.000002 0.000000 3.273804 0.305947 -0.580110 21.486788 11.830360 2.266132 8.162917 0.000000 0.000000 18.399050 -3.798981 -4.940569 0.000006 0.000001 -0.000001 12.646152 11.765371 -19.182549 -0.114072 -0.232901 21.301416 -14.595166 8.099654 -4.492474 1.636981 -2.019015 -0.953422 -0.000000 -0.000000 0.000002 -2.492665 -15.876076 -12.747355 0.033469 0.223680 27.629789 8.405891 -3.184261 -18.685587 -1.432845 0.870292 -0.155466 0.000000 0.000002 -0.000001 
-8.808238 97.112701 -19.239876 -0.497025 -15.994958 5.049168 2.151349 0.403533 -1.000815 0.040234 0.862710 -4.800994 1.898387 -0.516753 7.685667 -2.882108 3.654075 -1.095392 -0.388158 0.825591 -3.643208 -0.781560 -0.181689 -13.356604 0.000077 -0.000022 0.000006 0.027210 0.085809 0.007317 0.691978 -3.638217 -10.545647 -0.654351 3.803847 -10.576300 -16.406200 0.704336 12.824723 -61.030819 -3.542892 -0.505668 0.235193 -29.514738 -0.161005 -0.944959 -0.069490 -4.011513 -5.882100 9.861278 0.702590 -10.936859 -0.360575 7.156197 0.000000 8.774815 -0.000001 -15.971438 18.232071 6.168814 -1.844030 2.498503 -2.507276 -10.163589 4.678939 4.621106 -20.975996 -0.000004 0.000004 -21.226250 2.451693 -3.593992 -0.000000 -0.000006 0.000001 -1.362680 2.240795 -0.746322 -21.334887 0.584908 3.008320 -13.821197 -0.000002 0.000002 -23.887131 -0.249078 -0.839480 -60.302364 2.395707 -1.046537 -0.294025 1.679686 0.833256 -14.218192 0.093214 1.300580 -34.212006 -0.287563 0.967171 -20.033178 0.964534 1.212841 0.000001 0.000000 -0.000002 -3.440385 0.788233 0.501655 -15.928167 -3.167308 2.999705 -6.338818 0.000000 0.000002 -18.123413 3.648176 -4.905660 -0.000003 0.000000 -0.000003 9.637760 11.504082 12.552382 60.718513 1.885023 3.571571 0.191045 31.844358 0.218568 8.685413 7.361256 6.019822 2.243540 -5.255029 -3.180153 14.282878 -0.826591 6.952494 -0.000004 -12.690587 0.000001 16.380701 -17.806110 2.355886 1.665665 -1.955920 -2.878297 4.727793 -4.170582 4.993919 11.020514 0.000005 -0.000003 12.109034 -3.735708 -2.866779 0.000000 -0.000000 -0.000000 1.291985 -1.928547 -1.498087 14.800117 0.567469 3.865601 14.242553 -1.341733 -6.660649 19.631941 0.143929 -0.648243 50.297451 -0.546801 -6.002867 0.353028 -1.511148 -0.031941 20.222771 3.684309 2.316627 18.787249 0.000008 -0.000000 10.751611 -0.479866 1.397903 0.000001 -0.000001 -0.000000 3.273805 0.305945 -0.580110 21.486794 11.830364 2.266128 8.162919 0.000002 -0.000001 18.399055 -3.798977 -4.940568 0.000006 0.000001 -0.000002 12.217283 12.258604 -19.367081 -0.127671 -0.217050 21.578005 -14.560919 8.059042 -4.855017 1.629197 -2.011283 -0.812296 -0.000000 -0.000000 0.000002 -2.862362 -15.641438 -12.874244 0.049629 0.215414 27.243198 8.703157 -3.027925 -18.424566 -1.434227 0.870831 -0.231745 -0.000000 -0.000000 -0.000001 
-8.319196 97.176422 -18.940166 -0.519747 -16.672997 5.271383 2.069063 0.396165 -0.983667 0.049644 0.854117 -4.789524 1.955455 -0.552264 7.688632 -3.112006 3.699575 -1.278621 -0.390437 0.950493 -3.659166 -0.879283 -0.037790 -13.556666 0.000077 -0.000022 0.000006 0.028990 0.093401 0.007128 0.699512 -3.628768 -10.560085 -0.655749 3.814029 -10.586657 -16.292952 0.622392 12.863976 -60.991310 -3.565332 -0.534382 0.201795 -28.501179 -0.178501 -1.069698 0.020855 -3.839613 -5.882101 9.861278 0.702590 -10.936858 -0.360575 7.156198 0.000001 8.774813 -0.000001 -16.020462 18.209045 6.141491 -1.844031 2.498502 -2.507277 -10.163589 4.678940 4.621104 -20.975994 -0.000003 0.000003 -21.226250 2.451693 -3.593993 -0.000001 -0.000007 -0.000001 -1.362681 2.240796 -0.746322 -21.334894 0.584908 3.008320 -13.821197 -0.000003 0.000003 -23.887129 -0.249078 -0.839480 -60.416817 2.363947 -1.042846 -0.294025 1.679686 0.833256 -14.218194 0.093215 1.300580 -34.212006 -0.287564 0.967169 -20.033178 0.964536 1.212842 0.000000 -0.000000 -0.000001 -3.440385 0.788232 0.501654 -15.928169 -3.167306 2.999704 -6.338817 -0.000001 0.000002 -18.123413 3.648176 -4.905662 -0.000004 0.000000 -0.000002 9.529983 11.488566 12.514451 61.141697 2.036596 2.637861 0.222074 32.423637 0.253686 8.747002 7.674863 5.923864 2.243539 -5.255032 -3.180156 14.282877 -0.826591 6.952497 -0.000002 -12.690590 0.000000 16.371265 -17.810900 2.365223 1.665665 -1.955920 -2.878297 4.727793 -4.170583 4.993918 11.020512 0.000005 -0.000002 12.109032 -3.735708 -2.866779 0.000001 -0.000000 0.000001 1.291984 -1.928546 -1.498088 14.800111 0.567469 3.865604 14.242553 -1.341734 -6.660649 19.631939 0.143926 -0.648243 50.311531 -0.574630 -6.040934 0.353028 -1.511147 -0.031941 20.222769 3.684304 2.316629 18.787245 0.000005 0.000001 10.751612 -0.479868 1.397904 -0.000001 -0.000000 0.000001 3.273804 0.305947 -0.580111 21.486788 11.830360 2.266130 8.162917 0.000003 -0.000001 18.399054 -3.798980 -4.940565 0.000005 0.000000 -0.000002 11.866146 12.592452 -19.475540 -0.124189 -0.216449 21.988615 -14.476856 8.203700 -5.390838 1.623588 -1.994895 -0.719541 -0.000000 0.000000 0.000002 -3.222460 -15.350195 -12.926068 0.063287 0.220753 26.817404 9.046557 -2.845917 -18.022547 -1.437527 0.910801 -0.326926 0.000000 0.000000 -0.000001 
-7.811570 97.238228 -18.620914 -0.550102 -17.444626 5.466712 1.974953 0.384865 -0.969243 0.058633 0.830885 -4.784198 2.057812 -0.612904 7.730726 -3.262642 3.730966 -1.465994 -0.351992 1.124667 -3.677385 -0.980898 0.224863 -13.782119 0.000077 -0.000022 0.000006 0.029490 0.089957 -0.002528 0.699842 -3.631785 -10.581017 -0.656209 3.815073 -10.608166 -16.054031 0.551325 12.876225 -60.976688 -3.646195 -0.383646 0.168810 -27.787802 -0.176486 -1.123131 0.023106 -3.564992 -5.882102 9.861278 0.702591 -10.936858 -0.360574 7.156198 0.000000 8.774814 0.000001 -16.054770 18.205088 6.139176 -1.844030 2.498502 -2.507274 -10.163589 4.678941 4.621104 -20.975992 -0.000002 0.000002 -21.226250 2.451694 -3.593994 -0.000001 -0.000007 0.000001 -1.362680 2.240797 -0.746321 -21.334887 0.584910 3.008322 -13.821194 -0.000001 0.000003 -23.887129 -0.249077 -0.839481 -60.449226 2.350893 -1.040790 -0.294024 1.679686 0.833256 -14.218190 0.093214 1.300578 -34.212006 -0.287563 0.967171 -20.033176 0.964536 1.212841 0.000000 0.000000 -0.000001 -3.440385 0.788233 0.501655 -15.928169 -3.167306 2.999705 -6.338817 -0.000002 0.000004 -18.123411 3.648176 -4.905661 -0.000002 0.000001 -0.000003 9.470016 11.506830 12.525990 61.488434 2.213158 2.056065 0.256505 32.617332 0.277239 8.870714 7.927359 6.079418 2.243540 -5.255034 -3.180155 14.282877 -0.826594 6.952498 -0.000001 -12.690590 -0.000001 16.405346 -17.851339 2.352512 1.665665 -1.955919 -2.878296 4.727794 -4.170583 4.993918 11.020512 0.000003 -0.000001 12.109031 -3.735710 -2.866781 0.000000 -0.000000 0.000001 1.291984 -1.928546 -1.498088 14.800111 0.567468 3.865604 14.242553 -1.341735 -6.660645 19.631939 0.143925 -0.648242 50.348907 -0.607600 -6.103593 0.353029 -1.511148 -0.031939 20.222769 3.684304 2.316627 18.787247 0.000004 0.000001 10.751610 -0.479868 1.397905 0.000000 -0.000000 -0.000000 3.273804 0.305946 -0.580111 21.486790 11.830360 2.266132 8.162917 0.000002 -0.000001 18.399050 -3.798979 -4.940566 0.000005 0.000000 -0.000001 11.526340 12.829150 -19.519611 -0.103290 -0.188261 22.405437 -14.288253 8.520004 -5.972420 1.619583 -1.990247 -0.652246 0.000000 -0.000000 0.000002 -3.603933 -15.004405 -12.946589 0.075085 0.233871 26.359529 9.353026 -2.604759 -17.588203 -1.439129 0.911638 -0.423431 0.000000 0.000000 -0.000001 
-7.342521 97.323364 -18.342737 -0.585667 -18.253092 5.617683 1.885180 0.350942 -0.941734 0.066568 0.798317 -4.775454 2.220295 -0.688616 7.793923 -3.314344 3.746579 -1.625210 -0.294063 1.308771 -3.691684 -1.075367 0.541932 -14.044841 0.000077 -0.000022 0.000006 0.027659 0.092845 0.006894 0.698295 -3.637046 -10.592124 -0.657680 3.816037 -10.607333 -15.686333 0.455585 12.937210 -60.978470 -3.856305 -0.030659 0.105254 -27.420692 -0.169089 -1.150107 -0.038759 -3.137811 -5.882101 9.861278 0.702589 -10.936858 -0.360574 7.156196 -0.000000 8.774813 -0.000001 -16.038189 18.222548 6.172737 -1.844031 2.498502 -2.507275 -10.163589 4.678941 4.621102 -20.975992 -0.000002 0.000002 -21.226248 2.451693 -3.593994 -0.000000 -0.000007 -0.000001 -1.362680 2.240796 -0.746322 -21.334887 0.584908 3.008319 -13.821197 -0.000003 0.000002 -23.887131 -0.249076 -0.839482 -60.509907 2.351182 -1.037393 -0.294025 1.679686 0.833256 -14.218190 0.093215 1.300579 -34.212002 -0.287565 0.967168 -20.033175 0.964535 1.212842 0.000001 0.000001 -0.000001 -3.440386 0.788233 0.501654 -15.928165 -3.167306 2.999702 -6.338817 -0.000002 0.000001 -18.123413 3.648176 -4.905663 -0.000003 0.000000 -0.000003 9.402819 11.519075 12.524237 61.827892 2.402085 1.697080 0.289834 32.366875 0.302844 9.082915 8.028812 6.364047 2.243540 -5.255033 -3.180154 14.282877 -0.826593 6.952495 -0.000002 -12.690591 0.000000 16.495081 -17.884861 2.309287 1.665665 -1.955920 -2.878297 4.727793 -4.170583 4.993918 11.020513 0.000003 -0.000001 12.109033 -3.735710 -2.866780 0.000001 -0.000000 -0.000000 1.291984 -1.928547 -1.498088 14.800113 0.567468 3.865603 14.242554 -1.341734 -6.660649 19.631935 0.143925 -0.648243 50.392307 -0.633175 -6.137794 0.353028 -1.511149 -0.031940 20.222769 3.684304 2.316627 18.787245 0.000005 -0.000000 10.751611 -0.479866 1.397903 -0.000000 0.000000 0.000001 3.273804 0.305949 -0.580110 21.486788 11.830362 2.266130 8.162916 0.000001 -0.000001 18.399052 -3.798980 -4.940567 0.000005 0.000000 -0.000002 11.229761 13.000436 -19.410986 -0.083035 -0.167006 22.588242 -14.074915 8.981574 -6.435373 1.620199 -1.988392 -0.605479 -0.000000 0.000000 0.000002 -3.947137 -14.585079 -12.895502 0.081404 0.258158 25.779308 9.557052 -2.453141 -17.081415 -1.439413 0.920281 -0.500809 0.000000 0.000000 -0.000001 
-6.898211 97.382515 -18.055338 -0.595334 -19.071800 5.733480 1.790287 0.345155 -0.915913 0.073380 0.736078 -4.775137 2.409567 -0.790983 7.877723 -3.249928 3.772417 -1.797291 -0.205717 1.507526 -3.681908 -1.146987 0.858421 -14.313734 0.000077 -0.000023 0.000006 0.027246 0.086532 0.014227 0.695285 -3.642044 -10.568326 -0.654940 3.809454 -10.591302 -15.216495 0.337656 12.941187 -61.004734 -4.057859 0.457585 -0.000872 -27.521660 -0.112312 -1.175897 -0.168457 -2.661196 -5.882100 9.861278 0.702590 -10.936858 -0.360575 7.156196 0.000001 8.774814 0.000001 -15.996768 18.211536 6.213259 -1.844031 2.498503 -2.507277 -10.163589 4.678940 4.621105 -20.975994 -0.000004 0.000003 -21.226254 2.451691 -3.593994 -0.000000 -0.000006 -0.000001 -1.362680 2.240796 -0.746321 -21.334887 0.584908 3.008320 -13.821197 -0.000003 0.000002 -23.887129 -0.249079 -0.839481 -60.517849 2.359206 -1.021861 -0.294023 1.679687 0.833255 -14.218190 0.093214 1.300581 -34.211998 -0.287563 0.967170 -20.033175 0.964535 1.212840 0.000000 0.000002 0.000000 -3.440385 0.788231 0.501655 -15.928164 -3.167306 2.999704 -6.338817 -0.000001 0.000002 -18.123411 3.648175 -4.905661 -0.000005 -0.000000 -0.000003 9.379765 11.550167 12.494613 62.151604 2.523992 1.436643 0.335630 31.683706 0.314468 9.393629 7.973015 6.807600 2.243540 -5.255033 -3.180155 14.282877 -0.826593 6.952497 -0.000002 -12.690590 0.000000 16.566496 -17.936422 2.291444 1.665665 -1.955921 -2.878296 4.727794 -4.170582 4.993918 11.020513 0.000002 -0.000001 12.109034 -3.735708 -2.866781 0.000001 0.000000 0.000001 1.291984 -1.928548 -1.498088 14.800114 0.567468 3.865603 14.242554 -1.341734 -6.660648 19.631939 0.143927 -0.648242 50.433605 -0.655922 -6.135777 0.353029 -1.511149 -0.031940 20.222773 3.684309 2.316627 18.787247 0.000006 0.000000 10.751614 -0.479866 1.397904 -0.000000 -0.000000 0.000000 3.273804 0.305947 -0.580109 21.486794 11.830363 2.266131 8.162917 0.000001 -0.000002 18.399054 -3.798978 -4.940568 0.000005 0.000000 -0.000002 10.942291 13.106903 -19.298937 -0.084344 -0.139697 22.844255 -13.860956 9.476060 -6.952950 1.620592 -1.992940 -0.556236 -0.000000 0.000000 0.000002 -4.311601 -14.147276 -12.871523 0.078272 0.281776 25.319712 9.735780 -2.267735 -16.681257 -1.436478 0.940091 -0.549911 -0.000000 -0.000000 -0.000001 
-6.507476 97.458733 -17.709057 -0.589529 -19.956821 5.827809 1.698121 0.346213 -0.879262 0.082841 0.639559 -4.774850 2.628799 -0.858143 7.966282 -3.091320 3.748946 -2.001596 -0.103198 1.715879 -3.670199 -1.168895 1.187391 -14.553872 0.000077 -0.000022 0.000006 0.029176 0.089342 0.021740 0.693696 -3.637481 -10.547817 -0.649018 3.810225 -10.564053 -14.703125 0.187359 12.893624 -60.959503 -4.227954 1.156182 -0.158029 -28.084883 -0.018594 -1.222444 -0.451179 -2.163915 -5.882100 9.861278 0.702590 -10.936858 -0.360575 7.156198 0.000001 8.774813 -0.000001 -15.986689 18.197424 6.214227 -1.844031 2.498502 -2.507274 -10.163589 4.678941 4.621104 -20.975998 -0.000004 0.000002 -21.226255 2.451692 -3.593992 -0.000001 -0.000006 0.000000 -1.362681 2.240796 -0.746323 -21.334896 0.584907 3.008320 -13.821198 -0.000003 0.000001 -23.887133 -0.249079 -0.839482 -60.495323 2.392405 -1.010214 -0.294024 1.679686 0.833256 -14.218192 0.093213 1.300580 -34.211998 -0.287564 0.967167 -20.033178 0.964533 1.212842 0.000000 0.000001 0.000001 -3.440385 0.788233 0.501654 -15.928167 -3.167305 2.999703 -6.338817 -0.000002 -0.000001 -18.123415 3.648176 -4.905662 -0.000003 -0.000000 -0.000001 9.418602 11.558722 12.474878 62.392963 2.617186 1.401258 0.342334 30.749994 0.296756 9.810946 7.763472 7.372753 2.243540 -5.255033 -3.180154 14.282877 -0.826595 6.952497 -0.000002 -12.690592 0.000001 16.628799 -17.989437 2.312640 1.665665 -1.955922 -2.878297 4.727794 -4.170582 4.993918 11.020513 0.000002 0.000000 12.109030 -3.735710 -2.866778 0.000001 0.000000 0.000000 1.291984 -1.928548 -1.498088 14.800114 0.567468 3.865606 14.242551 -1.341736 -6.660648 19.631937 0.143924 -0.648242 50.492531 -0.680464 -6.114727 0.353029 -1.511150 -0.031941 20.222767 3.684305 2.316629 18.787247 0.000003 -0.000000 10.751611 -0.479869 1.397904 -0.000000 -0.000001 0.000002 3.273804 0.305947 -0.580111 21.486790 11.830362 2.266132 8.162916 0.000001 0.000000 18.399052 -3.798982 -4.940566 0.000005 0.000000 -0.000001 10.609038 13.225323 -19.046551 -0.086815 -0.116451 22.919029 -13.593204 10.045395 -7.483922 1.620125 -1.989498 -0.498666 0.000000 -0.000000 0.000002 -4.752993 -13.671840 -12.757917 0.076353 0.288717 24.721819 9.925312 -2.027208 -16.204069 -1.434446 0.923035 -0.602659 -0.000000 0.000001 -0.000001 
-6.211908 97.547592 -17.363564 -0.582835 -20.901062 5.917654 1.614110 0.329956 -0.843422 0.098462 0.524267 -4.772837 2.856287 -0.923191 8.046924 -2.857433 3.715477 -2.235144 0.010370 1.935607 -3.660555 -1.164502 1.553763 -14.690289 0.000077 -0.000023 0.000006 0.028779 0.082423 0.025404 0.691706 -3.645336 -10.530251 -0.647753 3.801001 -10.550306 -14.209730 0.027657 12.792048 -60.799534 -4.402348 1.924715 -0.293493 -28.964895 0.098350 -1.295002 -0.833607 -1.584657 -5.882099 9.861278 0.702588 -10.936858 -0.360576 7.156197 0.000001 8.774812 0.000000 -15.989879 18.152916 6.188251 -1.844031 2.498502 -2.507276 -10.163589 4.678938 4.621104 -20.975994 -0.000004 0.000003 -21.226248 2.451691 -3.593994 -0.000001 -0.000006 -0.000001 -1.362681 2.240797 -0.746323 -21.334887 0.584908 3.008321 -13.821197 -0.000004 0.000000 -23.887131 -0.249081 -0.839482 -60.455929 2.415821 -1.012670 -0.294024 1.679686 0.833255 -14.218192 0.093214 1.300580 -34.211998 -0.287564 0.967170 -20.033178 0.964534 1.212843 0.000000 0.000002 0.000001 -3.440386 0.788232 0.501656 -15.928167 -3.167307 2.999705 -6.338817 -0.000002 -0.000001 -18.123411 3.648176 -4.905661 -0.000003 -0.000001 -0.000002 9.518027 11.554574 12.447183 62.603195 2.696338 1.567568 0.331669 29.704227 0.280645 10.312646 7.438391 7.984554 2.243540 -5.255033 -3.180155 14.282877 -0.826592 6.952497 -0.000002 -12.690591 -0.000001 16.669523 -18.049299 2.308190 1.665665 -1.955920 -2.878296 4.727794 -4.170583 4.993919 11.020512 0.000003 -0.000001 12.109033 -3.735710 -2.866779 0.000001 0.000000 -0.000001 1.291984 -1.928548 -1.498088 14.800111 0.567469 3.865604 14.242554 -1.341735 -6.660648 19.631939 0.143926 -0.648244 50.555443 -0.696300 -6.112709 0.353029 -1.511148 -0.031940 20.222769 3.684307 2.316628 18.787245 0.000005 0.000001 10.751610 -0.479867 1.397907 0.000001 -0.000001 -0.000000 3.273804 0.305947 -0.580110 21.486790 11.830363 2.266132 8.162917 0.000001 0.000000 18.399052 -3.798978 -4.940564 0.000006 0.000001 -0.000001 10.413779 13.421795 -18.598415 -0.097444 -0.127193 22.788462 -13.445367 10.695582 -7.859380 1.621084 -1.977570 -0.441238 0.000000 -0.000000 0.000002 -5.021039 -13.166204 -12.566600 0.081238 0.294964 24.054789 9.962496 -1.831898 -15.833518 -1.434212 0.928362 -0.664798 0.000000 0.000000 -0.000001 
-6.046486 97.676521 -16.962891 -0.602740 -21.875948 6.029973 1.541616 0.302781 -0.820677 0.118868 0.376451 -4.763504 3.089297 -0.981217 8.107244 -2.572162 3.650901 -2.471612 0.107382 2.194159 -3.653103 -1.083672 1.906241 -14.733508 0.000077 -0.000023 0.000005 0.026342 0.072413 0.019267 0.684472 -3.649688 -10.517776 -0.644540 3.786043 -10.538182 -13.756425 -0.177555 12.668823 -60.523247 -4.576569 2.612384 -0.378267 -30.062822 0.175248 -1.314660 -1.245773 -1.035390 -5.882102 9.861279 0.702589 -10.936858 -0.360574 7.156196 -0.000000 8.774815 -0.000002 -16.021049 18.139936 6.145812 -1.844031 2.498502 -2.507276 -10.163590 4.678939 4.621104 -20.975996 -0.000004 -0.000000 -21.226254 2.451693 -3.593994 0.000000 -0.000007 -0.000001 -1.362681 2.240797 -0.746325 -21.334887 0.584911 3.008320 -13.821195 -0.000002 0.000001 -23.887129 -0.249076 -0.839483 -60.420792 2.452677 -1.069935 -0.294025 1.679687 0.833254 -14.218194 0.093216 1.300577 -34.212002 -0.287561 0.967168 -20.033178 0.964535 1.212838 0.000000 -0.000000 0.000001 -3.440385 0.788233 0.501654 -15.928167 -3.167304 2.999703 -6.338817 -0.000001 0.000001 -18.123415 3.648177 -4.905662 -0.000005 -0.000001 -0.000001 9.662212 11.505458 12.406928 62.819069 2.687535 1.796183 0.336538 28.786425 0.274997 10.863750 6.976671 8.517009 2.243540 -5.255033 -3.180155 14.282877 -0.826594 6.952495 -0.000001 -12.690593 -0.000002 16.701454 -18.121067 2.319607 1.665665 -1.955919 -2.878297 4.727794 -4.170585 4.993917 11.020513 0.000002 -0.000003 12.109033 -3.735711 -2.866781 -0.000001 -0.000000 -0.000000 1.291985 -1.928548 -1.498088 14.800109 0.567468 3.865602 14.242553 -1.341736 -6.660649 19.631935 0.143925 -0.648245 50.619968 -0.708620 -6.106351 0.353029 -1.511151 -0.031941 20.222771 3.684306 2.316628 18.787247 0.000005 -0.000002 10.751611 -0.479868 1.397902 0.000000 -0.000001 -0.000000 3.273804 0.305947 -0.580110 21.486792 11.830363 2.266132 8.162916 0.000002 -0.000001 18.399055 -3.798980 -4.940569 0.000005 0.000001 -0.000001 10.293145 13.681998 -17.955675 -0.104927 -0.135063 22.295284 -13.346166 11.382427 -8.073298 1.622294 -1.954697 -0.394338 0.000000 -0.000000 0.000002 -5.275303 -12.620393 -12.202463 0.077439 0.303064 23.096508 10.028249 -1.708480 -15.316311 -1.433285 0.918664 -0.742825 0.000000 0.000000 -0.000001 
-6.043343 97.816505 -16.565321 -0.650329 -22.836040 6.149927 1.478254 0.274550 -0.804708 0.137591 0.230833 -4.750900 3.300938 -1.093117 8.156808 -2.253827 3.572629 -2.686698 0.199126 2.472950 -3.640268 -0.927710 2.276502 -14.654060 0.000077 -0.000023 0.000006 0.024217 0.058437 0.016361 0.679647 -3.662196 -10.487619 -0.641013 3.765055 -10.516329 -13.323271 -0.453870 12.556323 -60.114868 -4.786618 3.037651 -0.425193 -31.293791 0.304853 -1.235522 -1.560466 -0.693766 -5.882102 9.861280 0.702589 -10.936861 -0.360574 7.156199 -0.000000 8.774814 -0.000003 -16.016968 18.121281 6.132891 -1.844031 2.498503 -2.507276 -10.163591 4.678941 4.621104 -20.975996 -0.000002 0.000003 -21.226255 2.451692 -3.593995 0.000001 -0.000005 -0.000000 -1.362681 2.240796 -0.746322 -21.334890 0.584909 3.008319 -13.821197 -0.000002 0.000003 -23.887131 -0.249078 -0.839483 -60.342422 2.514187 -1.128860 -0.294024 1.679687 0.833254 -14.218194 0.093215 1.300580 -34.212002 -0.287561 0.967170 -20.033182 0.964537 1.212843 -0.000001 0.000001 0.000001 -3.440386 0.788233 0.501655 -15.928167 -3.167305 2.999705 -6.338817 -0.000001 0.000002 -18.123413 3.648176 -4.905660 -0.000004 -0.000001 -0.000001 9.821019 11.413387 12.354668 63.095535 2.589519 1.953409 0.341499 28.103443 0.283917 11.447021 6.437777 8.843342 2.243540 -5.255033 -3.180155 14.282875 -0.826593 6.952493 -0.000002 -12.690592 -0.000001 16.727844 -18.161791 2.325307 1.665665 -1.955919 -2.878296 4.727794 -4.170582 4.993918 11.020512 0.000003 -0.000002 12.109033 -3.735710 -2.866781 0.000000 0.000000 0.000000 1.291984 -1.928548 -1.498088 14.800109 0.567469 3.865602 14.242553 -1.341734 -6.660649 19.631937 0.143926 -0.648243 50.640862 -0.740605 -6.113505 0.353028 -1.511150 -0.031940 20.222771 3.684307 2.316626 18.787247 0.000004 -0.000001 10.751611 -0.479867 1.397903 0.000002 -0.000001 0.000001 3.273804 0.305947 -0.580110 21.486790 11.830365 2.266129 8.162917 0.000001 -0.000001 18.399052 -3.798980 -4.940568 0.000004 0.000001 -0.000001 10.288243 13.895930 -17.169210 -0.106852 -0.139009 21.541903 -13.264847 12.108803 -8.161522 1.621737 -1.944599 -0.378096 0.000000 -0.000000 0.000002 -5.400107 -12.112084 -11.770037 0.074036 0.319435 22.059429 10.024441 -1.659954 -14.815485 -1.434168 0.917579 -0.844316 -0.000000 0.000001 -0.000001 
-6.187026 97.926666 -16.230457 -0.717451 -23.718014 6.283367 1.425930 0.223055 -0.793304 0.149881 0.070606 -4.750147 3.474429 -1.226601 8.195892 -1.912058 3.475604 -2.843044 0.294601 2.780542 -3.619469 -0.761467 2.640491 -14.595698 0.000077 -0.000022 0.000006 0.018291 0.042260 0.019229 0.666623 -3.664538 -10.463279 -0.641884 3.750321 -10.482092 -12.895754 -0.802050 12.491076 -59.558441 -5.091542 3.216495 -0.414992 -32.544147 0.383194 -1.017648 -1.826070 -0.344359 -5.882102 9.861278 0.702592 -10.936860 -0.360575 7.156196 0.000001 8.774811 -0.000002 -16.022800 18.141884 6.109186 -1.844031 2.498503 -2.507276 -10.163589 4.678939 4.621104 -20.975998 -0.000003 0.000002 -21.226255 2.451692 -3.593994 0.000001 -0.000004 -0.000001 -1.362681 2.240796 -0.746322 -21.334896 0.584908 3.008320 -13.821198 -0.000003 0.000001 -23.887136 -0.249078 -0.839479 -60.307842 2.521661 -1.167458 -0.294026 1.679685 0.833255 -14.218195 0.093215 1.300582 -34.212006 -0.287562 0.967170 -20.033178 0.964536 1.212840 -0.000001 -0.000001 0.000000 -3.440385 0.788232 0.501653 -15.928169 -3.167305 2.999703 -6.338818 -0.000002 0.000002 -18.123415 3.648175 -4.905660 -0.000004 -0.000001 -0.000001 9.981168 11.253938 12.292138 63.413986 2.367241 2.019432 0.380179 27.682693 0.290233 12.067399 5.935555 8.887469 2.243539 -5.255032 -3.180155 14.282875 -0.826593 6.952497 -0.000001 -12.690590 0.000000 16.764477 -18.212208 2.334682 1.665664 -1.955920 -2.878296 4.727793 -4.170582 4.993919 11.020510 0.000003 -0.000001 12.109031 -3.735709 -2.866778 0.000002 0.000000 -0.000000 1.291984 -1.928548 -1.498088 14.800111 0.567468 3.865605 14.242554 -1.341735 -6.660649 19.631939 0.143925 -0.648242 50.594261 -0.764836 -6.170688 0.353029 -1.511148 -0.031940 20.222769 3.684305 2.316629 18.787245 0.000004 0.000000 10.751610 -0.479868 1.397905 -0.000000 -0.000000 0.000001 3.273804 0.305946 -0.580110 21.486788 11.830362 2.266133 8.162917 0.000001 0.000000 18.399048 -3.798982 -4.940567 0.000004 0.000000 -0.000001 10.388618 14.044523 -16.364672 -0.109616 -0.143866 20.767067 -13.245735 12.798948 -8.253653 1.622617 -1.938488 -0.347689 0.000000 0.000000 0.000002 -5.403684 -11.718872 -11.574807 0.070289 0.337510 21.535789 9.934834 -1.607145 -14.386729 -1.433886 0.905259 -0.925524 0.000000 0.000001 -0.000001 
-6.459702 97.981728 -15.963591 -0.781199 -24.487499 6.427272 1.386902 0.184328 -0.795365 0.161877 -0.112247 -4.758965 3.591919 -1.383714 8.247112 -1.644957 3.404541 -2.982914 0.406102 3.043874 -3.596375 -0.621135 3.033382 -14.547126 0.000077 -0.000024 0.000006 0.013801 0.032156 0.009003 0.658725 -3.675992 -10.460187 -0.645265 3.738976 -10.481534 -12.520810 -1.161921 12.439899 -58.848175 -5.498684 3.311856 -0.376800 -33.761803 0.449980 -0.771144 -2.013711 -0.280647 -5.882101 9.861278 0.702590 -10.936860 -0.360576 7.156196 0.000001 8.774815 -0.000004 -16.007492 18.198578 6.134980 -1.844031 2.498503 -2.507279 -10.163589 4.678938 4.621102 -20.975994 -0.000005 0.000002 -21.226254 2.451691 -3.593992 0.000000 -0.000005 -0.000001 -1.362681 2.240795 -0.746320 -21.334887 0.584907 3.008318 -13.821197 -0.000004 0.000001 -23.887129 -0.249080 -0.839479 -60.229710 2.592803 -1.175965 -0.294025 1.679686 0.833256 -14.218194 0.093213 1.300580 -34.211998 -0.287565 0.967168 -20.033178 0.964533 1.212842 0.000000 0.000000 0.000000 -3.440385 0.788233 0.501653 -15.928171 -3.167308 2.999703 -6.338817 -0.000001 0.000001 -18.123413 3.648176 -4.905659 -0.000005 -0.000000 0.000000 10.110427 11.078464 12.218080 63.740967 2.102570 2.122897 0.440944 27.392611 0.305402 12.623661 5.482491 8.656922 2.243539 -5.255032 -3.180155 14.282877 -0.826593 6.952497 -0.000003 -12.690590 -0.000001 16.753307 -18.243683 2.356021 1.665664 -1.955920 -2.878296 4.727794 -4.170583 4.993919 11.020513 0.000003 -0.000001 12.109030 -3.735710 -2.866779 0.000001 0.000000 0.000000 1.291984 -1.928547 -1.498088 14.800113 0.567469 3.865605 14.242553 -1.341734 -6.660648 19.631939 0.143925 -0.648241 50.538475 -0.807730 -6.256018 0.353029 -1.511149 -0.031940 20.222771 3.684306 2.316630 18.787247 0.000003 0.000001 10.751612 -0.479869 1.397904 -0.000001 -0.000000 0.000002 3.273804 0.305947 -0.580110 21.486790 11.830360 2.266132 8.162918 0.000002 0.000000 18.399054 -3.798980 -4.940566 0.000004 0.000001 -0.000001 10.567916 14.121630 -15.668281 -0.101175 -0.158657 20.139187 -13.266813 13.392076 -8.369807 1.623737 -1.941725 -0.317172 0.000000 -0.000000 0.000002 -5.314219 -11.421567 -11.490911 0.065813 0.335250 21.257706 9.781215 -1.608446 -14.183856 -1.435528 0.884523 -0.969781 0.000000 0.000000 -0.000001 
-6.848046 97.962105 -15.728179 -0.840472 -25.204321 6.553274 1.369827 0.146340 -0.794281 0.167460 -0.270045 -4.753779 3.678771 -1.558318 8.281790 -1.486893 3.369021 -3.082107 0.503924 3.329310 -3.571462 -0.500166 3.462747 -14.540043 0.000077 -0.000023 0.000006 0.006873 0.023614 0.001097 0.653230 -3.693335 -10.467702 -0.650311 3.730264 -10.489390 -12.187334 -1.520327 12.398562 -57.958988 -6.006303 3.425360 -0.290419 -34.925564 0.499134 -0.614949 -2.189732 -0.493808 -5.882101 9.861279 0.702591 -10.936859 -0.360575 7.156197 0.000001 8.774813 -0.000001 -15.962033 18.235449 6.112344 -1.844031 2.498503 -2.507277 -10.163589 4.678939 4.621104 -20.975992 -0.000004 0.000001 -21.226248 2.451692 -3.593994 0.000002 -0.000005 -0.000000 -1.362682 2.240798 -0.746322 -21.334890 0.584908 3.008320 -13.821197 -0.000002 0.000003 -23.887123 -0.249079 -0.839484 -60.124985 2.614374 -1.197497 -0.294027 1.679686 0.833254 -14.218194 0.093215 1.300575 -34.212006 -0.287563 0.967167 -20.033180 0.964536 1.212841 -0.000001 0.000000 0.000000 -3.440386 0.788234 0.501654 -15.928167 -3.167306 2.999702 -6.338816 -0.000002 -0.000001 -18.123415 3.648175 -4.905661 -0.000005 0.000000 -0.000002 10.177661 10.899927 12.102666 64.047554 1.782823 2.377789 0.469892 27.066074 0.287015 13.059509 5.050844 8.413239 2.243540 -5.255032 -3.180155 14.282877 -0.826593 6.952496 -0.000003 -12.690591 -0.000000 16.716549 -18.282240 2.392877 1.665665 -1.955920 -2.878297 4.727794 -4.170584 4.993919 11.020513 0.000003 -0.000001 12.109034 -3.735710 -2.866780 0.000002 0.000000 -0.000000 1.291985 -1.928548 -1.498088 14.800113 0.567467 3.865603 14.242553 -1.341735 -6.660648 19.631941 0.143925 -0.648244 50.456238 -0.844522 -6.318895 0.353029 -1.511150 -0.031940 20.222769 3.684305 2.316628 18.787247 0.000004 0.000001 10.751610 -0.479868 1.397906 -0.000001 -0.000000 0.000000 3.273804 0.305946 -0.580110 21.486794 11.830361 2.266131 8.162917 0.000002 -0.000001 18.399055 -3.798980 -4.940567 0.000004 0.000000 -0.000002 10.831182 14.095671 -15.079964 -0.087692 -0.147447 19.802708 -13.316944 13.881628 -8.623672 1.624846 -1.940346 -0.310719 0.000000 -0.000000 0.000002 -5.153504 -11.276063 -11.503063 0.057159 0.372660 21.274776 9.609643 -1.534026 -14.322892 -1.435606 0.864454 -0.986608 0.000000 0.000000 -0.000001 
-7.307858 97.848854 -15.448098 -0.897380 -25.944176 6.621216 1.381467 0.122378 -0.771887 0.163808 -0.383457 -4.743138 3.739316 -1.716006 8.325827 -1.451320 3.395299 -3.140800 0.599332 3.596635 -3.548476 -0.422364 3.990782 -14.548310 0.000077 -0.000022 0.000006 0.000022 0.006414 0.006996 0.651821 -3.716486 -10.492885 -0.662741 3.721309 -10.500687 -11.870708 -1.860059 12.351377 -57.033836 -6.535887 3.524598 -0.244739 -35.918144 0.537650 -0.475444 -2.475998 -1.065592 -5.882099 9.861279 0.702590 -10.936859 -0.360576 7.156201 0.000001 8.774815 -0.000002 -15.929643 18.284531 6.129648 -1.844031 2.498503 -2.507274 -10.163589 4.678939 4.621106 -20.975992 -0.000003 0.000005 -21.226248 2.451692 -3.593995 0.000001 -0.000006 -0.000002 -1.362681 2.240798 -0.746321 -21.334887 0.584908 3.008322 -13.821194 -0.000003 0.000002 -23.887125 -0.249078 -0.839479 -60.027348 2.653598 -1.184140 -0.294026 1.679686 0.833255 -14.218190 0.093213 1.300580 -34.211998 -0.287562 0.967172 -20.033175 0.964534 1.212843 0.000001 0.000001 0.000002 -3.440385 0.788232 0.501657 -15.928165 -3.167308 2.999704 -6.338817 0.000000 0.000003 -18.123411 3.648178 -4.905659 -0.000005 0.000001 -0.000002 10.187898 10.772466 12.014867 64.262360 1.539720 2.867683 0.437194 26.634573 0.258981 13.290831 4.639018 7.932639 2.243540 -5.255033 -3.180156 14.282878 -0.826594 6.952496 -0.000003 -12.690588 0.000001 16.648659 -18.287352 2.445768 1.665665 -1.955920 -2.878297 4.727795 -4.170582 4.993918 11.020513 0.000004 -0.000001 12.109035 -3.735709 -2.866780 0.000001 0.000000 -0.000000 1.291985 -1.928548 -1.498088 14.800113 0.567468 3.865603 14.242554 -1.341733 -6.660649 19.631941 0.143926 -0.648244 50.337944 -0.886867 -6.347879 0.353029 -1.511149 -0.031940 20.222773 3.684304 2.316627 18.787245 0.000003 -0.000001 10.751610 -0.479867 1.397904 -0.000001 -0.000000 -0.000001 3.273804 0.305946 -0.580110 21.486790 11.830359 2.266129 8.162916 0.000003 -0.000000 18.399054 -3.798977 -4.940567 0.000005 0.000000 -0.000002 11.178102 13.987276 -14.614705 -0.070145 -0.135765 19.930557 -13.433266 14.305843 -9.103245 1.628375 -1.939529 -0.302452 0.000000 -0.000000 0.000002 -5.010940 -11.141213 -11.573673 0.054407 0.371254 21.658134 9.438187 -1.310346 -14.883811 -1.435512 0.832304 -0.972090 -0.000000 0.000002 -0.000001 
-7.886765 97.609741 -15.156515 -0.973395 -26.706831 6.641423 1.421414 0.112003 -0.718031 0.154440 -0.509183 -4.747117 3.791351 -1.845353 8.397399 -1.534274 3.449132 -3.193674 0.707498 3.936584 -3.532226 -0.410843 4.575538 -14.626610 0.000077 -0.000022 0.000007 -0.003744 0.010885 0.013199 0.651794 -3.715416 -10.513922 -0.667792 3.728744 -10.529505 -11.506323 -2.161365 12.295115 -56.162464 -7.004675 3.665394 -0.255352 -36.611767 0.560593 -0.233887 -2.854343 -1.806999 -5.882102 9.861278 0.702591 -10.936859 -0.360574 7.156197 0.000001 8.774812 -0.000002 -15.880872 18.315832 6.114631 -1.844030 2.498501 -2.507275 -10.163589 4.678939 4.621103 -20.975996 -0.000004 0.000003 -21.226248 2.451691 -3.593994 0.000000 -0.000006 -0.000001 -1.362679 2.240794 -0.746323 -21.334887 0.584909 3.008317 -13.821195 -0.000002 0.000002 -23.887123 -0.249079 -0.839479 -59.909729 2.671114 -1.154823 -0.294026 1.679685 0.833256 -14.218192 0.093213 1.300577 -34.211998 -0.287565 0.967173 -20.033180 0.964533 1.212842 0.000000 0.000001 0.000002 -3.440387 0.788233 0.501655 -15.928167 -3.167305 2.999703 -6.338817 -0.000001 0.000003 -18.123415 3.648175 -4.905663 -0.000004 -0.000001 -0.000001 10.182475 10.692365 11.892824 64.258774 1.374992 3.480841 0.388281 26.144939 0.222024 13.275040 4.232833 7.106080 2.243539 -5.255033 -3.180155 14.282875 -0.826594 6.952496 -0.000001 -12.690590 0.000000 16.551163 -18.245022 2.495886 1.665664 -1.955920 -2.878296 4.727794 -4.170583 4.993918 11.020511 0.000002 -0.000000 12.109030 -3.735711 -2.866779 0.000001 0.000000 -0.000000 1.291984 -1.928548 -1.498088 14.800111 0.567467 3.865604 14.242556 -1.341735 -6.660648 19.631937 0.143924 -0.648243 50.172169 -0.936261 -6.365022 0.353029 -1.511150 -0.031940 20.222771 3.684304 2.316629 18.787245 0.000002 -0.000001 10.751611 -0.479868 1.397904 -0.000002 -0.000000 -0.000000 3.273804 0.305946 -0.580110 21.486790 11.830360 2.266132 8.162917 0.000003 0.000001 18.399054 -3.798980 -4.940567 0.000004 0.000000 -0.000001 11.648711 13.739757 -14.312480 -0.058767 -0.122935 20.650566 -13.652030 14.665256 -9.931151 1.632694 -1.939107 -0.268084 -0.000000 -0.000000 0.000002 -4.819436 -10.995108 -11.813353 0.052157 0.357781 22.625513 9.195704 -1.025807 -15.816931 -1.434800 0.852975 -0.931118 -0.000000 0.000001 -0.000001 
-8.551294 97.258682 -14.783648 -1.154725 -27.547094 6.639846 1.512742 0.065287 -0.638340 0.133822 -0.549615 -4.730369 3.894383 -1.983724 8.479602 -1.714793 3.498060 -3.229546 0.851683 4.401560 -3.516258 -0.492671 5.211731 -14.786015 0.000077 -0.000021 0.000006 0.000687 0.023707 0.017144 0.660869 -3.701371 -10.512182 -0.671792 3.740489 -10.526501 -11.095609 -2.452879 12.307962 -55.497086 -7.410867 3.800320 -0.329821 -36.710262 0.649188 0.287138 -3.216489 -2.607738 -5.882101 9.861279 0.702591 -10.936860 -0.360576 7.156196 -0.000000 8.774814 -0.000001 -15.824914 18.304312 6.142085 -1.844030 2.498502 -2.507278 -10.163589 4.678938 4.621104 -20.975996 -0.000005 0.000002 -21.226254 2.451691 -3.593994 0.000001 -0.000006 -0.000001 -1.362680 2.240796 -0.746325 -21.334890 0.584907 3.008319 -13.821197 -0.000004 0.000003 -23.887129 -0.249079 -0.839481 -59.776707 2.658832 -1.064736 -0.294025 1.679687 0.833255 -14.218194 0.093213 1.300578 -34.212002 -0.287568 0.967169 -20.033176 0.964532 1.212843 0.000001 0.000000 0.000000 -3.440387 0.788232 0.501653 -15.928167 -3.167308 2.999704 -6.338817 -0.000003 0.000002 -18.123415 3.648175 -4.905663 -0.000004 0.000000 -0.000001 10.197226 10.645041 11.779777 64.013382 1.339911 4.141119 0.355815 25.664558 0.199060 13.068772 3.928872 6.067126 2.243540 -5.255032 -3.180155 14.282878 -0.826591 6.952496 -0.000002 -12.690588 -0.000000 16.474720 -18.195328 2.532048 1.665665 -1.955920 -2.878296 4.727793 -4.170583 4.993918 11.020513 0.000004 -0.000001 12.109030 -3.735709 -2.866779 0.000001 0.000000 0.000000 1.291984 -1.928548 -1.498088 14.800114 0.567470 3.865604 14.242554 -1.341733 -6.660648 19.631939 0.143926 -0.648242 50.040680 -0.984300 -6.388953 0.353028 -1.511149 -0.031940 20.222773 3.684309 2.316629 18.787247 0.000005 -0.000000 10.751609 -0.479867 1.397905 -0.000002 -0.000000 0.000000 3.273805 0.305947 -0.580110 21.486794 11.830363 2.266131 8.162919 0.000003 -0.000000 18.399055 -3.798977 -4.940566 0.000004 -0.000000 -0.000001 12.295819 13.401679 -14.112274 -0.030133 -0.129270 21.903795 -14.009757 15.011580 -11.081355 1.637735 -1.938784 -0.187685 -0.000000 0.000000 0.000002 -4.553165 -10.767605 -12.214254 0.059457 0.352816 24.250626 8.924664 -0.626246 -16.900927 -1.434873 0.845254 -0.879110 0.000000 0.000000 -0.000001 
-9.300180 96.866348 -14.358109 -1.456877 -28.412043 6.671422 1.665316 0.046222 -0.565785 0.136443 -0.634195 -4.716698 4.027004 -2.069935 8.585661 -1.954703 3.542624 -3.241903 1.038279 4.888904 -3.502507 -0.647690 5.932532 -14.974082 0.000077 -0.000021 0.000006 0.007259 0.026075 0.008190 0.679302 -3.696250 -10.514947 -0.678259 3.743166 -10.543389 -10.688935 -2.677422 12.355839 -55.237186 -7.676651 3.997634 -0.336148 -36.086266 0.661688 0.934798 -3.363313 -3.408896 -5.882102 9.861280 0.702590 -10.936858 -0.360575 7.156193 -0.000001 8.774813 -0.000002 -15.728027 18.269571 6.194397 -1.844032 2.498503 -2.507275 -10.163589 4.678940 4.621104 -20.975994 -0.000003 -0.000000 -21.226250 2.451694 -3.593997 0.000000 -0.000006 -0.000000 -1.362682 2.240797 -0.746323 -21.334887 0.584909 3.008318 -13.821195 -0.000002 0.000002 -23.887133 -0.249077 -0.839483 -59.701042 2.612711 -0.940141 -0.294024 1.679684 0.833253 -14.218192 0.093215 1.300580 -34.211998 -0.287565 0.967169 -20.033180 0.964535 1.212841 0.000001 0.000001 0.000000 -3.440386 0.788233 0.501655 -15.928167 -3.167306 2.999701 -6.338817 -0.000001 0.000002 -18.123413 3.648175 -4.905662 -0.000004 0.000000 -0.000000 10.221755 10.631597 11.657326 63.578457 1.444157 4.789659 0.335735 25.281740 0.202385 12.703260 3.840772 5.077316 2.243539 -5.255033 -3.180155 14.282875 -0.826594 6.952495 -0.000003 -12.690590 0.000000 16.476208 -18.167166 2.529481 1.665665 -1.955920 -2.878296 4.727793 -4.170582 4.993918 11.020509 0.000003 -0.000001 12.109030 -3.735709 -2.866779 0.000002 0.000000 0.000000 1.291984 -1.928548 -1.498088 14.800111 0.567468 3.865604 14.242553 -1.341734 -6.660649 19.631939 0.143926 -0.648243 49.953979 -0.996330 -6.392399 0.353029 -1.511149 -0.031940 20.222769 3.684306 2.316628 18.787243 0.000004 0.000000 10.751608 -0.479869 1.397904 -0.000001 -0.000000 0.000000 3.273804 0.305947 -0.580110 21.486792 11.830363 2.266132 8.162917 0.000003 0.000000 18.399052 -3.798978 -4.940565 0.000004 0.000000 -0.000002 13.094422 12.916835 -13.810884 -0.005323 -0.130724 23.219088 -14.438618 15.512889 -12.369225 1.648043 -1.940762 -0.100232 0.000000 -0.000000 0.000002 -4.167120 -10.410942 -12.493817 0.078063 0.348396 25.828119 8.644517 -0.231635 -18.261530 -1.437161 0.875677 -0.855639 -0.000000 0.000001 -0.000001 
-10.028939 96.520592 -13.910522 -1.835311 -29.289902 6.768506 1.882324 -0.020002 -0.462882 0.161816 -0.723264 -4.680208 4.186082 -2.065524 8.582398 -2.269370 3.612372 -3.176069 1.263208 5.437643 -3.507696 -0.852869 6.580345 -14.946343 0.000077 -0.000022 0.000006 0.022653 0.062901 -0.007173 0.708688 -3.658052 -10.533993 -0.674813 3.773546 -10.572530 -10.411459 -2.800210 12.362316 -55.467033 -7.664575 4.122498 -0.435555 -34.784863 0.729899 1.513158 -3.360125 -4.271336 -5.882102 9.861278 0.702590 -10.936859 -0.360575 7.156197 0.000000 8.774812 -0.000001 -15.677506 18.264172 6.170692 -1.844030 2.498501 -2.507278 -10.163590 4.678939 4.621106 -20.975994 -0.000005 0.000002 -21.226250 2.451691 -3.593992 0.000000 -0.000006 0.000001 -1.362681 2.240798 -0.746322 -21.334894 0.584907 3.008322 -13.821197 -0.000003 0.000002 -23.887133 -0.249077 -0.839477 -59.560600 2.621536 -1.006195 -0.294023 1.679688 0.833257 -14.218192 0.093213 1.300580 -34.212006 -0.287563 0.967172 -20.033175 0.964533 1.212842 0.000001 -0.000000 0.000001 -3.440385 0.788232 0.501654 -15.928169 -3.167306 2.999704 -6.338817 -0.000001 0.000001 -18.123415 3.648175 -4.905660 -0.000004 0.000001 -0.000000 10.227716 10.759679 11.620267 63.039001 1.657733 5.434296 0.256809 25.035336 0.168402 12.313770 4.016429 4.244555 2.243540 -5.255033 -3.180155 14.282878 -0.826593 6.952496 -0.000003 -12.690588 0.000000 16.548456 -18.153507 2.511714 1.665665 -1.955919 -2.878297 4.727793 -4.170583 4.993919 11.020513 0.000004 -0.000001 12.109031 -3.735708 -2.866779 0.000002 0.000000 -0.000000 1.291984 -1.928547 -1.498088 14.800114 0.567468 3.865603 14.242553 -1.341733 -6.660649 19.631941 0.143927 -0.648244 50.003349 -0.985665 -6.460260 0.353029 -1.511149 -0.031940 20.222773 3.684307 2.316628 18.787245 0.000005 -0.000000 10.751610 -0.479867 1.397904 -0.000002 0.000000 0.000000 3.273804 0.305947 -0.580110 21.486790 11.830360 2.266129 8.162916 0.000003 -0.000000 18.399050 -3.798979 -4.940566 0.000004 0.000000 -0.000001 13.876973 12.183492 -13.301673 0.007382 -0.093242 24.222458 -14.691538 16.688036 -13.585332 1.692509 -1.983912 -0.215941 -0.000000 -0.000000 0.000002 -3.715473 -9.908639 -12.589261 0.080885 0.359886 26.993011 8.405080 0.207197 -19.213352 -1.434410 0.838344 -0.834656 -0.000000 0.000001 -0.000001 
-10.811798 96.151718 -13.355253 -2.126818 -30.260899 6.879733 2.064534 0.001621 -0.415930 0.216873 -0.751164 -4.602238 4.323328 -2.030768 8.633733 -2.748356 3.762931 -3.292398 1.481369 5.873191 -3.458590 -1.034399 7.327870 -14.698057 0.000077 -0.000021 0.000006 0.024387 0.059658 -0.007299 0.730900 -3.661946 -10.553994 -0.694919 3.769937 -10.593966 -10.413298 -2.749867 12.547075 -56.146507 -7.538825 4.310085 -0.387737 -33.075283 0.671833 1.740810 -3.218957 -5.162772 -5.882102 9.861279 0.702590 -10.936858 -0.360574 7.156197 0.000000 8.774813 -0.000001 -15.632060 18.190943 6.228192 -1.844031 2.498502 -2.507275 -10.163590 4.678940 4.621106 -20.975996 -0.000004 0.000003 -21.226255 2.451692 -3.593990 0.000001 -0.000006 -0.000001 -1.362681 2.240798 -0.746322 -21.334892 0.584910 3.008323 -13.821197 -0.000001 0.000001 -23.887131 -0.249076 -0.839479 -59.535286 2.604778 -0.957476 -0.294025 1.679685 0.833254 -14.218194 0.093215 1.300580 -34.212006 -0.287561 0.967172 -20.033180 0.964537 1.212841 0.000000 0.000000 0.000001 -3.440387 0.788232 0.501657 -15.928171 -3.167306 2.999704 -6.338818 0.000000 0.000003 -18.123417 3.648177 -4.905661 -0.000005 0.000000 -0.000000 10.105042 10.936392 11.489278 62.410702 2.029048 6.330856 0.140488 25.048899 0.164037 11.872246 4.016345 3.514668 2.243540 -5.255033 -3.180155 14.282875 -0.826593 6.952497 -0.000002 -12.690590 -0.000000 16.538271 -18.113779 2.536698 1.665664 -1.955919 -2.878297 4.727793 -4.170583 4.993919 11.020509 0.000003 -0.000001 12.109030 -3.735710 -2.866779 0.000002 0.000000 -0.000000 1.291984 -1.928548 -1.498088 14.800109 0.567468 3.865605 14.242551 -1.341735 -6.660649 19.631933 0.143926 -0.648242 50.001606 -1.016637 -6.442397 0.353029 -1.511149 -0.031940 20.222765 3.684308 2.316630 18.787245 0.000003 0.000001 10.751610 -0.479868 1.397904 -0.000001 0.000000 0.000000 3.273804 0.305947 -0.580110 21.486788 11.830365 2.266133 8.162916 0.000003 0.000001 18.399050 -3.798978 -4.940564 0.000004 -0.000001 -0.000001 14.551742 11.295803 -13.738932 0.048726 -0.158828 27.284956 -15.126947 17.673616 -14.023424 1.708379 -2.018929 -0.728010 -0.000000 0.000000 0.000002 -3.361864 -9.155057 -12.671064 0.082071 0.380133 28.179699 8.217094 0.395720 -20.349365 -1.450182 0.886744 -0.801352 -0.000000 0.000001 -0.000001 
-11.557148 95.838150 -12.646270 -2.028575 -31.339922 6.647913 2.146160 0.062194 -0.177086 0.262612 -0.737942 -4.446608 4.247154 -1.925635 8.678727 -3.410507 3.942956 -3.468127 1.711904 6.229237 -3.364536 -1.123198 8.105825 -14.260353 0.000077 -0.000021 0.000006 0.024633 0.045793 -0.024438 0.746688 -3.680287 -10.613346 -0.714961 3.771698 -10.647058 -10.490046 -2.571986 12.830688 -57.281349 -7.314283 4.843194 -0.346192 -31.020416 0.637321 1.542920 -2.879984 -6.022169 -5.882101 9.861278 0.702588 -10.936860 -0.360575 7.156199 0.000001 8.774812 -0.000001 -15.561059 18.132137 6.303423 -1.844032 2.498502 -2.507274 -10.163591 4.678938 4.621105 -20.975998 -0.000003 0.000003 -21.226254 2.451693 -3.593992 0.000001 -0.000006 -0.000000 -1.362681 2.240796 -0.746324 -21.334894 0.584910 3.008319 -13.821198 -0.000001 0.000003 -23.887133 -0.249076 -0.839483 -59.500992 2.577668 -0.992599 -0.294025 1.679686 0.833254 -14.218195 0.093215 1.300580 -34.212013 -0.287560 0.967171 -20.033186 0.964536 1.212840 0.000001 -0.000001 0.000001 -3.440385 0.788234 0.501657 -15.928169 -3.167305 2.999701 -6.338817 -0.000002 0.000000 -18.123415 3.648176 -4.905662 -0.000004 0.000001 -0.000001 9.639069 11.343286 11.338176 62.048016 2.555927 7.406782 -0.036720 25.484919 0.166544 11.303590 3.967951 2.753287 2.243539 -5.255033 -3.180155 14.282877 -0.826593 6.952496 -0.000003 -12.690590 -0.000000 16.577787 -18.005167 2.463341 1.665665 -1.955920 -2.878296 4.727794 -4.170583 4.993919 11.020512 0.000004 -0.000001 12.109030 -3.735709 -2.866780 0.000002 0.000000 -0.000000 1.291984 -1.928548 -1.498088 14.800113 0.567469 3.865603 14.242553 -1.341734 -6.660648 19.631939 0.143927 -0.648242 50.027668 -1.011302 -6.406286 0.353029 -1.511149 -0.031940 20.222769 3.684308 2.316629 18.787245 0.000005 0.000001 10.751610 -0.479867 1.397905 -0.000001 0.000000 0.000000 3.273804 0.305948 -0.580110 21.486794 11.830366 2.266132 8.162916 0.000003 0.000000 18.399054 -3.798978 -4.940567 0.000004 -0.000001 -0.000001 14.715221 10.154185 -15.422515 0.056430 -0.306947 32.864582 -14.608011 19.240076 -13.179351 1.737736 -2.103584 -1.947252 0.000000 -0.000000 0.000002 -3.470833 -8.184239 -12.406302 0.073056 0.462030 29.129543 8.123411 0.518809 -21.452459 -1.455225 0.876553 -0.921064 -0.000000 0.000001 -0.000001 
-12.221072 95.527336 -11.885389 -1.352388 -32.358913 5.945059 2.128334 0.156795 0.309266 0.285527 -0.494880 -4.221938 3.897470 -1.756277 8.762810 -4.132326 4.018934 -3.680966 1.835147 6.848050 -3.296268 -1.327595 8.494956 -13.754498 0.000077 -0.000023 0.000006 -0.001564 -0.047213 -0.031031 0.745487 -3.781757 -10.652152 -0.762073 3.685686 -10.686219 -10.711782 -2.369640 13.151002 -58.671860 -7.006463 6.047541 -0.173092 -28.970177 0.442583 0.679304 -2.533950 -6.218675 -5.882100 9.861278 0.702589 -10.936859 -0.360576 7.156198 0.000001 8.774813 -0.000001 -15.578807 18.270716 6.346393 -1.844030 2.498501 -2.507277 -10.163589 4.678938 4.621100 -20.975994 -0.000006 0.000002 -21.226254 2.451690 -3.593992 0.000002 -0.000007 -0.000001 -1.362680 2.240796 -0.746325 -21.334887 0.584906 3.008322 -13.821194 -0.000003 0.000003 -23.887125 -0.249079 -0.839479 -59.709976 2.623669 -1.158572 -0.294025 1.679685 0.833255 -14.218190 0.093212 1.300580 -34.212002 -0.287565 0.967174 -20.033178 0.964535 1.212844 0.000002 -0.000000 0.000001 -3.440384 0.788231 0.501657 -15.928165 -3.167306 2.999703 -6.338815 -0.000001 0.000003 -18.123411 3.648174 -4.905662 -0.000004 0.000001 -0.000001 8.757273 11.952055 11.290044 61.943993 3.201319 8.477472 -0.115883 26.774218 0.126846 10.733739 4.314691 1.566124 2.243540 -5.255031 -3.180155 14.282877 -0.826594 6.952496 -0.000002 -12.690586 0.000002 16.634554 -18.032631 2.394773 1.665665 -1.955920 -2.878297 4.727794 -4.170584 4.993919 11.020512 0.000001 -0.000001 12.109028 -3.735710 -2.866779 0.000001 0.000000 0.000000 1.291984 -1.928548 -1.498088 14.800113 0.567468 3.865604 14.242553 -1.341735 -6.660649 19.631937 0.143925 -0.648244 50.123810 -1.055503 -6.361217 0.353029 -1.511149 -0.031940 20.222767 3.684305 2.316628 18.787243 0.000002 -0.000001 10.751613 -0.479868 1.397903 -0.000001 0.000000 0.000000 3.273804 0.305946 -0.580110 21.486788 11.830360 2.266130 8.162916 0.000001 -0.000001 18.399057 -3.798979 -4.940568 0.000003 0.000000 -0.000001 14.103132 9.428816 -18.752575 -0.071058 -0.483008 41.172123 -11.570502 20.464251 -10.148238 1.775168 -2.184419 -3.675974 -0.000000 0.000000 0.000003 -4.240661 -7.411223 -12.054669 0.089284 0.482983 30.332403 7.976518 0.710833 -22.666523 -1.456739 0.873871 -0.943042 0.000000 0.000002 -0.000001 
-12.619993 95.129593 -10.924317 -0.562290 -33.322430 5.216479 2.236308 0.296726 0.856929 0.325706 -0.121503 -3.989657 3.597178 -1.478484 8.882180 -5.156242 4.311774 -3.992335 1.879114 7.311348 -3.223537 -1.613025 8.700033 -13.169807 0.000077 -0.000023 0.000006 -0.017903 -0.121025 -0.021778 0.726177 -3.852642 -10.632110 -0.778504 3.612507 -10.670510 -11.415019 -1.972984 13.312563 -59.953854 -6.364554 7.761821 -0.236860 -27.355032 0.279079 -0.339547 -2.491116 -6.157342 -5.882101 9.861280 0.702589 -10.936858 -0.360574 7.156199 -0.000000 8.774816 -0.000001 -15.641171 18.325611 6.274953 -1.844031 2.498502 -2.507276 -10.163589 4.678941 4.621103 -20.975992 -0.000004 0.000002 -21.226246 2.451694 -3.593994 -0.000001 -0.000005 0.000000 -1.362681 2.240797 -0.746324 -21.334887 0.584908 3.008322 -13.821194 -0.000003 0.000001 -23.887129 -0.249079 -0.839481 -59.950199 2.604191 -1.226191 -0.294026 1.679686 0.833255 -14.218190 0.093215 1.300579 -34.211998 -0.287564 0.967169 -20.033176 0.964535 1.212842 -0.000001 0.000001 0.000001 -3.440385 0.788234 0.501653 -15.928165 -3.167306 2.999705 -6.338815 -0.000001 0.000001 -18.123415 3.648177 -4.905663 -0.000003 0.000001 -0.000001 7.630600 12.787272 11.268977 61.418941 3.926561 10.415099 0.023767 28.838539 0.154835 10.098297 5.250491 0.188926 2.243540 -5.255033 -3.180155 14.282877 -0.826595 6.952495 -0.000002 -12.690591 0.000000 16.601665 -18.041260 2.313107 1.665665 -1.955920 -2.878297 4.727794 -4.170584 4.993918 11.020512 0.000003 -0.000002 12.109031 -3.735710 -2.866780 0.000002 -0.000000 -0.000000 1.291985 -1.928547 -1.498088 14.800113 0.567467 3.865602 14.242551 -1.341735 -6.660649 19.631937 0.143926 -0.648245 50.219463 -0.999972 -6.387051 0.353029 -1.511151 -0.031940 20.222771 3.684306 2.316627 18.787245 0.000005 -0.000002 10.751610 -0.479868 1.397902 -0.000001 0.000000 0.000000 3.273804 0.305947 -0.580110 21.486794 11.830361 2.266130 8.162918 0.000002 -0.000001 18.399054 -3.798979 -4.940569 0.000003 0.000001 -0.000001 13.180076 9.950793 -22.904655 -0.175313 -0.487256 49.799335 -8.256980 20.576572 -7.167447 1.793552 -2.205610 -4.018400 0.000001 0.000000 0.000002 -5.415123 -7.289007 -11.792623 0.124333 0.480706 31.686041 8.096360 1.576414 -23.787504 -1.448696 0.881843 -0.883937 0.000000 0.000001 -0.000001 
-12.935102 94.689400 -9.626426 -0.053768 -34.095783 4.896786 2.540171 0.318407 1.205811 0.384778 0.303993 -3.787325 3.519359 -1.033546 9.009575 -6.431717 4.762078 -4.348837 1.955531 7.576999 -3.192165 -1.992719 8.906147 -12.625788 0.000077 -0.000022 0.000006 -0.013625 -0.084134 -0.018137 0.720393 -3.804118 -10.587098 -0.765266 3.621087 -10.631759 -12.629373 -1.403522 13.264811 -61.087788 -5.363848 9.447265 -0.330115 -25.884300 0.178108 -0.945044 -2.528535 -6.020995 -5.882102 9.861278 0.702591 -10.936859 -0.360575 7.156198 0.000001 8.774814 0.000000 -15.780664 18.274122 6.172306 -1.844031 2.498503 -2.507276 -10.163590 4.678939 4.621105 -20.975996 -0.000004 0.000002 -21.226254 2.451692 -3.593992 0.000001 -0.000006 -0.000001 -1.362681 2.240796 -0.746322 -21.334892 0.584909 3.008319 -13.821197 -0.000002 0.000002 -23.887131 -0.249078 -0.839482 -60.255501 2.482269 -1.264272 -0.294024 1.679686 0.833254 -14.218194 0.093214 1.300581 -34.212006 -0.287564 0.967170 -20.033178 0.964536 1.212843 0.000000 0.000000 0.000000 -3.440385 0.788233 0.501656 -15.928169 -3.167307 2.999703 -6.338818 -0.000002 0.000001 -18.123413 3.648175 -4.905663 -0.000004 0.000000 0.000000 6.930963 13.763399 11.396095 59.966312 4.976556 13.104189 0.199363 30.808756 0.211825 9.289225 6.492383 -1.169933 2.243540 -5.255033 -3.180155 14.282875 -0.826593 6.952495 -0.000003 -12.690591 -0.000001 16.557327 -18.004032 2.286130 1.665665 -1.955920 -2.878297 4.727794 -4.170583 4.993918 11.020512 0.000003 -0.000001 12.109032 -3.735709 -2.866779 0.000001 0.000000 0.000000 1.291984 -1.928547 -1.498088 14.800114 0.567471 3.865603 14.242553 -1.341734 -6.660648 19.631937 0.143928 -0.648242 50.329708 -0.939120 -6.404618 0.353029 -1.511150 -0.031940 20.222773 3.684309 2.316628 18.787249 0.000005 -0.000000 10.751612 -0.479867 1.397905 0.000001 0.000000 0.000000 3.273804 0.305949 -0.580110 21.486792 11.830367 2.266132 8.162915 0.000003 -0.000001 18.399054 -3.798978 -4.940567 0.000005 0.000000 -0.000001 12.502508 11.194976 -27.199272 -0.221027 -0.352250 56.323048 -8.297036 18.192497 -7.226792 1.790450 -2.232948 -3.364874 0.000001 -0.000000 0.000002 -6.548268 -7.920864 -11.402267 0.141274 0.531778 32.574879 8.467619 3.028289 -24.835491 -1.443911 0.864014 -0.885013 -0.000000 0.000001 -0.000001 
-13.200619 94.390961 -8.098106 0.202450 -34.399292 4.952596 2.860495 0.311191 1.361605 0.452809 0.650119 -3.676937 3.603108 -0.500349 9.156977 -7.622854 5.015663 -4.822220 2.050009 7.752230 -3.253326 -2.282556 9.138906 -11.844251 0.000077 -0.000023 0.000007 -0.005950 -0.002409 -0.035450 0.719258 -3.713507 -10.583198 -0.750600 3.702291 -10.628527 -13.923253 -0.937602 13.310897 -62.475739 -4.273838 9.966972 -0.287791 -23.795036 0.072088 -0.964965 -1.892129 -5.597468 -5.882101 9.861279 0.702591 -10.936858 -0.360575 7.156196 0.000001 8.774814 -0.000002 -15.959039 18.141371 6.071623 -1.844031 2.498503 -2.507277 -10.163589 4.678940 4.621105 -20.975996 -0.000003 0.000001 -21.226250 2.451694 -3.593995 -0.000001 -0.000008 -0.000001 -1.362680 2.240797 -0.746324 -21.334887 0.584908 3.008319 -13.821197 -0.000003 0.000000 -23.887129 -0.249077 -0.839480 -60.606464 2.436087 -1.335741 -0.294025 1.679686 0.833257 -14.218192 0.093214 1.300580 -34.212002 -0.287564 0.967170 -20.033175 0.964533 1.212842 0.000001 -0.000001 -0.000000 -3.440386 0.788233 0.501656 -15.928165 -3.167306 2.999705 -6.338817 -0.000001 0.000000 -18.123411 3.648177 -4.905665 -0.000004 0.000001 0.000002 6.871423 14.739469 11.575334 57.975658 6.515807 15.956798 0.271731 31.856657 0.244677 8.438661 7.610640 -2.422376 2.243540 -5.255033 -3.180156 14.282875 -0.826594 6.952495 -0.000001 -12.690592 -0.000001 16.549845 -18.020632 2.286445 1.665665 -1.955920 -2.878296 4.727793 -4.170584 4.993918 11.020511 0.000002 -0.000003 12.109033 -3.735710 -2.866781 0.000002 0.000000 0.000000 1.291985 -1.928548 -1.498088 14.800107 0.567467 3.865602 14.242553 -1.341735 -6.660651 19.631939 0.143926 -0.648245 50.474773 -0.989870 -6.424162 0.353029 -1.511149 -0.031940 20.222767 3.684306 2.316627 18.787243 0.000004 -0.000003 10.751608 -0.479867 1.397905 0.000000 -0.000000 -0.000001 3.273804 0.305946 -0.580111 21.486790 11.830365 2.266131 8.162915 0.000000 -0.000001 18.399050 -3.798981 -4.940569 0.000004 0.000000 -0.000002 11.893922 12.657493 -31.323977 -0.242117 -0.222555 59.100666 -9.542229 15.338048 -8.149777 1.788384 -2.256796 -2.890452 0.000001 -0.000000 0.000003 -7.549703 -9.059219 -10.581551 0.133254 0.607467 32.444851 8.992140 4.449314 -25.476007 -1.441967 0.866640 -0.939978 -0.000000 0.000002 -0.000001 
-13.528308 94.272087 -6.592206 0.426257 -34.190994 5.100821 3.027701 0.317067 1.389751 0.464483 1.035652 -3.599503 3.703422 -0.087580 9.332086 -8.561584 5.121916 -5.558104 2.164954 7.788124 -3.307595 -2.423441 9.343792 -10.694699 0.000077 -0.000023 0.000006 0.005588 0.079010 -0.062185 0.724389 -3.622203 -10.595414 -0.729436 3.766423 -10.636553 -14.773086 -0.707000 13.369487 -64.424072 -2.855304 9.116543 -0.135584 -21.202799 -0.037630 -0.977918 -0.138646 -5.012195 -5.882102 9.861278 0.702589 -10.936859 -0.360574 7.156196 0.000000 8.774814 -0.000002 -16.012920 18.143360 6.083620 -1.844031 2.498502 -2.507275 -10.163589 4.678941 4.621103 -20.975996 -0.000003 0.000002 -21.226254 2.451693 -3.593993 -0.000001 -0.000006 -0.000001 -1.362681 2.240796 -0.746323 -21.334896 0.584909 3.008320 -13.821197 -0.000003 0.000001 -23.887129 -0.249078 -0.839481 -60.883926 2.463251 -1.555365 -0.294025 1.679686 0.833256 -14.218194 0.093215 1.300577 -34.211998 -0.287561 0.967170 -20.033176 0.964534 1.212841 -0.000000 -0.000002 -0.000001 -3.440386 0.788233 0.501653 -15.928169 -3.167306 2.999704 -6.338817 -0.000001 0.000000 -18.123415 3.648177 -4.905662 -0.000004 0.000001 -0.000001 7.372345 15.866438 11.825674 56.043560 8.629387 19.008282 0.097847 31.810444 0.220728 8.010856 8.279358 -3.059311 2.243539 -5.255032 -3.180155 14.282877 -0.826593 6.952496 -0.000003 -12.690590 0.000001 16.726065 -18.173376 2.189032 1.665664 -1.955920 -2.878296 4.727793 -4.170582 4.993920 11.020511 0.000004 -0.000001 12.109032 -3.735709 -2.866778 0.000002 -0.000000 0.000002 1.291984 -1.928546 -1.498087 14.800113 0.567468 3.865604 14.242553 -1.341732 -6.660648 19.631937 0.143926 -0.648242 50.762257 -0.993166 -6.469877 0.353028 -1.511149 -0.031941 20.222767 3.684304 2.316628 18.787245 0.000006 0.000000 10.751610 -0.479868 1.397907 -0.000000 -0.000000 0.000001 3.273805 0.305948 -0.580110 21.486792 11.830363 2.266130 8.162918 0.000001 0.000000 18.399050 -3.798980 -4.940564 0.000003 0.000000 -0.000001 11.142046 14.029091 -35.094814 -0.314868 -0.182919 57.513954 -9.586754 14.479774 -7.999102 1.756587 -2.243704 -2.552738 -0.000000 -0.000000 0.000002 -8.459151 -10.520227 -9.248299 0.174590 0.717023 31.342941 9.510596 5.551775 -25.602495 -1.442307 0.830673 -1.028630 -0.000000 -0.000001 -0.000001 
-14.008093 94.278374 -4.907137 0.768642 -33.591721 5.203986 2.987359 0.384142 1.366346 0.400287 1.431952 -3.499470 3.675787 0.383845 9.382376 -9.099845 5.117514 -6.336552 2.173574 7.619853 -3.380139 -2.479329 9.437428 -9.622862 0.000077 -0.000023 0.000006 0.014039 0.092246 -0.080918 0.732413 -3.594954 -10.603119 -0.720765 3.766289 -10.639197 -15.086182 -0.452715 13.347631 -66.474571 -0.975046 7.893613 -0.008395 -19.420637 -0.065304 -1.433395 2.326015 -4.038098 -5.882101 9.861279 0.702587 -10.936858 -0.360575 7.156197 0.000003 8.774816 0.000001 -15.888317 18.174093 6.259303 -1.844031 2.498502 -2.507276 -10.163589 4.678939 4.621103 -20.975994 -0.000006 0.000004 -21.226248 2.451690 -3.593994 0.000000 -0.000005 -0.000000 -1.362680 2.240796 -0.746321 -21.334887 0.584904 3.008319 -13.821197 -0.000004 0.000001 -23.887133 -0.249082 -0.839477 -61.124741 2.467374 -1.707232 -0.294024 1.679686 0.833257 -14.218194 0.093212 1.300579 -34.212006 -0.287568 0.967171 -20.033180 0.964533 1.212846 -0.000000 0.000002 0.000000 -3.440385 0.788232 0.501654 -15.928169 -3.167308 2.999703 -6.338818 -0.000002 0.000001 -18.123413 3.648173 -4.905662 -0.000005 0.000001 -0.000000 8.159856 17.089552 12.158638 54.690289 11.077148 22.068495 -0.191961 31.136522 0.151117 8.322857 8.370287 -3.020924 2.243541 -5.255033 -3.180156 14.282878 -0.826594 6.952497 -0.000001 -12.690590 0.000002 16.942980 -18.280407 2.057125 1.665665 -1.955921 -2.878297 4.727796 -4.170584 4.993919 11.020513 0.000003 -0.000001 12.109035 -3.735709 -2.866779 0.000002 0.000001 -0.000001 1.291985 -1.928547 -1.498088 14.800117 0.567465 3.865602 14.242556 -1.341735 -6.660648 19.631939 0.143924 -0.648244 50.865883 -0.906440 -6.429304 0.353029 -1.511150 -0.031940 20.222771 3.684305 2.316628 18.787249 0.000005 -0.000001 10.751612 -0.479867 1.397904 0.000002 0.000001 0.000001 3.273804 0.305946 -0.580110 21.486794 11.830360 2.266131 8.162918 0.000000 -0.000002 18.399055 -3.798978 -4.940569 0.000004 0.000000 0.000001 10.286576 15.043451 -38.370815 -0.377037 -0.229852 52.309368 -8.632264 15.197914 -7.483821 1.713505 -2.261523 -2.234622 0.000000 0.000000 0.000002 -9.464416 -12.127879 -7.178389 0.218619 0.842916 29.224041 10.276131 6.457596 -25.388479 -1.453340 0.804786 -1.389467 0.000000 -0.000001 -0.000001 
-14.640124 94.283485 -2.901629 1.295218 -32.836380 5.245087 2.737107 0.533552 1.286796 0.285098 1.851779 -3.451050 3.418113 0.967611 9.387568 -9.334549 5.006691 -6.961759 2.149012 7.377944 -3.463802 -2.570915 9.348793 -8.876435 0.000077 -0.000022 0.000006 0.018857 0.074284 -0.096621 0.748645 -3.608686 -10.607903 -0.728707 3.735703 -10.637917 -15.008589 -0.022000 13.339357 -68.309479 1.085838 6.857795 -0.101650 -18.789452 -0.077858 -2.451809 4.673387 -3.167078 -5.882098 9.861276 0.702587 -10.936858 -0.360577 7.156197 0.000002 8.774813 -0.000002 -15.797532 18.343100 6.459920 -1.844030 2.498503 -2.507275 -10.163589 4.678939 4.621104 -20.975992 -0.000006 0.000003 -21.226250 2.451692 -3.593991 0.000001 -0.000007 -0.000001 -1.362679 2.240796 -0.746321 -21.334887 0.584905 3.008321 -13.821193 -0.000005 0.000002 -23.887131 -0.249083 -0.839479 -61.543320 2.381390 -1.758623 -0.294024 1.679687 0.833256 -14.218190 0.093211 1.300576 -34.211998 -0.287566 0.967171 -20.033173 0.964534 1.212845 -0.000000 0.000001 -0.000000 -3.440385 0.788233 0.501656 -15.928165 -3.167308 2.999703 -6.338817 -0.000002 0.000002 -18.123411 3.648173 -4.905659 -0.000004 0.000001 -0.000001 8.868359 18.337061 12.427619 54.290871 13.698699 24.794386 -0.453640 30.464363 0.093815 9.005668 7.818991 -2.289454 2.243539 -5.255032 -3.180155 14.282878 -0.826592 6.952499 -0.000003 -12.690587 -0.000001 17.060331 -18.241013 1.959295 1.665664 -1.955919 -2.878296 4.727795 -4.170583 4.993918 11.020511 0.000002 0.000001 12.109031 -3.735710 -2.866779 0.000000 0.000001 0.000001 1.291985 -1.928548 -1.498087 14.800113 0.567468 3.865606 14.242553 -1.341733 -6.660648 19.631941 0.143925 -0.648243 50.651505 -0.718527 -6.334430 0.353028 -1.511149 -0.031941 20.222769 3.684309 2.316630 18.787245 0.000005 0.000003 10.751612 -0.479867 1.397904 0.000000 0.000000 0.000000 3.273804 0.305947 -0.580109 21.486794 11.830361 2.266131 8.162918 0.000001 0.000000 18.399059 -3.798979 -4.940564 0.000004 0.000001 -0.000001 9.470843 15.671270 -41.216087 -0.394901 -0.277018 45.037594 -7.225531 15.991089 -6.915113 1.662338 -2.267317 -2.648950 0.000000 -0.000000 0.000002 -10.700123 -13.655245 -4.465457 0.230113 0.987382 26.330742 11.327481 7.146461 -24.990757 -1.458079 0.797366 -1.720139 0.000000 0.000000 -0.000001 
-15.265351 94.074020 -0.604776 1.857987 -32.029064 5.239196 2.410024 0.786153 1.121379 0.155141 2.285069 -3.486802 2.970711 1.709931 9.512119 -9.406881 4.859243 -7.403409 2.153334 7.109069 -3.547640 -2.737758 9.042969 -8.453017 0.000077 -0.000022 0.000006 0.019674 0.054655 -0.109004 0.761852 -3.625404 -10.642718 -0.738731 3.710632 -10.665208 -14.763655 0.493106 13.416755 -69.825897 3.102536 6.178717 -0.282832 -18.831730 -0.069296 -3.732688 6.288149 -2.614666 -5.882102 9.861279 0.702590 -10.936859 -0.360576 7.156198 0.000002 8.774814 -0.000002 -15.811405 18.566502 6.529412 -1.844031 2.498502 -2.507277 -10.163589 4.678938 4.621104 -20.975994 -0.000003 0.000003 -21.226255 2.451692 -3.593993 0.000001 -0.000005 -0.000001 -1.362680 2.240797 -0.746323 -21.334890 0.584909 3.008320 -13.821197 -0.000002 0.000002 -23.887136 -0.249078 -0.839478 -61.906864 2.238052 -1.798158 -0.294025 1.679685 0.833255 -14.218194 0.093215 1.300579 -34.212002 -0.287566 0.967173 -20.033182 0.964534 1.212844 0.000000 -0.000001 0.000001 -3.440386 0.788233 0.501656 -15.928171 -3.167308 2.999704 -6.338817 -0.000002 0.000000 -18.123415 3.648175 -4.905661 -0.000004 0.000001 -0.000002 9.080078 19.540159 12.623829 54.958454 16.626163 26.702520 -0.501694 30.534985 0.089795 9.292459 6.886768 -1.129605 2.243538 -5.255032 -3.180156 14.282877 -0.826592 6.952495 -0.000003 -12.690587 0.000000 17.046301 -18.061855 1.931596 1.665665 -1.955920 -2.878296 4.727794 -4.170585 4.993917 11.020513 0.000004 0.000001 12.109031 -3.735709 -2.866777 0.000002 0.000002 -0.000001 1.291984 -1.928547 -1.498087 14.800117 0.567470 3.865603 14.242554 -1.341734 -6.660647 19.631939 0.143926 -0.648242 50.429970 -0.494157 -6.178054 0.353029 -1.511149 -0.031939 20.222769 3.684307 2.316628 18.787247 0.000005 -0.000001 10.751608 -0.479868 1.397906 0.000001 -0.000000 -0.000001 3.273804 0.305948 -0.580112 21.486792 11.830363 2.266133 8.162920 0.000002 0.000001 18.399054 -3.798977 -4.940566 0.000003 -0.000000 -0.000000 8.894230 16.101456 -43.727512 -0.371250 -0.312134 37.292530 -7.119524 15.490469 -6.450795 1.592016 -2.219734 -3.496798 -0.000000 0.000000 0.000002 -12.113235 -14.902253 -1.687229 0.205578 1.177950 23.871677 12.413862 7.565944 -24.672195 -1.449686 0.723190 -1.653138 -0.000000 -0.000001 -0.000001 
-15.838631 93.464020 1.919204 2.188509 -31.366396 5.154047 2.200753 1.052343 0.992348 0.032946 2.807703 -3.507616 2.500139 2.505140 9.744818 -9.618934 4.877367 -7.642385 2.100268 6.822005 -3.605455 -2.886466 8.499751 -8.326519 0.000077 -0.000022 0.000006 0.023745 0.058056 -0.113046 0.776529 -3.623938 -10.675015 -0.744498 3.713256 -10.688876 -14.585973 1.194089 13.470983 -71.066902 4.900346 5.800470 -0.329815 -19.071547 -0.065081 -4.690968 6.828296 -1.707563 -5.882099 9.861277 0.702589 -10.936858 -0.360576 7.156196 0.000003 8.774814 -0.000001 -15.882038 18.686586 6.434253 -1.844030 2.498502 -2.507277 -10.163589 4.678938 4.621105 -20.975994 -0.000005 0.000003 -21.226244 2.451686 -3.593992 0.000000 -0.000006 -0.000001 -1.362679 2.240796 -0.746321 -21.334888 0.584905 3.008322 -13.821197 -0.000005 0.000004 -23.887133 -0.249080 -0.839479 -62.046543 2.081293 -1.838840 -0.294024 1.679686 0.833256 -14.218192 0.093213 1.300579 -34.211998 -0.287567 0.967172 -20.033176 0.964535 1.212843 0.000000 0.000000 0.000001 -3.440385 0.788232 0.501655 -15.928167 -3.167309 2.999706 -6.338816 -0.000003 0.000001 -18.123413 3.648172 -4.905659 -0.000005 -0.000000 -0.000003 8.401207 20.748068 12.599657 56.284435 19.855906 28.109585 -0.308133 32.157951 0.149107 8.950260 6.208631 -0.422988 2.243539 -5.255032 -3.180156 14.282878 -0.826595 6.952497 -0.000004 -12.690590 0.000001 17.022928 -17.868765 2.002944 1.665666 -1.955920 -2.878294 4.727793 -4.170582 4.993918 11.020513 0.000004 -0.000001 12.109033 -3.735709 -2.866780 -0.000001 0.000001 -0.000000 1.291984 -1.928547 -1.498089 14.800113 0.567469 3.865603 14.242553 -1.341732 -6.660649 19.631941 0.143926 -0.648246 50.314152 -0.460295 -6.000495 0.353029 -1.511149 -0.031941 20.222773 3.684306 2.316630 18.787245 0.000006 0.000000 10.751610 -0.479868 1.397907 0.000000 0.000000 0.000000 3.273804 0.305946 -0.580110 21.486790 11.830362 2.266131 8.162917 -0.000000 0.000001 18.399055 -3.798980 -4.940566 0.000004 -0.000001 -0.000000 8.823368 16.463932 -46.169697 -0.320829 -0.341707 31.341944 -9.148680 14.374395 -5.907573 1.552431 -2.151891 -3.881200 -0.000000 -0.000000 0.000002 -13.528999 -15.698769 1.119125 0.150246 1.307801 22.105400 13.378028 7.900240 -25.021162 -1.430205 0.673395 -1.385744 0.000000 -0.000001 -0.000001 
-16.319977 92.486588 4.755659 2.153605 -31.018192 5.049894 2.162443 1.299880 1.016350 -0.023667 3.371480 -3.530564 2.175304 3.367270 10.111819 -10.124450 4.996647 -7.830794 1.987062 6.558725 -3.626657 -3.013772 7.856891 -8.442227 0.000077 -0.000023 0.000006 0.035676 0.099156 -0.105507 0.801145 -3.585178 -10.696586 -0.745493 3.754996 -10.708704 -14.669414 1.989006 13.432650 -71.946587 6.402721 5.543056 -0.239715 -19.219250 -0.052593 -5.496350 6.568830 -0.712164 -5.882100 9.861278 0.702591 -10.936860 -0.360574 7.156197 0.000001 8.774813 0.000000 -15.993864 18.642155 6.274568 -1.844031 2.498501 -2.507277 -10.163589 4.678940 4.621105 -20.975994 -0.000004 0.000001 -21.226250 2.451691 -3.593992 0.000001 -0.000006 -0.000000 -1.362680 2.240796 -0.746323 -21.334887 0.584907 3.008322 -13.821194 -0.000003 0.000001 -23.887123 -0.249078 -0.839480 -62.053978 1.952654 -1.807675 -0.294024 1.679685 0.833255 -14.218194 0.093213 1.300579 -34.211998 -0.287563 0.967169 -20.033178 0.964534 1.212843 0.000001 0.000001 0.000001 -3.440385 0.788233 0.501655 -15.928167 -3.167308 2.999703 -6.338816 -0.000001 0.000001 -18.123413 3.648175 -4.905661 -0.000005 -0.000000 -0.000003 6.951888 21.961546 12.320456 57.425549 23.434128 29.053341 0.162060 35.682629 0.319413 8.009338 6.188854 -0.518069 2.243541 -5.255033 -3.180154 14.282875 -0.826592 6.952495 -0.000001 -12.690588 0.000000 17.070593 -17.808802 2.114748 1.665662 -1.955920 -2.878295 4.727794 -4.170582 4.993919 11.020511 0.000003 -0.000001 12.109031 -3.735708 -2.866778 -0.000001 -0.000000 -0.000001 1.291983 -1.928548 -1.498087 14.800113 0.567469 3.865605 14.242553 -1.341732 -6.660646 19.631937 0.143926 -0.648241 50.382210 -0.594470 -5.961708 0.353031 -1.511150 -0.031940 20.222769 3.684306 2.316632 18.787243 0.000006 0.000001 10.751610 -0.479870 1.397904 0.000001 0.000002 -0.000001 3.273804 0.305947 -0.580109 21.486790 11.830360 2.266134 8.162916 0.000001 0.000000 18.399050 -3.798982 -4.940566 0.000003 0.000000 -0.000001 9.342078 16.657938 -48.846443 -0.268331 -0.371475 28.805294 -11.430060 13.988350 -5.574116 1.541587 -2.081096 -3.828912 0.000000 0.000000 0.000001 -14.906496 -15.988486 4.058792 0.107896 1.446915 20.752392 14.405110 8.186545 -25.733492 -1.411575 0.623688 -1.196889 -0.000000 -0.000001 -0.000001 
-16.727705 91.224869 7.829739 1.889606 -30.982439 5.040603 2.215901 1.567569 1.120109 -0.018043 3.950251 -3.522964 1.932183 4.155968 10.529038 -10.846416 5.133432 -8.139888 1.851084 6.321039 -3.643784 -3.077806 7.329258 -8.699081 0.000077 -0.000022 0.000006 0.053123 0.159861 -0.089468 0.828897 -3.529819 -10.704907 -0.740018 3.822254 -10.732459 -14.864268 2.856762 13.272541 -72.407722 7.539145 5.397813 -0.174384 -19.232344 -0.071619 -6.365878 6.087534 0.247578 -5.882101 9.861278 0.702590 -10.936858 -0.360576 7.156198 0.000001 8.774810 -0.000000 -16.128780 18.434498 6.113378 -1.844031 2.498503 -2.507277 -10.163591 4.678940 4.621105 -20.975996 -0.000002 0.000005 -21.226254 2.451694 -3.593993 -0.000000 -0.000008 -0.000001 -1.362682 2.240797 -0.746322 -21.334890 0.584908 3.008322 -13.821198 -0.000002 0.000004 -23.887129 -0.249080 -0.839480 -62.103493 1.827441 -1.689853 -0.294025 1.679687 0.833255 -14.218194 0.093214 1.300578 -34.212006 -0.287563 0.967173 -20.033180 0.964534 1.212844 -0.000001 -0.000001 0.000000 -3.440386 0.788233 0.501655 -15.928169 -3.167306 2.999705 -6.338818 0.000001 0.000003 -18.123415 3.648177 -4.905660 -0.000004 -0.000001 -0.000002 4.899333 23.241356 11.790620 58.045326 27.395029 29.611622 0.614464 40.504745 0.488559 6.569691 6.910307 -1.509499 2.243541 -5.255033 -3.180153 14.282875 -0.826595 6.952496 -0.000001 -12.690592 0.000000 17.148115 -17.939644 2.180281 1.665665 -1.955920 -2.878298 4.727793 -4.170583 4.993919 11.020511 0.000005 -0.000000 12.109031 -3.735710 -2.866780 -0.000001 -0.000001 0.000000 1.291985 -1.928548 -1.498087 14.800111 0.567467 3.865605 14.242553 -1.341735 -6.660646 19.631937 0.143927 -0.648244 50.570625 -0.737723 -6.062291 0.353029 -1.511148 -0.031940 20.222769 3.684304 2.316628 18.787247 0.000005 0.000002 10.751610 -0.479867 1.397905 0.000000 0.000001 0.000000 3.273806 0.305947 -0.580111 21.486788 11.830361 2.266129 8.162917 0.000002 0.000002 18.399050 -3.798979 -4.940568 0.000003 0.000001 -0.000001 10.164263 16.631613 -51.752407 -0.200232 -0.402267 29.471437 -12.427648 14.125809 -5.894702 1.563972 -1.998363 -3.668309 -0.000000 0.000000 0.000003 -16.273935 -15.879537 7.080887 0.110111 1.639475 19.346804 15.629950 8.357333 -26.643099 -1.402694 0.607017 -1.184220 0.000000 -0.000001 -0.000001 
-17.125246 89.767731 11.304357 1.659234 -31.094131 5.268441 2.206504 1.898187 1.128805 0.024847 4.521672 -3.530906 1.581503 4.860497 10.827514 -11.570223 5.187191 -8.561224 1.707019 6.102071 -3.673130 -2.926484 6.948218 -8.898337 0.000077 -0.000023 0.000006 0.066593 0.225880 -0.069229 0.844699 -3.466555 -10.711029 -0.727165 3.888617 -10.740819 -14.795876 3.671413 13.004083 -72.505241 8.409990 5.649475 -0.305348 -19.211979 -0.026028 -7.541538 5.566916 1.052959 -5.882102 9.861278 0.702591 -10.936859 -0.360574 7.156199 -0.000000 8.774813 0.000002 -16.175587 18.276718 5.993589 -1.844031 2.498503 -2.507275 -10.163589 4.678940 4.621106 -20.975992 -0.000003 0.000001 -21.226250 2.451695 -3.593994 -0.000000 -0.000006 0.000000 -1.362680 2.240793 -0.746324 -21.334894 0.584911 3.008320 -13.821197 -0.000003 0.000001 -23.887129 -0.249076 -0.839481 -62.010738 1.766275 -1.606409 -0.294025 1.679687 0.833255 -14.218194 0.093216 1.300579 -34.211998 -0.287562 0.967170 -20.033176 0.964536 1.212841 0.000000 0.000001 0.000001 -3.440385 0.788232 0.501656 -15.928165 -3.167304 2.999704 -6.338818 0.000002 0.000002 -18.123411 3.648176 -4.905660 -0.000003 -0.000000 -0.000002 2.429838 24.524666 11.046312 58.185505 31.428715 29.702387 0.723089 45.759838 0.471192 5.010178 7.953431 -2.754092 2.243541 -5.255032 -3.180155 14.282875 -0.826595 6.952493 -0.000001 -12.690592 -0.000001 17.207119 -18.133589 2.301525 1.665663 -1.955919 -2.878296 4.727793 -4.170585 4.993918 11.020513 0.000003 -0.000002 12.109034 -3.735708 -2.866781 0.000001 -0.000001 -0.000000 1.291987 -1.928548 -1.498089 14.800113 0.567469 3.865601 14.242553 -1.341733 -6.660650 19.631939 0.143928 -0.648244 50.672127 -0.900932 -6.142126 0.353030 -1.511150 -0.031940 20.222769 3.684304 2.316625 18.787245 0.000006 -0.000002 10.751610 -0.479866 1.397903 -0.000000 0.000001 0.000001 3.273807 0.305948 -0.580111 21.486794 11.830363 2.266128 8.162917 0.000001 -0.000001 18.399054 -3.798977 -4.940568 0.000003 0.000001 -0.000001 10.652325 16.542385 -54.662144 -0.096409 -0.366755 32.273430 -12.311368 14.287990 -7.246761 1.625170 -1.911728 -3.568660 -0.000000 -0.000000 0.000003 -17.837311 -15.579719 10.478613 0.156275 1.947884 16.980318 17.188137 8.296936 -27.269018 -1.396594 0.621044 -1.336417 0.000000 0.000000 -0.000001 
-17.535204 88.226387 15.349301 1.672773 -31.011963 5.692795 1.985931 2.396353 1.041794 0.062791 4.955634 -3.670807 0.950910 5.590029 10.842462 -11.971251 5.199487 -8.918475 1.554071 5.854382 -3.680958 -2.568732 6.256077 -8.864056 0.000077 -0.000023 0.000006 0.079586 0.328562 -0.051310 0.856456 -3.359405 -10.708978 -0.717693 3.988642 -10.731570 -14.207212 4.132518 12.890994 -72.171585 9.049695 6.181337 -0.662034 -19.650845 0.084062 -8.745323 4.951544 1.541454 -5.882101 9.861277 0.702590 -10.936860 -0.360573 7.156194 0.000001 8.774813 0.000001 -16.223780 18.254280 5.880773 -1.844031 2.498499 -2.507276 -10.163589 4.678938 4.621102 -20.975996 -0.000004 0.000001 -21.226250 2.451688 -3.593994 0.000001 -0.000005 -0.000002 -1.362680 2.240796 -0.746323 -21.334887 0.584908 3.008317 -13.821197 -0.000005 0.000001 -23.887131 -0.249078 -0.839481 -62.003967 1.758961 -1.628636 -0.294024 1.679686 0.833256 -14.218190 0.093214 1.300578 -34.211998 -0.287566 0.967168 -20.033178 0.964532 1.212842 -0.000001 -0.000001 0.000001 -3.440385 0.788231 0.501656 -15.928165 -3.167307 2.999701 -6.338815 -0.000001 0.000002 -18.123415 3.648173 -4.905662 -0.000004 0.000001 -0.000002 -0.278320 25.603226 10.230943 57.915173 34.975540 28.983063 0.820458 50.828358 0.619679 3.612781 9.089867 -3.801993 2.243539 -5.255033 -3.180155 14.282877 -0.826591 6.952497 -0.000002 -12.690590 -0.000000 17.179085 -18.246580 2.467044 1.665662 -1.955920 -2.878297 4.727793 -4.170582 4.993919 11.020512 0.000005 -0.000000 12.109034 -3.735710 -2.866778 0.000000 -0.000000 -0.000000 1.291984 -1.928548 -1.498088 14.800114 0.567466 3.865606 14.242553 -1.341737 -6.660646 19.631939 0.143924 -0.648240 50.503387 -1.139344 -6.157578 0.353028 -1.511146 -0.031941 20.222771 3.684307 2.316633 18.787247 0.000002 0.000003 10.751612 -0.479869 1.397905 -0.000000 0.000002 -0.000000 3.273801 0.305948 -0.580111 21.486792 11.830362 2.266134 8.162916 0.000002 0.000001 18.399054 -3.798980 -4.940566 0.000003 -0.000000 -0.000001 10.023360 16.457121 -57.297634 -0.027222 -0.287684 36.564144 -11.706671 14.137997 -9.342999 1.656205 -1.855475 -3.459172 0.000000 0.000000 0.000003 -19.797232 -15.254245 15.115376 0.199975 2.455741 12.223528 19.244177 7.509997 -26.467190 -1.414905 0.626953 -1.722500 -0.000000 -0.000000 -0.000001 
-18.047152 86.797066 20.373817 1.954570 -30.226385 6.313300 1.572427 2.718107 0.694676 -0.030714 5.564906 -3.925468 0.134534 6.137363 10.532119 -11.775972 4.987431 -9.001510 1.386185 5.326892 -3.730156 -1.964795 5.443153 -8.735354 0.000077 -0.000023 0.000006 0.086543 0.365560 -0.051039 0.858740 -3.329983 -10.742337 -0.703164 4.031189 -10.753847 -13.246797 4.223274 12.657950 -71.353691 9.935673 6.528642 -1.008669 -20.794004 0.196293 -9.368637 3.766864 0.736489 -5.882100 9.861277 0.702589 -10.936858 -0.360576 7.156197 0.000000 8.774813 -0.000002 -16.395344 18.329332 5.784783 -1.844031 2.498502 -2.507276 -10.163589 4.678940 4.621103 -20.976000 -0.000004 0.000002 -21.226255 2.451693 -3.593995 0.000001 -0.000006 -0.000000 -1.362681 2.240798 -0.746325 -21.334888 0.584906 3.008319 -13.821194 -0.000005 0.000001 -23.887131 -0.249080 -0.839483 -62.019371 1.872547 -1.531066 -0.294025 1.679687 0.833255 -14.218194 0.093214 1.300578 -34.212002 -0.287566 0.967168 -20.033180 0.964534 1.212841 -0.000000 -0.000001 0.000001 -3.440385 0.788231 0.501654 -15.928167 -3.167306 2.999703 -6.338817 0.000000 0.000001 -18.123411 3.648176 -4.905663 -0.000005 -0.000000 -0.000002 -2.712712 26.280720 9.187231 57.391937 36.808380 27.610687 1.156518 55.737366 0.998841 2.577670 10.531220 -4.260598 2.243539 -5.255033 -3.180156 14.282878 -0.826592 6.952496 -0.000001 -12.690588 -0.000000 17.211296 -18.056667 2.419055 1.665666 -1.955919 -2.878299 4.727794 -4.170582 4.993918 11.020514 0.000004 -0.000002 12.109032 -3.735709 -2.866780 -0.000000 -0.000001 0.000000 1.291984 -1.928548 -1.498087 14.800113 0.567466 3.865603 14.242551 -1.341734 -6.660649 19.631939 0.143926 -0.648243 50.224323 -1.115579 -6.167457 0.353027 -1.511150 -0.031939 20.222769 3.684306 2.316628 18.787247 0.000006 0.000000 10.751612 -0.479868 1.397904 0.000000 0.000000 0.000000 3.273803 0.305948 -0.580110 21.486794 11.830363 2.266130 8.162917 0.000002 -0.000000 18.399054 -3.798980 -4.940567 0.000003 -0.000001 -0.000001 8.216299 15.968565 -59.113243 0.046697 -0.113656 41.127846 -11.015845 13.468571 -11.003788 1.664225 -1.828144 -3.836688 -0.000000 -0.000000 0.000002 -21.207994 -14.961450 17.408102 0.288285 2.854191 11.799292 20.583986 6.775007 -25.461243 -1.410745 0.637539 -2.904932 0.000000 -0.000001 -0.000001 
-18.629847 85.774727 25.954739 2.561727 -28.394863 6.900054 0.854954 2.921369 0.058097 -0.138499 6.044852 -4.366653 -0.848342 6.683640 10.133308 -10.860492 4.830511 -8.847045 1.115044 4.401512 -3.816291 -1.144781 4.179229 -8.312075 0.000077 -0.000022 0.000006 0.091086 0.345622 -0.074742 0.858496 -3.343790 -10.756492 -0.691409 4.007565 -10.739808 -12.559218 3.874931 12.585586 -69.821236 10.717010 6.326128 -0.953081 -22.144470 0.274590 -8.636019 1.579681 -2.157098 -5.882099 9.861278 0.702589 -10.936859 -0.360574 7.156196 0.000000 8.774812 -0.000003 -16.373896 18.225061 5.863693 -1.844030 2.498503 -2.507277 -10.163589 4.678940 4.621104 -20.975994 -0.000003 0.000003 -21.226255 2.451693 -3.593993 0.000001 -0.000005 -0.000001 -1.362680 2.240797 -0.746322 -21.334892 0.584907 3.008319 -13.821197 -0.000002 0.000002 -23.887129 -0.249079 -0.839482 -62.037731 1.954111 -1.173137 -0.294024 1.679686 0.833256 -14.218190 0.093214 1.300579 -34.211998 -0.287564 0.967170 -20.033176 0.964534 1.212842 -0.000000 0.000000 0.000000 -3.440385 0.788232 0.501656 -15.928165 -3.167307 2.999705 -6.338817 -0.000001 0.000001 -18.123413 3.648177 -4.905662 -0.000006 0.000001 -0.000002 -3.866659 26.205286 8.648984 56.086437 36.467350 25.688368 2.397902 59.961891 2.185662 1.875606 12.602610 -4.238887 2.243542 -5.255032 -3.180157 14.282875 -0.826593 6.952497 -0.000002 -12.690588 0.000000 17.269156 -17.735098 2.169530 1.665665 -1.955921 -2.878297 4.727794 -4.170583 4.993919 11.020512 0.000002 -0.000003 12.109030 -3.735710 -2.866781 0.000000 0.000001 0.000000 1.291984 -1.928548 -1.498088 14.800113 0.567468 3.865602 14.242553 -1.341735 -6.660652 19.631937 0.143925 -0.648246 49.910595 -1.103762 -6.312061 0.353029 -1.511149 -0.031939 20.222763 3.684305 2.316626 18.787241 0.000006 -0.000003 10.751610 -0.479868 1.397903 0.000001 -0.000001 -0.000000 3.273804 0.305947 -0.580111 21.486788 11.830361 2.266130 8.162916 0.000002 -0.000000 18.399050 -3.798979 -4.940568 0.000003 -0.000000 -0.000001 5.441426 14.741836 -59.503456 0.091778 0.092638 44.438068 -9.572596 12.512506 -10.612412 1.668875 -1.792601 -4.324388 0.000000 0.000000 0.000003 -22.651070 -14.119073 20.615995 0.308068 3.334799 10.631396 22.222054 4.938581 -21.157646 -1.412005 0.638244 -6.937554 0.000000 0.000000 -0.000001 
-19.079000 85.455620 31.966009 3.252842 -25.312618 7.388600 0.043486 2.727931 -0.822965 -0.349383 6.347828 -4.899129 -1.750926 6.944432 9.845850 -9.457781 4.701410 -8.827826 0.806114 3.135459 -3.786108 -0.236910 2.953663 -7.549522 0.000077 -0.000023 0.000006 0.066578 0.235342 -0.103689 0.835505 -3.438240 -10.738008 -0.722333 3.878031 -10.709911 -12.878930 3.381074 12.278962 -67.137398 11.367317 5.113649 -0.442822 -22.909689 0.109678 -7.109986 -0.646473 -6.183280 -5.882101 9.861278 0.702589 -10.936858 -0.360575 7.156197 0.000001 8.774812 0.000000 -16.428259 18.193377 5.857802 -1.844031 2.498501 -2.507276 -10.163589 4.678939 4.621105 -20.975996 -0.000004 0.000002 -21.226255 2.451690 -3.593995 0.000002 -0.000007 -0.000000 -1.362680 2.240795 -0.746323 -21.334892 0.584908 3.008319 -13.821197 -0.000002 0.000001 -23.887131 -0.249078 -0.839484 -61.820858 1.951492 -0.950754 -0.294024 1.679685 0.833255 -14.218190 0.093214 1.300579 -34.212002 -0.287566 0.967168 -20.033176 0.964532 1.212841 0.000000 0.000000 0.000000 -3.440385 0.788232 0.501656 -15.928167 -3.167307 2.999703 -6.338818 -0.000001 0.000002 -18.123413 3.648173 -4.905662 -0.000005 -0.000001 -0.000002 -3.070106 25.527260 8.836441 54.212734 33.986130 24.185791 3.119734 63.053501 3.005426 1.693095 14.320596 -4.514475 2.243539 -5.255032 -3.180156 14.282877 -0.826593 6.952496 -0.000001 -12.690588 0.000001 17.125669 -17.594948 2.175445 1.665666 -1.955920 -2.878296 4.727793 -4.170584 4.993918 11.020512 0.000003 -0.000000 12.109033 -3.735709 -2.866779 0.000000 0.000000 -0.000000 1.291985 -1.928548 -1.498088 14.800113 0.567468 3.865604 14.242553 -1.341735 -6.660648 19.631939 0.143925 -0.648243 49.888084 -1.130521 -6.411555 0.353028 -1.511149 -0.031940 20.222771 3.684305 2.316630 18.787245 0.000005 0.000001 10.751611 -0.479867 1.397903 -0.000000 -0.000000 -0.000000 3.273803 0.305947 -0.580111 21.486792 11.830361 2.266132 8.162916 0.000001 -0.000001 18.399054 -3.798980 -4.940568 0.000003 0.000000 -0.000000 2.871416 12.314857 -59.073956 0.191025 0.230444 46.817093 -8.510753 11.188176 -6.579169 1.687891 -1.721000 -3.755477 -0.000000 0.000000 0.000003 -23.511915 -13.106215 23.034449 0.291026 3.791658 12.227260 22.038092 1.455737 -12.209931 -1.415318 0.599874 -15.284510 0.000000 0.000000 -0.000001 
-19.443604 85.879585 38.087746 3.613760 -21.536406 7.200868 -0.331320 2.422037 -1.359604 -0.498445 6.404662 -5.181910 -2.578666 7.009423 9.670837 -7.938180 4.512563 -8.604869 0.283872 1.818886 -3.762266 0.708520 1.613749 -6.732242 0.000077 -0.000022 0.000006 0.044599 0.123357 -0.115553 0.812326 -3.531379 -10.690601 -0.743945 3.751623 -10.668413 -13.587571 2.570528 12.132687 -64.308205 11.152506 2.841356 -0.054391 -22.284172 -0.072048 -4.827199 -1.541949 -9.230742 -5.882102 9.861276 0.702590 -10.936860 -0.360574 7.156196 0.000000 8.774816 -0.000001 -16.233896 17.868376 5.858536 -1.844031 2.498502 -2.507276 -10.163590 4.678940 4.621104 -20.975996 -0.000004 0.000002 -21.226254 2.451693 -3.593994 -0.000000 -0.000006 0.000000 -1.362680 2.240796 -0.746323 -21.334890 0.584909 3.008320 -13.821197 -0.000003 0.000002 -23.887129 -0.249078 -0.839481 -61.192932 1.667183 -0.653580 -0.294025 1.679686 0.833255 -14.218194 0.093215 1.300579 -34.211998 -0.287564 0.967169 -20.033180 0.964535 1.212841 -0.000000 -0.000001 0.000000 -3.440386 0.788232 0.501655 -15.928169 -3.167306 2.999703 -6.338818 -0.000001 0.000001 -18.123415 3.648175 -4.905662 -0.000004 0.000000 -0.000002 -1.148270 24.546528 9.673065 52.719334 29.783888 22.678001 3.052903 63.689026 3.037493 1.907973 15.192513 -3.774276 2.243540 -5.255033 -3.180155 14.282877 -0.826595 6.952495 -0.000004 -12.690592 0.000002 16.752209 -17.518311 2.368863 1.665665 -1.955920 -2.878297 4.727796 -4.170584 4.993919 11.020511 0.000003 -0.000000 12.109032 -3.735711 -2.866780 0.000000 0.000000 0.000000 1.291984 -1.928549 -1.498087 14.800109 0.567468 3.865601 14.242553 -1.341735 -6.660650 19.631937 0.143928 -0.648244 50.010799 -1.147841 -6.289808 0.353027 -1.511150 -0.031938 20.222769 3.684306 2.316626 18.787245 0.000004 0.000001 10.751610 -0.479867 1.397903 0.000000 0.000001 0.000000 3.273805 0.305946 -0.580108 21.486788 11.830363 2.266130 8.162916 0.000001 0.000000 18.399052 -3.798980 -4.940568 0.000003 -0.000000 -0.000000 1.257053 9.601164 -57.423786 0.316798 0.267720 49.333157 -7.842366 9.060391 -4.278867 1.652805 -1.706865 -2.257939 0.000000 0.000000 0.000002 -23.105453 -12.149310 22.731947 0.254355 4.109610 19.480692 18.541162 -2.367563 -0.217974 -1.454858 0.618469 -22.107157 -0.000000 -0.000001 0.000000 
-19.578337 86.881111 44.304237 3.784641 -17.962496 5.764280 -0.318346 2.087139 -1.073394 -0.599756 6.471066 -4.982944 -3.132227 6.622506 9.687360 -6.802828 4.172929 -7.841380 -0.169414 1.265685 -3.855837 1.239279 0.484952 -6.390266 0.000077 -0.000023 0.000006 0.015343 -0.026908 -0.123260 0.782998 -3.683341 -10.708645 -0.765617 3.607743 -10.695571 -13.983527 1.925532 12.191340 -62.376987 9.409885 1.126580 0.448933 -20.662462 -0.256238 -2.007130 -0.923294 -10.230463 -5.882100 9.861278 0.702590 -10.936858 -0.360575 7.156198 0.000000 8.774815 -0.000001 -16.027803 17.419668 5.986319 -1.844030 2.498502 -2.507276 -10.163589 4.678939 4.621104 -20.975994 -0.000005 0.000002 -21.226248 2.451694 -3.593993 -0.000002 -0.000006 0.000000 -1.362680 2.240797 -0.746323 -21.334887 0.584907 3.008320 -13.821197 -0.000003 0.000002 -23.887125 -0.249079 -0.839480 -60.916527 1.568851 -0.122088 -0.294025 1.679685 0.833255 -14.218192 0.093214 1.300579 -34.211998 -0.287564 0.967170 -20.033175 0.964534 1.212842 -0.000000 0.000000 0.000000 -3.440385 0.788232 0.501655 -15.928167 -3.167307 2.999704 -6.338818 -0.000001 0.000001 -18.123413 3.648177 -4.905662 -0.000003 0.000000 -0.000002 0.791255 23.946232 10.866424 51.878151 24.795635 20.881536 2.378556 61.626484 2.312086 1.795968 15.039362 -2.396982 2.243538 -5.255032 -3.180154 14.282879 -0.826592 6.952497 -0.000003 -12.690590 0.000000 16.283760 -17.898968 2.675309 1.665665 -1.955919 -2.878296 4.727795 -4.170582 4.993918 11.020513 0.000003 0.000001 12.109033 -3.735709 -2.866777 -0.000000 -0.000000 0.000000 1.291984 -1.928548 -1.498088 14.800114 0.567468 3.865605 14.242554 -1.341733 -6.660647 19.631941 0.143925 -0.648242 50.012974 -1.182018 -6.151295 0.353027 -1.511150 -0.031939 20.222771 3.684308 2.316630 18.787249 0.000004 0.000001 10.751612 -0.479868 1.397904 0.000000 0.000001 0.000000 3.273803 0.305945 -0.580110 21.486794 11.830363 2.266131 8.162917 0.000003 0.000000 18.399057 -3.798977 -4.940566 0.000003 0.000001 -0.000001 0.180437 7.034821 -53.091305 0.310788 0.205350 50.997982 -6.879475 6.721559 -4.576076 1.600965 -1.691980 -0.832063 0.000000 -0.000000 0.000002 -22.362663 -11.860596 18.825718 0.352702 4.057609 33.213165 12.597729 -4.602137 10.898601 -1.486991 0.800507 -14.415976 0.000000 0.000000 -0.000003 
-19.582527 88.085243 50.552742 4.219347 -15.388834 3.877124 -0.353588 1.704385 -0.235356 -0.761632 6.480008 -4.778378 -3.270762 6.209455 9.795544 -6.116092 4.061094 -6.836267 -0.305479 0.939249 -3.867753 1.017236 -0.137585 -6.858365 0.000077 -0.000022 0.000006 0.020109 -0.002964 -0.120852 0.789531 -3.675810 -10.723574 -0.762372 3.648503 -10.717555 -13.693806 1.802719 12.614836 -61.800880 5.956366 0.497999 0.963363 -19.951246 -0.456516 1.134834 0.475123 -8.915872 -5.882099 9.861279 0.702590 -10.936858 -0.360576 7.156196 0.000000 8.774815 -0.000002 -16.040751 17.165909 5.783748 -1.844030 2.498503 -2.507276 -10.163589 4.678939 4.621103 -20.975994 -0.000004 0.000002 -21.226248 2.451694 -3.593994 -0.000002 -0.000006 0.000000 -1.362681 2.240796 -0.746323 -21.334892 0.584908 3.008320 -13.821197 -0.000003 0.000002 -23.887129 -0.249078 -0.839481 -60.285759 1.630904 -0.322095 -0.294024 1.679687 0.833255 -14.218194 0.093214 1.300579 -34.212006 -0.287564 0.967170 -20.033180 0.964535 1.212842 0.000001 0.000000 0.000000 -3.440386 0.788232 0.501655 -15.928165 -3.167307 2.999703 -6.338817 -0.000001 0.000001 -18.123413 3.648176 -4.905662 -0.000003 -0.000000 -0.000002 2.641339 23.523640 12.340549 51.323689 19.961840 18.762756 1.705419 57.245705 1.561782 1.066534 14.363433 -0.885212 2.243541 -5.255032 -3.180157 14.282877 -0.826592 6.952495 -0.000001 -12.690593 -0.000001 16.083387 -18.366615 2.949251 1.665665 -1.955919 -2.878297 4.727793 -4.170582 4.993917 11.020511 0.000003 -0.000001 12.109033 -3.735711 -2.866781 0.000000 -0.000001 0.000000 1.291984 -1.928547 -1.498089 14.800111 0.567468 3.865602 14.242553 -1.341733 -6.660650 19.631939 0.143926 -0.648245 50.132698 -1.220760 -6.121331 0.353028 -1.511150 -0.031940 20.222769 3.684307 2.316627 18.787245 0.000005 -0.000002 10.751610 -0.479869 1.397903 0.000000 0.000001 0.000000 3.273802 0.305947 -0.580111 21.486788 11.830361 2.266128 8.162916 0.000002 -0.000000 18.399052 -3.798978 -4.940568 0.000003 0.000001 -0.000001 -1.304461 5.294427 -47.520542 0.212966 0.124668 52.367950 -5.980450 5.719857 -9.815514 1.586207 -1.761845 -0.081184 -0.000000 0.000000 0.000002 -22.150438 -12.723989 11.866344 0.418343 3.548334 49.619946 8.660834 -3.441477 13.711646 -1.619517 0.984077 -5.413848 0.000000 0.000000 -0.000002 
-19.621040 89.619171 56.604134 4.023165 -13.650796 2.553838 -0.224033 1.319966 0.401266 -0.783104 6.423687 -4.628952 -2.741657 5.751927 9.859777 -5.829659 4.224604 -5.662141 -0.236345 0.793616 -3.827216 0.685001 -0.395187 -7.181051 0.000077 -0.000023 0.000006 0.021412 0.038448 -0.092833 0.792021 -3.645153 -10.680471 -0.759231 3.700061 -10.680345 -13.081115 2.047146 12.803204 -61.995403 2.238812 1.296291 1.293627 -22.514086 -0.619734 4.628239 0.487218 -6.675877 -5.882099 9.861278 0.702589 -10.936857 -0.360576 7.156196 0.000001 8.774814 -0.000001 -16.200447 17.323700 5.683023 -1.844031 2.498503 -2.507276 -10.163589 4.678939 4.621104 -20.975992 -0.000005 0.000002 -21.226250 2.451691 -3.593993 -0.000001 -0.000006 -0.000001 -1.362679 2.240796 -0.746323 -21.334892 0.584908 3.008320 -13.821194 -0.000003 0.000002 -23.887129 -0.249079 -0.839481 -59.971058 1.825479 -0.541795 -0.294024 1.679686 0.833255 -14.218194 0.093214 1.300578 -34.211998 -0.287565 0.967169 -20.033178 0.964534 1.212842 -0.000000 -0.000000 -0.000000 -3.440385 0.788232 0.501655 -15.928165 -3.167306 2.999703 -6.338816 -0.000001 0.000001 -18.123413 3.648176 -4.905662 -0.000004 -0.000000 -0.000002 4.694785 23.063759 13.892123 51.002499 15.076508 16.502485 1.403860 51.512848 1.310089 0.099423 13.276479 1.506155 2.243540 -5.255034 -3.180156 14.282877 -0.826594 6.952497 -0.000003 -12.690590 -0.000001 16.388130 -18.440275 2.810049 1.665662 -1.955922 -2.878296 4.727795 -4.170582 4.993917 11.020511 0.000003 -0.000001 12.109033 -3.735708 -2.866779 0.000000 0.000000 0.000001 1.291985 -1.928548 -1.498087 14.800113 0.567469 3.865603 14.242553 -1.341731 -6.660648 19.631941 0.143926 -0.648242 50.266808 -1.052478 -6.208841 0.353027 -1.511149 -0.031941 20.222767 3.684306 2.316628 18.787245 0.000002 0.000001 10.751610 -0.479866 1.397904 -0.000000 0.000001 -0.000000 3.273804 0.305948 -0.580110 21.486792 11.830361 2.266132 8.162917 0.000001 -0.000000 18.399054 -3.798978 -4.940566 0.000003 0.000002 -0.000000 -2.071404 4.722355 -41.212921 0.099685 0.017219 51.580566 -5.437759 4.857574 -13.975653 1.569760 -1.767713 0.402537 0.000000 0.000000 0.000002 -20.740814 -14.597821 3.808019 0.516679 2.660146 62.372883 6.794198 -0.643344 9.054679 -1.607100 1.008325 -4.055779 -0.000001 0.000000 -0.000002 
-19.736200 91.522552 62.497986 3.033379 -12.012136 1.743839 0.104860 1.101400 0.867145 -0.624758 6.001988 -4.481952 -1.635012 5.045446 9.757402 -5.509166 4.333705 -4.294415 -0.177905 0.918057 -3.797262 0.521072 -0.508101 -6.817612 0.000077 -0.000023 0.000006 0.019624 0.069798 -0.061784 0.774510 -3.620980 -10.588077 -0.742403 3.739326 -10.578408 -12.217886 2.075470 12.402678 -62.448792 -0.807028 3.226687 1.303051 -29.276880 -0.656440 7.804787 -1.066333 -4.221378 -5.882101 9.861279 0.702589 -10.936860 -0.360575 7.156196 0.000000 8.774814 -0.000001 -16.368797 17.894646 5.672535 -1.844031 2.498503 -2.507276 -10.163590 4.678939 4.621102 -20.976000 -0.000004 0.000002 -21.226255 2.451692 -3.593994 0.000000 -0.000006 -0.000000 -1.362679 2.240797 -0.746322 -21.334890 0.584907 3.008320 -13.821197 -0.000003 0.000002 -23.887131 -0.249079 -0.839481 -59.787914 1.962373 -0.575714 -0.294027 1.679687 0.833255 -14.218195 0.093214 1.300579 -34.212006 -0.287564 0.967169 -20.033180 0.964534 1.212842 0.000000 0.000000 0.000000 -3.440384 0.788232 0.501655 -15.928169 -3.167307 2.999703 -6.338817 -0.000002 0.000001 -18.123415 3.648176 -4.905662 -0.000003 -0.000000 -0.000002 7.080047 22.041922 15.258461 50.584831 9.471279 14.486612 1.062516 46.338188 1.216341 -0.926516 12.492335 3.611711 2.243540 -5.255032 -3.180156 14.282875 -0.826594 6.952494 -0.000002 -12.690593 0.000002 16.755644 -18.100082 2.442631 1.665664 -1.955921 -2.878296 4.727795 -4.170583 4.993919 11.020510 0.000005 -0.000001 12.109030 -3.735709 -2.866779 0.000000 0.000001 0.000002 1.291985 -1.928549 -1.498088 14.800113 0.567467 3.865603 14.242554 -1.341735 -6.660648 19.631939 0.143926 -0.648243 50.138016 -0.829256 -6.285765 0.353027 -1.511149 -0.031941 20.222769 3.684306 2.316628 18.787243 0.000004 0.000000 10.751610 -0.479869 1.397904 -0.000000 0.000001 -0.000000 3.273803 0.305947 -0.580112 21.486792 11.830362 2.266130 8.162916 -0.000000 -0.000001 18.399052 -3.798978 -4.940568 0.000002 -0.000000 -0.000001 -1.773501 4.545627 -34.295376 0.050520 -0.058363 48.589485 -4.613343 3.499456 -16.785671 1.564819 -1.772815 0.326746 0.000000 -0.000000 0.000002 -17.449228 -17.513350 -5.263914 0.579649 1.684267 70.689445 6.053071 2.056004 4.049710 -1.434511 0.976794 -3.844977 0.000000 0.000000 0.000000 
-20.004955 93.560699 68.102737 1.795112 -10.030890 1.260932 0.487106 0.899312 1.169815 -0.379434 5.031248 -4.296484 -0.403440 3.901908 9.571962 -5.095901 4.254186 -3.177280 -0.049394 1.274639 -3.776108 0.334119 -0.477316 -6.092508 0.000077 -0.000023 0.000006 0.016876 0.112854 -0.037238 0.753166 -3.589170 -10.549362 -0.722549 3.794386 -10.540877 -10.936294 1.538675 11.776371 -62.614616 -3.777452 6.308784 1.437598 -38.245235 -0.607781 9.282043 -2.571270 -1.918445 -5.882100 9.861277 0.702591 -10.936858 -0.360577 7.156198 0.000000 8.774815 -0.000002 -16.370182 18.385229 5.747754 -1.844031 2.498503 -2.507275 -10.163589 4.678939 4.621103 -20.975992 -0.000004 0.000002 -21.226250 2.451694 -3.593993 0.000001 -0.000006 -0.000000 -1.362681 2.240798 -0.746323 -21.334887 0.584908 3.008320 -13.821195 -0.000003 0.000002 -23.887129 -0.249079 -0.839480 -59.576260 2.117818 -0.635342 -0.294026 1.679686 0.833256 -14.218194 0.093214 1.300579 -34.212006 -0.287565 0.967169 -20.033180 0.964535 1.212842 0.000002 0.000000 -0.000001 -3.440386 0.788232 0.501656 -15.928165 -3.167308 2.999703 -6.338817 -0.000001 0.000002 -18.123413 3.648175 -4.905660 -0.000004 -0.000001 -0.000001 9.027158 20.111034 15.967952 50.654621 3.511810 12.393999 0.572498 43.551987 0.932592 -1.803116 12.582545 3.648919 2.243541 -5.255033 -3.180156 14.282877 -0.826594 6.952494 -0.000003 -12.690590 0.000001 16.796715 -17.874634 2.264971 1.665664 -1.955920 -2.878296 4.727793 -4.170585 4.993920 11.020513 0.000003 0.000000 12.109032 -3.735710 -2.866780 -0.000000 0.000000 0.000001 1.291986 -1.928548 -1.498089 14.800114 0.567467 3.865603 14.242553 -1.341735 -6.660649 19.631939 0.143927 -0.648245 49.688847 -0.657944 -6.374218 0.353031 -1.511149 -0.031940 20.222771 3.684304 2.316627 18.787247 0.000006 -0.000001 10.751609 -0.479868 1.397903 0.000000 0.000001 -0.000002 3.273804 0.305948 -0.580113 21.486794 11.830361 2.266129 8.162917 0.000002 -0.000002 18.399055 -3.798976 -4.940569 0.000003 -0.000001 -0.000003 -0.851474 4.003603 -27.103600 0.032149 -0.113438 43.653900 -3.834657 1.864456 -18.200052 1.572417 -1.810206 -0.095946 0.000000 -0.000000 0.000002 -12.701092 -21.253532 -15.025496 0.558921 0.863234 74.784897 7.064335 4.605681 -0.003301 -1.261420 0.846918 -3.545643 -0.000001 0.000001 -0.000000 
-20.272657 95.300728 73.416679 0.705994 -7.456256 1.020886 0.842445 0.513466 1.262670 -0.101695 3.591273 -4.225792 0.571557 2.264367 9.455073 -4.708142 4.114419 -2.367650 0.129965 1.818839 -3.709601 0.037238 -0.288582 -5.382606 0.000077 -0.000023 0.000006 0.014633 0.149865 -0.027869 0.755276 -3.564727 -10.605097 -0.728436 3.847858 -10.602436 -9.178738 0.183205 11.149411 -61.719273 -7.251702 9.498137 1.793837 -47.571751 -0.488581 8.860998 -2.814012 -0.022735 -5.882102 9.861279 0.702590 -10.936861 -0.360574 7.156195 0.000000 8.774817 -0.000001 -16.262794 18.452387 5.828261 -1.844032 2.498504 -2.507276 -10.163589 4.678939 4.621100 -20.975996 -0.000003 0.000001 -21.226255 2.451692 -3.593995 -0.000000 -0.000006 0.000001 -1.362682 2.240796 -0.746323 -21.334892 0.584911 3.008319 -13.821197 -0.000003 0.000000 -23.887133 -0.249080 -0.839481 -59.627533 2.331214 -0.714206 -0.294024 1.679686 0.833256 -14.218194 0.093215 1.300578 -34.212006 -0.287566 0.967165 -20.033180 0.964532 1.212841 0.000001 0.000001 -0.000001 -3.440385 0.788233 0.501655 -15.928169 -3.167305 2.999701 -6.338818 0.000002 0.000002 -18.123415 3.648177 -4.905663 -0.000005 -0.000000 -0.000002 9.860026 17.454861 15.862415 51.830986 -2.486238 9.451684 0.186749 43.868999 0.516552 -2.560942 13.304756 0.396650 2.243539 -5.255031 -3.180156 14.282878 -0.826594 6.952496 -0.000002 -12.690590 -0.000001 16.527031 -17.899256 2.334344 1.665665 -1.955921 -2.878296 4.727794 -4.170585 4.993919 11.020512 0.000004 0.000000 12.109032 -3.735710 -2.866782 -0.000000 0.000000 -0.000000 1.291985 -1.928547 -1.498088 14.800113 0.567467 3.865603 14.242554 -1.341734 -6.660645 19.631941 0.143927 -0.648242 49.445671 -0.495831 -6.451107 0.353028 -1.511147 -0.031940 20.222771 3.684306 2.316627 18.787245 0.000006 0.000000 10.751610 -0.479869 1.397903 0.000001 0.000001 0.000001 3.273805 0.305947 -0.580110 21.486795 11.830363 2.266131 8.162918 0.000002 -0.000002 18.399054 -3.798978 -4.940568 0.000003 -0.000001 -0.000000 0.078926 2.715706 -20.312645 0.038633 -0.220743 37.919407 -3.277563 0.491279 -18.769892 1.584592 -1.892877 -0.501251 0.000000 -0.000000 0.000002 -7.184029 -24.455311 -24.783974 0.357192 0.230134 74.310966 9.898526 6.420565 -2.622516 -1.199511 0.659985 -3.236600 -0.000001 -0.000000 -0.000002 
-20.462101 96.376930 78.639938 0.005937 -4.232269 0.987373 1.077234 -0.085931 1.107862 0.157494 1.787197 -4.279392 1.074956 0.112587 9.422616 -4.269465 3.938686 -1.680113 0.295802 2.308312 -3.603820 -0.283273 0.543588 -4.979552 0.000077 -0.000023 0.000006 0.010102 0.131531 -0.017013 0.778242 -3.595258 -10.707859 -0.761348 3.846292 -10.684771 -7.069384 -2.133080 10.476413 -58.772018 -11.079005 11.075454 1.704498 -56.578197 -0.181759 7.002768 -2.586082 0.196543 -5.882102 9.861279 0.702590 -10.936858 -0.360574 7.156195 0.000000 8.774814 0.000001 -16.095467 18.500618 5.934064 -1.844031 2.498505 -2.507274 -10.163589 4.678940 4.621105 -20.975994 -0.000004 0.000002 -21.226254 2.451692 -3.593993 0.000002 -0.000006 -0.000000 -1.362681 2.240796 -0.746324 -21.334888 0.584910 3.008318 -13.821197 -0.000001 0.000000 -23.887131 -0.249076 -0.839483 -60.032734 2.585419 -0.769954 -0.294024 1.679686 0.833254 -14.218192 0.093215 1.300579 -34.211998 -0.287565 0.967168 -20.033176 0.964534 1.212842 -0.000000 -0.000001 -0.000001 -3.440386 0.788232 0.501655 -15.928164 -3.167307 2.999701 -6.338817 0.000000 0.000001 -18.123411 3.648177 -4.905664 -0.000005 0.000001 -0.000002 9.670436 14.145954 15.163298 53.983643 -8.007615 6.026421 0.097132 46.616665 0.224979 -3.076717 14.354048 -6.250342 2.243540 -5.255031 -3.180155 14.282877 -0.826593 6.952494 -0.000003 -12.690591 -0.000001 16.066864 -18.021080 2.677798 1.665665 -1.955922 -2.878297 4.727794 -4.170581 4.993920 11.020510 0.000002 0.000000 12.109033 -3.735712 -2.866779 0.000000 -0.000000 -0.000001 1.291985 -1.928549 -1.498088 14.800114 0.567468 3.865604 14.242553 -1.341734 -6.660650 19.631939 0.143925 -0.648244 49.742455 -0.367456 -6.370310 0.353029 -1.511149 -0.031939 20.222769 3.684304 2.316629 18.787247 0.000005 -0.000001 10.751610 -0.479869 1.397903 -0.000001 -0.000001 -0.000002 3.273805 0.305945 -0.580110 21.486792 11.830362 2.266131 8.162914 -0.000001 -0.000002 18.399055 -3.798979 -4.940568 0.000003 -0.000001 -0.000000 0.691091 0.888989 -14.432343 0.087612 -0.305469 32.781601 -2.770129 -0.355056 -19.387251 1.608325 -2.004673 -0.771436 -0.000000 0.000000 0.000002 -2.282413 -25.705853 -33.402126 0.117067 -0.128636 68.991379 14.129202 6.878170 -4.157781 -1.351506 0.602047 -2.976027 0.000000 -0.000001 -0.000001 
-21.079039 96.703957 83.680595 -0.189575 -0.556382 1.148057 1.110078 -0.675663 0.721780 0.366321 -0.360493 -4.470982 1.030909 -2.381509 9.406833 -3.745047 3.525232 -0.860945 0.640269 3.022604 -3.522407 -0.778578 1.764256 -4.662415 0.000077 -0.000022 0.000006 0.007788 0.105565 -0.006502 0.795186 -3.634195 -10.757365 -0.780873 3.832924 -10.716683 -4.832836 -5.634512 9.911364 -53.193832 -14.530869 8.846617 -0.382596 -65.151665 1.420345 4.816803 -2.989842 -1.800743 -5.882101 9.861279 0.702590 -10.936857 -0.360575 7.156197 0.000002 8.774816 0.000001 -15.709926 18.705650 6.025393 -1.844031 2.498503 -2.507275 -10.163588 4.678939 4.621101 -20.975994 -0.000005 0.000004 -21.226246 2.451693 -3.593993 0.000000 -0.000005 -0.000001 -1.362680 2.240797 -0.746322 -21.334887 0.584907 3.008321 -13.821197 -0.000003 0.000003 -23.887131 -0.249079 -0.839480 -60.167824 2.791587 -1.057324 -0.294026 1.679686 0.833255 -14.218192 0.093214 1.300579 -34.212002 -0.287566 0.967172 -20.033176 0.964535 1.212843 -0.000000 -0.000000 -0.000000 -3.440386 0.788231 0.501654 -15.928165 -3.167306 2.999706 -6.338818 -0.000002 0.000002 -18.123413 3.648176 -4.905660 -0.000004 -0.000001 -0.000000 9.040791 10.240742 14.171477 56.261124 -12.756046 3.104510 0.278511 50.449574 0.123532 -2.930707 15.090779 -12.736210 2.243540 -5.255033 -3.180156 14.282877 -0.826592 6.952496 -0.000002 -12.690590 0.000002 16.016947 -17.958603 2.835556 1.665665 -1.955918 -2.878297 4.727793 -4.170584 4.993919 11.020510 0.000004 -0.000002 12.109033 -3.735710 -2.866779 0.000001 0.000001 0.000000 1.291984 -1.928548 -1.498088 14.800111 0.567468 3.865603 14.242553 -1.341735 -6.660650 19.631939 0.143927 -0.648243 50.199883 -0.136947 -6.121753 0.353029 -1.511148 -0.031940 20.222767 3.684308 2.316629 18.787247 0.000003 -0.000001 10.751609 -0.479867 1.397903 0.000001 0.000000 0.000000 3.273804 0.305947 -0.580110 21.486792 11.830363 2.266132 8.162916 0.000002 0.000000 18.399055 -3.798975 -4.940567 0.000003 0.000000 0.000000 1.361830 -0.730217 -9.847363 0.093152 -0.346714 29.207199 -2.473631 -0.999606 -20.395716 1.658480 -2.133364 -1.160198 0.000000 -0.000000 0.000002 0.385148 -24.557230 -39.436123 0.127362 -0.206099 58.317654 18.855087 5.185521 -3.637049 -1.506073 0.655263 -2.911775 -0.000001 -0.000000 -0.000001 
-22.084274 96.310165 89.216980 0.753165 3.764781 0.997225 0.354184 -1.226850 0.211102 0.299598 -2.657037 -4.566713 0.349419 -5.130056 9.609272 -2.682627 3.192114 0.247359 0.846514 3.421434 -3.474766 -1.378430 3.167706 -4.430512 0.000077 -0.000023 0.000006 0.012159 -0.015761 0.019211 0.808501 -3.763640 -10.750816 -0.786161 3.726393 -10.714417 -2.819673 -10.220808 9.723956 -44.228294 -17.308725 2.670183 -4.754469 -72.980392 4.933119 3.293140 -4.095749 -4.820300 -5.882100 9.861279 0.702592 -10.936859 -0.360573 7.156198 0.000001 8.774812 -0.000003 -15.055999 18.836487 6.349929 -1.844031 2.498503 -2.507276 -10.163586 4.678939 4.621106 -20.975992 -0.000003 0.000004 -21.226250 2.451694 -3.593992 0.000000 -0.000006 -0.000001 -1.362679 2.240795 -0.746324 -21.334887 0.584907 3.008320 -13.821195 0.000001 0.000002 -23.887129 -0.249080 -0.839482 -59.940208 2.913533 -1.067170 -0.294025 1.679685 0.833253 -14.218194 0.093215 1.300579 -34.211998 -0.287567 0.967169 -20.033176 0.964535 1.212840 -0.000000 0.000000 -0.000000 -3.440385 0.788233 0.501657 -15.928167 -3.167305 2.999704 -6.338814 -0.000001 0.000002 -18.123411 3.648176 -4.905661 -0.000003 0.000002 -0.000001 8.728633 5.579594 13.751522 58.181091 -16.528011 0.733556 0.110372 54.347420 -0.132434 -2.292484 14.761441 -18.266296 2.243540 -5.255033 -3.180155 14.282877 -0.826594 6.952495 -0.000003 -12.690590 0.000000 15.890985 -17.891027 3.085092 1.665665 -1.955921 -2.878296 4.727793 -4.170583 4.993918 11.020512 0.000005 -0.000001 12.109033 -3.735710 -2.866779 -0.000001 0.000000 0.000000 1.291984 -1.928549 -1.498088 14.800111 0.567469 3.865602 14.242553 -1.341735 -6.660648 19.631941 0.143926 -0.648243 50.312504 -0.137612 -5.792616 0.353029 -1.511149 -0.031940 20.222771 3.684306 2.316628 18.787247 0.000008 0.000001 10.751610 -0.479866 1.397905 0.000000 0.000002 0.000000 3.273804 0.305947 -0.580110 21.486792 11.830362 2.266130 8.162916 0.000002 -0.000000 18.399052 -3.798980 -4.940569 0.000002 -0.000001 -0.000001 1.580882 -1.690702 -5.774151 0.109164 -0.315600 27.837292 -3.270496 -2.123395 -21.253258 1.688865 -2.198404 -1.942450 0.000000 -0.000000 0.000002 -1.634127 -21.871693 -40.785469 0.413287 0.056955 42.228680 23.756407 1.854072 -1.060980 -1.649665 0.834641 -3.304034 -0.000000 -0.000000 -0.000001 
-23.418947 94.977020 95.088058 2.906868 8.839632 0.269944 -1.509939 -1.814251 0.015596 0.005685 -4.925176 -4.548991 -1.197329 -7.768544 9.920424 -0.771846 2.807513 1.951637 0.792680 3.762719 -3.534652 -1.711930 4.276837 -4.229044 0.000077 -0.000023 0.000006 0.020407 -0.115089 0.042573 0.803863 -3.867888 -10.728235 -0.766162 3.634574 -10.718438 -0.324219 -16.044342 9.827810 -32.733837 -18.528572 -7.052371 -13.428464 -78.971642 12.888165 3.077138 -5.755379 -7.669433 -5.882102 9.861278 0.702591 -10.936858 -0.360574 7.156198 0.000001 8.774814 -0.000001 -14.807294 18.826796 6.523879 -1.844033 2.498502 -2.507275 -10.163590 4.678940 4.621106 -20.975994 -0.000004 0.000002 -21.226250 2.451691 -3.593995 -0.000001 -0.000006 -0.000001 -1.362678 2.240797 -0.746324 -21.334887 0.584909 3.008319 -13.821194 -0.000004 0.000001 -23.887125 -0.249078 -0.839481 -59.648796 2.823258 -1.120539 -0.294026 1.679686 0.833255 -14.218190 0.093214 1.300578 -34.211998 -0.287564 0.967167 -20.033178 0.964535 1.212840 -0.000001 0.000001 -0.000000 -3.440385 0.788232 0.501655 -15.928165 -3.167307 2.999704 -6.338817 0.000002 0.000002 -18.123415 3.648176 -4.905661 -0.000003 0.000002 -0.000002 9.190409 0.222400 14.112881 59.615547 -20.025637 -1.911348 -0.060018 58.316925 -0.273520 -0.968432 13.116546 -23.843004 2.243540 -5.255031 -3.180157 14.282873 -0.826593 6.952494 -0.000003 -12.690591 0.000000 15.661381 -17.580826 3.151355 1.665664 -1.955918 -2.878298 4.727793 -4.170583 4.993918 11.020510 0.000004 -0.000002 12.109032 -3.735708 -2.866781 -0.000001 0.000000 0.000000 1.291985 -1.928547 -1.498089 14.800113 0.567471 3.865602 14.242554 -1.341735 -6.660651 19.631935 0.143927 -0.648244 49.758419 -0.459106 -5.638865 0.353029 -1.511149 -0.031940 20.222767 3.684309 2.316627 18.787245 0.000006 -0.000001 10.751611 -0.479869 1.397903 -0.000000 0.000002 -0.000000 3.273803 0.305946 -0.580110 21.486788 11.830365 2.266129 8.162916 0.000002 -0.000000 18.399052 -3.798979 -4.940568 0.000002 -0.000001 -0.000001 1.560501 -1.953964 -2.469848 0.047860 -0.502446 30.069374 -4.755238 -4.830000 -21.816183 1.714135 -2.156472 -3.050009 0.000000 -0.000000 0.000002 -8.647732 -17.962082 -37.537930 0.544477 0.417848 24.190802 25.352892 0.617205 -0.383253 -1.644964 0.917118 -3.438052 0.000000 -0.000000 -0.000000 
-24.974812 92.802200 100.919388 4.306166 13.894138 -0.608858 -3.162860 -2.155994 0.210685 -0.341714 -6.675433 -4.510889 -2.751228 -10.399049 10.185525 1.145445 2.406716 3.596943 0.741377 3.887393 -3.726625 -1.588740 4.815957 -3.867059 0.000077 -0.000022 0.000006 0.021822 -0.017587 0.035627 0.761581 -3.754548 -10.679235 -0.725069 3.715674 -10.722472 2.698413 -21.911350 9.699328 -20.830078 -18.998194 -18.002895 -21.777193 -82.329056 21.240763 3.423487 -6.854542 -10.241351 -5.882101 9.861278 0.702589 -10.936860 -0.360574 7.156196 -0.000001 8.774812 -0.000002 -15.240801 18.626421 6.462183 -1.844031 2.498504 -2.507277 -10.163590 4.678937 4.621102 -20.975998 -0.000003 0.000002 -21.226255 2.451693 -3.593996 0.000000 -0.000006 -0.000001 -1.362680 2.240795 -0.746322 -21.334890 0.584910 3.008319 -13.821197 -0.000003 0.000001 -23.887131 -0.249079 -0.839481 -59.902935 2.634502 -1.435578 -0.294026 1.679686 0.833257 -14.218194 0.093216 1.300579 -34.212002 -0.287561 0.967170 -20.033176 0.964536 1.212843 -0.000000 0.000001 -0.000001 -3.440384 0.788232 0.501654 -15.928167 -3.167306 2.999704 -6.338815 0.000001 -0.000000 -18.123411 3.648176 -4.905662 -0.000004 -0.000000 -0.000001 10.396641 -4.733879 14.418397 60.270802 -24.220636 -4.750276 -0.165155 61.972412 -0.134193 0.578883 11.020736 -28.792770 2.243540 -5.255031 -3.180157 14.282875 -0.826595 6.952495 -0.000003 -12.690592 0.000003 15.493153 -17.090029 2.893614 1.665665 -1.955918 -2.878295 4.727794 -4.170582 4.993919 11.020513 0.000004 -0.000001 12.109029 -3.735711 -2.866780 0.000001 0.000000 -0.000001 1.291985 -1.928546 -1.498087 14.800111 0.567465 3.865603 14.242551 -1.341733 -6.660648 19.631937 0.143925 -0.648243 49.245079 -0.611791 -5.415774 0.353028 -1.511147 -0.031941 20.222767 3.684305 2.316628 18.787245 0.000005 -0.000001 10.751610 -0.479870 1.397905 -0.000001 0.000001 -0.000000 3.273804 0.305946 -0.580110 21.486790 11.830362 2.266131 8.162916 0.000003 0.000000 18.399048 -3.798977 -4.940565 0.000003 0.000000 -0.000001 3.386274 -2.067032 -0.023815 -0.085895 -0.864558 34.271534 -5.782996 -8.888763 -23.274546 1.741205 -2.044258 -4.233774 0.000000 0.000000 0.000002 -15.729872 -12.793338 -33.997437 0.135414 0.488260 11.798957 20.450724 0.610359 -1.589745 -1.599720 0.846709 -2.925279 -0.000000 -0.000000 -0.000003 
-26.821634 90.524200 106.707047 4.197020 18.587595 -1.249286 -3.945071 -2.235580 0.519344 -0.776178 -7.801212 -4.482831 -3.606505 -12.630663 10.541327 2.783710 2.137124 4.122668 0.601272 3.345638 -3.956595 -0.912090 4.276729 -3.185826 0.000077 -0.000023 0.000006 0.026379 0.141126 -0.004071 0.715789 -3.575973 -10.660776 -0.672348 3.862240 -10.730812 5.573135 -26.957891 8.998452 -9.435706 -20.438969 -28.147991 -20.130587 -83.179039 19.615435 2.737861 -8.035397 -12.376999 -5.882100 9.861277 0.702592 -10.936859 -0.360575 7.156196 0.000000 8.774814 -0.000001 -15.803605 18.079716 6.232011 -1.844030 2.498503 -2.507276 -10.163590 4.678939 4.621106 -20.975992 -0.000004 0.000006 -21.226254 2.451693 -3.593991 -0.000001 -0.000005 -0.000002 -1.362681 2.240795 -0.746323 -21.334887 0.584906 3.008323 -13.821197 -0.000002 0.000005 -23.887125 -0.249076 -0.839477 -60.315254 2.305244 -1.705171 -0.294023 1.679686 0.833254 -14.218194 0.093214 1.300582 -34.212002 -0.287563 0.967172 -20.033180 0.964535 1.212844 0.000001 -0.000000 -0.000000 -3.440386 0.788231 0.501655 -15.928167 -3.167307 2.999707 -6.338817 -0.000002 0.000001 -18.123411 3.648178 -4.905657 -0.000004 -0.000000 -0.000003 12.342650 -8.755346 14.655618 59.954597 -28.399750 -7.296662 -0.357160 64.790306 0.073131 1.811032 9.810683 -30.525940 2.243539 -5.255034 -3.180156 14.282877 -0.826594 6.952499 -0.000001 -12.690588 0.000001 15.807704 -16.807358 2.493786 1.665666 -1.955921 -2.878297 4.727793 -4.170583 4.993920 11.020513 0.000003 -0.000001 12.109033 -3.735709 -2.866780 0.000000 -0.000001 -0.000000 1.291984 -1.928549 -1.498090 14.800109 0.567467 3.865605 14.242553 -1.341734 -6.660649 19.631941 0.143922 -0.648243 49.106735 -0.631547 -5.201616 0.353029 -1.511148 -0.031941 20.222767 3.684304 2.316630 18.787245 0.000003 -0.000002 10.751610 -0.479870 1.397905 0.000000 0.000000 -0.000000 3.273803 0.305946 -0.580110 21.486792 11.830361 2.266132 8.162916 -0.000000 0.000000 18.399054 -3.798980 -4.940566 0.000003 0.000000 -0.000001 7.188934 -3.466179 2.334841 -0.190095 -1.317595 36.551159 -6.883002 -12.394141 -25.124573 1.732566 -1.946497 -5.057409 -0.000000 0.000000 0.000002 -19.412121 -8.618744 -33.039234 -0.044008 0.476623 9.549274 13.218581 1.189900 -1.484866 -1.555608 0.736918 -2.686224 0.000000 0.000000 -0.000001 
-28.769196 88.499390 112.365517 3.827584 23.194494 -1.359369 -4.304104 -2.401948 0.654672 -1.347629 -8.405827 -4.484430 -4.551298 -14.103216 10.995872 4.231434 2.213835 3.370622 0.133115 1.785088 -4.119399 0.278683 2.820194 -2.006982 0.000077 -0.000023 0.000006 0.028446 0.282107 -0.055338 0.657362 -3.433707 -10.667809 -0.612554 4.002715 -10.763705 7.638230 -30.484997 8.268334 1.581593 -24.004784 -37.853455 -16.012135 -83.179520 15.250866 1.679054 -9.914896 -15.794992 -5.882101 9.861278 0.702592 -10.936858 -0.360576 7.156196 0.000000 8.774816 -0.000001 -16.386812 17.496748 5.933914 -1.844031 2.498503 -2.507275 -10.163589 4.678939 4.621105 -20.975996 -0.000004 0.000004 -21.226254 2.451695 -3.593992 -0.000002 -0.000006 0.000001 -1.362680 2.240796 -0.746322 -21.334890 0.584909 3.008322 -13.821197 -0.000003 0.000003 -23.887129 -0.249078 -0.839480 -60.443672 2.022403 -1.694942 -0.294024 1.679685 0.833256 -14.218192 0.093216 1.300580 -34.212006 -0.287561 0.967172 -20.033178 0.964537 1.212842 0.000001 0.000000 -0.000001 -3.440383 0.788233 0.501655 -15.928169 -3.167306 2.999705 -6.338817 -0.000001 0.000002 -18.123415 3.648177 -4.905661 -0.000003 -0.000000 -0.000002 14.730354 -11.632145 14.651658 59.701504 -32.170998 -9.858579 -0.003359 65.937241 1.062455 2.973864 10.211039 -29.722912 2.243540 -5.255033 -3.180154 14.282878 -0.826594 6.952497 -0.000003 -12.690590 -0.000001 16.514954 -16.432056 2.042643 1.665665 -1.955920 -2.878297 4.727794 -4.170584 4.993920 11.020513 0.000005 -0.000000 12.109033 -3.735707 -2.866780 0.000001 0.000001 -0.000001 1.291984 -1.928548 -1.498088 14.800113 0.567469 3.865603 14.242551 -1.341736 -6.660649 19.631939 0.143925 -0.648242 48.763245 -0.494519 -5.038032 0.353029 -1.511151 -0.031939 20.222773 3.684305 2.316629 18.787247 0.000004 0.000000 10.751610 -0.479869 1.397904 0.000000 0.000000 -0.000000 3.273804 0.305946 -0.580110 21.486795 11.830367 2.266132 8.162916 0.000001 -0.000000 18.399057 -3.798979 -4.940566 0.000002 -0.000001 -0.000002 11.458544 -5.555777 4.607508 -0.267903 -1.831463 35.940659 -8.861006 -16.081055 -25.902414 1.716843 -1.895314 -6.110547 -0.000000 0.000000 0.000002 -19.838919 -8.182907 -34.224644 0.313553 0.640258 15.741089 8.861719 2.078887 0.718623 -1.502046 0.746235 -2.992651 -0.000000 -0.000000 -0.000001 
-30.864176 87.070702 118.075165 3.435899 27.997149 -1.517926 -4.369395 -2.615741 0.762207 -1.907402 -8.742819 -4.446502 -5.606589 -14.911317 11.541512 4.752168 2.315211 2.142799 -0.584983 -0.155301 -4.097949 1.411682 0.655681 -0.934513 0.000077 -0.000023 0.000006 0.039376 0.291799 -0.095910 0.684897 -3.446579 -10.753838 -0.621129 4.034733 -10.890658 8.440050 -32.062515 7.353643 9.367787 -29.842793 -46.436520 -17.526678 -85.371063 16.936806 0.636530 -11.660496 -20.013918 -5.882101 9.861279 0.702591 -10.936859 -0.360575 7.156196 0.000001 8.774814 -0.000001 -16.662556 17.282764 5.893778 -1.844031 2.498502 -2.507275 -10.163589 4.678941 4.621105 -20.975996 -0.000003 0.000003 -21.226254 2.451692 -3.593992 0.000001 -0.000006 -0.000000 -1.362678 2.240797 -0.746323 -21.334894 0.584909 3.008320 -13.821197 -0.000002 0.000003 -23.887133 -0.249077 -0.839479 -60.377304 2.015355 -1.911887 -0.294026 1.679686 0.833255 -14.218194 0.093215 1.300580 -34.212006 -0.287561 0.967172 -20.033180 0.964536 1.212842 0.000001 -0.000000 -0.000000 -3.440385 0.788232 0.501655 -15.928167 -3.167306 2.999704 -6.338817 -0.000001 0.000002 -18.123413 3.648176 -4.905659 -0.000004 0.000001 -0.000002 16.371603 -12.886437 14.423924 60.856468 -34.682728 -13.030159 -0.322217 64.711548 0.816416 3.932530 11.478528 -28.063190 2.243539 -5.255033 -3.180156 14.282877 -0.826595 6.952496 -0.000002 -12.690591 0.000001 17.071167 -16.324390 1.722751 1.665665 -1.955920 -2.878296 4.727793 -4.170583 4.993917 11.020512 0.000003 -0.000001 12.109032 -3.735709 -2.866780 0.000000 0.000000 -0.000002 1.291984 -1.928549 -1.498086 14.800111 0.567468 3.865604 14.242553 -1.341734 -6.660648 19.631939 0.143925 -0.648243 49.197334 -0.184333 -5.184061 0.353029 -1.511148 -0.031941 20.222769 3.684304 2.316629 18.787245 0.000004 -0.000001 10.751610 -0.479870 1.397903 -0.000000 0.000002 -0.000001 3.273804 0.305946 -0.580110 21.486790 11.830360 2.266131 8.162917 -0.000000 0.000001 18.399055 -3.798979 -4.940566 0.000003 0.000000 -0.000001 16.224724 -7.557321 6.335826 -0.221707 -2.329164 34.628075 -12.274435 -20.493977 -22.925591 1.796495 -1.921659 -9.752127 0.000000 -0.000000 0.000002 -18.078239 -11.880434 -37.673409 0.738236 0.843941 28.813612 10.767265 3.260017 6.881265 -1.451364 0.901948 -2.687461 0.000000 0.000001 -0.000000 
-32.773544 86.525932 123.640022 3.957428 32.826332 -2.080812 -5.026419 -2.734855 1.204697 -2.273970 -8.568354 -4.181941 -6.790686 -15.354604 11.824085 4.494320 2.063866 1.755113 -0.935462 -1.337019 -4.008479 1.887735 -1.701261 -0.608480 0.000077 -0.000023 0.000006 0.026713 0.227557 -0.095335 0.721020 -3.502691 -10.735764 -0.684637 3.958505 -10.869748 9.892013 -31.283945 6.301348 7.911967 -37.416252 -50.755371 -149.313965 -86.660934 149.729218 -0.845158 -11.614596 -22.125364 -5.882101 9.861278 0.702590 -10.936858 -0.360576 7.156198 0.000002 8.774812 -0.000001 -16.222485 17.069389 5.867877 -1.844030 2.498502 -2.507276 -10.163589 4.678939 4.621105 -20.975996 -0.000003 0.000003 -21.226255 2.451692 -3.593993 0.000001 -0.000006 -0.000000 -1.362679 2.240796 -0.746323 -21.334890 0.584908 3.008321 -13.821197 -0.000003 0.000003 -23.887129 -0.249078 -0.839480 -60.509079 2.052849 -2.086407 -0.294023 1.679686 0.833255 -14.218194 0.093214 1.300580 -34.212002 -0.287563 0.967171 -20.033176 0.964535 1.212842 0.000002 0.000000 0.000000 -3.440386 0.788232 0.501655 -15.928169 -3.167306 2.999705 -6.338817 -0.000001 0.000001 -18.123415 3.648175 -4.905660 -0.000005 -0.000000 -0.000002 15.543597 -12.144388 14.904928 64.536308 -34.845295 -18.877039 0.476865 62.786839 0.720814 3.691784 11.885391 -27.421343 2.243538 -5.255033 -3.180153 14.282875 -0.826593 6.952496 -0.000002 -12.690591 0.000000 17.020325 -16.657097 1.870317 1.665665 -1.955920 -2.878296 4.727792 -4.170584 4.993918 11.020511 0.000004 -0.000001 12.109030 -3.735710 -2.866780 0.000000 -0.000000 0.000001 1.291986 -1.928547 -1.498090 14.800111 0.567468 3.865602 14.242553 -1.341733 -6.660647 19.631939 0.143926 -0.648242 49.673916 -0.296822 -5.348083 0.353028 -1.511151 -0.031940 20.222769 3.684308 2.316627 18.787245 0.000004 -0.000000 10.751610 -0.479866 1.397904 0.000000 0.000000 -0.000001 3.273804 0.305947 -0.580109 21.486794 11.830364 2.266130 8.162917 0.000001 -0.000001 18.399052 -3.798976 -4.940568 0.000003 -0.000001 -0.000002 19.786755 -9.093887 7.573581 -0.179657 -2.698928 34.155025 -15.508360 -23.582542 -16.803709 1.874032 -1.926739 -13.475007 0.000000 -0.000000 0.000002 -16.959864 -17.571203 -39.031563 1.073132 0.687288 40.697094 11.252147 5.226025 6.197291 -1.422389 0.873938 -0.788395 -0.000000 -0.000000 -0.000001 
-34.479187 86.753502 128.201813 4.449010 38.100468 -2.337326 -5.468361 -2.721042 1.825642 -2.212523 -8.043739 -4.015621 -7.736470 -15.152135 11.744899 3.897460 1.714023 1.319150 -1.285172 -3.340276 -3.889252 1.672083 -4.866032 0.014997 0.000077 -0.000023 0.000006 0.030702 0.284360 -0.097703 0.763653 -3.419371 -10.647364 -0.720225 3.998360 -10.776223 11.073478 -28.798176 5.653306 -5.543941 -44.219963 -43.566513 -169.839203 -75.622757 172.255920 -2.889468 -11.215820 -20.651323 -5.882102 9.861278 0.702591 -10.936860 -0.360574 7.156198 0.000001 8.774814 -0.000000 -15.767384 17.591623 6.341678 -1.844032 2.498502 -2.507275 -10.163589 4.678941 4.621105 -20.975996 -0.000004 0.000004 -21.226254 2.451692 -3.593992 0.000002 -0.000006 -0.000000 -1.362683 2.240797 -0.746323 -21.334892 0.584908 3.008321 -13.821197 -0.000003 0.000003 -23.887131 -0.249077 -0.839479 -60.914452 2.309416 -2.353967 -0.294023 1.679686 0.833255 -14.218194 0.093214 1.300580 -34.212002 -0.287563 0.967172 -20.033180 0.964536 1.212843 0.000001 -0.000000 0.000000 -3.440384 0.788233 0.501655 -15.928167 -3.167307 2.999704 -6.338818 -0.000001 0.000002 -18.123415 3.648176 -4.905660 -0.000004 0.000000 -0.000002 14.125773 -10.692411 14.734446 67.348640 -32.357536 -28.003326 1.883880 62.974785 1.293613 -0.199687 11.342072 -28.074402 2.243537 -5.255031 -3.180155 14.282877 -0.826591 6.952496 -0.000003 -12.690591 0.000000 16.506628 -16.837437 2.090297 1.665665 -1.955920 -2.878297 4.727793 -4.170584 4.993920 11.020513 0.000003 0.000001 12.109032 -3.735709 -2.866779 0.000000 0.000000 0.000001 1.291982 -1.928547 -1.498089 14.800111 0.567468 3.865604 14.242553 -1.341735 -6.660648 19.631935 0.143926 -0.648243 49.084476 -0.615864 -5.883487 0.353028 -1.511150 -0.031941 20.222771 3.684309 2.316628 18.787247 0.000005 -0.000000 10.751611 -0.479867 1.397905 -0.000000 0.000002 0.000001 3.273803 0.305946 -0.580111 21.486792 11.830365 2.266132 8.162916 0.000002 0.000000 18.399048 -3.798976 -4.940566 0.000003 0.000001 -0.000001 22.605354 -9.869061 5.534019 -0.253937 -3.027210 36.767052 -16.699898 -23.172762 -10.921220 1.863055 -1.905472 -13.121796 0.000000 0.000001 0.000003 -16.424511 -23.494259 -37.788544 1.292578 0.663096 47.721298 9.580573 5.691056 0.385519 -1.412604 0.831183 0.168655 0.000000 0.000000 -0.000001 
-36.034718 87.626976 132.137115 4.345735 43.269352 -2.023661 -5.104068 -2.655478 2.285751 -2.075140 -7.033598 -3.861335 -7.922943 -14.473385 11.250506 3.544806 1.539966 0.183173 -2.272587 -5.818512 -3.790855 1.252939 -8.333816 0.974902 0.000077 -0.000023 0.000006 0.040774 0.203228 -0.083297 0.775221 -3.448763 -10.542138 -0.715588 3.879806 -10.668883 10.577578 -25.617008 5.734565 -24.828426 -43.603138 -25.475452 -172.888351 -66.755798 174.804672 -4.424354 -10.528941 -14.172507 -5.882102 9.861279 0.702590 -10.936859 -0.360575 7.156197 0.000000 8.774813 -0.000001 -15.453712 17.711023 6.733469 -1.844030 2.498503 -2.507276 -10.163589 4.678939 4.621103 -20.975996 -0.000003 0.000002 -21.226255 2.451694 -3.593994 0.000001 -0.000005 0.000002 -1.362682 2.240797 -0.746323 -21.334890 0.584909 3.008320 -13.821197 -0.000002 0.000002 -23.887129 -0.249078 -0.839481 -61.668205 2.292003 -2.337610 -0.294027 1.679686 0.833256 -14.218194 0.093215 1.300579 -34.212006 -0.287563 0.967168 -20.033184 0.964535 1.212842 0.000001 -0.000000 -0.000000 -3.440385 0.788233 0.501655 -15.928169 -3.167305 2.999703 -6.338817 -0.000001 0.000000 -18.123415 3.648177 -4.905662 -0.000004 -0.000000 -0.000002 12.666074 -8.035146 13.032025 66.811699 -29.163095 -40.239407 3.304534 68.019432 2.258383 -6.554745 9.652057 -28.793234 2.243539 -5.255032 -3.180155 14.282877 -0.826595 6.952496 -0.000001 -12.690591 0.000000 16.408247 -16.815664 1.762838 1.665665 -1.955921 -2.878296 4.727795 -4.170582 4.993919 11.020513 0.000003 -0.000001 12.109035 -3.735712 -2.866780 -0.000000 -0.000001 0.000000 1.291985 -1.928548 -1.498087 14.800117 0.567468 3.865603 14.242554 -1.341737 -6.660648 19.631939 0.143923 -0.648244 48.970905 -0.578771 -6.200610 0.353028 -1.511147 -0.031941 20.222773 3.684306 2.316629 18.787245 0.000003 0.000000 10.751611 -0.479868 1.397904 0.000000 0.000000 0.000000 3.273806 0.305946 -0.580110 21.486790 11.830362 2.266132 8.162917 0.000002 -0.000000 18.399052 -3.798980 -4.940568 0.000003 -0.000001 -0.000001 24.419432 -8.196862 -0.551241 -0.492891 -2.937724 42.676090 -14.569310 -18.925819 -8.980604 1.827697 -1.968992 -7.595638 0.000001 -0.000000 0.000003 -15.290487 -29.175062 -35.568180 1.058357 0.540748 50.193832 7.600574 4.559102 -3.652210 -1.369841 0.744103 0.704171 -0.000000 -0.000001 -0.000001 
-37.370228 88.714043 135.455109 3.549776 48.289715 -1.807990 -4.159163 -2.331475 2.612341 -1.852010 -6.139425 -3.570644 -7.349828 -12.987884 10.483376 3.175964 1.084142 -1.384200 -3.531524 -8.076275 -3.435982 0.763299 -12.342257 1.841383 0.000077 -0.000023 0.000006 0.065202 0.261703 -0.074401 0.846109 -3.347891 -10.556886 -0.726052 3.901887 -10.672886 7.448863 -23.024239 7.260987 -36.409843 -34.498756 -7.859739 -176.457336 -65.991928 177.662140 -3.297629 -10.702535 -4.229852 -5.882099 9.861278 0.702589 -10.936858 -0.360576 7.156197 0.000001 8.774810 -0.000001 -15.041310 17.482309 7.168623 -1.844032 2.498503 -2.507275 -10.163589 4.678937 4.621104 -20.975992 -0.000004 0.000004 -21.226250 2.451692 -3.593991 -0.000001 -0.000005 -0.000002 -1.362681 2.240797 -0.746322 -21.334887 0.584907 3.008321 -13.821194 -0.000002 0.000002 -23.887125 -0.249079 -0.839480 -61.801079 2.118164 -2.117186 -0.294025 1.679684 0.833254 -14.218192 0.093215 1.300580 -34.211998 -0.287564 0.967173 -20.033175 0.964535 1.212844 0.000001 0.000000 -0.000001 -3.440384 0.788231 0.501655 -15.928165 -3.167307 2.999704 -6.338814 0.000000 0.000001 -18.123411 3.648175 -4.905661 -0.000004 -0.000000 -0.000003 11.427917 -4.617767 10.253192 59.173176 -26.147285 -51.750500 4.385330 74.111008 3.642404 -13.667400 6.477504 -28.683258 2.243539 -5.255032 -3.180155 14.282875 -0.826593 6.952497 -0.000004 -12.690590 0.000001 16.187019 -16.543880 1.496701 1.665665 -1.955920 -2.878297 4.727794 -4.170582 4.993919 11.020512 0.000004 -0.000001 12.109033 -3.735708 -2.866781 -0.000000 0.000001 -0.000000 1.291981 -1.928548 -1.498088 14.800109 0.567468 3.865603 14.242554 -1.341732 -6.660649 19.631939 0.143925 -0.648243 48.308899 -0.529896 -6.412166 0.353028 -1.511149 -0.031939 20.222769 3.684308 2.316628 18.787245 0.000006 0.000000 10.751610 -0.479867 1.397905 0.000000 0.000000 0.000001 3.273805 0.305948 -0.580111 21.486792 11.830367 2.266132 8.162916 0.000002 0.000002 18.399054 -3.798978 -4.940565 0.000003 0.000000 -0.000001 24.016743 -4.149232 -8.898734 -0.757443 -2.214146 48.662773 -13.207160 -15.047707 -10.153759 1.779102 -1.972234 -4.279626 0.000000 0.000000 0.000001 -13.770225 -33.062626 -33.278976 0.559632 0.458438 50.689438 6.433138 2.671458 -6.257579 -1.362583 0.807055 1.245218 -0.000000 0.000001 -0.000001 
-38.484070 89.861961 138.350143 2.282510 52.503185 -1.851247 -2.881297 -1.907485 2.285642 -1.386694 -4.905442 -3.406110 -6.634441 -11.186600 9.798293 2.485098 1.181956 -2.326528 -4.771570 -10.334955 -2.839327 0.216569 -16.271292 2.909896 0.000077 -0.000022 0.000006 0.075266 0.297869 -0.119746 0.911176 -3.322037 -10.681589 -0.768892 3.949551 -10.753248 2.530768 -20.193439 9.261229 -37.442635 -24.124886 3.202006 179.793335 -75.901337 -179.154663 -0.664683 -13.468796 4.692482 -5.882102 9.861278 0.702590 -10.936860 -0.360576 7.156197 0.000001 8.774815 -0.000000 -14.856612 17.633345 7.271447 -1.844030 2.498502 -2.507277 -10.163589 4.678941 4.621102 -20.975992 -0.000004 0.000003 -21.226250 2.451694 -3.593992 0.000000 -0.000005 0.000000 -1.362681 2.240799 -0.746324 -21.334892 0.584909 3.008320 -13.821197 -0.000001 0.000004 -23.887131 -0.249077 -0.839481 -60.820652 1.830685 -1.485472 -0.294025 1.679688 0.833255 -14.218194 0.093212 1.300580 -34.212006 -0.287563 0.967171 -20.033178 0.964535 1.212840 0.000000 -0.000000 -0.000001 -3.440386 0.788232 0.501655 -15.928167 -3.167308 2.999706 -6.338817 -0.000002 0.000003 -18.123413 3.648175 -4.905660 -0.000004 0.000002 -0.000003 9.700152 -0.447890 8.046197 44.812347 -23.755001 -58.449074 2.662178 76.971710 2.865590 -18.535559 1.612234 -21.099115 2.243538 -5.255033 -3.180155 14.282873 -0.826591 6.952495 -0.000002 -12.690590 -0.000001 15.161520 -15.769941 1.205033 1.665664 -1.955919 -2.878296 4.727790 -4.170585 4.993919 11.020509 0.000003 -0.000002 12.109028 -3.735708 -2.866780 0.000001 -0.000000 0.000001 1.291984 -1.928547 -1.498090 14.800107 0.567469 3.865606 14.242550 -1.341733 -6.660648 19.631933 0.143928 -0.648242 45.839066 -0.583766 -6.476994 0.353027 -1.511148 -0.031940 20.222763 3.684308 2.316626 18.787243 0.000005 0.000001 10.751609 -0.479867 1.397905 -0.000000 -0.000000 0.000000 3.273803 0.305946 -0.580111 21.486790 11.830366 2.266130 8.162914 0.000003 0.000001 18.399046 -3.798978 -4.940566 0.000003 -0.000000 -0.000001 20.532925 2.173488 -17.495571 -0.808117 -1.364289 53.103672 -14.397956 -12.358198 -10.233717 1.755009 -1.980612 -2.879989 0.000000 -0.000000 0.000002 -11.770628 -34.968102 -31.042000 0.122898 0.452299 49.462471 6.198818 -0.852800 -8.535882 -1.390252 0.972411 1.757167 0.000000 0.000000 -0.000001 
-39.299770 91.148567 140.958679 0.525294 55.478386 -2.687053 -1.087885 -1.361644 1.555452 -0.957237 -3.774504 -3.522584 -5.880096 -9.344810 9.170916 1.175205 1.964477 -1.716022 -6.024426 -12.070144 -2.194545 -0.026888 -19.443308 4.285116 0.000077 -0.000022 0.000006 0.073967 0.355058 -0.239082 0.892449 -3.289349 -10.846458 -0.765792 4.029899 -10.844639 -1.963547 -16.773241 11.009665 -32.596119 -15.131114 9.204178 -0.575870 -88.192024 1.735031 0.619797 -11.443616 9.508018 -5.882102 9.861278 0.702589 -10.936858 -0.360575 7.156196 -0.000000 8.774813 -0.000001 -14.904466 17.780458 6.320608 -1.844031 2.498502 -2.507277 -10.163589 4.678941 4.621106 -20.975996 -0.000003 0.000002 -21.226254 2.451694 -3.593994 0.000000 -0.000007 -0.000001 -1.362680 2.240797 -0.746321 -21.334896 0.584910 3.008319 -13.821197 -0.000002 0.000003 -23.887136 -0.249080 -0.839482 -59.084560 1.768645 -0.912258 -0.294025 1.679686 0.833255 -14.218194 0.093215 1.300578 -34.212002 -0.287562 0.967166 -20.033178 0.964534 1.212839 -0.000002 0.000000 0.000000 -3.440386 0.788233 0.501655 -15.928169 -3.167305 2.999703 -6.338818 -0.000001 -0.000000 -18.123415 3.648177 -4.905662 -0.000004 0.000000 -0.000003 6.114498 4.329565 6.228425 26.268023 -22.895964 -54.468796 2.711025 78.141907 5.163577 -18.108961 -1.419707 1.962101 2.243540 -5.255034 -3.180154 14.282875 -0.826594 6.952494 0.000000 -12.690590 -0.000000 15.673484 -14.836971 0.295077 1.665666 -1.955921 -2.878296 4.727795 -4.170583 4.993918 11.020512 0.000002 -0.000003 12.109031 -3.735710 -2.866780 0.000001 0.000001 -0.000000 1.291985 -1.928548 -1.498088 14.800113 0.567467 3.865601 14.242554 -1.341735 -6.660648 19.631939 0.143925 -0.648246 44.282051 -0.558034 -7.123688 0.353028 -1.511150 -0.031942 20.222767 3.684304 2.316627 18.787243 0.000005 -0.000003 10.751610 -0.479868 1.397903 -0.000000 -0.000000 0.000000 3.273803 0.305946 -0.580110 21.486790 11.830362 2.266128 8.162916 0.000002 -0.000001 18.399054 -3.798979 -4.940570 0.000003 -0.000000 -0.000000 14.343861 9.616763 -25.289988 -0.757734 -0.697388 55.495186 -15.197445 -8.930787 -6.880485 1.747580 -2.025292 -2.764902 0.000000 -0.000000 0.000001 -9.576393 -35.606182 -28.380404 -0.111255 0.438810 46.791931 6.887733 -4.871583 -10.108863 -1.417031 1.061920 1.875955 0.000000 0.000000 -0.000001 
-40.015160 92.472656 142.977173 -1.647972 55.103718 -4.818432 0.845936 -0.622151 1.494607 -0.664845 -2.414141 -3.916712 -4.636164 -6.991011 8.799583 -0.181531 2.267135 -0.229089 -6.823510 -12.386217 -1.873017 -0.121947 -21.181383 5.768763 0.000077 -0.000023 0.000006 0.045587 0.371575 -0.283208 0.797893 -3.304661 -10.889574 -0.721163 4.071214 -10.805396 -4.787623 -13.315333 11.533116 -26.285265 -6.461236 13.397382 -6.264506 -77.826225 8.325698 -3.347537 -5.246911 15.324558 -5.882098 9.861277 0.702589 -10.936858 -0.360575 7.156197 -0.000000 8.774814 -0.000002 -14.840969 17.327032 6.183053 -1.844030 2.498502 -2.507277 -10.163589 4.678939 4.621105 -20.975996 -0.000005 0.000003 -21.226254 2.451693 -3.593992 0.000000 -0.000006 -0.000000 -1.362680 2.240796 -0.746323 -21.334892 0.584907 3.008322 -13.821197 -0.000002 0.000002 -23.887135 -0.249077 -0.839479 -58.076283 2.025176 -0.715040 -0.294024 1.679687 0.833255 -14.218192 0.093214 1.300579 -34.211998 -0.287565 0.967169 -20.033180 0.964535 1.212841 0.000000 -0.000000 -0.000000 -3.440386 0.788233 0.501655 -15.928167 -3.167305 2.999702 -6.338818 -0.000001 0.000002 -18.123415 3.648176 -4.905659 -0.000005 0.000001 -0.000003 0.349195 9.668992 3.861543 7.621016 -19.595617 -37.204716 -2.741578 82.049782 -1.105816 -5.965492 -1.305558 23.186060 2.243539 -5.255033 -3.180155 14.282875 -0.826593 6.952497 -0.000001 -12.690590 -0.000000 17.717196 -14.752848 0.263481 1.665663 -1.955921 -2.878296 4.727795 -4.170584 4.993920 11.020510 0.000002 -0.000000 12.109031 -3.735711 -2.866779 -0.000000 -0.000000 -0.000000 1.291983 -1.928548 -1.498088 14.800113 0.567467 3.865604 14.242553 -1.341735 -6.660648 19.631935 0.143925 -0.648242 49.136211 -0.477558 -6.630765 0.353027 -1.511148 -0.031939 20.222765 3.684305 2.316629 18.787245 0.000003 0.000000 10.751610 -0.479869 1.397905 -0.000000 0.000000 -0.000000 3.273805 0.305948 -0.580110 21.486790 11.830365 2.266133 8.162916 0.000002 -0.000001 18.399050 -3.798981 -4.940565 0.000004 0.000000 -0.000001 8.950736 16.011003 -31.686865 -0.725825 -0.211532 58.055744 -11.306222 -6.292994 -1.518302 1.720940 -1.873844 -3.174010 -0.000000 0.000000 0.000002 -7.100736 -34.833130 -25.496788 -0.040686 0.432590 42.976379 7.168745 -6.274055 -10.191930 -1.424924 1.000178 1.571963 -0.000000 -0.000000 -0.000001 
-40.425812 93.552109 144.335403 -2.858762 51.871128 -6.602363 2.439750 0.224226 2.149825 -0.318069 -0.511457 -4.004643 -3.415710 -3.970163 8.784866 -1.358121 2.157012 0.829538 -6.997957 -12.873146 -1.891203 -0.409015 -21.925299 6.641328 0.000077 -0.000023 0.000006 0.013373 0.333400 -0.246070 0.761246 -3.332464 -10.844713 -0.750479 4.026048 -10.693913 -5.378295 -9.396609 12.166357 -22.817858 0.529221 15.766229 -8.431157 -79.735435 9.705070 -9.468337 -4.900165 20.913004 -5.882103 9.861278 0.702590 -10.936857 -0.360574 7.156195 0.000003 8.774814 0.000000 -15.628340 17.300203 5.923955 -1.844031 2.498502 -2.507276 -10.163588 4.678939 4.621104 -20.975994 -0.000004 0.000003 -21.226254 2.451693 -3.593990 0.000000 -0.000006 -0.000001 -1.362680 2.240798 -0.746323 -21.334894 0.584910 3.008319 -13.821197 -0.000003 0.000001 -23.887133 -0.249079 -0.839482 -58.938019 2.211077 -0.776460 -0.294025 1.679685 0.833254 -14.218195 0.093215 1.300578 -34.212006 -0.287563 0.967168 -20.033178 0.964536 1.212843 0.000000 0.000001 0.000001 -3.440386 0.788233 0.501655 -15.928167 -3.167306 2.999701 -6.338817 -0.000000 0.000001 -18.123411 3.648176 -4.905660 -0.000005 0.000000 -0.000000 -7.761541 15.803976 1.056130 -4.174080 -9.902239 -26.393770 48.613384 84.908104 45.916294 9.051266 -0.265149 26.405251 2.243541 -5.255033 -3.180156 14.282878 -0.826592 6.952493 -0.000003 -12.690592 -0.000001 16.854641 -14.426065 0.357221 1.665666 -1.955922 -2.878299 4.727792 -4.170582 4.993919 11.020509 0.000006 -0.000002 12.109030 -3.735708 -2.866780 0.000000 0.000001 0.000000 1.291983 -1.928549 -1.498090 14.800111 0.567469 3.865603 14.242553 -1.341734 -6.660647 19.631939 0.143926 -0.648242 49.460930 -0.248507 -6.216874 0.353027 -1.511149 -0.031940 20.222767 3.684310 2.316631 18.787245 0.000005 0.000001 10.751610 -0.479868 1.397903 0.000001 -0.000003 -0.000001 3.273805 0.305949 -0.580110 21.486788 11.830366 2.266132 8.162915 0.000002 0.000001 18.399050 -3.798978 -4.940567 0.000003 0.000001 -0.000002 6.945219 19.061405 -37.123924 -0.552328 0.128981 62.050751 -6.590099 -3.692096 1.107767 1.706162 -1.771932 -2.809401 -0.000000 -0.000002 0.000003 -5.195230 -32.648052 -23.026192 -0.005851 0.322315 39.387188 6.960791 -5.785062 -9.200108 -1.439207 0.931309 1.563049 0.000000 0.000000 -0.000001 
-40.851368 94.758743 145.670670 -1.986525 48.239975 -6.350240 3.366603 1.093299 2.913792 -0.072620 1.742840 -3.701375 -3.031771 -1.014612 9.108475 -2.103588 2.311389 1.480615 -7.197481 -14.089583 -1.992552 -0.807043 -23.068579 6.551692 0.000077 -0.000023 0.000006 0.008795 0.276722 -0.220322 0.754143 -3.371590 -10.732314 -0.760276 3.925560 -10.580310 -5.044518 -5.204937 11.946694 -22.195534 5.479667 16.522903 -26.253315 -88.109474 26.735050 -14.819869 -6.913160 25.845428 -5.882098 9.861279 0.702590 -10.936858 -0.360575 7.156199 0.000001 8.774813 -0.000002 -16.235033 17.440346 5.940267 -1.844031 2.498503 -2.507277 -10.163590 4.678941 4.621104 -20.975992 -0.000004 -0.000000 -21.226250 2.451691 -3.593996 0.000000 -0.000006 -0.000002 -1.362677 2.240796 -0.746323 -21.334887 0.584907 3.008320 -13.821194 -0.000004 0.000002 -23.887123 -0.249080 -0.839480 -60.003250 2.276964 -0.843192 -0.294026 1.679688 0.833256 -14.218189 0.093214 1.300578 -34.211998 -0.287564 0.967169 -20.033176 0.964534 1.212842 0.000001 0.000002 0.000002 -3.440387 0.788233 0.501658 -15.928164 -3.167306 2.999701 -6.338814 -0.000001 0.000001 -18.123411 3.648176 -4.905660 -0.000004 0.000000 -0.000002 -17.020109 21.775528 -2.687454 -7.367157 1.123768 -21.581984 113.758446 82.579308 110.828865 18.435499 0.660782 21.088003 2.243540 -5.255033 -3.180153 14.282878 -0.826593 6.952497 -0.000002 -12.690591 -0.000001 15.955797 -15.783801 0.845964 1.665666 -1.955920 -2.878296 4.727794 -4.170584 4.993920 11.020512 0.000002 -0.000002 12.109035 -3.735711 -2.866779 0.000001 0.000000 -0.000001 1.291984 -1.928548 -1.498087 14.800114 0.567467 3.865603 14.242551 -1.341733 -6.660649 19.631939 0.143929 -0.648243 48.200573 0.177415 -6.870947 0.353029 -1.511150 -0.031941 20.222771 3.684307 2.316628 18.787247 0.000006 -0.000002 10.751611 -0.479865 1.397902 -0.000001 0.000001 -0.000000 3.273805 0.305947 -0.580110 21.486795 11.830363 2.266131 8.162917 0.000004 -0.000001 18.399054 -3.798977 -4.940568 0.000002 0.000000 -0.000001 7.113842 19.611437 -41.477001 -0.418021 0.241087 66.209435 -5.068412 -1.983792 -0.119129 1.727205 -1.812032 -1.966072 -0.000000 0.000000 0.000002 -4.337677 -30.744226 -21.006990 0.017620 0.244885 35.658848 6.394908 -4.404698 -7.826211 -1.463698 0.948442 1.309153 0.000000 0.000000 -0.000001 
-41.397152 96.270363 146.731339 -0.028773 45.936687 -4.817775 3.636155 1.972279 3.796108 0.115905 3.804422 -3.253361 -3.310845 1.506200 9.813105 -2.686882 3.042308 1.823007 -7.418170 -16.951735 -1.824284 -0.804506 -24.746008 5.956099 0.000078 -0.000024 0.000006 0.025370 0.084842 -0.211433 0.784037 -3.553997 -10.719129 -0.751854 3.716333 -10.600863 -4.618731 -1.404520 11.409989 -24.847778 7.944255 14.811058 -178.931458 -82.986610 179.778107 -18.973076 -7.215904 31.338215 -5.882102 9.861279 0.702589 -10.936860 -0.360574 7.156198 0.000001 8.774814 -0.000002 -16.415297 17.070805 6.074631 -1.844032 2.498503 -2.507275 -10.163591 4.678939 4.621105 -20.975998 -0.000002 0.000001 -21.226255 2.451694 -3.593996 0.000000 -0.000006 -0.000000 -1.362682 2.240798 -0.746324 -21.334894 0.584910 3.008321 -13.821197 -0.000003 -0.000001 -23.887131 -0.249078 -0.839484 -60.150646 2.500055 -0.878687 -0.294026 1.679686 0.833254 -14.218192 0.093215 1.300578 -34.212006 -0.287562 0.967165 -20.033180 0.964534 1.212840 -0.000000 0.000000 -0.000000 -3.440388 0.788233 0.501656 -15.928171 -3.167306 2.999706 -6.338817 -0.000000 0.000001 -18.123415 3.648177 -4.905663 -0.000005 0.000000 -0.000000 -24.560217 26.338745 -6.721316 -2.821431 10.962255 -20.362213 159.884323 76.061340 158.494934 21.307249 1.977373 12.444906 2.243539 -5.255033 -3.180155 14.282879 -0.826592 6.952497 -0.000003 -12.690588 0.000001 16.941965 -17.724285 1.951608 1.665664 -1.955919 -2.878296 4.727794 -4.170582 4.993919 11.020513 0.000004 0.000000 12.109031 -3.735711 -2.866780 -0.000001 0.000000 -0.000002 1.291983 -1.928548 -1.498086 14.800114 0.567468 3.865603 14.242554 -1.341734 -6.660647 19.631939 0.143927 -0.648241 50.313000 -0.060503 -7.228485 0.353029 -1.511149 -0.031939 20.222771 3.684306 2.316628 18.787247 0.000006 0.000001 10.751610 -0.479867 1.397903 0.000000 0.000000 -0.000001 3.273805 0.305948 -0.580110 21.486795 11.830366 2.266132 8.162918 0.000002 -0.000002 18.399054 -3.798980 -4.940565 0.000004 0.000000 -0.000001 7.338809 19.948326 -45.769135 -0.393701 0.190741 69.972412 -6.405959 -2.943931 -0.193682 1.704632 -1.825621 -1.492468 0.000000 0.000000 0.000001 -4.429310 -29.906036 -19.242027 0.112241 0.331594 31.420191 5.956930 -3.046517 -5.296646 -1.455685 0.992963 0.950097 -0.000000 0.000000 -0.000001 
-42.032726 97.647575 147.633392 2.065426 45.921555 -2.853230 3.305692 2.719878 4.784565 0.156777 5.317375 -2.745029 -3.274043 3.493628 10.649739 -3.075765 3.557734 2.218575 -7.650784 -20.051119 -1.374768 -0.303987 -27.233492 4.487690 0.000077 -0.000023 0.000006 0.043991 -0.127715 -0.196184 0.812269 -3.780690 -10.799410 -0.746217 3.540610 -10.731454 -3.720418 1.781428 10.475486 -29.801849 8.189488 12.565317 -179.488739 -75.607483 -179.703613 -22.663034 -4.740263 38.481308 -5.882102 9.861276 0.702592 -10.936858 -0.360576 7.156198 0.000003 8.774813 -0.000001 -16.464893 16.492325 6.064489 -1.844031 2.498504 -2.507276 -10.163589 4.678942 4.621105 -20.975996 -0.000002 0.000004 -21.226254 2.451694 -3.593992 0.000000 -0.000006 -0.000000 -1.362679 2.240798 -0.746323 -21.334885 0.584909 3.008319 -13.821195 -0.000003 0.000002 -23.887131 -0.249078 -0.839480 -59.652416 2.782167 -0.703309 -0.294023 1.679686 0.833255 -14.218194 0.093215 1.300580 -34.211998 -0.287561 0.967171 -20.033180 0.964536 1.212843 -0.000001 0.000001 -0.000001 -3.440384 0.788232 0.501656 -15.928169 -3.167305 2.999705 -6.338816 -0.000002 0.000002 -18.123413 3.648177 -4.905661 -0.000005 0.000000 -0.000001 -29.273804 29.780928 -9.634061 6.061027 19.621649 -20.041965 176.014511 67.509087 175.507141 18.722240 1.615599 2.445471 2.243539 -5.255032 -3.180156 14.282878 -0.826594 6.952499 -0.000001 -12.690590 0.000000 16.448029 -17.944460 3.489048 1.665664 -1.955920 -2.878296 4.727796 -4.170581 4.993920 11.020513 0.000003 0.000000 12.109032 -3.735712 -2.866779 0.000002 -0.000001 -0.000000 1.291985 -1.928550 -1.498088 14.800113 0.567466 3.865605 14.242551 -1.341737 -6.660645 19.631939 0.143922 -0.648242 50.908543 -0.382931 -7.117793 0.353028 -1.511151 -0.031939 20.222769 3.684304 2.316631 18.787245 0.000003 0.000001 10.751611 -0.479870 1.397905 -0.000000 0.000001 -0.000001 3.273805 0.305946 -0.580110 21.486792 11.830362 2.266134 8.162916 0.000001 0.000000 18.399054 -3.798980 -4.940566 0.000003 0.000000 0.000000 6.617681 20.670345 -51.759441 -0.402592 0.107740 74.550407 -8.295573 -5.817790 1.798459 1.648376 -1.818014 -1.410065 -0.000000 -0.000001 0.000001 -5.094790 -31.200493 -17.793831 0.230957 0.239991 27.765593 5.726896 -1.504128 -2.739735 -1.438468 0.912538 0.741928 0.000000 0.000000 -0.000001 
-42.662354 98.469292 148.245621 4.733556 48.347504 0.004316 2.572954 3.250125 5.764556 0.114141 6.347631 -2.247628 -2.817346 4.975609 11.657458 -3.070297 3.583364 2.604142 -8.002504 -22.690880 -0.969997 0.413351 -30.365845 2.736429 0.000077 -0.000023 0.000006 0.051475 -0.201308 -0.166957 0.800875 -3.892011 -10.896221 -0.708868 3.502203 -10.857319 -2.941222 4.397146 9.355629 -35.680161 6.276131 11.213362 -178.828339 -69.725342 179.281937 -26.047695 -0.498619 42.529659 -5.882103 9.861277 0.702589 -10.936859 -0.360576 7.156196 0.000001 8.774815 -0.000002 -16.367573 16.082449 5.872795 -1.844031 2.498503 -2.507276 -10.163589 4.678937 4.621104 -20.975994 -0.000005 -0.000001 -21.226255 2.451692 -3.593994 0.000000 -0.000006 -0.000000 -1.362680 2.240796 -0.746322 -21.334892 0.584907 3.008318 -13.821197 -0.000005 0.000001 -23.887135 -0.249080 -0.839482 -58.851482 2.732923 -0.376979 -0.294024 1.679686 0.833256 -14.218195 0.093215 1.300580 -34.212006 -0.287565 0.967169 -20.033180 0.964534 1.212840 0.000000 -0.000000 0.000000 -3.440386 0.788233 0.501655 -15.928169 -3.167308 2.999702 -6.338818 -0.000003 0.000000 -18.123415 3.648174 -4.905662 -0.000004 0.000000 0.000000 -31.595692 32.438934 -10.882048 17.468069 27.959040 -17.581306 -178.472855 62.420807 -176.988098 15.220135 -1.355857 -2.458951 2.243539 -5.255033 -3.180155 14.282875 -0.826593 6.952497 -0.000002 -12.690591 0.000002 15.136906 -17.553246 4.234634 1.665664 -1.955918 -2.878296 4.727794 -4.170584 4.993919 11.020511 0.000001 0.000001 12.109030 -3.735709 -2.866777 0.000002 0.000000 0.000000 1.291983 -1.928548 -1.498088 14.800111 0.567468 3.865605 14.242551 -1.341735 -6.660647 19.631929 0.143927 -0.648240 49.614708 -0.703600 -6.928880 0.353029 -1.511149 -0.031940 20.222767 3.684305 2.316630 18.787243 0.000004 0.000002 10.751610 -0.479868 1.397905 -0.000001 0.000001 0.000001 3.273805 0.305947 -0.580110 21.486788 11.830361 2.266132 8.162916 0.000002 0.000001 18.399048 -3.798980 -4.940565 0.000002 0.000000 -0.000003 4.113236 21.475758 -60.551891 -0.416169 0.048135 80.857254 -10.085749 -9.217903 3.199734 1.579843 -1.833706 -1.146675 0.000000 -0.000001 0.000001 -6.387585 -34.977467 -17.233711 0.360573 0.143561 25.627855 5.749249 0.327083 -1.800394 -1.419142 0.831110 0.886608 -0.000000 -0.000000 -0.000001 
-43.174244 98.721771 148.712784 8.838943 52.176582 4.492321 1.644573 3.479185 6.605772 0.000579 7.146294 -1.695559 -2.315206 5.872069 12.575023 -3.079961 3.163528 2.784459 -8.208500 -24.257799 -0.710325 1.274443 -33.418694 0.907424 0.000077 -0.000023 0.000006 0.040110 -0.115888 -0.159904 0.755300 -3.819720 -10.908584 -0.678976 3.600093 -10.900909 -2.805993 6.641440 8.307391 -40.804359 1.991480 11.360414 -178.261963 -64.341919 178.308044 -28.140524 2.410106 39.573669 -5.882101 9.861281 0.702589 -10.936860 -0.360575 7.156198 0.000000 8.774813 0.000000 -16.061720 16.454414 5.964377 -1.844030 2.498503 -2.507275 -10.163589 4.678940 4.621102 -20.975996 -0.000005 0.000002 -21.226250 2.451693 -3.593995 0.000000 -0.000006 0.000001 -1.362682 2.240799 -0.746325 -21.334885 0.584908 3.008317 -13.821194 -0.000004 0.000001 -23.887131 -0.249081 -0.839480 -58.139359 2.657010 -0.272920 -0.294025 1.679686 0.833255 -14.218192 0.093214 1.300576 -34.211998 -0.287567 0.967167 -20.033178 0.964532 1.212843 -0.000000 0.000000 0.000001 -3.440384 0.788233 0.501655 -15.928165 -3.167308 2.999702 -6.338815 -0.000001 -0.000003 -18.123413 3.648175 -4.905663 -0.000004 0.000001 -0.000003 -32.465015 34.400082 -11.107835 29.000366 34.239662 -13.366592 -175.853622 58.356094 -173.344360 11.609301 -4.324939 -1.309763 2.243540 -5.255032 -3.180155 14.282873 -0.826593 6.952495 -0.000003 -12.690590 0.000001 14.500880 -16.944405 4.079033 1.665664 -1.955919 -2.878296 4.727792 -4.170584 4.993918 11.020508 0.000003 -0.000002 12.109029 -3.735709 -2.866781 -0.000001 -0.000000 -0.000001 1.291985 -1.928548 -1.498088 14.800109 0.567469 3.865603 14.242551 -1.341735 -6.660650 19.631933 0.143928 -0.648243 49.323147 -0.930102 -6.562439 0.353028 -1.511150 -0.031940 20.222765 3.684305 2.316626 18.787241 0.000006 -0.000002 10.751608 -0.479868 1.397903 -0.000001 -0.000000 -0.000000 3.273804 0.305945 -0.580111 21.486786 11.830359 2.266128 8.162912 0.000002 -0.000001 18.399046 -3.798978 -4.940566 0.000002 0.000000 -0.000002 -0.403677 21.695461 -71.339203 -0.422343 0.090410 88.254410 -11.796741 -12.550612 3.157578 1.544284 -1.814240 -1.037797 -0.000000 0.000000 0.000002 -8.404385 -39.486298 -18.560968 0.424312 0.136833 26.985022 5.956827 1.462649 -2.425387 -1.414056 0.729261 1.253899 0.000000 -0.000000 -0.000001 
-43.517666 98.579399 148.821915 14.919405 56.250980 10.707101 0.764354 3.508254 7.327206 -0.172809 7.619313 -1.091559 -2.144265 6.257071 13.217701 -2.812802 2.335929 2.939199 -8.600690 -24.799706 -0.486456 1.883603 -36.525539 -0.184075 0.000077 -0.000023 0.000006 0.040431 0.104561 -0.165648 0.733885 -3.578045 -10.826362 -0.665069 3.804227 -10.829356 -3.342303 8.087003 6.981427 -44.863220 -4.447354 12.915072 -177.057587 -57.954330 177.424484 -30.021873 2.565158 29.680258 -5.882100 9.861279 0.702591 -10.936859 -0.360573 7.156196 0.000001 8.774814 -0.000001 -15.420454 17.064529 6.094956 -1.844030 2.498503 -2.507274 -10.163589 4.678943 4.621105 -20.975992 -0.000001 0.000002 -21.226254 2.451696 -3.593995 0.000000 -0.000004 -0.000001 -1.362679 2.240795 -0.746323 -21.334887 0.584909 3.008320 -13.821197 -0.000001 0.000000 -23.887129 -0.249078 -0.839480 -57.949657 2.690456 -0.475104 -0.294024 1.679688 0.833256 -14.218190 0.093216 1.300579 -34.211998 -0.287561 0.967169 -20.033176 0.964537 1.212840 0.000000 0.000000 0.000001 -3.440384 0.788231 0.501657 -15.928165 -3.167305 2.999701 -6.338817 0.000001 0.000002 -18.123415 3.648176 -4.905663 -0.000005 -0.000000 -0.000004 -32.624382 35.631802 -11.020715 38.012474 39.277641 -9.884813 -176.506363 55.010937 -174.295303 7.474295 -5.492944 2.021693 2.243540 -5.255031 -3.180155 14.282875 -0.826594 6.952496 -0.000002 -12.690586 0.000001 14.652889 -16.369871 3.446660 1.665665 -1.955919 -2.878297 4.727793 -4.170582 4.993918 11.020512 0.000003 -0.000001 12.109032 -3.735708 -2.866780 -0.000000 0.000000 -0.000000 1.291985 -1.928548 -1.498089 14.800113 0.567467 3.865602 14.242554 -1.341734 -6.660650 19.631939 0.143926 -0.648244 49.465744 -0.975855 -6.027796 0.353028 -1.511149 -0.031940 20.222767 3.684304 2.316626 18.787245 0.000004 -0.000001 10.751610 -0.479868 1.397903 -0.000001 -0.000000 0.000000 3.273803 0.305947 -0.580111 21.486786 11.830359 2.266128 8.162914 0.000001 -0.000001 18.399052 -3.798979 -4.940566 0.000003 0.000000 -0.000001 -5.655970 20.425734 -81.837181 -0.381230 0.119691 96.136879 -11.800555 -14.464105 1.206980 1.534791 -1.869362 -1.293392 0.000001 0.000001 0.000002 -11.565959 -42.419559 -20.654305 0.327201 0.115946 30.655899 6.194961 0.337303 -3.736033 -1.422179 0.660105 1.498882 -0.000000 -0.000000 -0.000001 
-43.636059 98.086823 148.676712 22.188696 59.789494 17.409578 -0.031158 3.286386 7.770415 -0.266746 7.594975 -0.519790 -2.472233 5.803297 13.606389 -2.024547 1.554933 3.435244 -9.034879 -24.970613 -0.103766 2.239831 -38.564674 -0.102142 0.000077 -0.000023 0.000005 0.025333 0.299515 -0.192249 0.691759 -3.374460 -10.784162 -0.651937 3.985171 -10.779581 -3.613096 8.099434 5.787042 -48.559994 -12.246884 15.487506 -175.215851 -50.684261 176.757523 -32.345238 1.059548 17.695580 -5.882103 9.861279 0.702589 -10.936858 -0.360576 7.156198 -0.000000 8.774813 -0.000000 -14.556538 17.109417 5.905693 -1.844031 2.498501 -2.507277 -10.163589 4.678941 4.621103 -20.975994 -0.000002 0.000000 -21.226255 2.451694 -3.593996 0.000001 -0.000006 -0.000002 -1.362680 2.240798 -0.746323 -21.334890 0.584909 3.008318 -13.821194 -0.000003 0.000002 -23.887129 -0.249078 -0.839484 -57.644901 2.726851 -0.654530 -0.294025 1.679685 0.833254 -14.218194 0.093216 1.300578 -34.212002 -0.287561 0.967166 -20.033180 0.964537 1.212840 0.000000 0.000001 0.000001 -3.440386 0.788232 0.501655 -15.928165 -3.167306 2.999703 -6.338817 -0.000002 0.000001 -18.123415 3.648175 -4.905663 -0.000004 0.000002 -0.000003 -33.382767 35.628914 -11.190454 42.910900 44.450188 -7.211547 -179.228897 55.676941 -176.580368 5.535501 -5.380927 4.638910 2.243541 -5.255033 -3.180155 14.282877 -0.826594 6.952497 -0.000002 -12.690590 -0.000001 14.878309 -16.251392 3.016971 1.665664 -1.955920 -2.878297 4.727794 -4.170582 4.993918 11.020511 0.000003 -0.000002 12.109032 -3.735709 -2.866781 0.000000 -0.000000 0.000000 1.291984 -1.928548 -1.498088 14.800111 0.567468 3.865603 14.242553 -1.341734 -6.660649 19.631939 0.143926 -0.648244 49.750004 -0.816037 -5.630275 0.353027 -1.511149 -0.031940 20.222769 3.684306 2.316628 18.787245 0.000005 -0.000001 10.751609 -0.479867 1.397904 0.000000 0.000001 0.000000 3.273804 0.305947 -0.580111 21.486788 11.830361 2.266131 8.162916 0.000000 -0.000000 18.399050 -3.798978 -4.940567 0.000003 -0.000001 -0.000001 -8.968968 18.321833 -88.942207 -0.344085 0.095169 103.446037 -10.089578 -14.180182 -2.117591 1.540175 -1.942818 -1.335253 0.000000 0.000001 0.000001 -15.973959 -42.828396 -21.332666 0.259632 0.101987 34.574471 6.784065 -2.828716 -5.647444 -1.416782 0.645248 1.892378 0.000000 0.000000 -0.000001 
-43.484741 97.374374 148.563507 27.922745 62.527264 22.170485 -0.593130 2.946764 7.765566 -0.279660 7.112083 -0.195900 -3.079603 4.512621 13.611322 -0.447126 1.051767 4.265834 -9.172984 -25.574419 0.273263 2.254371 -39.059803 0.771203 0.000079 -0.000023 0.000006 0.036445 0.340329 -0.225352 0.668908 -3.320127 -10.830551 -0.621743 4.031728 -10.802540 -2.790680 6.109108 4.770757 -52.239983 -20.558569 18.488523 -174.633545 -43.641109 177.153061 -34.508266 -0.859794 8.522213 -5.882102 9.861278 0.702590 -10.936858 -0.360573 7.156199 0.000001 8.774814 -0.000001 -14.033090 16.803244 5.553576 -1.844031 2.498503 -2.507275 -10.163591 4.678941 4.621105 -20.975996 -0.000002 0.000002 -21.226254 2.451692 -3.593993 0.000000 -0.000006 -0.000001 -1.362680 2.240797 -0.746322 -21.334890 0.584911 3.008321 -13.821197 -0.000000 0.000002 -23.887131 -0.249077 -0.839483 -56.961502 2.697909 -0.777202 -0.294025 1.679686 0.833256 -14.218190 0.093215 1.300580 -34.211998 -0.287559 0.967170 -20.033180 0.964538 1.212841 0.000000 0.000000 0.000000 -3.440386 0.788233 0.501657 -15.928169 -3.167304 2.999705 -6.338815 -0.000000 0.000001 -18.123415 3.648176 -4.905662 -0.000005 0.000003 -0.000001 -34.204556 34.144024 -11.888756 44.699627 48.769058 -4.866920 177.135254 60.010639 -179.279877 6.553852 -5.930387 6.651976 2.243540 -5.255032 -3.180156 14.282877 -0.826594 6.952495 -0.000003 -12.690590 0.000000 14.769264 -16.309528 2.741311 1.665667 -1.955920 -2.878296 4.727793 -4.170582 4.993918 11.020512 0.000003 -0.000001 12.109033 -3.735709 -2.866779 -0.000000 0.000000 -0.000001 1.291984 -1.928548 -1.498088 14.800113 0.567467 3.865602 14.242554 -1.341733 -6.660648 19.631939 0.143926 -0.648244 50.054539 -0.750105 -5.480618 0.353028 -1.511149 -0.031940 20.222769 3.684304 2.316627 18.787247 0.000004 -0.000001 10.751614 -0.479868 1.397903 -0.000001 -0.000000 -0.000000 3.273806 0.305946 -0.580111 21.486790 11.830360 2.266130 8.162917 0.000002 -0.000001 18.399054 -3.798978 -4.940567 0.000002 -0.000000 -0.000001 -8.357383 16.958170 -91.803482 -0.391499 -0.031155 109.943474 -7.354415 -11.980401 -6.994296 1.559118 -2.018812 -0.928667 0.000000 -0.000001 0.000002 -19.757507 -41.239311 -20.491413 0.236871 0.214361 37.792465 8.095329 -6.695764 -7.906471 -1.426974 0.681715 2.391342 0.000000 -0.000001 -0.000001 
-43.000206 96.610435 148.395569 31.048645 64.471428 24.327517 -1.200550 2.504089 7.446783 -0.414818 6.428247 -0.227379 -3.881008 2.726719 13.170810 1.633307 0.661421 4.515550 -9.216944 -26.329514 0.536593 1.865180 -38.544357 1.961069 0.000079 -0.000022 0.000006 0.042513 0.335115 -0.227624 0.687636 -3.337015 -10.873002 -0.620560 4.018611 -10.815224 -1.305645 2.536515 3.689407 -54.433533 -28.317074 18.422258 -175.467072 -37.644119 177.643799 -33.964622 -3.357908 1.634794 -5.882101 9.861278 0.702590 -10.936859 -0.360574 7.156199 0.000001 8.774812 -0.000002 -13.822859 16.847309 5.574301 -1.844031 2.498503 -2.507275 -10.163589 4.678940 4.621105 -20.975996 -0.000003 0.000002 -21.226255 2.451693 -3.593993 0.000000 -0.000007 -0.000000 -1.362680 2.240796 -0.746323 -21.334890 0.584908 3.008318 -13.821197 -0.000003 0.000002 -23.887129 -0.249078 -0.839481 -56.618176 2.616056 -0.918838 -0.294024 1.679686 0.833254 -14.218194 0.093215 1.300580 -34.212002 -0.287562 0.967169 -20.033180 0.964535 1.212841 0.000000 0.000002 0.000000 -3.440385 0.788233 0.501653 -15.928167 -3.167306 2.999701 -6.338817 -0.000000 -0.000000 -18.123413 3.648176 -4.905661 -0.000004 -0.000001 -0.000002 -34.129478 31.646494 -12.454733 45.078732 51.250366 -3.016922 174.108215 63.405148 178.049606 8.179194 -4.997897 7.108589 2.243539 -5.255033 -3.180156 14.282873 -0.826593 6.952495 -0.000002 -12.690592 -0.000000 13.968065 -16.343321 2.678762 1.665665 -1.955920 -2.878296 4.727792 -4.170584 4.993918 11.020511 0.000002 -0.000001 12.109029 -3.735711 -2.866780 -0.000000 0.000000 -0.000000 1.291984 -1.928548 -1.498088 14.800111 0.567468 3.865604 14.242551 -1.341736 -6.660649 19.631929 0.143924 -0.648242 49.766998 -0.724750 -5.710302 0.353028 -1.511150 -0.031940 20.222767 3.684306 2.316628 18.787243 0.000003 0.000000 10.751610 -0.479868 1.397904 -0.000001 0.000000 0.000000 3.273803 0.305947 -0.580110 21.486786 11.830362 2.266132 8.162916 0.000001 0.000001 18.399050 -3.798981 -4.940567 0.000002 -0.000001 -0.000001 -4.840124 17.109453 -90.885780 -0.527571 -0.173648 114.685921 -4.941384 -9.071729 -11.609788 1.578540 -2.099932 -0.483694 0.000000 0.000000 0.000002 -22.111177 -38.457409 -19.201632 0.223510 0.340450 40.174236 9.893044 -10.601277 -10.178803 -1.450949 0.807014 2.546461 -0.000000 -0.000000 -0.000001 
-42.154011 95.973877 148.072815 32.033295 65.762146 24.769491 -1.858499 2.168692 6.937906 -0.727418 5.567412 -0.616854 -4.884171 0.854708 12.351398 3.969559 0.221671 3.938248 -9.472650 -27.046413 0.648362 0.838013 -37.448318 3.177590 0.000077 -0.000022 0.000006 0.065390 0.239222 -0.218867 0.746342 -3.433902 -10.968594 -0.636087 3.937141 -10.873813 0.150182 -1.690153 2.420175 -53.758865 -33.699272 13.297306 -177.700333 -33.668480 178.168060 -30.521545 -6.958812 -3.871361 -5.882102 9.861281 0.702590 -10.936862 -0.360574 7.156197 0.000001 8.774815 -0.000002 -13.828165 16.976976 5.940405 -1.844031 2.498503 -2.507275 -10.163591 4.678940 4.621104 -20.976000 -0.000003 0.000002 -21.226261 2.451693 -3.593995 0.000001 -0.000006 -0.000000 -1.362681 2.240797 -0.746322 -21.334896 0.584910 3.008321 -13.821197 -0.000002 0.000003 -23.887135 -0.249078 -0.839482 -56.948837 2.457230 -1.064733 -0.294024 1.679686 0.833256 -14.218194 0.093214 1.300580 -34.212013 -0.287564 0.967168 -20.033186 0.964534 1.212840 0.000000 0.000002 0.000002 -3.440386 0.788233 0.501655 -15.928173 -3.167307 2.999702 -6.338817 -0.000002 0.000003 -18.123415 3.648175 -4.905662 -0.000006 0.000001 -0.000001 -32.771290 28.664288 -12.333932 45.073277 51.484737 -1.808511 173.830246 63.302731 177.931763 9.753622 -1.592083 4.997272 2.243540 -5.255033 -3.180156 14.282877 -0.826593 6.952496 -0.000003 -12.690590 -0.000000 13.668070 -16.601120 2.717508 1.665665 -1.955920 -2.878297 4.727793 -4.170582 4.993918 11.020513 0.000003 -0.000002 12.109033 -3.735709 -2.866780 0.000000 -0.000000 -0.000000 1.291984 -1.928548 -1.498088 14.800113 0.567469 3.865602 14.242554 -1.341734 -6.660649 19.631939 0.143926 -0.648243 49.635155 -0.875223 -6.064853 0.353028 -1.511149 -0.031940 20.222771 3.684308 2.316628 18.787247 0.000005 -0.000000 10.751610 -0.479868 1.397904 -0.000002 -0.000000 0.000000 3.273805 0.305947 -0.580110 21.486795 11.830365 2.266131 8.162917 0.000001 -0.000000 18.399057 -3.798978 -4.940569 0.000001 -0.000000 -0.000001 -0.060883 17.999195 -86.763260 -0.662478 -0.234924 117.045082 -3.999826 -6.805474 -14.357553 1.591945 -2.134052 -0.391370 0.000000 0.000000 0.000002 -23.225397 -35.292507 -18.253456 0.263740 0.487578 41.798435 11.718804 -14.233274 -11.966270 -1.483553 0.913933 2.267766 -0.000000 -0.000000 -0.000001 
-40.819630 95.412460 147.520432 30.445652 66.213493 23.017925 -2.395145 1.810308 6.146819 -1.059082 4.570670 -1.186620 -5.984022 -0.755406 11.294074 6.097068 -0.366602 2.786500 -9.827996 -27.188860 0.600001 -0.630877 -35.971752 4.000342 0.000077 -0.000023 0.000006 0.089334 0.109801 -0.201604 0.818730 -3.566955 -11.085431 -0.673862 3.817693 -10.964698 0.557775 -5.700470 1.360358 -49.922359 -36.254700 3.970407 179.733154 -32.496563 178.409164 -25.823858 -10.476320 -7.034614 -5.882102 9.861278 0.702590 -10.936859 -0.360574 7.156199 -0.000000 8.774812 -0.000001 -14.075119 17.066910 6.301900 -1.844031 2.498502 -2.507275 -10.163589 4.678939 4.621106 -20.975994 -0.000003 0.000004 -21.226254 2.451696 -3.593993 -0.000001 -0.000007 0.000001 -1.362681 2.240798 -0.746324 -21.334890 0.584911 3.008322 -13.821194 -0.000000 0.000003 -23.887131 -0.249075 -0.839480 -57.509655 2.422286 -1.202387 -0.294026 1.679687 0.833256 -14.218194 0.093213 1.300582 -34.212006 -0.287560 0.967174 -20.033180 0.964540 1.212844 -0.000000 0.000002 -0.000002 -3.440385 0.788233 0.501655 -15.928167 -3.167305 2.999705 -6.338817 0.000001 0.000001 -18.123413 3.648177 -4.905660 -0.000004 0.000001 -0.000001 -29.697435 25.233994 -11.106682 44.580036 49.463085 -1.848934 174.091873 60.916679 178.291214 11.564239 2.898879 0.958760 2.243540 -5.255033 -3.180155 14.282875 -0.826593 6.952497 -0.000002 -12.690592 -0.000001 13.816175 -17.169346 2.794872 1.665664 -1.955920 -2.878296 4.727793 -4.170584 4.993918 11.020511 0.000003 -0.000000 12.109032 -3.735710 -2.866779 0.000000 0.000000 0.000000 1.291984 -1.928548 -1.498088 14.800109 0.567468 3.865604 14.242551 -1.341735 -6.660648 19.631941 0.143925 -0.648242 49.835918 -0.964176 -6.521275 0.353028 -1.511150 -0.031939 20.222765 3.684307 2.316629 18.787241 0.000004 0.000001 10.751611 -0.479869 1.397905 -0.000001 -0.000000 -0.000000 3.273804 0.305947 -0.580110 21.486790 11.830364 2.266134 8.162915 0.000000 0.000001 18.399052 -3.798980 -4.940567 0.000003 0.000000 -0.000001 5.725611 18.688049 -78.828445 -0.875136 -0.235897 116.995148 -3.774971 -5.596439 -15.512790 1.603218 -2.099017 -0.585000 -0.000000 0.000000 0.000001 -23.437450 -31.877663 -17.559740 0.292283 0.556056 42.641174 13.328454 -17.149876 -13.434146 -1.507379 1.005554 1.943394 0.000000 -0.000001 -0.000001 
-38.748665 95.002327 146.623688 26.036726 65.342232 18.663486 -2.649406 1.431611 4.859984 -1.270172 3.493709 -1.781430 -6.832765 -1.755604 10.126677 7.263764 -0.954749 1.874426 -9.843585 -26.501707 0.315392 -2.275080 -33.719501 4.350604 0.000077 -0.000023 0.000006 0.099152 0.006559 -0.201764 0.872284 -3.669513 -11.179070 -0.686798 3.706100 -11.044175 0.027739 -8.541592 0.890354 -45.120377 -36.720852 -5.524161 177.455399 -33.574512 178.617081 -22.435778 -12.587436 -8.852463 -5.882102 9.861278 0.702589 -10.936859 -0.360575 7.156197 0.000000 8.774813 -0.000001 -14.507521 17.237825 6.580784 -1.844032 2.498503 -2.507275 -10.163590 4.678939 4.621104 -20.975994 -0.000001 0.000002 -21.226255 2.451691 -3.593993 0.000000 -0.000005 -0.000000 -1.362680 2.240798 -0.746324 -21.334892 0.584910 3.008320 -13.821197 -0.000002 0.000002 -23.887131 -0.249074 -0.839484 -58.010643 2.553198 -1.145220 -0.294025 1.679684 0.833255 -14.218194 0.093213 1.300578 -34.212006 -0.287565 0.967167 -20.033180 0.964534 1.212840 0.000001 0.000003 -0.000001 -3.440386 0.788232 0.501654 -15.928165 -3.167309 2.999703 -6.338817 0.000000 0.000001 -18.123415 3.648175 -4.905663 -0.000004 -0.000000 -0.000002 -25.194456 21.837969 -8.770304 43.970440 44.941772 -2.718850 174.257370 58.789791 178.047119 13.339105 6.017035 -1.864762 2.243540 -5.255033 -3.180155 14.282875 -0.826593 6.952496 -0.000002 -12.690590 -0.000000 14.408206 -17.698132 2.755424 1.665665 -1.955920 -2.878298 4.727793 -4.170583 4.993920 11.020512 0.000003 -0.000002 12.109031 -3.735710 -2.866780 -0.000001 0.000000 0.000000 1.291985 -1.928548 -1.498088 14.800113 0.567467 3.865604 14.242553 -1.341735 -6.660651 19.631941 0.143927 -0.648244 50.334663 -0.846261 -6.898898 0.353029 -1.511149 -0.031940 20.222765 3.684307 2.316628 18.787243 0.000005 -0.000001 10.751610 -0.479868 1.397904 -0.000001 0.000000 0.000000 3.273803 0.305946 -0.580110 21.486786 11.830362 2.266130 8.162916 0.000002 -0.000000 18.399050 -3.798979 -4.940567 0.000003 0.000000 -0.000001 12.429887 18.276516 -66.631538 -1.123027 -0.187019 113.729286 -3.236490 -5.055755 -15.593632 1.590983 -1.986245 -0.840583 0.000001 0.000000 0.000001 -23.234251 -28.622549 -16.830900 0.389493 0.593607 42.574993 14.601876 -18.580540 -13.993690 -1.528234 1.065740 1.705150 0.000000 0.000000 -0.000001 
-36.099541 94.673584 145.391373 20.035250 62.839355 12.807109 -2.528733 1.048074 3.235196 -1.372648 2.564932 -2.379148 -7.115758 -2.143618 8.916077 7.053640 -1.278895 1.546831 -9.463047 -24.859619 -0.075417 -3.573385 -30.999044 4.565826 0.000077 -0.000022 0.000006 0.087934 -0.004757 -0.205127 0.890381 -3.674496 -11.205461 -0.732728 3.689247 -11.091505 -0.656426 -9.765678 0.617638 -41.563210 -36.423340 -12.911434 175.972458 -35.750992 178.772797 -20.587915 -13.498034 -10.565224 -5.882101 9.861279 0.702589 -10.936859 -0.360574 7.156197 0.000001 8.774813 -0.000002 -14.827443 17.367056 6.793525 -1.844032 2.498503 -2.507275 -10.163588 4.678942 4.621105 -20.975992 -0.000007 0.000002 -21.226254 2.451690 -3.593994 -0.000000 -0.000006 0.000000 -1.362678 2.240797 -0.746324 -21.334892 0.584905 3.008322 -13.821195 -0.000003 0.000003 -23.887125 -0.249078 -0.839479 -58.268948 2.624715 -0.884515 -0.294024 1.679686 0.833255 -14.218190 0.093215 1.300580 -34.212002 -0.287564 0.967171 -20.033180 0.964535 1.212843 -0.000000 -0.000001 0.000000 -3.440387 0.788232 0.501655 -15.928167 -3.167308 2.999706 -6.338817 0.000000 0.000002 -18.123411 3.648175 -4.905659 -0.000004 -0.000000 -0.000002 -19.887779 19.035784 -5.913589 43.189724 37.732613 -4.084277 175.241913 58.279938 177.811920 13.897898 6.931272 -2.055105 2.243540 -5.255030 -3.180155 14.282877 -0.826594 6.952495 -0.000003 -12.690591 0.000001 15.061544 -17.928988 2.822803 1.665665 -1.955920 -2.878296 4.727794 -4.170583 4.993920 11.020513 0.000005 -0.000001 12.109033 -3.735708 -2.866780 0.000000 0.000001 0.000000 1.291984 -1.928548 -1.498088 14.800114 0.567468 3.865604 14.242554 -1.341735 -6.660650 19.631937 0.143927 -0.648242 51.024162 -0.513135 -6.895320 0.353028 -1.511150 -0.031940 20.222767 3.684303 2.316627 18.787245 0.000006 -0.000001 10.751610 -0.479867 1.397904 -0.000001 0.000000 -0.000001 3.273804 0.305946 -0.580111 21.486794 11.830360 2.266130 8.162916 0.000001 -0.000001 18.399055 -3.798979 -4.940567 0.000003 0.000000 -0.000002 18.280233 16.322947 -51.997650 -1.310207 -0.211456 106.124809 -2.662146 -4.214944 -14.464105 1.543137 -1.857635 -1.029837 -0.000001 0.000000 0.000003 -22.908211 -25.716866 -16.368458 0.534358 0.553849 42.138729 15.503847 -18.000757 -13.228897 -1.541132 1.091415 1.499934 0.000000 -0.000001 -0.000001 
-33.182030 94.213219 144.056381 14.146406 59.033047 6.969330 -2.107689 0.717720 1.711213 -1.343557 1.878449 -2.960224 -6.786433 -2.209094 7.742174 5.805310 -1.216196 1.742595 -8.995943 -22.397776 -0.566987 -4.355658 -28.244205 5.153667 0.000078 -0.000022 0.000006 0.080622 0.061360 -0.204895 0.923348 -3.620526 -11.207091 -0.771842 3.765035 -11.136392 -1.004579 -9.911222 0.374251 -39.735092 -36.775661 -17.974943 175.331894 -38.140663 179.033813 -19.249897 -13.630075 -12.868010 -5.882104 9.861276 0.702589 -10.936861 -0.360575 7.156198 0.000001 8.774809 -0.000001 -14.957393 17.484589 6.926851 -1.844032 2.498502 -2.507275 -10.163589 4.678940 4.621105 -20.975996 -0.000003 0.000004 -21.226255 2.451694 -3.593991 0.000000 -0.000006 -0.000000 -1.362680 2.240797 -0.746322 -21.334894 0.584909 3.008322 -13.821197 -0.000001 0.000004 -23.887131 -0.249075 -0.839480 -58.552505 2.603169 -0.649962 -0.294025 1.679685 0.833255 -14.218195 0.093214 1.300580 -34.212002 -0.287565 0.967171 -20.033180 0.964535 1.212842 -0.000001 0.000002 -0.000000 -3.440386 0.788234 0.501655 -15.928171 -3.167307 2.999705 -6.338816 0.000000 0.000003 -18.123413 3.648176 -4.905658 -0.000004 0.000001 -0.000002 -14.519392 16.851265 -3.106341 42.593544 29.016907 -5.973975 177.105942 59.067719 178.309158 11.306599 5.968614 -1.655662 2.243540 -5.255032 -3.180156 14.282878 -0.826593 6.952496 -0.000001 -12.690584 0.000000 15.704677 -17.743937 2.978040 1.665666 -1.955917 -2.878296 4.727794 -4.170584 4.993919 11.020510 0.000003 -0.000001 12.109033 -3.735710 -2.866780 -0.000001 0.000001 -0.000000 1.291985 -1.928547 -1.498088 14.800113 0.567465 3.865602 14.242553 -1.341731 -6.660650 19.631939 0.143926 -0.648246 51.516350 -0.022154 -6.469013 0.353028 -1.511151 -0.031940 20.222767 3.684301 2.316627 18.787249 0.000004 0.000000 10.751610 -0.479868 1.397904 0.000000 -0.000001 0.000000 3.273803 0.305944 -0.580110 21.486788 11.830358 2.266129 8.162916 0.000003 -0.000000 18.399050 -3.798980 -4.940567 0.000003 0.000002 -0.000001 21.807693 12.635449 -37.009197 -1.333086 -0.475005 94.087112 -3.174914 -2.620015 -12.145891 1.530144 -1.787519 -1.202216 0.000001 -0.000000 0.000003 -22.505186 -23.000793 -16.366518 0.651680 0.464530 42.107002 16.445023 -15.915180 -11.681285 -1.538428 1.075683 1.362885 0.000000 0.000000 -0.000001 
-30.475870 93.330727 142.506409 9.384307 54.496849 2.043477 -1.570572 0.498214 0.517264 -1.216028 1.424745 -3.416189 -6.132781 -2.286930 6.849609 4.170801 -0.735931 2.145968 -8.366948 -19.545460 -1.111477 -4.451588 -25.288469 5.488509 0.000077 -0.000023 0.000006 0.076254 0.136026 -0.180866 0.959155 -3.554577 -11.156409 -0.811596 3.855088 -11.142452 -1.046757 -9.690629 0.487412 -38.105549 -38.757008 -21.474829 175.066895 -40.585194 179.606628 -17.869291 -12.997809 -15.596569 -5.882105 9.861278 0.702590 -10.936861 -0.360573 7.156198 0.000002 8.774811 0.000000 -15.067506 17.546440 6.993934 -1.844033 2.498501 -2.507274 -10.163589 4.678940 4.621106 -20.975998 -0.000001 0.000003 -21.226255 2.451694 -3.593993 -0.000001 -0.000004 -0.000001 -1.362681 2.240796 -0.746323 -21.334894 0.584909 3.008320 -13.821197 -0.000004 0.000003 -23.887133 -0.249077 -0.839480 -58.839363 2.591309 -0.569689 -0.294025 1.679686 0.833256 -14.218192 0.093215 1.300580 -34.211998 -0.287563 0.967170 -20.033180 0.964537 1.212842 0.000000 0.000000 -0.000001 -3.440385 0.788232 0.501655 -15.928169 -3.167305 2.999705 -6.338818 -0.000001 0.000001 -18.123415 3.648179 -4.905661 -0.000004 -0.000001 -0.000002 -10.407362 15.022797 -0.889169 43.733257 20.169102 -8.586866 178.650848 60.808064 178.770523 5.783484 4.281434 -3.666579 2.243541 -5.255032 -3.180156 14.282877 -0.826594 6.952494 -0.000001 -12.690588 0.000001 16.389099 -17.404852 2.757889 1.665666 -1.955919 -2.878297 4.727794 -4.170583 4.993920 11.020513 0.000004 -0.000001 12.109034 -3.735708 -2.866779 -0.000000 0.000000 0.000001 1.291986 -1.928549 -1.498089 14.800111 0.567467 3.865602 14.242554 -1.341732 -6.660649 19.631941 0.143925 -0.648245 51.011642 0.321696 -6.095873 0.353029 -1.511149 -0.031941 20.222771 3.684307 2.316624 18.787249 0.000006 -0.000002 10.751613 -0.479866 1.397903 0.000000 0.000000 -0.000000 3.273804 0.305948 -0.580110 21.486790 11.830359 2.266130 8.162916 0.000000 -0.000001 18.399052 -3.798977 -4.940569 0.000003 -0.000001 -0.000001 22.793337 7.405173 -22.757704 -1.041829 -0.896645 78.988762 -5.214500 -0.557420 -9.694527 1.591173 -1.825897 -1.411960 0.000000 0.000001 0.000001 -22.057457 -20.139490 -17.148266 0.698217 0.440477 42.911152 17.716974 -13.355376 -10.370344 -1.521930 0.985516 1.395753 0.000000 0.000000 -0.000001 
-28.021830 91.923393 140.539429 5.794824 49.876675 -1.749342 -1.145991 0.276350 -0.262089 -1.039069 1.006726 -3.721160 -5.564387 -2.617200 6.397062 2.566626 0.036694 2.469732 -7.415194 -16.501215 -1.646003 -3.458988 -22.091400 5.079542 0.000077 -0.000023 0.000006 0.077136 0.188596 -0.137058 0.949225 -3.511847 -11.039297 -0.806958 3.912611 -11.088682 -1.421706 -9.426824 1.540311 -34.385925 -43.065529 -24.555967 175.023499 -43.664715 -179.384903 -16.355026 -11.723392 -18.623114 -5.882098 9.861279 0.702589 -10.936858 -0.360576 7.156196 0.000001 8.774815 -0.000002 -15.146836 17.604681 6.938217 -1.844029 2.498504 -2.507275 -10.163589 4.678941 4.621102 -20.975994 -0.000005 0.000003 -21.226254 2.451695 -3.593995 0.000001 -0.000006 -0.000001 -1.362681 2.240797 -0.746323 -21.334887 0.584908 3.008319 -13.821197 -0.000003 0.000002 -23.887131 -0.249077 -0.839482 -59.143341 2.660056 -0.779952 -0.294026 1.679687 0.833255 -14.218192 0.093214 1.300578 -34.212002 -0.287564 0.967168 -20.033180 0.964534 1.212842 -0.000001 0.000001 0.000000 -3.440384 0.788234 0.501656 -15.928167 -3.167307 2.999703 -6.338816 -0.000001 0.000002 -18.123411 3.648175 -4.905663 -0.000004 -0.000002 -0.000002 -7.902145 13.280024 0.732156 47.630146 11.751821 -11.408329 178.650711 63.779121 177.893356 -2.504337 1.132711 -11.328456 2.243541 -5.255033 -3.180156 14.282877 -0.826594 6.952495 -0.000001 -12.690588 -0.000001 16.754944 -17.087772 2.247083 1.665664 -1.955918 -2.878294 4.727796 -4.170583 4.993916 11.020512 0.000002 -0.000002 12.109033 -3.735710 -2.866780 0.000000 0.000000 0.000001 1.291984 -1.928548 -1.498089 14.800113 0.567468 3.865601 14.242553 -1.341737 -6.660648 19.631939 0.143925 -0.648244 50.302006 0.311430 -5.958696 0.353029 -1.511149 -0.031938 20.222767 3.684305 2.316627 18.787247 0.000004 -0.000003 10.751610 -0.479869 1.397902 0.000001 -0.000001 -0.000000 3.273804 0.305946 -0.580112 21.486790 11.830361 2.266130 8.162917 0.000003 -0.000001 18.399054 -3.798981 -4.940570 0.000002 -0.000002 -0.000000 21.249844 0.885844 -10.101698 -0.507363 -1.420256 62.525879 -7.685479 2.310410 -6.545434 1.742847 -1.958877 -2.503499 -0.000001 -0.000000 0.000002 -21.746790 -17.171238 -18.857388 0.804345 0.566132 44.611706 19.268238 -11.375725 -9.464186 -1.498838 0.962845 1.618456 0.000000 0.000000 -0.000001 
-26.183558 90.451424 137.760086 3.267475 46.116852 -3.948186 -1.079965 0.007673 -0.713003 -0.889334 0.328364 -3.952116 -5.350510 -2.977625 6.391305 1.297446 0.465847 2.535909 -6.210108 -12.974801 -2.120595 -1.303348 -19.215925 4.286256 0.000077 -0.000022 0.000006 0.071941 0.190377 -0.121641 0.885851 -3.486637 -10.819472 -0.755460 3.893236 -10.889212 -2.518052 -9.604971 3.235446 -27.524164 -48.398357 -28.028498 175.680878 -47.356308 -178.536591 -15.829437 -10.323030 -20.008591 -5.882098 9.861278 0.702590 -10.936858 -0.360576 7.156196 0.000001 8.774812 -0.000003 -15.445352 17.682434 6.606690 -1.844031 2.498501 -2.507276 -10.163589 4.678939 4.621104 -20.975996 -0.000003 0.000003 -21.226254 2.451694 -3.593992 0.000001 -0.000005 -0.000000 -1.362680 2.240797 -0.746322 -21.334887 0.584907 3.008320 -13.821195 -0.000003 0.000003 -23.887131 -0.249077 -0.839480 -59.352757 2.630395 -1.112487 -0.294026 1.679686 0.833256 -14.218192 0.093214 1.300580 -34.212006 -0.287563 0.967173 -20.033176 0.964535 1.212842 -0.000001 0.000001 0.000001 -3.440386 0.788232 0.501655 -15.928165 -3.167306 2.999704 -6.338815 -0.000002 0.000001 -18.123413 3.648175 -4.905660 -0.000004 -0.000000 -0.000002 -5.925280 11.141925 2.211115 53.347641 4.412210 -12.881637 178.686996 68.496483 177.387283 -10.451136 -2.428978 -22.837109 2.243542 -5.255034 -3.180156 14.282878 -0.826593 6.952495 -0.000002 -12.690592 -0.000002 16.961233 -17.084351 2.081255 1.665666 -1.955919 -2.878296 4.727792 -4.170584 4.993918 11.020513 0.000003 -0.000002 12.109035 -3.735709 -2.866781 -0.000001 -0.000000 0.000000 1.291983 -1.928549 -1.498089 14.800114 0.567469 3.865601 14.242554 -1.341734 -6.660649 19.631939 0.143925 -0.648242 50.467678 -0.297043 -6.039981 0.353029 -1.511150 -0.031940 20.222769 3.684307 2.316627 18.787245 0.000005 -0.000000 10.751611 -0.479867 1.397905 -0.000000 -0.000000 0.000001 3.273806 0.305947 -0.580111 21.486794 11.830360 2.266131 8.162916 0.000001 -0.000002 18.399052 -3.798977 -4.940566 0.000003 0.000000 0.000000 18.309217 -5.286457 -1.151852 -0.109007 -2.121440 48.678738 -11.657103 3.660180 -3.844099 1.924511 -2.027628 -8.673748 -0.000001 0.000001 0.000001 -21.627398 -14.719792 -21.571880 0.930670 0.732413 45.991268 20.644598 -10.250344 -7.619489 -1.479725 0.972904 2.418412 0.000000 -0.000001 -0.000001 
-24.847603 89.481361 134.414536 1.312967 43.903370 -4.776089 -1.294568 -0.245513 -0.627340 -0.860814 -0.656597 -3.940940 -5.404734 -3.484297 6.372004 0.991280 0.497762 2.458497 -4.975221 -10.336056 -2.508533 1.144282 -16.239126 3.020321 0.000077 -0.000022 0.000006 0.054361 0.153860 -0.135737 0.802718 -3.506703 -10.705810 -0.710195 3.842621 -10.772696 -3.765144 -10.868470 4.254761 -19.330303 -52.461559 -31.374035 176.960770 -51.260399 -178.471313 -16.520245 -8.795831 -19.135134 -5.882101 9.861279 0.702590 -10.936858 -0.360573 7.156196 0.000001 8.774815 -0.000000 -15.890313 17.775417 6.236145 -1.844031 2.498502 -2.507275 -10.163589 4.678941 4.621102 -20.975994 -0.000003 0.000001 -21.226255 2.451694 -3.593995 -0.000000 -0.000006 -0.000000 -1.362681 2.240797 -0.746322 -21.334890 0.584910 3.008319 -13.821197 -0.000002 0.000001 -23.887133 -0.249078 -0.839483 -59.825432 2.545398 -1.210239 -0.294025 1.679685 0.833255 -14.218194 0.093214 1.300578 -34.212006 -0.287563 0.967167 -20.033180 0.964535 1.212842 -0.000000 0.000000 0.000000 -3.440386 0.788234 0.501655 -15.928169 -3.167306 2.999702 -6.338817 -0.000002 0.000001 -18.123415 3.648178 -4.905663 -0.000004 -0.000000 -0.000002 -2.436166 8.093820 4.306092 57.547215 -0.176561 -12.719253 179.607712 74.573051 178.312256 -15.671339 -3.205119 -33.993900 2.243541 -5.255032 -3.180156 14.282877 -0.826593 6.952498 -0.000003 -12.690590 0.000002 16.512514 -17.177893 2.476428 1.665664 -1.955920 -2.878297 4.727792 -4.170583 4.993920 11.020511 0.000003 -0.000001 12.109031 -3.735709 -2.866779 0.000000 -0.000001 -0.000001 1.291983 -1.928547 -1.498087 14.800109 0.567469 3.865604 14.242550 -1.341735 -6.660648 19.631935 0.143925 -0.648243 50.690258 -0.922867 -6.010651 0.353031 -1.511150 -0.031940 20.222765 3.684306 2.316628 18.787243 0.000004 -0.000001 10.751610 -0.479870 1.397903 0.000000 0.000001 0.000000 3.273805 0.305947 -0.580111 21.486788 11.830361 2.266130 8.162915 0.000000 -0.000001 18.399050 -3.798980 -4.940567 0.000004 -0.000001 -0.000001 16.695480 -6.463405 2.229019 0.067935 -2.026511 43.198254 -15.030890 4.114830 -11.672666 1.917136 -2.038781 -8.487085 0.000001 0.000002 0.000003 -21.611399 -13.077594 -24.141071 1.067163 0.978490 45.411053 21.399443 -10.188652 -4.363917 -1.486172 1.105566 2.666375 0.000000 0.000000 -0.000001 
-23.887148 89.523262 130.036453 0.384755 43.248821 -3.982807 -1.772799 -0.473561 -0.253126 -0.964303 -1.187270 -3.933214 -6.383140 -4.590867 6.826539 1.916647 0.613194 2.088614 -4.130908 -8.343502 -2.824789 3.628202 -13.971493 1.379206 0.000077 -0.000023 0.000006 0.026890 0.099319 -0.116105 0.725582 -3.575521 -10.661213 -0.682635 3.789618 -10.703773 -4.758477 -13.104874 4.436909 -13.720949 -54.964607 -32.987064 178.804199 -55.662628 179.944717 -17.750780 -7.902567 -17.384621 -5.882102 9.861279 0.702589 -10.936858 -0.360573 7.156195 -0.000000 8.774812 -0.000001 -16.608833 17.804186 5.593372 -1.844030 2.498503 -2.507277 -10.163587 4.678941 4.621102 -20.975994 -0.000004 -0.000000 -21.226250 2.451694 -3.593996 0.000000 -0.000007 -0.000000 -1.362681 2.240797 -0.746323 -21.334892 0.584910 3.008318 -13.821195 -0.000002 0.000001 -23.887129 -0.249078 -0.839484 -60.238132 2.288703 -1.210301 -0.294025 1.679686 0.833255 -14.218190 0.093216 1.300578 -34.211998 -0.287563 0.967165 -20.033176 0.964535 1.212839 -0.000001 0.000000 0.000000 -3.440387 0.788233 0.501655 -15.928165 -3.167306 2.999703 -6.338815 -0.000001 0.000001 -18.123415 3.648178 -4.905663 -0.000005 -0.000001 -0.000002 3.499545 4.562264 6.730160 59.586395 -3.045744 -11.472065 -175.136826 81.965851 -176.053009 -19.110552 -0.336149 -43.048523 2.243539 -5.255032 -3.180155 14.282877 -0.826593 6.952497 -0.000004 -12.690590 0.000001 15.831550 -17.208897 2.640930 1.665663 -1.955920 -2.878298 4.727792 -4.170581 4.993918 11.020511 0.000004 -0.000000 12.109033 -3.735708 -2.866779 0.000001 -0.000000 -0.000000 1.291985 -1.928547 -1.498088 14.800111 0.567469 3.865605 14.242554 -1.341733 -6.660648 19.631935 0.143927 -0.648242 50.388885 -1.015753 -6.249006 0.353028 -1.511150 -0.031941 20.222771 3.684308 2.316629 18.787243 0.000005 0.000003 10.751608 -0.479868 1.397906 -0.000000 -0.000001 0.000001 3.273804 0.305946 -0.580110 21.486790 11.830360 2.266132 8.162918 0.000003 0.000001 18.399052 -3.798977 -4.940565 0.000002 -0.000001 -0.000000 15.676723 -3.664827 0.562911 0.121322 -1.538810 41.767948 -16.326685 3.746246 -20.149738 1.809169 -2.011734 -5.033309 0.000000 -0.000001 0.000001 -22.109667 -12.994942 -25.118065 1.065770 0.999187 40.432274 20.057720 -11.410740 0.514599 -1.534470 1.189802 2.228786 -0.000000 -0.000000 -0.000001 
-23.227301 90.193161 125.122414 -0.358620 42.856815 -2.685125 -2.166319 -0.642302 0.257968 -1.088623 -1.595283 -3.837709 -6.778306 -5.432278 7.292247 2.372948 0.863739 1.650766 -3.447466 -7.080855 -3.057829 5.344578 -12.834196 -0.404218 0.000077 -0.000023 0.000006 0.010663 0.200892 -0.072146 0.680415 -3.482675 -10.654526 -0.671509 3.888662 -10.683957 -3.992116 -15.262980 4.244788 -15.726266 -55.679207 -31.205547 -178.211365 -59.829788 177.596832 -17.286535 -7.000395 -16.454903 -5.882103 9.861278 0.702590 -10.936859 -0.360572 7.156198 0.000001 8.774812 -0.000001 -17.080004 17.852955 5.284688 -1.844031 2.498502 -2.507276 -10.163589 4.678940 4.621105 -20.975994 -0.000003 0.000003 -21.226254 2.451694 -3.593994 0.000000 -0.000006 -0.000000 -1.362681 2.240798 -0.746323 -21.334887 0.584910 3.008321 -13.821197 -0.000001 0.000002 -23.887133 -0.249076 -0.839482 -60.721786 2.584031 -1.001189 -0.294024 1.679686 0.833256 -14.218192 0.093215 1.300580 -34.212002 -0.287559 0.967171 -20.033178 0.964538 1.212842 0.000001 -0.000001 0.000001 -3.440386 0.788233 0.501656 -15.928169 -3.167304 2.999705 -6.338817 -0.000001 0.000002 -18.123415 3.648178 -4.905662 -0.000004 -0.000001 -0.000002 7.229342 2.613312 8.123558 63.312340 -6.355925 -11.329915 -99.980614 88.988564 -100.345741 -20.247370 1.636863 -47.382568 2.243540 -5.255033 -3.180154 14.282875 -0.826594 6.952496 -0.000004 -12.690591 0.000001 15.811566 -17.098465 2.763009 1.665665 -1.955920 -2.878297 4.727793 -4.170583 4.993919 11.020509 0.000003 -0.000001 12.109029 -3.735710 -2.866779 0.000001 -0.000000 -0.000000 1.291985 -1.928548 -1.498088 14.800109 0.567468 3.865604 14.242553 -1.341734 -6.660648 19.631929 0.143927 -0.648243 50.434536 -0.802538 -6.520193 0.353029 -1.511149 -0.031939 20.222763 3.684305 2.316629 18.787245 0.000004 0.000000 10.751605 -0.479869 1.397905 -0.000002 -0.000001 0.000000 3.273803 0.305947 -0.580110 21.486788 11.830362 2.266130 8.162914 0.000001 0.000001 18.399052 -3.798980 -4.940567 0.000003 -0.000001 -0.000001 14.570682 0.464969 -3.668293 0.074833 -1.094070 41.758141 -15.765165 2.620907 -25.965361 1.741842 -1.922504 -2.260741 -0.000000 -0.000001 0.000002 -22.060354 -13.695558 -24.673521 0.824297 0.883161 31.893566 13.421921 -13.175722 4.053802 -1.507823 1.290935 1.193361 -0.000000 -0.000000 -0.000001 
-22.485630 91.114563 119.993484 -0.653037 42.362320 -0.840701 -2.554290 -0.694523 0.812434 -1.125781 -1.954373 -3.751055 -6.906918 -5.808595 7.656500 2.377989 0.924505 0.639624 -2.950698 -6.267915 -3.271126 6.332473 -12.601870 -2.229930 0.000077 -0.000023 0.000006 0.014336 0.296788 -0.056199 0.662696 -3.386514 -10.678102 -0.647338 3.994348 -10.719044 -2.782260 -16.728767 3.790372 -22.931065 -54.558067 -25.223242 -175.426285 -65.458443 175.182495 -14.064369 -5.250641 -15.725555 -5.882099 9.861279 0.702590 -10.936858 -0.360577 7.156196 0.000001 8.774816 -0.000001 -17.314671 17.920702 5.091845 -1.844031 2.498502 -2.507275 -10.163585 4.678940 4.621103 -20.975986 -0.000005 0.000000 -21.226246 2.451691 -3.593995 0.000000 -0.000006 -0.000000 -1.362679 2.240796 -0.746323 -21.334887 0.584908 3.008319 -13.821197 -0.000004 0.000002 -23.887129 -0.249081 -0.839480 -61.067413 2.809055 -1.147058 -0.294025 1.679684 0.833255 -14.218190 0.093214 1.300579 -34.211998 -0.287565 0.967169 -20.033176 0.964533 1.212842 -0.000000 0.000000 -0.000001 -3.440385 0.788232 0.501655 -15.928164 -3.167308 2.999703 -6.338815 -0.000003 0.000001 -18.123411 3.648178 -4.905663 -0.000004 -0.000001 -0.000002 9.150468 1.781924 8.852020 67.339020 -9.781584 -11.074434 -4.826686 81.574913 -5.169010 -18.988867 2.661475 -48.441360 2.243540 -5.255033 -3.180153 14.282878 -0.826594 6.952496 -0.000003 -12.690591 -0.000000 16.021421 -17.065989 2.733970 1.665665 -1.955920 -2.878295 4.727795 -4.170583 4.993918 11.020513 0.000003 -0.000000 12.109035 -3.735711 -2.866777 -0.000000 0.000001 -0.000001 1.291985 -1.928548 -1.498088 14.800117 0.567468 3.865604 14.242553 -1.341734 -6.660647 19.631939 0.143925 -0.648242 49.857796 -0.824158 -6.671128 0.353029 -1.511149 -0.031940 20.222771 3.684307 2.316628 18.787247 0.000004 0.000001 10.751610 -0.479867 1.397904 -0.000001 0.000000 0.000000 3.273804 0.305947 -0.580110 21.486794 11.830365 2.266132 8.162917 0.000002 -0.000000 18.399057 -3.798979 -4.940570 0.000002 0.000000 -0.000000 12.779671 5.694710 -8.258644 -0.077425 -0.893394 42.082748 -14.041083 0.580030 -27.956675 1.674763 -1.868972 -0.605478 -0.000000 -0.000001 0.000002 -21.896223 -13.895467 -23.773149 0.370860 0.483963 22.435871 1.973776 -14.593528 2.628627 -1.391839 1.094106 -0.657941 0.000001 0.000001 -0.000000 
-21.793472 91.970985 114.907608 -0.802619 41.649166 1.185833 -2.793199 -0.666202 1.187774 -1.096663 -2.262133 -3.632426 -6.797056 -6.007969 8.005710 2.204695 1.072062 -1.104724 -2.922757 -6.100942 -3.410845 6.927997 -12.778514 -4.095892 0.000077 -0.000022 0.000006 0.016028 0.296035 -0.069925 0.658188 -3.405487 -10.750076 -0.637359 4.012022 -10.778863 -2.347612 -17.768759 3.938947 -29.728069 -51.399014 -19.515530 -169.411514 -74.021866 169.323898 -8.996798 -2.971656 -13.750607 -5.882103 9.861279 0.702590 -10.936859 -0.360576 7.156196 -0.000000 8.774815 -0.000000 -17.050179 17.599667 4.817880 -1.844033 2.498502 -2.507274 -10.163592 4.678940 4.621103 -20.975998 -0.000002 0.000002 -21.226255 2.451693 -3.593995 -0.000000 -0.000004 -0.000002 -1.362680 2.240795 -0.746323 -21.334887 0.584908 3.008319 -13.821197 -0.000003 0.000000 -23.887129 -0.249079 -0.839481 -60.566418 2.453988 -1.576791 -0.294024 1.679686 0.833256 -14.218190 0.093216 1.300578 -34.212002 -0.287564 0.967170 -20.033180 0.964534 1.212840 0.000000 0.000001 0.000000 -3.440387 0.788232 0.501656 -15.928167 -3.167306 2.999704 -6.338820 -0.000002 0.000003 -18.123415 3.648176 -4.905662 -0.000006 -0.000001 -0.000002 10.150291 1.545109 9.685852 69.565010 -12.374346 -8.085724 -1.572859 73.601799 -1.996461 -16.136158 4.519589 -48.143223 2.243540 -5.255032 -3.180156 14.282877 -0.826594 6.952496 -0.000002 -12.690591 -0.000000 15.848369 -17.085194 2.758588 1.665665 -1.955921 -2.878297 4.727794 -4.170583 4.993918 11.020512 0.000004 -0.000002 12.109034 -3.735710 -2.866781 -0.000000 0.000001 -0.000000 1.291985 -1.928548 -1.498088 14.800113 0.567466 3.865602 14.242553 -1.341736 -6.660648 19.631939 0.143926 -0.648245 49.217621 -1.257333 -6.361924 0.353029 -1.511149 -0.031940 20.222769 3.684309 2.316628 18.787247 0.000005 -0.000001 10.751613 -0.479869 1.397904 0.000000 0.000000 0.000002 3.273804 0.305947 -0.580111 21.486792 11.830361 2.266130 8.162916 0.000001 -0.000001 18.399054 -3.798979 -4.940568 0.000003 0.000001 -0.000001 10.141356 10.294665 -13.034649 -0.228217 -0.783238 42.680824 -11.311769 -1.256036 -28.301762 1.607094 -1.746609 0.085030 0.000000 -0.000001 0.000002 -21.157795 -15.559660 -25.259142 -0.054768 0.135035 19.489540 -1.921324 -15.835423 -2.018472 -1.337328 0.941516 -1.942068 0.000000 0.000000 -0.000002 
-21.286367 92.990761 110.129311 -1.781004 40.474754 1.930506 -2.553337 -0.748754 1.604696 -1.029759 -2.222111 -3.526731 -6.264232 -6.133906 8.530543 1.711296 1.161981 -2.789331 -2.711558 -5.881369 -3.392303 7.218838 -12.374292 -5.670931 0.000077 -0.000023 0.000006 0.009410 0.246081 -0.050533 0.696017 -3.469679 -10.774685 -0.687521 3.974785 -10.801808 -2.720016 -18.717112 5.057698 -33.489132 -47.074375 -16.291437 -150.684586 -84.987213 150.573669 -4.557417 -1.777874 -12.283738 -5.882102 9.861278 0.702591 -10.936860 -0.360576 7.156200 0.000002 8.774812 -0.000002 -16.673777 17.630629 5.087033 -1.844031 2.498501 -2.507276 -10.163589 4.678940 4.621104 -20.975998 -0.000001 0.000002 -21.226254 2.451697 -3.593994 -0.000001 -0.000007 -0.000001 -1.362680 2.240793 -0.746322 -21.334887 0.584909 3.008322 -13.821197 0.000000 0.000003 -23.887131 -0.249074 -0.839483 -60.483837 2.405184 -1.778111 -0.294025 1.679688 0.833255 -14.218194 0.093213 1.300580 -34.212006 -0.287562 0.967168 -20.033180 0.964535 1.212843 0.000000 0.000000 -0.000001 -3.440387 0.788234 0.501656 -15.928169 -3.167304 2.999704 -6.338817 -0.000001 0.000000 -18.123415 3.648176 -4.905662 -0.000003 0.000001 -0.000002 10.854540 1.638089 10.769932 70.370148 -13.079950 -3.747926 -0.812904 67.319748 -1.160591 -13.841456 5.839757 -49.466824 2.243539 -5.255033 -3.180155 14.282875 -0.826591 6.952496 -0.000003 -12.690590 0.000001 15.875450 -17.138149 2.850030 1.665664 -1.955921 -2.878296 4.727792 -4.170583 4.993918 11.020511 0.000005 -0.000000 12.109033 -3.735711 -2.866780 0.000001 -0.000001 -0.000000 1.291984 -1.928548 -1.498088 14.800111 0.567467 3.865603 14.242553 -1.341732 -6.660647 19.631941 0.143927 -0.648241 49.549866 -1.293686 -6.176977 0.353029 -1.511149 -0.031940 20.222769 3.684306 2.316628 18.787245 0.000007 0.000002 10.751611 -0.479868 1.397902 -0.000001 0.000000 0.000000 3.273804 0.305945 -0.580111 21.486790 11.830364 2.266132 8.162917 0.000002 0.000000 18.399054 -3.798980 -4.940566 0.000000 0.000001 0.000000 7.823905 12.976905 -16.768358 -0.251729 -0.660347 42.847729 -8.624248 -0.949346 -27.166422 1.597250 -1.661656 0.043727 -0.000000 -0.000001 0.000002 -18.103254 -19.153759 -29.149027 0.119678 0.237003 26.175703 -0.458709 -14.717383 -3.004096 -1.319559 1.062606 -1.857201 0.000001 0.000000 -0.000001 
-20.767862 94.078789 105.803680 -3.130320 38.716240 1.817528 -2.286008 -0.853508 1.905271 -0.927068 -2.328723 -3.429590 -5.525422 -6.082292 8.855901 1.311152 1.201964 -3.778069 -2.308811 -5.494890 -3.419379 7.119156 -11.461531 -6.491256 0.000077 -0.000023 0.000006 0.004121 0.205466 -0.045005 0.721700 -3.518842 -10.741504 -0.721798 3.934472 -10.760843 -3.145186 -19.304020 6.337583 -36.323376 -41.656765 -14.271912 -7.769227 -81.404167 7.585398 -0.806524 -1.393824 -12.560713 -5.882101 9.861278 0.702590 -10.936857 -0.360573 7.156196 -0.000000 8.774813 -0.000000 -16.436583 17.727407 5.604372 -1.844031 2.498501 -2.507274 -10.163589 4.678941 4.621102 -20.975994 -0.000003 0.000002 -21.226255 2.451692 -3.593994 -0.000000 -0.000006 0.000000 -1.362680 2.240796 -0.746323 -21.334892 0.584909 3.008319 -13.821195 -0.000002 0.000002 -23.887129 -0.249076 -0.839483 -60.630512 2.289443 -1.640941 -0.294025 1.679687 0.833254 -14.218190 0.093215 1.300580 -34.212002 -0.287561 0.967171 -20.033178 0.964536 1.212840 0.000002 -0.000000 0.000001 -3.440385 0.788233 0.501655 -15.928167 -3.167306 2.999703 -6.338815 0.000000 0.000001 -18.123415 3.648176 -4.905660 -0.000004 0.000001 -0.000003 11.106242 2.099707 11.587263 70.815414 -13.259480 1.311035 -0.918955 62.820988 -0.720680 -12.105918 6.623366 -50.756073 2.243540 -5.255031 -3.180155 14.282877 -0.826595 6.952495 -0.000001 -12.690591 -0.000000 15.868639 -17.124237 2.960905 1.665665 -1.955919 -2.878296 4.727793 -4.170586 4.993918 11.020511 0.000002 -0.000002 12.109032 -3.735714 -2.866781 0.000000 -0.000002 -0.000001 1.291984 -1.928545 -1.498088 14.800113 0.567468 3.865603 14.242554 -1.341733 -6.660650 19.631937 0.143925 -0.648247 50.053162 -0.901334 -6.104822 0.353029 -1.511153 -0.031940 20.222767 3.684303 2.316627 18.787243 0.000003 -0.000001 10.751610 -0.479868 1.397902 -0.000001 0.000000 0.000000 3.273804 0.305946 -0.580110 21.486788 11.830360 2.266129 8.162915 0.000001 -0.000001 18.399052 -3.798978 -4.940571 0.000003 -0.000000 0.000001 6.014884 14.559463 -18.954666 -0.217794 -0.488757 41.769703 -6.609135 0.562297 -25.622805 1.602852 -1.664335 -0.103577 0.000000 -0.000001 0.000002 -14.040480 -21.552109 -32.528091 0.363562 0.359672 36.400349 1.678622 -12.414141 -2.605072 -1.403641 1.131212 -1.618888 -0.000000 -0.000000 -0.000001 
-20.123671 95.094505 102.018402 -4.080591 36.243603 1.573869 -2.187861 -0.924048 1.923180 -0.889497 -2.417710 -3.456556 -5.016444 -6.067603 8.848740 1.316340 1.173963 -3.982776 -1.982946 -4.856811 -3.484235 6.821057 -10.255491 -6.686432 0.000077 -0.000023 0.000006 0.004634 0.180863 -0.056854 0.726946 -3.543749 -10.698384 -0.724597 3.903798 -10.729078 -4.171569 -19.333513 7.634368 -37.291538 -35.381840 -12.950690 0.066025 -68.583412 -0.087990 2.065235 -1.379124 -14.295206 -5.882101 9.861278 0.702590 -10.936860 -0.360575 7.156196 0.000001 8.774814 -0.000000 -16.240482 17.814960 6.122604 -1.844032 2.498502 -2.507276 -10.163589 4.678939 4.621104 -20.975994 -0.000005 0.000004 -21.226255 2.451693 -3.593992 0.000000 -0.000006 -0.000000 -1.362681 2.240796 -0.746323 -21.334890 0.584908 3.008320 -13.821197 -0.000003 0.000002 -23.887129 -0.249079 -0.839481 -60.478390 2.172857 -1.426311 -0.294024 1.679687 0.833256 -14.218194 0.093214 1.300578 -34.212002 -0.287565 0.967171 -20.033176 0.964535 1.212842 0.000000 -0.000000 -0.000001 -3.440385 0.788233 0.501655 -15.928169 -3.167307 2.999704 -6.338815 -0.000001 0.000001 -18.123415 3.648176 -4.905658 -0.000003 -0.000000 -0.000001 11.608255 2.425880 11.900316 70.235336 -13.396350 5.810169 -1.220259 60.902699 -0.467035 -11.179221 7.154552 -50.030083 2.243540 -5.255032 -3.180155 14.282875 -0.826596 6.952497 -0.000001 -12.690592 0.000000 15.827537 -17.275148 3.015065 1.665665 -1.955918 -2.878296 4.727794 -4.170582 4.993919 11.020512 0.000003 -0.000000 12.109032 -3.735711 -2.866779 0.000002 -0.000001 0.000000 1.291985 -1.928548 -1.498088 14.800113 0.567465 3.865605 14.242551 -1.341735 -6.660648 19.631935 0.143925 -0.648243 50.444328 -0.501745 -6.117197 0.353029 -1.511148 -0.031940 20.222765 3.684303 2.316629 18.787245 0.000002 0.000001 10.751610 -0.479869 1.397905 -0.000000 0.000000 0.000000 3.273804 0.305947 -0.580110 21.486788 11.830360 2.266131 8.162915 0.000002 0.000001 18.399052 -3.798981 -4.940565 0.000003 -0.000001 -0.000000 4.263041 15.225370 -19.941036 -0.125045 -0.269181 39.972744 -5.316113 2.856911 -23.819830 1.613472 -1.628073 -0.180647 -0.000000 -0.000001 0.000002 -10.155360 -21.754416 -34.032871 0.473044 0.378955 46.795067 2.830009 -10.857550 -2.525867 -1.475585 1.133406 -1.485217 -0.000000 0.000000 -0.000001 
-19.338316 96.037857 98.754860 -4.523327 32.984203 1.484089 -2.183667 -0.984331 1.585174 -0.900529 -2.417465 -3.630735 -4.774380 -5.946193 8.593855 1.619224 1.159589 -3.736103 -1.815221 -3.988090 -3.552879 6.450433 -8.926114 -6.547905 0.000077 -0.000023 0.000006 0.002799 0.155925 -0.078310 0.722304 -3.572417 -10.668020 -0.722986 3.885150 -10.715275 -6.253207 -18.675936 8.892049 -36.661018 -28.108929 -10.823058 1.263922 -56.616104 -1.096724 3.862737 -2.512103 -16.170057 -5.882101 9.861277 0.702590 -10.936861 -0.360574 7.156199 0.000001 8.774814 -0.000001 -15.915003 17.764519 6.395708 -1.844031 2.498502 -2.507276 -10.163590 4.678937 4.621106 -20.975996 -0.000006 0.000005 -21.226255 2.451693 -3.593992 0.000000 -0.000007 0.000000 -1.362680 2.240796 -0.746323 -21.334892 0.584908 3.008322 -13.821197 -0.000002 0.000003 -23.887131 -0.249078 -0.839479 -60.125496 2.096488 -1.334016 -0.294025 1.679686 0.833255 -14.218195 0.093214 1.300580 -34.212013 -0.287564 0.967172 -20.033182 0.964537 1.212844 0.000000 -0.000001 -0.000000 -3.440385 0.788232 0.501656 -15.928169 -3.167306 2.999705 -6.338817 -0.000002 0.000002 -18.123413 3.648176 -4.905659 -0.000003 0.000000 -0.000002 12.371036 2.585730 11.827315 68.643135 -13.352483 9.082360 -1.841692 61.229034 -0.753974 -10.851263 7.580207 -47.360138 2.243539 -5.255030 -3.180155 14.282877 -0.826592 6.952497 -0.000002 -12.690588 -0.000000 15.805583 -17.419903 2.852507 1.665664 -1.955918 -2.878296 4.727795 -4.170582 4.993918 11.020512 0.000003 -0.000000 12.109031 -3.735708 -2.866778 0.000001 0.000000 -0.000000 1.291984 -1.928547 -1.498087 14.800111 0.567465 3.865603 14.242553 -1.341734 -6.660649 19.631939 0.143923 -0.648243 50.574261 -0.122363 -6.225225 0.353029 -1.511147 -0.031940 20.222771 3.684304 2.316628 18.787245 0.000004 0.000001 10.751610 -0.479870 1.397903 0.000000 -0.000001 0.000000 3.273804 0.305947 -0.580110 21.486790 11.830360 2.266132 8.162916 0.000003 -0.000000 18.399054 -3.798979 -4.940566 0.000003 0.000000 -0.000001 2.460799 15.536492 -19.961588 -0.009164 -0.100142 37.342545 -4.368422 5.793231 -21.957621 1.614379 -1.642020 -0.238896 -0.000000 -0.000001 0.000002 -6.532402 -20.670595 -33.170300 0.436327 0.248108 55.399967 2.111812 -11.313284 -3.590427 -1.513398 1.138200 -1.636019 -0.000000 0.000000 -0.000001 
-18.270420 96.849022 95.895950 -4.554902 28.644697 1.516158 -2.131572 -0.884481 0.868772 -0.924107 -2.283048 -3.912599 -4.619455 -5.610007 8.222761 1.886916 1.253489 -3.179980 -1.609662 -2.982929 -3.635557 5.940092 -7.400356 -6.083937 0.000077 -0.000023 0.000006 0.000467 0.128412 -0.092539 0.724012 -3.593490 -10.622006 -0.728907 3.849798 -10.678272 -9.118974 -17.221539 10.040848 -35.514950 -19.970003 -7.267901 1.023126 -46.375565 -0.817696 4.627101 -4.073829 -17.213669 -5.882100 9.861278 0.702590 -10.936858 -0.360574 7.156197 0.000000 8.774814 -0.000000 -15.712042 17.740225 6.433489 -1.844031 2.498503 -2.507276 -10.163589 4.678941 4.621103 -20.975992 -0.000001 -0.000000 -21.226255 2.451693 -3.593996 0.000000 -0.000006 0.000000 -1.362678 2.240796 -0.746323 -21.334892 0.584909 3.008319 -13.821197 -0.000002 0.000001 -23.887123 -0.249078 -0.839484 -60.188465 2.093024 -1.346344 -0.294024 1.679686 0.833255 -14.218190 0.093214 1.300579 -34.212002 -0.287565 0.967167 -20.033178 0.964534 1.212840 0.000001 0.000000 0.000001 -3.440384 0.788233 0.501655 -15.928167 -3.167306 2.999702 -6.338817 0.000001 0.000001 -18.123413 3.648174 -4.905663 -0.000003 -0.000000 -0.000002 13.016975 2.864977 11.695436 66.319267 -12.888601 10.837233 -2.810963 63.235413 -1.558478 -10.901356 7.923747 -43.472546 2.243539 -5.255033 -3.180155 14.282873 -0.826593 6.952495 -0.000001 -12.690591 -0.000000 15.670389 -17.527315 2.597819 1.665664 -1.955922 -2.878296 4.727793 -4.170582 4.993918 11.020513 0.000004 -0.000001 12.109031 -3.735708 -2.866780 0.000001 -0.000000 0.000000 1.291984 -1.928549 -1.498088 14.800114 0.567469 3.865603 14.242554 -1.341733 -6.660650 19.631939 0.143927 -0.648241 50.368355 0.107609 -6.358029 0.353029 -1.511152 -0.031940 20.222767 3.684310 2.316629 18.787243 0.000005 0.000002 10.751608 -0.479866 1.397905 -0.000002 0.000001 -0.000001 3.273804 0.305948 -0.580110 21.486788 11.830365 2.266130 8.162915 0.000003 0.000000 18.399052 -3.798977 -4.940567 0.000003 0.000000 -0.000001 0.538584 16.427711 -19.275877 0.074355 -0.032577 34.214447 -3.373708 9.051181 -20.166666 1.610364 -1.683833 -0.335666 0.000000 -0.000001 0.000002 -3.490961 -19.126150 -30.022203 0.378674 0.054880 60.897938 0.361374 -13.638497 -4.555191 -1.559381 1.162570 -1.940800 0.000000 0.000000 0.000000 
-17.049200 97.367134 93.417587 -4.245258 23.269180 1.557211 -1.939362 -0.753849 -0.047053 -0.924034 -1.869240 -4.211483 -4.375417 -5.009701 7.746226 1.808658 1.440769 -2.295190 -1.294975 -1.910752 -3.707201 5.326446 -5.783505 -5.438003 0.000077 -0.000023 0.000006 0.004983 0.120690 -0.107695 0.730579 -3.585168 -10.564635 -0.726340 3.833599 -10.625845 -12.002131 -14.908978 10.921224 -35.194473 -11.865364 -3.001706 0.217807 -38.071152 -0.167905 3.915701 -4.631413 -17.041615 -5.882101 9.861278 0.702589 -10.936858 -0.360577 7.156196 0.000001 8.774811 -0.000000 -15.655435 17.989635 6.342416 -1.844030 2.498502 -2.507277 -10.163589 4.678939 4.621104 -20.975994 -0.000005 0.000001 -21.226254 2.451693 -3.593993 0.000000 -0.000005 -0.000001 -1.362680 2.240794 -0.746323 -21.334890 0.584904 3.008320 -13.821197 -0.000002 0.000002 -23.887131 -0.249080 -0.839481 -60.529160 2.157533 -1.378133 -0.294024 1.679685 0.833255 -14.218194 0.093216 1.300579 -34.212006 -0.287566 0.967168 -20.033178 0.964534 1.212842 0.000001 -0.000000 -0.000000 -3.440385 0.788233 0.501655 -15.928167 -3.167308 2.999704 -6.338816 -0.000002 0.000001 -18.123415 3.648176 -4.905661 -0.000005 -0.000001 -0.000002 13.063709 3.543068 11.568671 63.649498 -11.822862 11.055201 -3.923235 66.115814 -2.666979 -11.172788 8.112039 -39.195541 2.243540 -5.255033 -3.180155 14.282878 -0.826592 6.952497 -0.000002 -12.690592 -0.000000 15.425813 -17.598627 2.448338 1.665665 -1.955919 -2.878297 4.727794 -4.170584 4.993918 11.020512 0.000005 0.000000 12.109029 -3.735708 -2.866779 0.000002 -0.000002 -0.000001 1.291984 -1.928548 -1.498088 14.800109 0.567469 3.865603 14.242553 -1.341735 -6.660649 19.631939 0.143928 -0.648243 50.000732 0.147096 -6.440382 0.353029 -1.511151 -0.031940 20.222771 3.684306 2.316628 18.787245 0.000004 0.000001 10.751610 -0.479869 1.397902 -0.000001 -0.000001 0.000000 3.273804 0.305947 -0.580110 21.486792 11.830363 2.266132 8.162917 0.000002 0.000001 18.399050 -3.798980 -4.940568 0.000004 0.000002 0.000000 -1.444727 18.133066 -18.410963 0.132469 0.031077 31.407902 -2.302917 12.156770 -18.718405 1.605749 -1.756500 -0.466460 -0.000000 0.000000 0.000002 -1.657914 -17.895527 -25.143238 0.358662 -0.018598 63.424629 -0.995886 -16.287382 -4.516490 -1.596977 1.173652 -2.177362 0.000000 0.000000 -0.000003 
-15.608974 97.546562 90.890022 -3.617866 17.153446 1.583093 -1.601936 -0.609587 -0.985192 -0.841742 -1.163032 -4.498638 -4.007876 -4.180838 7.258866 1.251304 1.772431 -1.093319 -0.919364 -0.836791 -3.750659 4.723510 -4.217698 -4.793738 0.000077 -0.000023 0.000006 0.013551 0.151804 -0.113822 0.739035 -3.546032 -10.499959 -0.715181 3.850051 -10.566413 -14.373415 -11.853944 11.472610 -36.438560 -4.519031 0.636483 -0.585123 -31.250763 0.323790 1.822819 -3.844008 -16.617392 -5.882102 9.861278 0.702590 -10.936859 -0.360573 7.156196 0.000000 8.774813 -0.000001 -15.761815 18.375977 6.124038 -1.844032 2.498501 -2.507276 -10.163590 4.678938 4.621103 -20.975996 -0.000003 0.000000 -21.226255 2.451693 -3.593994 -0.000000 -0.000007 0.000000 -1.362679 2.240797 -0.746323 -21.334887 0.584908 3.008318 -13.821197 -0.000003 0.000002 -23.887129 -0.249078 -0.839481 -60.746792 2.295703 -1.415577 -0.294025 1.679687 0.833256 -14.218194 0.093212 1.300578 -34.211998 -0.287564 0.967166 -20.033178 0.964533 1.212841 0.000001 0.000001 -0.000001 -3.440384 0.788233 0.501655 -15.928169 -3.167308 2.999703 -6.338818 0.000001 0.000002 -18.123415 3.648177 -4.905662 -0.000004 -0.000000 -0.000003 12.379036 4.804395 11.455269 60.945126 -9.975554 10.143753 -5.192577 69.038834 -3.968248 -11.433023 7.940048 -35.234444 2.243540 -5.255032 -3.180155 14.282877 -0.826595 6.952495 -0.000003 -12.690591 0.000000 15.197906 -17.686087 2.515063 1.665664 -1.955920 -2.878296 4.727793 -4.170582 4.993919 11.020512 0.000003 -0.000001 12.109030 -3.735710 -2.866779 0.000001 -0.000002 0.000001 1.291984 -1.928548 -1.498088 14.800111 0.567468 3.865603 14.242553 -1.341733 -6.660648 19.631941 0.143926 -0.648243 49.737064 -0.023966 -6.452357 0.353029 -1.511151 -0.031940 20.222767 3.684306 2.316628 18.787245 0.000005 -0.000000 10.751610 -0.479867 1.397904 -0.000001 0.000000 0.000000 3.273804 0.305947 -0.580110 21.486792 11.830363 2.266131 8.162918 0.000002 0.000001 18.399054 -3.798980 -4.940566 0.000003 0.000000 -0.000001 -3.826476 20.465519 -18.041819 0.172461 0.091931 29.305216 -0.967603 15.017646 -17.539528 1.597916 -1.821620 -0.552636 -0.000000 0.000001 0.000002 -1.451795 -17.276979 -19.162809 0.372776 0.149596 63.507278 -1.094770 -17.379683 -3.579997 -1.600638 1.153789 -2.398699 0.000001 0.000000 -0.000003 
-13.940148 97.432777 88.058540 -2.826362 10.601998 1.557830 -1.089878 -0.379690 -1.760497 -0.679573 -0.240035 -4.749352 -3.434161 -3.149520 6.854400 0.226952 2.294667 0.321372 -0.545733 0.204548 -3.732928 4.131668 -2.790843 -4.403317 0.000077 -0.000022 0.000006 0.019967 0.216359 -0.113096 0.740642 -3.479270 -10.473268 -0.706231 3.908623 -10.544067 -16.202969 -8.299359 11.766541 -39.174976 1.766446 2.429341 -1.029826 -25.848787 0.464305 -0.669409 -2.138640 -16.609894 -5.882101 9.861276 0.702590 -10.936858 -0.360574 7.156197 0.000000 8.774813 -0.000001 -16.022520 18.407814 5.826038 -1.844030 2.498504 -2.507276 -10.163589 4.678939 4.621104 -20.975998 -0.000005 0.000002 -21.226255 2.451693 -3.593994 0.000002 -0.000006 -0.000000 -1.362681 2.240797 -0.746322 -21.334887 0.584909 3.008320 -13.821197 -0.000001 0.000002 -23.887129 -0.249077 -0.839483 -60.696781 2.324145 -1.391414 -0.294025 1.679686 0.833255 -14.218194 0.093214 1.300579 -34.211998 -0.287563 0.967170 -20.033176 0.964536 1.212842 0.000000 0.000000 -0.000001 -3.440386 0.788233 0.501656 -15.928165 -3.167306 2.999703 -6.338817 0.000000 0.000001 -18.123413 3.648176 -4.905661 -0.000005 0.000001 -0.000003 11.126436 6.711034 11.354118 58.128990 -7.263532 8.592861 -6.405155 71.608841 -5.223156 -11.518785 7.262780 -31.939110 2.243540 -5.255033 -3.180155 14.282878 -0.826594 6.952496 -0.000001 -12.690586 0.000001 15.012879 -17.716976 2.721912 1.665665 -1.955921 -2.878296 4.727794 -4.170584 4.993918 11.020511 0.000004 -0.000001 12.109033 -3.735707 -2.866779 0.000001 -0.000002 -0.000000 1.291984 -1.928547 -1.498088 14.800117 0.567469 3.865604 14.242554 -1.341734 -6.660648 19.631937 0.143926 -0.648242 49.639587 -0.192340 -6.402769 0.353029 -1.511150 -0.031940 20.222771 3.684305 2.316629 18.787245 0.000004 -0.000001 10.751612 -0.479869 1.397903 0.000000 0.000001 0.000000 3.273804 0.305947 -0.580110 21.486790 11.830360 2.266130 8.162918 0.000001 -0.000000 18.399052 -3.798979 -4.940567 0.000003 0.000001 -0.000001 -6.620417 23.058960 -18.626610 0.205578 0.242118 27.986561 0.746551 17.738876 -16.353445 1.590122 -1.891706 -0.603690 -0.000000 0.000001 0.000002 -2.722815 -16.817537 -13.047741 0.426832 0.582221 61.595230 0.298986 -15.867258 -2.241537 -1.612055 1.129007 -2.847588 0.000000 -0.000001 -0.000003 
-12.186151 97.106323 85.024773 -2.149535 4.084430 1.461711 -0.352076 -0.129150 -2.207523 -0.454516 0.754437 -4.901595 -2.609060 -1.957729 6.584054 -1.142237 2.944953 1.850736 -0.216008 1.072187 -3.688922 3.580113 -1.562392 -4.363112 0.000077 -0.000023 0.000006 0.017325 0.267957 -0.103533 0.729199 -3.441413 -10.502598 -0.697235 3.972411 -10.563839 -17.547367 -4.584828 11.816414 -42.757004 6.649200 2.751869 -0.861367 -21.593769 0.358441 -2.604381 -0.329371 -17.122902 -5.882101 9.861278 0.702590 -10.936858 -0.360575 7.156197 0.000001 8.774814 -0.000001 -16.386972 18.135584 5.563484 -1.844031 2.498502 -2.507276 -10.163589 4.678940 4.621105 -20.975992 -0.000004 0.000003 -21.226254 2.451693 -3.593992 -0.000001 -0.000006 -0.000000 -1.362680 2.240796 -0.746323 -21.334887 0.584908 3.008320 -13.821197 -0.000002 0.000002 -23.887129 -0.249078 -0.839481 -60.745323 2.235870 -1.411129 -0.294025 1.679686 0.833255 -14.218194 0.093215 1.300579 -34.212002 -0.287564 0.967170 -20.033180 0.964535 1.212842 0.000001 0.000000 -0.000000 -3.440386 0.788233 0.501655 -15.928169 -3.167306 2.999704 -6.338817 -0.000001 0.000001 -18.123413 3.648176 -4.905660 -0.000004 -0.000000 -0.000002 9.535447 9.073236 11.192357 55.245457 -3.940099 6.894042 -7.333924 73.381500 -6.196005 -11.380709 6.306717 -29.115219 2.243540 -5.255032 -3.180155 14.282875 -0.826594 6.952494 -0.000002 -12.690590 -0.000001 14.936694 -17.725256 2.871950 1.665665 -1.955920 -2.878296 4.727794 -4.170584 4.993917 11.020509 0.000004 -0.000001 12.109032 -3.735710 -2.866779 0.000001 -0.000000 0.000001 1.291984 -1.928547 -1.498088 14.800113 0.567467 3.865602 14.242554 -1.341734 -6.660650 19.631939 0.143926 -0.648243 49.600483 -0.263679 -6.380914 0.353029 -1.511148 -0.031941 20.222769 3.684307 2.316628 18.787245 0.000004 -0.000000 10.751612 -0.479866 1.397904 -0.000001 0.000000 0.000000 3.273804 0.305946 -0.580110 21.486790 11.830361 2.266130 8.162916 0.000002 -0.000000 18.399050 -3.798979 -4.940567 0.000003 0.000000 -0.000000 -9.414226 25.460197 -20.346956 0.266984 0.493401 27.598721 2.778772 20.330738 -14.956306 1.586784 -1.903046 -0.603916 0.000000 -0.000000 0.000002 -4.662625 -16.057726 -7.834602 0.503657 1.122070 57.947361 2.680624 -12.171701 -0.956210 -1.610876 1.070673 -3.957985 0.000000 -0.000001 -0.000003 
-10.436712 96.621574 81.766266 -1.730906 -2.217668 1.368387 0.612443 0.152114 -2.236982 -0.205132 1.751478 -4.948608 -1.576537 -0.727242 6.474459 -2.666826 3.709442 3.421198 0.040055 1.631756 -3.631785 3.028476 -0.504818 -4.683765 0.000077 -0.000022 0.000006 0.008175 0.247451 -0.064953 0.704114 -3.485782 -10.565277 -0.691325 3.973302 -10.609896 -18.463547 -1.036829 11.693980 -46.636581 10.244922 2.476447 -0.450237 -18.193277 0.251523 -4.015197 1.150975 -17.948626 -5.882100 9.861278 0.702590 -10.936859 -0.360575 7.156197 0.000001 8.774813 -0.000001 -16.681690 17.814169 5.401910 -1.844031 2.498502 -2.507275 -10.163589 4.678939 4.621104 -20.975994 -0.000004 0.000002 -21.226250 2.451692 -3.593994 -0.000001 -0.000006 -0.000000 -1.362680 2.240797 -0.746323 -21.334887 0.584908 3.008320 -13.821197 -0.000003 0.000002 -23.887133 -0.249078 -0.839481 -60.761013 2.116234 -1.446524 -0.294024 1.679686 0.833255 -14.218190 0.093214 1.300579 -34.211998 -0.287564 0.967171 -20.033176 0.964535 1.212842 0.000001 0.000000 -0.000000 -3.440385 0.788233 0.501655 -15.928167 -3.167307 2.999704 -6.338817 -0.000001 0.000001 -18.123411 3.648176 -4.905661 -0.000004 0.000000 -0.000002 7.763469 11.695312 10.975154 52.405132 -0.164654 5.302740 -7.838719 74.197388 -6.613307 -11.013459 5.283549 -26.171274 2.243539 -5.255033 -3.180156 14.282875 -0.826592 6.952497 -0.000003 -12.690592 -0.000000 14.985061 -17.677286 2.925613 1.665665 -1.955920 -2.878296 4.727794 -4.170584 4.993918 11.020511 0.000003 -0.000001 12.109031 -3.735708 -2.866779 -0.000000 -0.000001 0.000000 1.291984 -1.928549 -1.498088 14.800111 0.567469 3.865603 14.242550 -1.341734 -6.660649 19.631939 0.143925 -0.648242 49.470745 -0.342209 -6.381953 0.353029 -1.511149 -0.031939 20.222767 3.684309 2.316629 18.787247 0.000005 0.000002 10.751613 -0.479868 1.397905 -0.000000 -0.000000 0.000000 3.273804 0.305947 -0.580111 21.486790 11.830363 2.266131 8.162916 0.000002 -0.000000 18.399050 -3.798980 -4.940566 0.000005 0.000000 -0.000000 -11.917772 27.318159 -23.017691 0.329330 0.792582 27.719015 5.127039 23.049675 -13.292590 1.588221 -1.933074 -0.487955 -0.000000 -0.000001 0.000002 -6.533801 -14.983227 -3.696560 0.564141 1.579503 52.239120 5.640126 -7.365108 0.017955 -1.598762 0.985461 -6.822331 0.000000 -0.000001 -0.000003 
-8.842836 96.037193 78.199020 -1.757447 -7.858946 1.480833 1.750290 0.501855 -1.828679 0.018079 2.587998 -4.909270 -0.404974 0.328473 6.579792 -4.056951 4.428659 4.842304 0.187873 1.795242 -3.594155 2.382627 0.221469 -5.486424 0.000077 -0.000023 0.000006 -0.004305 0.182507 0.003978 0.674772 -3.573858 -10.618803 -0.687144 3.935270 -10.651532 -18.917788 1.912265 11.560080 -50.390621 12.617824 2.200471 -0.169825 -15.857747 0.202033 -4.996511 2.065144 -18.847935 -5.882100 9.861279 0.702590 -10.936858 -0.360576 7.156198 0.000000 8.774816 -0.000001 -16.775654 17.666952 5.355833 -1.844029 2.498502 -2.507275 -10.163589 4.678939 4.621103 -20.975994 -0.000005 0.000002 -21.226254 2.451692 -3.593992 0.000002 -0.000006 -0.000000 -1.362679 2.240797 -0.746323 -21.334892 0.584908 3.008321 -13.821197 -0.000003 0.000002 -23.887131 -0.249079 -0.839480 -60.747124 2.087606 -1.493502 -0.294024 1.679687 0.833256 -14.218190 0.093213 1.300579 -34.211998 -0.287565 0.967170 -20.033176 0.964535 1.212842 -0.000000 0.000000 -0.000000 -3.440385 0.788232 0.501655 -15.928165 -3.167307 2.999704 -6.338817 -0.000001 0.000001 -18.123413 3.648175 -4.905662 -0.000004 -0.000000 -0.000002 6.044323 14.215935 10.636878 49.739136 3.782670 3.739849 -7.035650 74.362991 -5.885065 -10.382669 4.381876 -22.361610 2.243540 -5.255033 -3.180155 14.282875 -0.826593 6.952496 0.000000 -12.690593 -0.000002 15.067514 -17.558590 2.919966 1.665665 -1.955920 -2.878296 4.727794 -4.170584 4.993918 11.020512 0.000003 -0.000001 12.109029 -3.735710 -2.866779 0.000000 0.000002 0.000000 1.291985 -1.928548 -1.498088 14.800111 0.567468 3.865603 14.242553 -1.341736 -6.660649 19.631935 0.143925 -0.648243 49.226902 -0.528142 -6.334848 0.353029 -1.511149 -0.031940 20.222769 3.684305 2.316628 18.787247 0.000005 -0.000001 10.751611 -0.479868 1.397904 0.000001 -0.000001 0.000001 3.273805 0.305946 -0.580109 21.486792 11.830362 2.266132 8.162917 0.000002 -0.000000 18.399054 -3.798980 -4.940567 0.000005 0.000001 -0.000000 -13.755325 28.013838 -26.696934 0.445245 1.102802 28.426001 7.653238 25.685600 -10.978468 1.596794 -1.957564 -0.184877 -0.000000 0.000001 0.000002 -7.495494 -13.833909 -0.544546 0.549319 1.788512 44.163818 8.675666 -3.081155 -1.287424 -1.607415 0.901088 -12.882134 0.000000 0.000000 -0.000001 
-7.421372 95.367203 74.036110 -2.469381 -12.425612 2.038408 2.966750 0.803674 -0.956777 0.275389 3.317143 -4.753333 0.812802 0.948599 6.847289 -4.979774 4.988893 5.688413 0.227953 1.670459 -3.612854 1.501366 0.573781 -6.779518 0.000077 -0.000022 0.000006 -0.015504 0.127569 0.051613 0.645125 -3.631943 -10.645211 -0.676858 3.882090 -10.669918 -18.742437 3.997744 11.580599 -53.902348 13.634157 1.879491 -0.207244 -14.670957 0.183028 -5.414658 2.045313 -19.684299 -5.882100 9.861279 0.702589 -10.936859 -0.360575 7.156197 0.000001 8.774817 -0.000002 -16.775311 17.848724 5.402150 -1.844030 2.498504 -2.507276 -10.163589 4.678939 4.621103 -20.975996 -0.000003 0.000002 -21.226254 2.451693 -3.593994 0.000001 -0.000007 0.000001 -1.362681 2.240795 -0.746323 -21.334887 0.584907 3.008320 -13.821197 -0.000004 0.000002 -23.887133 -0.249079 -0.839480 -60.505836 2.083641 -1.594784 -0.294024 1.679686 0.833255 -14.218194 0.093215 1.300579 -34.212002 -0.287565 0.967170 -20.033178 0.964534 1.212841 0.000001 0.000000 0.000000 -3.440385 0.788232 0.501654 -15.928167 -3.167307 2.999703 -6.338817 -0.000002 0.000001 -18.123415 3.648176 -4.905663 -0.000003 0.000000 -0.000002 4.462121 16.275105 10.041887 47.571720 7.633980 2.147583 -5.288425 74.620506 -4.443962 -9.395836 3.870177 -18.022099 2.243540 -5.255033 -3.180155 14.282875 -0.826591 6.952495 -0.000004 -12.690590 0.000000 15.068568 -17.487503 2.870938 1.665665 -1.955920 -2.878297 4.727793 -4.170584 4.993918 11.020509 0.000004 -0.000002 12.109035 -3.735708 -2.866779 0.000001 -0.000001 0.000000 1.291985 -1.928549 -1.498087 14.800114 0.567470 3.865603 14.242553 -1.341733 -6.660652 19.631935 0.143926 -0.648244 49.097195 -0.639069 -6.277956 0.353028 -1.511149 -0.031939 20.222769 3.684308 2.316629 18.787245 0.000006 -0.000001 10.751612 -0.479868 1.397904 -0.000002 -0.000001 -0.000001 3.273804 0.305947 -0.580110 21.486794 11.830364 2.266131 8.162916 0.000002 -0.000000 18.399054 -3.798979 -4.940567 0.000005 0.000000 -0.000000 -14.481105 27.049164 -31.454782 0.545617 1.380044 29.814453 10.382240 27.878059 -7.316038 1.638791 -2.057228 0.097151 0.000000 -0.000000 0.000002 -6.763228 -12.407462 1.511299 0.411836 1.720091 34.587879 10.991203 -0.924646 -8.853981 -1.532605 0.859144 -13.592234 -0.000000 0.000000 0.000000 
-6.111095 94.597687 69.109688 -4.440202 -15.388726 3.277525 4.494634 1.026725 0.396288 0.600333 3.481928 -4.545512 2.382013 1.495996 7.359544 -5.676217 5.247683 5.105768 0.150163 1.030645 -3.678280 0.684722 0.332272 -8.666588 0.000077 -0.000022 0.000006 -0.013916 0.003046 0.027638 0.612021 -3.736677 -10.619212 -0.642757 3.734803 -10.647324 -18.273386 4.849088 11.674649 -56.991032 13.358416 1.514230 -0.239213 -14.843140 0.265811 -5.086843 1.158506 -20.548582 -5.882100 9.861279 0.702590 -10.936859 -0.360575 7.156196 0.000000 8.774813 -0.000002 -16.784309 18.119072 5.419960 -1.844032 2.498503 -2.507276 -10.163589 4.678940 4.621103 -20.975994 -0.000003 0.000002 -21.226255 2.451694 -3.593992 0.000001 -0.000007 0.000001 -1.362680 2.240797 -0.746323 -21.334887 0.584908 3.008320 -13.821198 -0.000003 0.000002 -23.887131 -0.249077 -0.839481 -60.144592 2.060291 -1.726840 -0.294024 1.679687 0.833255 -14.218192 0.093213 1.300579 -34.211998 -0.287562 0.967169 -20.033180 0.964535 1.212841 0.000001 0.000000 0.000000 -3.440385 0.788233 0.501655 -15.928169 -3.167306 2.999704 -6.338817 -0.000002 0.000002 -18.123415 3.648177 -4.905661 -0.000004 -0.000000 -0.000001 3.254042 17.577797 9.268587 45.764599 10.664461 -0.419387 -1.817539 75.632896 -1.231656 -7.854693 3.586473 -14.847850 2.243540 -5.255033 -3.180156 14.282878 -0.826593 6.952497 -0.000003 -12.690591 0.000001 15.132881 -17.373405 2.881655 1.665665 -1.955920 -2.878297 4.727794 -4.170583 4.993919 11.020513 0.000003 -0.000002 12.109034 -3.735710 -2.866780 -0.000001 0.000000 0.000001 1.291985 -1.928548 -1.498088 14.800114 0.567468 3.865605 14.242554 -1.341734 -6.660648 19.631939 0.143926 -0.648242 48.945351 -0.842752 -6.170520 0.353029 -1.511150 -0.031940 20.222773 3.684304 2.316629 18.787243 0.000005 -0.000002 10.751610 -0.479867 1.397904 -0.000001 0.000000 -0.000000 3.273804 0.305946 -0.580110 21.486794 11.830363 2.266132 8.162919 0.000002 -0.000001 18.399052 -3.798978 -4.940567 0.000003 -0.000000 -0.000001 -12.948266 24.818932 -36.731808 0.600019 1.315872 32.299881 11.735584 27.199594 -3.115988 1.699320 -2.292031 -0.222682 -0.000000 0.000000 0.000002 -3.640773 -10.564066 1.053289 0.186203 1.021385 27.131029 10.854445 -2.769429 -18.953053 -1.440711 0.823844 -5.294462 -0.000000 0.000001 -0.000001 
-4.801353 94.362450 63.880520 -6.190472 -15.770123 5.024830 5.505703 1.168819 1.758070 0.826964 3.111151 -4.107345 3.669995 1.433377 7.734785 -5.835150 5.025028 3.080754 0.119597 0.693939 -3.799896 0.012200 -0.355655 -10.963591 0.000077 -0.000022 0.000006 -0.006153 0.035118 0.018795 0.619913 -3.710162 -10.652147 -0.634701 3.766790 -10.687893 -17.291416 4.197091 11.868173 -59.253986 11.656935 1.930511 -0.389765 -15.724563 0.368546 -4.331206 0.012543 -21.136415 -5.882101 9.861279 0.702590 -10.936857 -0.360573 7.156196 0.000000 8.774815 -0.000001 -16.985279 18.270597 5.421448 -1.844031 2.498503 -2.507276 -10.163588 4.678941 4.621103 -20.975994 -0.000004 0.000001 -21.226254 2.451692 -3.593995 0.000001 -0.000006 -0.000000 -1.362680 2.240795 -0.746322 -21.334892 0.584909 3.008319 -13.821197 -0.000003 0.000002 -23.887129 -0.249078 -0.839482 -60.259396 2.073673 -1.583539 -0.294025 1.679686 0.833256 -14.218190 0.093216 1.300578 -34.211998 -0.287564 0.967169 -20.033178 0.964535 1.212841 0.000001 0.000001 0.000000 -3.440386 0.788233 0.501655 -15.928167 -3.167306 2.999702 -6.338817 -0.000001 0.000001 -18.123413 3.648176 -4.905661 -0.000004 -0.000000 -0.000002 2.918819 17.900721 8.444343 44.333118 12.125954 -3.154774 0.901263 77.071075 1.113931 -6.696801 3.771891 -14.134438 2.243540 -5.255032 -3.180154 14.282877 -0.826594 6.952495 -0.000001 -12.690591 0.000002 15.278425 -17.555225 2.759552 1.665665 -1.955920 -2.878298 4.727794 -4.170583 4.993919 11.020509 0.000003 -0.000003 12.109034 -3.735709 -2.866779 -0.000000 -0.000000 0.000000 1.291984 -1.928548 -1.498087 14.800117 0.567468 3.865606 14.242553 -1.341734 -6.660648 19.631939 0.143925 -0.648243 48.925949 -1.016388 -6.237821 0.353029 -1.511149 -0.031940 20.222771 3.684306 2.316629 18.787245 0.000004 -0.000001 10.751612 -0.479867 1.397904 -0.000000 0.000000 -0.000001 3.273804 0.305947 -0.580110 21.486788 11.830362 2.266128 8.162918 0.000002 -0.000000 18.399048 -3.798978 -4.940567 0.000003 0.000000 -0.000001 -10.833581 21.962118 -41.230865 0.456705 1.300400 33.208179 8.167069 21.678055 0.346235 1.757965 -2.370177 -0.009977 -0.000000 0.000000 0.000002 -0.437597 -9.054480 -3.930962 0.123928 0.547300 25.983187 9.832208 -5.985950 -23.477570 -1.455265 0.844758 -1.810765 -0.000000 -0.000000 -0.000001 
-3.543035 94.589706 58.611977 -6.092949 -13.590569 6.668141 5.411541 1.187064 2.784876 0.838179 2.332743 -3.678888 3.717572 0.673012 7.872499 -5.075001 4.336948 0.208781 -0.053217 0.166907 -3.781373 -0.288920 -0.877260 -13.085629 0.000077 -0.000023 0.000006 -0.002862 0.048560 0.047308 0.650923 -3.723200 -10.683469 -0.658571 3.795755 -10.721403 -15.246559 1.988818 12.270623 -60.460190 8.635912 3.761584 -0.753238 -16.384596 0.454242 -4.489281 -1.221184 -21.281452 -5.882102 9.861278 0.702590 -10.936859 -0.360574 7.156196 0.000000 8.774811 -0.000001 -17.135920 18.165123 5.285847 -1.844031 2.498502 -2.507275 -10.163589 4.678939 4.621103 -20.976000 -0.000003 0.000002 -21.226255 2.451692 -3.593994 0.000001 -0.000006 0.000001 -1.362681 2.240796 -0.746323 -21.334890 0.584908 3.008320 -13.821197 -0.000002 0.000002 -23.887133 -0.249078 -0.839480 -60.367100 2.225676 -1.664944 -0.294024 1.679686 0.833255 -14.218194 0.093215 1.300579 -34.212013 -0.287563 0.967168 -20.033180 0.964535 1.212842 0.000001 0.000000 -0.000000 -3.440385 0.788232 0.501655 -15.928169 -3.167305 2.999703 -6.338817 -0.000002 0.000001 -18.123415 3.648175 -4.905661 -0.000003 -0.000000 -0.000002 2.670499 17.405565 7.317720 44.931332 11.676171 -5.049041 1.639666 78.248413 1.890342 -6.056904 3.880681 -14.850206 2.243540 -5.255032 -3.180157 14.282878 -0.826594 6.952497 -0.000003 -12.690590 0.000002 15.490761 -17.825293 2.586661 1.665665 -1.955920 -2.878297 4.727794 -4.170582 4.993920 11.020513 0.000003 -0.000002 12.109035 -3.735708 -2.866780 -0.000000 -0.000001 0.000001 1.291984 -1.928548 -1.498087 14.800113 0.567467 3.865604 14.242551 -1.341733 -6.660649 19.631939 0.143924 -0.648245 49.156010 -1.078391 -6.421178 0.353029 -1.511150 -0.031939 20.222771 3.684306 2.316627 18.787245 0.000004 -0.000001 10.751612 -0.479870 1.397905 -0.000001 -0.000001 -0.000001 3.273805 0.305946 -0.580110 21.486788 11.830360 2.266132 8.162916 0.000002 -0.000000 18.399054 -3.798980 -4.940567 0.000003 0.000000 -0.000001 -9.960874 18.727726 -43.920609 0.153136 1.072297 30.966267 -3.555538 11.360858 3.657883 1.800012 -2.319921 -0.461684 -0.000000 0.000000 0.000002 0.798240 -9.453144 -11.427755 0.133832 0.087110 30.227058 9.615711 -8.464619 -23.220562 -1.466163 0.924226 -0.302080 -0.000000 0.000001 -0.000001 
-2.489010 95.162926 53.981354 -4.862588 -10.144837 8.063079 4.817684 1.100411 3.309779 0.706926 1.548939 -3.275486 3.060101 -0.547936 7.764239 -3.941105 3.695848 -2.550429 -0.421929 -0.509736 -3.832820 -0.361917 -1.465415 -14.452868 0.000077 -0.000023 0.000006 0.004880 0.060507 0.032827 0.665409 -3.722540 -10.706198 -0.659978 3.816421 -10.774253 -13.340993 -0.950478 12.765040 -60.096153 4.973150 6.050867 -1.010939 -17.080568 0.583651 -5.804226 -1.751312 -20.784182 -5.882101 9.861278 0.702590 -10.936858 -0.360575 7.156196 0.000000 8.774815 -0.000001 -16.941259 18.037975 5.342197 -1.844031 2.498502 -2.507276 -10.163589 4.678941 4.621104 -20.975992 -0.000003 0.000001 -21.226254 2.451692 -3.593994 0.000000 -0.000007 0.000001 -1.362681 2.240797 -0.746323 -21.334887 0.584910 3.008320 -13.821194 -0.000003 0.000002 -23.887121 -0.249078 -0.839482 -60.542534 2.350056 -1.716357 -0.294024 1.679686 0.833255 -14.218192 0.093216 1.300578 -34.211998 -0.287562 0.967168 -20.033180 0.964535 1.212840 -0.000001 -0.000000 -0.000000 -3.440385 0.788233 0.501655 -15.928165 -3.167305 2.999703 -6.338816 -0.000001 0.000001 -18.123415 3.648177 -4.905662 -0.000004 -0.000001 -0.000002 2.879952 16.373507 6.790507 46.624561 9.728746 -6.175009 1.172965 78.968842 1.522706 -5.148323 3.927529 -16.814381 2.243540 -5.255032 -3.180155 14.282875 -0.826594 6.952495 -0.000003 -12.690585 0.000000 15.563690 -18.012733 2.486891 1.665665 -1.955920 -2.878296 4.727794 -4.170582 4.993918 11.020513 0.000002 -0.000002 12.109031 -3.735708 -2.866779 0.000001 0.000000 0.000000 1.291984 -1.928548 -1.498088 14.800114 0.567468 3.865604 14.242553 -1.341735 -6.660648 19.631939 0.143927 -0.648244 49.611362 -1.092330 -6.531666 0.353028 -1.511150 -0.031940 20.222771 3.684307 2.316627 18.787249 0.000005 -0.000001 10.751611 -0.479866 1.397904 -0.000001 -0.000001 0.000000 3.273804 0.305947 -0.580111 21.486790 11.830360 2.266130 8.162915 0.000002 -0.000000 18.399057 -3.798978 -4.940568 0.000005 0.000001 -0.000001 -9.204559 15.160725 -44.152138 -0.133193 0.589734 27.056496 -18.187832 2.410425 5.967738 1.585720 -2.384050 -1.452879 -0.000000 -0.000000 0.000002 0.809252 -10.810510 -17.284163 0.148203 -0.029228 32.239368 9.272083 -11.250038 -21.505507 -1.486682 0.968919 0.324872 0.000000 0.000000 -0.000001 
-1.668249 95.833527 49.916069 -3.353524 -6.565154 8.843402 4.188592 0.796875 3.644543 0.538223 0.932876 -2.937020 2.233634 -1.713093 7.645879 -3.165792 3.245705 -4.623514 -0.622579 -1.179406 -3.785225 -0.510052 -1.847852 -15.375498 0.000077 -0.000022 0.000006 0.014600 0.058261 0.028168 0.650903 -3.716718 -10.649103 -0.625865 3.809744 -10.741505 -12.310000 -3.855731 13.023516 -58.222530 1.057005 8.321995 -1.060279 -17.834076 0.703638 -7.337581 -1.762846 -18.420288 -5.882101 9.861279 0.702590 -10.936859 -0.360575 7.156197 0.000001 8.774813 -0.000001 -16.418465 18.154810 5.688039 -1.844031 2.498502 -2.507276 -10.163589 4.678940 4.621103 -20.975996 -0.000004 0.000003 -21.226254 2.451694 -3.593993 -0.000000 -0.000008 0.000000 -1.362681 2.240797 -0.746323 -21.334887 0.584910 3.008320 -13.821197 -0.000002 0.000003 -23.887131 -0.249077 -0.839480 -60.778812 2.541111 -1.755434 -0.294024 1.679686 0.833255 -14.218194 0.093215 1.300580 -34.211998 -0.287563 0.967171 -20.033180 0.964536 1.212842 -0.000001 0.000001 0.000001 -3.440386 0.788232 0.501655 -15.928169 -3.167307 2.999703 -6.338818 -0.000001 0.000001 -18.123411 3.648177 -4.905661 -0.000004 0.000001 -0.000002 3.411545 15.135657 6.532656 48.893040 6.616645 -6.159301 1.418456 78.848480 1.817423 -3.983276 4.004636 -20.199007 2.243540 -5.255033 -3.180155 14.282875 -0.826593 6.952495 -0.000001 -12.690588 0.000001 15.720699 -18.263842 2.457358 1.665665 -1.955922 -2.878297 4.727794 -4.170582 4.993918 11.020512 0.000004 -0.000001 12.109030 -3.735709 -2.866780 0.000000 0.000000 -0.000001 1.291984 -1.928546 -1.498089 14.800114 0.567469 3.865603 14.242553 -1.341733 -6.660648 19.631939 0.143927 -0.648244 50.109566 -1.039454 -6.653997 0.353029 -1.511149 -0.031940 20.222765 3.684307 2.316627 18.787243 0.000006 0.000000 10.751611 -0.479867 1.397904 -0.000001 0.000000 0.000000 3.273804 0.305947 -0.580110 21.486788 11.830363 2.266130 8.162916 0.000002 -0.000000 18.399052 -3.798979 -4.940567 0.000004 0.000000 -0.000000 -8.389930 11.723820 -43.435768 -0.162464 0.304518 27.567848 -20.894724 -1.532724 4.323372 1.520689 -2.316016 -2.253816 -0.000001 -0.000000 0.000002 0.275757 -12.184724 -21.161283 0.120893 0.038935 32.584911 8.527418 -13.923595 -19.277542 -1.509803 0.991424 0.824561 0.000000 0.000000 -0.000001 
-0.794848 96.309990 46.237595 -2.297719 -3.686331 8.927940 3.782316 0.552001 3.913956 0.452080 0.329129 -2.748001 1.566699 -2.421818 7.703248 -2.862664 2.975215 -5.562340 -0.841392 -1.467462 -3.698278 -0.572805 -2.298746 -15.872771 0.000077 -0.000022 0.000006 0.022080 0.071735 0.022896 0.641820 -3.691601 -10.555942 -0.605508 3.812205 -10.670301 -12.340796 -6.013393 13.194021 -55.437572 -3.095630 9.952840 -0.776493 -19.507692 0.681869 -7.596257 -1.646739 -16.043781 -5.882100 9.861277 0.702591 -10.936858 -0.360576 7.156197 0.000001 8.774813 -0.000002 -16.011034 18.408709 6.025921 -1.844030 2.498503 -2.507276 -10.163589 4.678939 4.621104 -20.975992 -0.000005 0.000003 -21.226250 2.451692 -3.593993 0.000001 -0.000007 -0.000000 -1.362681 2.240797 -0.746323 -21.334890 0.584908 3.008322 -13.821194 -0.000003 0.000002 -23.887129 -0.249077 -0.839480 -61.011753 2.768198 -1.764373 -0.294024 1.679686 0.833256 -14.218192 0.093214 1.300578 -34.211998 -0.287563 0.967171 -20.033175 0.964536 1.212842 -0.000001 -0.000001 0.000001 -3.440385 0.788233 0.501658 -15.928167 -3.167307 2.999704 -6.338817 -0.000002 0.000002 -18.123411 3.648177 -4.905662 -0.000004 -0.000001 -0.000002 4.116284 14.101753 6.656154 51.439278 2.884553 -5.381279 2.346214 77.557762 2.462725 -2.724553 4.144589 -24.308958 2.243540 -5.255034 -3.180154 14.282878 -0.826593 6.952495 -0.000001 -12.690591 0.000000 15.859573 -18.373051 2.510201 1.665665 -1.955921 -2.878296 4.727794 -4.170584 4.993918 11.020514 0.000003 -0.000000 12.109032 -3.735708 -2.866777 0.000000 0.000000 0.000000 1.291984 -1.928547 -1.498088 14.800111 0.567468 3.865603 14.242554 -1.341736 -6.660646 19.631939 0.143926 -0.648241 50.532467 -0.955787 -6.802166 0.353029 -1.511148 -0.031940 20.222769 3.684307 2.316629 18.787245 0.000005 0.000001 10.751611 -0.479867 1.397904 0.000000 0.000001 0.000001 3.273804 0.305947 -0.580110 21.486794 11.830363 2.266132 8.162919 0.000003 -0.000000 18.399057 -3.798980 -4.940567 0.000004 0.000001 0.000000 -6.177861 8.705754 -42.060879 -0.031063 0.154115 34.250755 -17.918402 -2.893354 0.275074 1.624400 -2.173393 -2.466210 -0.000000 0.000000 0.000002 -0.387091 -12.873404 -23.625286 0.073900 0.121098 32.463512 7.580531 -16.536150 -16.865467 -1.518819 0.984189 1.158837 0.000000 0.000001 -0.000001 
0.205539 96.326324 42.880375 -1.968442 -2.188614 8.399328 3.627949 0.410735 3.974138 0.411811 -0.189308 -2.732147 1.139730 -2.556839 7.913658 -2.868301 2.984634 -5.164968 -1.093826 -1.449095 -3.661654 -0.478923 -2.554355 -15.937326 0.000077 -0.000022 0.000006 0.021732 0.047799 0.017534 0.645865 -3.703134 -10.475706 -0.612084 3.781805 -10.599534 -13.061453 -7.045537 13.110590 -52.515896 -7.020394 10.468898 -0.135933 -22.949982 0.426661 -5.786574 -1.764132 -15.765900 -5.882100 9.861279 0.702591 -10.936857 -0.360574 7.156195 -0.000000 8.774815 -0.000000 -16.003561 18.656021 6.219563 -1.844031 2.498503 -2.507276 -10.163589 4.678941 4.621102 -20.975992 -0.000001 0.000002 -21.226254 2.451696 -3.593995 -0.000001 -0.000005 -0.000001 -1.362681 2.240797 -0.746323 -21.334887 0.584910 3.008319 -13.821197 -0.000002 0.000000 -23.887123 -0.249077 -0.839483 -61.172932 2.925090 -1.762552 -0.294025 1.679686 0.833254 -14.218192 0.093216 1.300579 -34.211998 -0.287561 0.967166 -20.033176 0.964535 1.212840 0.000000 0.000000 0.000000 -3.440385 0.788233 0.501655 -15.928165 -3.167305 2.999703 -6.338816 -0.000001 0.000002 -18.123411 3.648178 -4.905662 -0.000004 -0.000000 -0.000003 4.891610 13.305157 7.489951 54.223881 -0.373785 -3.560061 1.919716 74.254082 1.930528 -1.001769 4.459250 -27.428007 2.243540 -5.255033 -3.180156 14.282878 -0.826595 6.952496 -0.000002 -12.690591 0.000000 15.995621 -18.376825 2.582283 1.665665 -1.955922 -2.878296 4.727795 -4.170585 4.993918 11.020514 0.000004 -0.000001 12.109033 -3.735709 -2.866779 0.000001 -0.000001 0.000001 1.291985 -1.928546 -1.498088 14.800114 0.567467 3.865604 14.242553 -1.341733 -6.660648 19.631939 0.143926 -0.648242 50.917610 -0.884319 -6.907566 0.353029 -1.511150 -0.031940 20.222771 3.684309 2.316629 18.787245 0.000006 0.000001 10.751612 -0.479869 1.397902 -0.000002 0.000001 -0.000000 3.273804 0.305946 -0.580110 21.486792 11.830366 2.266132 8.162916 0.000003 -0.000000 18.399057 -3.798980 -4.940566 0.000003 0.000000 -0.000001 -2.202766 6.498009 -39.077538 0.025630 0.025241 44.886486 -14.190749 -2.713845 -3.222790 1.712240 -1.955469 -2.119183 0.000000 -0.000000 0.000001 -0.874423 -12.882695 -25.553570 0.033251 0.189689 33.043053 6.872102 -18.485510 -14.809274 -1.510142 0.995472 1.098992 -0.000000 -0.000000 -0.000001 
1.287064 95.850197 40.025730 -2.397233 -2.504824 7.476404 3.627387 0.275999 3.719114 0.364583 -0.395459 -2.792854 0.997407 -2.336952 8.044490 -2.959938 3.182989 -3.734304 -1.125971 -1.122576 -3.698269 -0.323882 -2.080649 -15.648748 0.000077 -0.000022 0.000006 0.019197 0.035973 0.022642 0.663424 -3.710072 -10.468683 -0.635200 3.767210 -10.564198 -13.711406 -7.147351 12.803289 -50.392506 -10.192145 9.898718 0.547471 -27.777647 0.006569 -2.701930 -1.925938 -16.444771 -5.882102 9.861278 0.702589 -10.936860 -0.360575 7.156196 0.000000 8.774814 0.000000 -15.929450 18.631493 6.361637 -1.844031 2.498503 -2.507275 -10.163589 4.678939 4.621103 -20.975998 -0.000003 0.000003 -21.226254 2.451694 -3.593994 -0.000000 -0.000007 0.000000 -1.362680 2.240796 -0.746321 -21.334887 0.584909 3.008318 -13.821197 -0.000002 0.000001 -23.887131 -0.249079 -0.839482 -60.972687 2.881267 -1.704083 -0.294025 1.679687 0.833255 -14.218194 0.093215 1.300581 -34.211998 -0.287563 0.967170 -20.033178 0.964536 1.212841 0.000001 -0.000000 -0.000002 -3.440386 0.788233 0.501654 -15.928169 -3.167306 2.999704 -6.338818 -0.000002 0.000003 -18.123413 3.648176 -4.905662 -0.000003 0.000000 -0.000003 5.777236 12.554223 9.200638 56.849373 -2.315706 -1.183511 1.150052 69.247597 1.261444 1.009463 4.790940 -28.598303 2.243539 -5.255033 -3.180155 14.282877 -0.826595 6.952496 -0.000003 -12.690588 0.000000 16.167690 -18.179979 2.586117 1.665665 -1.955922 -2.878297 4.727794 -4.170582 4.993918 11.020509 0.000005 0.000000 12.109028 -3.735712 -2.866779 0.000001 -0.000002 0.000001 1.291984 -1.928547 -1.498088 14.800111 0.567469 3.865604 14.242553 -1.341733 -6.660648 19.631941 0.143927 -0.648243 51.059982 -0.782798 -6.836387 0.353029 -1.511152 -0.031940 20.222769 3.684306 2.316628 18.787245 0.000006 0.000000 10.751610 -0.479866 1.397903 -0.000002 0.000001 0.000001 3.273804 0.305947 -0.580110 21.486788 11.830361 2.266130 8.162917 0.000003 0.000001 18.399050 -3.798980 -4.940567 0.000004 0.000000 0.000000 2.912362 5.419051 -33.057625 -0.139765 -0.211177 54.232903 -10.912421 -2.545620 -4.696039 1.702832 -1.816896 -2.323146 -0.000000 0.000000 0.000004 -0.896707 -12.604513 -27.358091 -0.009292 0.160135 34.522717 6.586287 -18.923637 -13.362303 -1.497398 1.003675 0.688808 0.000000 0.000000 -0.000001 
2.593137 95.028809 37.424995 -3.156360 -4.129930 6.498604 3.528227 0.149768 3.310663 0.328566 -0.469469 -2.979836 1.014796 -2.213601 8.127076 -2.976299 3.470038 -1.964577 -0.880579 -0.414762 -3.759665 -0.153527 -1.055318 -15.297665 0.000077 -0.000022 0.000006 0.014230 0.067810 0.021781 0.679491 -3.679523 -10.532586 -0.660663 3.806280 -10.610068 -13.844234 -6.751216 12.450606 -49.125980 -12.624095 9.043124 1.352504 -32.985584 -0.460664 0.193038 -1.878266 -16.340298 -5.882101 9.861279 0.702590 -10.936860 -0.360575 7.156198 0.000000 8.774814 -0.000002 -15.645232 18.356922 6.473188 -1.844031 2.498501 -2.507276 -10.163589 4.678941 4.621104 -20.975992 -0.000004 0.000003 -21.226254 2.451692 -3.593992 0.000001 -0.000006 -0.000000 -1.362680 2.240796 -0.746322 -21.334887 0.584909 3.008321 -13.821197 -0.000002 0.000003 -23.887123 -0.249076 -0.839481 -60.476089 2.781998 -1.576872 -0.294025 1.679687 0.833255 -14.218194 0.093215 1.300580 -34.211998 -0.287563 0.967171 -20.033178 0.964535 1.212843 -0.000000 -0.000000 -0.000001 -3.440385 0.788233 0.501655 -15.928169 -3.167306 2.999703 -6.338818 -0.000001 0.000002 -18.123415 3.648177 -4.905660 -0.000004 0.000001 -0.000003 6.760215 11.818948 11.020264 58.951756 -3.277032 0.937722 1.131691 63.396854 1.135086 2.655894 5.012945 -28.668581 2.243540 -5.255033 -3.180154 14.282877 -0.826594 6.952496 -0.000001 -12.690590 0.000001 16.305798 -17.830584 2.506545 1.665665 -1.955919 -2.878297 4.727794 -4.170585 4.993918 11.020513 0.000000 -0.000002 12.109033 -3.735711 -2.866781 0.000001 -0.000001 -0.000000 1.291984 -1.928550 -1.498088 14.800111 0.567467 3.865602 14.242554 -1.341735 -6.660648 19.631937 0.143926 -0.648246 50.610867 -0.721185 -6.683291 0.353029 -1.511148 -0.031940 20.222769 3.684304 2.316628 18.787245 0.000005 -0.000001 10.751611 -0.479869 1.397904 -0.000002 0.000000 0.000001 3.273804 0.305947 -0.580110 21.486790 11.830361 2.266130 8.162914 0.000003 -0.000000 18.399052 -3.798983 -4.940567 0.000003 0.000000 -0.000001 7.587175 5.268086 -24.270702 -0.373937 -0.640874 58.660580 -8.533009 -3.070662 -5.067519 1.698034 -1.832296 -3.194622 -0.000000 0.000000 0.000002 -0.683994 -12.441740 -29.425611 -0.054538 0.030046 36.554554 6.380851 -17.675756 -12.116755 -1.491896 0.984673 0.266603 0.000000 0.000001 -0.000001 
3.989295 94.050995 34.895195 -3.892135 -6.100009 5.823439 3.215475 -0.022455 2.749911 0.278072 -0.625491 -3.296327 1.060744 -2.464508 8.265027 -2.663343 3.659165 -0.467186 -0.476703 0.687912 -3.768296 0.025658 0.170629 -14.815437 0.000077 -0.000022 0.000006 0.004515 0.092762 0.021122 0.677747 -3.654831 -10.587515 -0.678750 3.831625 -10.666871 -13.629249 -6.406735 12.252584 -48.023941 -14.574655 8.139314 2.043657 -37.444622 -0.812047 2.295701 -1.616100 -15.445688 -5.882100 9.861278 0.702591 -10.936861 -0.360575 7.156197 0.000001 8.774814 -0.000002 -15.366405 18.113945 6.561267 -1.844031 2.498504 -2.507276 -10.163589 4.678938 4.621103 -20.975998 -0.000005 0.000001 -21.226255 2.451692 -3.593993 0.000001 -0.000006 -0.000003 -1.362681 2.240796 -0.746322 -21.334887 0.584904 3.008318 -13.821197 -0.000005 0.000001 -23.887129 -0.249080 -0.839480 -59.892902 2.756646 -1.477315 -0.294024 1.679684 0.833255 -14.218194 0.093213 1.300580 -34.212006 -0.287566 0.967172 -20.033180 0.964532 1.212841 -0.000000 -0.000002 0.000002 -3.440385 0.788232 0.501654 -15.928167 -3.167306 2.999704 -6.338817 -0.000003 0.000002 -18.123415 3.648174 -4.905663 -0.000004 0.000000 -0.000001 8.033821 11.077028 12.474147 60.209049 -3.707262 2.279427 1.324895 57.297417 1.098861 3.810818 5.083221 -28.781267 2.243540 -5.255032 -3.180155 14.282877 -0.826593 6.952495 -0.000003 -12.690592 -0.000000 16.325628 -17.393074 2.457083 1.665665 -1.955921 -2.878296 4.727793 -4.170583 4.993918 11.020510 0.000004 -0.000001 12.109032 -3.735708 -2.866779 0.000000 0.000000 -0.000000 1.291985 -1.928547 -1.498088 14.800111 0.567468 3.865603 14.242553 -1.341733 -6.660648 19.631939 0.143927 -0.648243 49.948566 -0.676699 -6.497726 0.353029 -1.511149 -0.031939 20.222769 3.684309 2.316628 18.787245 0.000007 0.000002 10.751611 -0.479868 1.397904 -0.000001 0.000000 0.000000 3.273804 0.305946 -0.580110 21.486792 11.830364 2.266132 8.162916 0.000001 -0.000000 18.399055 -3.798979 -4.940567 0.000001 0.000000 -0.000001 10.747701 5.474639 -14.477210 -0.418393 -1.215906 57.352715 -7.355539 -3.843474 -5.869800 1.765799 -1.903073 -4.894740 0.000000 0.000000 0.000003 -0.281193 -12.770852 -31.921963 -0.049059 -0.044962 38.631386 5.885636 -15.333803 -10.748962 -1.477191 0.890657 0.019516 0.000000 0.000000 -0.000001 
5.355816 93.196205 32.254356 -4.302425 -7.701870 5.778886 2.551205 -0.322429 2.022708 0.187838 -0.972137 -3.665475 1.076276 -2.913413 8.399163 -1.836455 3.486853 0.354733 -0.022350 1.917895 -3.780907 0.295527 1.555471 -13.996356 0.000077 -0.000022 0.000006 -0.004465 0.057466 0.021315 0.667977 -3.680451 -10.602775 -0.685695 3.790218 -10.667976 -13.376164 -6.721711 12.122541 -46.399769 -16.310488 7.063454 2.057638 -40.142288 -0.688808 3.490142 -1.312671 -14.218103 -5.882102 9.861278 0.702590 -10.936858 -0.360577 7.156198 0.000001 8.774814 0.000000 -15.239595 17.991560 6.575817 -1.844031 2.498505 -2.507277 -10.163589 4.678940 4.621104 -20.975996 -0.000004 0.000003 -21.226255 2.451694 -3.593994 0.000001 -0.000007 -0.000003 -1.362679 2.240796 -0.746320 -21.334890 0.584904 3.008319 -13.821197 -0.000003 0.000000 -23.887129 -0.249077 -0.839479 -59.362099 2.834261 -1.500174 -0.294024 1.679686 0.833255 -14.218194 0.093214 1.300581 -34.212002 -0.287564 0.967172 -20.033176 0.964535 1.212842 0.000001 -0.000001 -0.000002 -3.440385 0.788233 0.501654 -15.928167 -3.167307 2.999704 -6.338815 -0.000002 0.000001 -18.123413 3.648177 -4.905658 -0.000004 -0.000000 -0.000003 9.836190 10.108994 13.209682 60.363472 -3.993132 2.721620 1.444676 51.428329 1.179147 4.645734 5.005204 -29.033484 2.243540 -5.255032 -3.180155 14.282877 -0.826593 6.952496 -0.000002 -12.690590 0.000000 16.376417 -17.093670 2.402997 1.665665 -1.955922 -2.878297 4.727794 -4.170583 4.993918 11.020513 0.000003 -0.000001 12.109034 -3.735709 -2.866781 -0.000001 0.000001 -0.000000 1.291985 -1.928546 -1.498089 14.800113 0.567467 3.865604 14.242554 -1.341736 -6.660648 19.631941 0.143925 -0.648245 49.529003 -0.658449 -6.489745 0.353029 -1.511149 -0.031940 20.222771 3.684306 2.316628 18.787247 0.000003 0.000000 10.751612 -0.479869 1.397904 0.000001 -0.000001 -0.000002 3.273804 0.305946 -0.580110 21.486792 11.830365 2.266132 8.162916 0.000002 -0.000001 18.399057 -3.798980 -4.940570 0.000002 -0.000001 -0.000001 11.906357 5.589743 -5.661879 -0.201240 -1.598502 50.347206 -6.856970 -4.406586 -8.538610 1.925815 -1.965389 -10.503698 -0.000000 0.000000 0.000002 0.109749 -13.218952 -34.858898 0.035224 -0.037980 39.959019 5.107870 -13.153103 -8.890130 -1.465443 0.799529 0.269015 -0.000000 0.000001 -0.000001 
7.053669 92.547424 29.267221 -4.494899 -9.066801 6.501632 1.578602 -0.472971 1.328271 0.111972 -1.661955 -3.951928 1.102815 -3.174519 8.469091 -0.578813 3.056144 0.336557 0.411808 2.841036 -3.871526 0.624657 3.074203 -13.295208 0.000077 -0.000023 0.000006 -0.003708 -0.034687 -0.024464 0.653793 -3.753897 -10.613835 -0.667920 3.686203 -10.672913 -13.050444 -7.939208 11.943610 -44.397938 -18.105949 5.654938 1.539560 -40.965137 -0.382812 3.914764 -1.061732 -12.583979 -5.882101 9.861278 0.702591 -10.936859 -0.360574 7.156198 -0.000000 8.774816 -0.000001 -15.286569 17.850052 6.501327 -1.844030 2.498502 -2.507275 -10.163589 4.678942 4.621104 -20.975996 -0.000001 0.000004 -21.226254 2.451693 -3.593996 0.000001 -0.000007 -0.000000 -1.362680 2.240797 -0.746325 -21.334887 0.584911 3.008320 -13.821194 -0.000002 0.000001 -23.887135 -0.249078 -0.839481 -58.987049 2.930192 -1.494009 -0.294024 1.679686 0.833254 -14.218194 0.093215 1.300579 -34.212006 -0.287562 0.967170 -20.033180 0.964535 1.212842 0.000000 0.000000 0.000000 -3.440385 0.788231 0.501653 -15.928169 -3.167306 2.999703 -6.338817 0.000001 0.000001 -18.123411 3.648175 -4.905664 -0.000004 0.000002 -0.000001 12.024005 9.162023 13.338772 59.599873 -3.979033 2.403377 1.252314 46.453167 1.069687 5.019474 4.572646 -29.106266 2.243539 -5.255032 -3.180155 14.282877 -0.826594 6.952496 -0.000003 -12.690588 0.000001 16.363649 -17.035183 2.531236 1.665665 -1.955918 -2.878295 4.727794 -4.170583 4.993917 11.020512 0.000003 -0.000001 12.109031 -3.735710 -2.866779 0.000001 -0.000001 0.000001 1.291985 -1.928546 -1.498088 14.800109 0.567467 3.865603 14.242553 -1.341733 -6.660649 19.631939 0.143924 -0.648244 49.470722 -0.756848 -6.317532 0.353028 -1.511150 -0.031940 20.222767 3.684308 2.316629 18.787245 0.000004 0.000001 10.751611 -0.479867 1.397905 -0.000001 0.000001 -0.000001 3.273804 0.305947 -0.580109 21.486790 11.830361 2.266131 8.162917 0.000003 0.000000 18.399054 -3.798978 -4.940568 0.000002 0.000000 -0.000001 11.439954 5.972936 0.105660 0.066239 -1.563427 40.098557 -7.905470 -4.574014 -15.396058 1.996822 -2.042252 -13.864248 -0.000000 -0.000000 0.000002 0.311262 -13.075542 -38.234615 0.130375 0.008850 39.863770 4.140839 -11.739598 -5.943953 -1.464270 0.773229 0.327682 -0.000000 -0.000000 -0.000001 
8.894188 92.393265 25.762817 -4.510160 -10.198336 7.513850 0.492624 -0.518930 0.985363 -0.091225 -2.216494 -3.872522 0.924284 -3.605663 8.490641 1.283460 2.327911 -0.509832 0.597816 3.972129 -3.894334 1.034154 4.283504 -12.847423 0.000077 -0.000023 0.000006 0.006660 -0.041575 -0.046496 0.663948 -3.763423 -10.671447 -0.655689 3.683407 -10.702927 -12.193441 -9.909720 11.575280 -42.350887 -19.974857 4.409110 1.002354 -40.256084 -0.196423 4.253086 -0.809263 -11.367078 -5.882102 9.861278 0.702590 -10.936858 -0.360577 7.156195 0.000001 8.774816 0.000000 -15.197638 17.959131 6.542122 -1.844031 2.498501 -2.507273 -10.163589 4.678939 4.621102 -20.975998 -0.000005 0.000005 -21.226255 2.451691 -3.593992 0.000001 -0.000006 0.000001 -1.362681 2.240797 -0.746323 -21.334890 0.584908 3.008320 -13.821195 -0.000003 0.000001 -23.887131 -0.249082 -0.839480 -59.192883 2.913473 -1.254312 -0.294025 1.679686 0.833255 -14.218192 0.093213 1.300579 -34.212006 -0.287568 0.967171 -20.033180 0.964532 1.212842 0.000000 0.000000 0.000002 -3.440386 0.788233 0.501656 -15.928169 -3.167306 2.999702 -6.338817 0.000001 0.000001 -18.123415 3.648175 -4.905662 -0.000003 0.000002 -0.000003 14.339741 8.319908 13.132814 58.733723 -3.067276 1.022102 0.707371 42.274765 0.579151 4.733194 3.800492 -28.453333 2.243540 -5.255033 -3.180156 14.282877 -0.826593 6.952496 -0.000003 -12.690586 0.000000 16.536249 -17.082733 2.442193 1.665665 -1.955920 -2.878297 4.727793 -4.170583 4.993917 11.020513 0.000004 -0.000001 12.109034 -3.735709 -2.866778 0.000001 0.000001 0.000000 1.291984 -1.928547 -1.498087 14.800113 0.567468 3.865604 14.242553 -1.341733 -6.660650 19.631935 0.143926 -0.648242 49.199249 -0.775010 -6.068749 0.353029 -1.511148 -0.031940 20.222771 3.684306 2.316628 18.787247 0.000006 -0.000001 10.751612 -0.479865 1.397904 -0.000000 -0.000000 -0.000001 3.273804 0.305947 -0.580111 21.486792 11.830362 2.266131 8.162918 0.000001 0.000000 18.399055 -3.798977 -4.940567 0.000004 0.000001 -0.000003 9.817373 6.617867 0.783943 0.145230 -1.078812 34.413643 -7.922241 -2.672742 -22.591610 1.857785 -2.105604 -8.168081 -0.000000 0.000000 0.000002 0.523291 -12.674021 -40.801147 0.288449 0.230823 36.896435 3.016433 -11.345681 -2.671276 -1.484682 0.883122 -1.165594 0.000000 0.000000 -0.000001 
10.598705 92.632980 22.032343 -4.760152 -11.783966 8.286070 -0.230045 -0.552616 1.082380 -0.418361 -2.308563 -3.722198 0.487824 -3.999134 8.700250 3.175435 1.746006 -1.274447 0.556840 5.270262 -3.826504 1.559613 5.496268 -13.118230 0.000077 -0.000023 0.000006 0.002400 -0.062002 -0.044148 0.651723 -3.785625 -10.688937 -0.649487 3.660266 -10.707864 -10.726246 -11.889156 11.286035 -40.863838 -21.698273 2.537201 0.372642 -38.724007 -0.086528 4.481165 -0.508512 -10.912301 -5.882099 9.861278 0.702590 -10.936859 -0.360574 7.156196 0.000002 8.774813 0.000000 -15.196028 18.123470 6.452483 -1.844029 2.498503 -2.507277 -10.163589 4.678939 4.621106 -20.975992 -0.000003 0.000005 -21.226250 2.451692 -3.593991 0.000001 -0.000005 -0.000001 -1.362682 2.240797 -0.746322 -21.334892 0.584907 3.008322 -13.821197 -0.000002 0.000005 -23.887133 -0.249077 -0.839479 -59.434956 2.952492 -1.264785 -0.294024 1.679685 0.833255 -14.218194 0.093213 1.300580 -34.211998 -0.287565 0.967174 -20.033180 0.964536 1.212844 -0.000000 0.000001 -0.000001 -3.440385 0.788230 0.501656 -15.928167 -3.167309 2.999705 -6.338817 0.000000 0.000003 -18.123413 3.648178 -4.905659 -0.000003 0.000002 -0.000001 15.729237 7.771267 12.822647 59.290432 -1.331260 -0.967979 -0.339870 39.272839 -0.030598 4.071345 2.628196 -27.797518 2.243540 -5.255033 -3.180155 14.282877 -0.826594 6.952495 -0.000004 -12.690590 0.000000 16.525316 -17.226555 2.550578 1.665664 -1.955920 -2.878296 4.727793 -4.170583 4.993918 11.020511 0.000004 -0.000001 12.109033 -3.735708 -2.866778 -0.000000 0.000001 -0.000001 1.291984 -1.928547 -1.498087 14.800114 0.567470 3.865605 14.242553 -1.341734 -6.660647 19.631935 0.143926 -0.648245 49.489567 -0.739052 -6.001501 0.353028 -1.511150 -0.031941 20.222769 3.684306 2.316629 18.787245 0.000006 -0.000001 10.751611 -0.479866 1.397903 -0.000002 -0.000000 -0.000000 3.273805 0.305947 -0.580111 21.486792 11.830362 2.266131 8.162916 0.000003 -0.000001 18.399052 -3.798980 -4.940566 0.000004 -0.000002 -0.000001 8.418838 7.606138 -1.941516 0.108208 -0.732411 34.091091 -7.182895 -0.551409 -26.391020 1.784790 -2.092451 -4.382341 0.000000 -0.000000 0.000001 0.841628 -11.700628 -41.159073 0.351830 0.309541 30.649752 0.957292 -10.677560 -0.061373 -1.490144 0.915397 -2.154264 0.000000 0.000001 -0.000001 
12.252529 93.000549 18.437664 -5.235585 -13.772358 8.805483 -0.739394 -0.534804 1.397185 -0.562522 -2.304603 -3.677248 0.074654 -4.002378 8.959232 4.238969 1.532120 -1.783951 0.638177 6.227582 -3.788713 1.892164 6.545790 -13.388634 0.000077 -0.000023 0.000006 0.010343 -0.055709 -0.041490 0.653012 -3.777365 -10.698075 -0.638096 3.667711 -10.696714 -9.254587 -13.447279 11.102702 -40.057972 -23.000353 1.068362 -0.026165 -36.922314 -0.102440 4.505114 -0.111145 -10.935183 -5.882101 9.861279 0.702589 -10.936857 -0.360575 7.156199 0.000001 8.774813 -0.000001 -15.125876 18.255714 6.417402 -1.844030 2.498502 -2.507275 -10.163589 4.678941 4.621105 -20.975992 -0.000005 0.000003 -21.226254 2.451693 -3.593992 0.000000 -0.000006 -0.000002 -1.362678 2.240795 -0.746323 -21.334892 0.584908 3.008321 -13.821197 -0.000003 0.000004 -23.887129 -0.249078 -0.839479 -59.400730 3.059206 -1.300865 -0.294025 1.679684 0.833254 -14.218194 0.093215 1.300578 -34.211998 -0.287567 0.967170 -20.033176 0.964532 1.212841 0.000001 0.000001 0.000001 -3.440384 0.788232 0.501654 -15.928169 -3.167308 2.999704 -6.338816 -0.000001 0.000000 -18.123411 3.648174 -4.905660 -0.000004 0.000002 -0.000002 15.950948 7.417645 12.714508 60.840786 0.513517 -3.041263 -1.385847 38.871101 -0.520498 2.887516 1.294042 -27.613451 2.243540 -5.255032 -3.180156 14.282877 -0.826593 6.952496 -0.000001 -12.690592 -0.000001 16.416006 -17.195744 2.524291 1.665664 -1.955919 -2.878296 4.727794 -4.170582 4.993916 11.020513 0.000004 -0.000002 12.109033 -3.735711 -2.866780 0.000001 -0.000001 -0.000001 1.291984 -1.928547 -1.498087 14.800111 0.567468 3.865604 14.242553 -1.341736 -6.660648 19.631941 0.143926 -0.648244 49.523502 -0.604653 -5.981838 0.353029 -1.511149 -0.031941 20.222769 3.684307 2.316628 18.787245 0.000004 -0.000002 10.751611 -0.479868 1.397904 -0.000000 -0.000000 -0.000000 3.273805 0.305946 -0.580109 21.486792 11.830363 2.266131 8.162916 0.000002 -0.000001 18.399052 -3.798980 -4.940568 0.000005 0.000001 -0.000001 7.480875 8.715691 -5.864436 0.056039 -0.494916 36.377888 -6.622081 1.142957 -28.386223 1.735422 -2.051750 -2.419791 0.000000 0.000000 0.000002 1.450592 -10.511086 -40.264336 0.290186 0.296335 23.331406 -1.115087 -10.031895 0.316101 -1.462613 0.894668 -2.787504 -0.000001 0.000002 -0.000001 
13.685047 93.366966 15.235169 -5.804101 -16.161730 9.206019 -1.130584 -0.423683 1.667006 -0.578269 -2.138623 -3.666944 -0.232852 -3.799022 9.087138 4.439371 1.690477 -2.026312 0.889211 6.902681 -3.790219 2.003513 7.461823 -13.667393 0.000077 -0.000023 0.000006 0.011899 -0.003479 -0.035831 0.679471 -3.709351 -10.697061 -0.663183 3.709928 -10.683550 -8.295439 -14.152168 10.925861 -39.793774 -23.852633 0.350796 -0.346498 -35.288258 -0.043447 4.280032 0.452766 -10.966595 -5.882100 9.861276 0.702589 -10.936858 -0.360575 7.156198 0.000002 8.774811 0.000000 -15.082626 18.158171 6.454698 -1.844030 2.498501 -2.507276 -10.163590 4.678940 4.621106 -20.975996 -0.000004 0.000003 -21.226254 2.451693 -3.593992 0.000000 -0.000006 -0.000002 -1.362679 2.240796 -0.746321 -21.334887 0.584908 3.008321 -13.821197 -0.000001 0.000004 -23.887129 -0.249080 -0.839480 -59.403797 2.991686 -1.037720 -0.294025 1.679688 0.833254 -14.218190 0.093214 1.300578 -34.211998 -0.287567 0.967171 -20.033176 0.964534 1.212841 0.000001 0.000001 0.000002 -3.440388 0.788232 0.501656 -15.928167 -3.167306 2.999703 -6.338818 -0.000001 0.000003 -18.123413 3.648178 -4.905659 -0.000004 0.000002 -0.000003 15.556540 7.390078 12.735191 62.667599 1.948166 -4.723444 -1.984080 41.213692 -0.839087 1.241610 0.031929 -26.616783 2.243538 -5.255033 -3.180153 14.282877 -0.826595 6.952498 -0.000003 -12.690590 -0.000001 16.103844 -17.091604 2.517021 1.665665 -1.955919 -2.878293 4.727795 -4.170583 4.993919 11.020512 0.000004 0.000000 12.109032 -3.735709 -2.866777 0.000001 0.000001 0.000000 1.291983 -1.928548 -1.498089 14.800111 0.567469 3.865605 14.242551 -1.341735 -6.660647 19.631937 0.143926 -0.648241 49.298885 -0.606430 -5.815836 0.353029 -1.511149 -0.031938 20.222769 3.684307 2.316631 18.787245 0.000007 0.000003 10.751610 -0.479870 1.397905 -0.000001 0.000000 0.000000 3.273804 0.305946 -0.580110 21.486788 11.830364 2.266133 8.162916 0.000003 -0.000001 18.399048 -3.798978 -4.940564 0.000004 -0.000001 -0.000003 6.756600 9.966924 -9.021026 0.043526 -0.327336 38.212452 -6.408155 2.392844 -29.147810 1.670493 -1.937276 -1.324368 0.000000 -0.000000 0.000002 2.501729 -9.840320 -39.292786 0.140435 0.152011 17.757856 -1.337273 -9.734053 -0.410291 -1.431907 0.959035 -3.005341 0.000000 0.000000 -0.000000 
14.900014 93.939690 12.358632 -6.158037 -18.551882 9.419751 -1.458040 -0.366154 1.894294 -0.643755 -1.744345 -3.612286 -0.543340 -3.575532 9.194868 4.072523 1.912403 -2.308541 1.119703 7.714462 -3.779916 2.052132 8.326452 -14.063030 0.000077 -0.000023 0.000006 0.011346 0.024007 -0.023606 0.709020 -3.692912 -10.695534 -0.695648 3.744321 -10.676514 -7.899554 -14.268809 10.846326 -39.932240 -24.226381 0.049860 -0.743609 -33.999340 0.218154 3.939584 0.852610 -10.830367 -5.882101 9.861278 0.702589 -10.936858 -0.360575 7.156198 -0.000000 8.774810 -0.000003 -15.236588 18.096172 6.310436 -1.844030 2.498501 -2.507275 -10.163589 4.678939 4.621101 -20.975998 -0.000003 0.000005 -21.226255 2.451692 -3.593993 0.000000 -0.000007 -0.000001 -1.362682 2.240797 -0.746322 -21.334896 0.584909 3.008321 -13.821198 -0.000002 0.000005 -23.887135 -0.249076 -0.839479 -59.302010 2.997950 -1.027995 -0.294025 1.679688 0.833256 -14.218194 0.093213 1.300580 -34.212006 -0.287564 0.967174 -20.033180 0.964538 1.212843 0.000002 0.000001 0.000001 -3.440387 0.788233 0.501656 -15.928169 -3.167304 2.999706 -6.338820 -0.000001 0.000001 -18.123415 3.648176 -4.905660 -0.000004 0.000001 -0.000002 14.828905 7.568947 12.853175 64.607155 3.201035 -5.717429 -1.997975 45.838299 -0.956570 -0.517551 -1.070340 -24.361534 2.243539 -5.255031 -3.180155 14.282878 -0.826593 6.952499 -0.000003 -12.690588 0.000000 16.012442 -17.069216 2.373703 1.665665 -1.955921 -2.878297 4.727793 -4.170584 4.993919 11.020511 0.000004 -0.000001 12.109033 -3.735710 -2.866779 0.000001 0.000001 -0.000001 1.291985 -1.928550 -1.498088 14.800111 0.567467 3.865604 14.242553 -1.341734 -6.660647 19.631941 0.143925 -0.648244 49.061272 -0.598364 -5.895166 0.353028 -1.511149 -0.031941 20.222767 3.684303 2.316628 18.787247 0.000004 -0.000000 10.751612 -0.479871 1.397903 0.000000 0.000002 0.000000 3.273804 0.305946 -0.580111 21.486794 11.830360 2.266132 8.162917 0.000000 -0.000001 18.399052 -3.798981 -4.940567 0.000003 0.000000 -0.000001 6.018394 11.214995 -11.428693 0.077823 -0.212854 39.243702 -6.259148 3.774082 -28.357313 1.639946 -1.892552 -0.875150 0.000000 0.000000 0.000002 3.860158 -10.499052 -38.867363 0.140805 0.034187 16.571381 -0.528269 -9.415498 0.732872 -1.426172 1.039738 -2.854824 0.000000 0.000002 0.000000 
15.834191 94.797050 9.850947 -6.193382 -20.378803 9.469583 -1.733016 -0.280006 1.951616 -0.729914 -1.344463 -3.541755 -0.856934 -3.343145 9.282167 3.518830 2.174286 -2.561466 1.185660 8.170292 -3.691402 2.096816 8.628292 -14.304056 0.000077 -0.000022 0.000006 0.013925 0.044524 -0.014874 0.727635 -3.679414 -10.691596 -0.710568 3.771477 -10.666266 -7.952257 -13.964494 10.889264 -41.199562 -24.000263 0.315861 -1.015563 -33.186714 0.437416 3.507084 0.995208 -10.855588 -5.882099 9.861278 0.702592 -10.936858 -0.360577 7.156197 -0.000001 8.774813 -0.000003 -15.441841 18.030117 6.169263 -1.844033 2.498501 -2.507276 -10.163589 4.678938 4.621104 -20.975992 -0.000004 0.000004 -21.226250 2.451690 -3.593992 0.000000 -0.000007 -0.000001 -1.362681 2.240797 -0.746325 -21.334887 0.584909 3.008322 -13.821195 -0.000001 0.000004 -23.887131 -0.249078 -0.839479 -59.458378 2.975489 -1.084256 -0.294024 1.679686 0.833256 -14.218190 0.093215 1.300580 -34.212002 -0.287563 0.967174 -20.033176 0.964534 1.212844 0.000000 0.000001 0.000001 -3.440385 0.788232 0.501656 -15.928169 -3.167308 2.999703 -6.338817 0.000000 0.000002 -18.123411 3.648176 -4.905661 -0.000004 0.000000 -0.000002 13.879428 7.919374 12.915372 65.978493 4.022148 -4.573618 -1.563028 51.644749 -0.859653 -1.562705 -1.609895 -20.249367 2.243540 -5.255033 -3.180155 14.282875 -0.826594 6.952494 -0.000002 -12.690588 0.000001 15.961558 -17.087986 2.234093 1.665665 -1.955920 -2.878297 4.727794 -4.170583 4.993919 11.020513 0.000005 -0.000001 12.109031 -3.735711 -2.866779 0.000001 0.000000 -0.000001 1.291985 -1.928547 -1.498088 14.800113 0.567466 3.865601 14.242551 -1.341734 -6.660649 19.631941 0.143926 -0.648244 48.870964 -0.549457 -6.086741 0.353030 -1.511150 -0.031941 20.222769 3.684306 2.316627 18.787247 0.000004 -0.000003 10.751612 -0.479868 1.397903 -0.000000 0.000002 -0.000001 3.273804 0.305949 -0.580110 21.486792 11.830362 2.266129 8.162916 -0.000001 -0.000001 18.399052 -3.798980 -4.940570 0.000003 -0.000001 -0.000001 5.297189 12.178766 -12.800440 0.118371 -0.135016 38.489628 -6.176455 4.955270 -26.645803 1.625051 -1.873442 -0.662683 -0.000000 0.000000 0.000002 4.444088 -11.914203 -38.167110 0.175851 -0.093546 18.572660 0.341313 -8.698481 2.568896 -1.445292 1.063439 -2.585613 0.000000 0.000000 -0.000001 
16.501326 95.769569 7.527460 -5.946574 -21.299623 9.410753 -2.034992 -0.245243 1.931254 -0.805441 -1.008799 -3.486606 -1.152829 -3.155576 9.238160 3.219494 2.415689 -2.635072 1.077352 8.011012 -3.610689 2.175389 8.355721 -14.284878 0.000077 -0.000023 0.000006 0.015317 0.037431 -0.007919 0.731388 -3.690274 -10.681666 -0.711395 3.768892 -10.669765 -8.090018 -13.505887 10.989834 -43.592701 -23.289423 1.404457 -1.152927 -32.592457 0.526119 2.982427 1.046378 -11.246040 -5.882102 9.861278 0.702590 -10.936857 -0.360573 7.156196 -0.000001 8.774815 0.000001 -15.580516 18.033583 6.129273 -1.844031 2.498503 -2.507275 -10.163590 4.678940 4.621105 -20.975994 -0.000001 0.000003 -21.226254 2.451695 -3.593995 0.000000 -0.000006 -0.000002 -1.362679 2.240795 -0.746323 -21.334894 0.584910 3.008322 -13.821197 0.000001 0.000003 -23.887129 -0.249076 -0.839481 -59.726475 2.880017 -1.136969 -0.294025 1.679687 0.833254 -14.218194 0.093214 1.300581 -34.212006 -0.287561 0.967169 -20.033178 0.964538 1.212842 -0.000001 0.000001 -0.000002 -3.440386 0.788234 0.501657 -15.928167 -3.167304 2.999705 -6.338815 0.000000 0.000001 -18.123413 3.648180 -4.905662 -0.000004 0.000000 -0.000003 12.956923 8.234856 12.824327 66.435371 4.430444 -1.511362 -1.010316 57.792324 -0.633199 -1.347595 -1.543654 -14.517148 2.243540 -5.255033 -3.180155 14.282877 -0.826591 6.952496 -0.000002 -12.690592 0.000001 15.867828 -17.093885 2.171485 1.665665 -1.955921 -2.878297 4.727793 -4.170585 4.993918 11.020511 0.000003 -0.000000 12.109031 -3.735712 -2.866779 -0.000000 0.000000 0.000001 1.291984 -1.928548 -1.498088 14.800109 0.567467 3.865602 14.242551 -1.341733 -6.660649 19.631937 0.143927 -0.648243 48.777405 -0.522027 -6.288133 0.353027 -1.511149 -0.031938 20.222767 3.684303 2.316628 18.787245 0.000003 0.000001 10.751610 -0.479868 1.397904 -0.000000 0.000002 -0.000000 3.273803 0.305947 -0.580111 21.486792 11.830364 2.266131 8.162916 0.000003 -0.000001 18.399054 -3.798978 -4.940568 0.000002 0.000000 -0.000001 4.661438 12.580250 -13.590239 0.140180 -0.067841 36.486603 -6.113146 5.815897 -24.637178 1.617349 -1.871000 -0.443590 0.000000 0.000000 0.000002 3.752624 -13.451442 -36.422123 0.221934 -0.117859 21.260624 1.069745 -7.733173 3.773093 -1.479459 0.986816 -2.411287 -0.000000 -0.000001 -0.000001 
16.915400 96.682144 5.253644 -5.511523 -21.293182 9.332529 -2.349656 -0.263509 1.879072 -0.863545 -0.775598 -3.533511 -1.401392 -2.970791 9.097781 3.129032 2.515151 -2.498162 0.941900 7.422211 -3.580158 2.236651 7.663870 -14.047890 0.000077 -0.000022 0.000006 0.015739 0.030421 -0.007914 0.726804 -3.690916 -10.666292 -0.706111 3.761393 -10.659371 -8.266894 -13.052861 11.167148 -46.619820 -22.181177 3.421298 -1.007927 -31.843603 0.416682 2.209341 1.090247 -12.159504 -5.882100 9.861278 0.702590 -10.936859 -0.360574 7.156198 0.000001 8.774813 0.000001 -15.658281 18.166872 6.164828 -1.844031 2.498500 -2.507275 -10.163589 4.678940 4.621106 -20.975994 -0.000003 0.000002 -21.226250 2.451692 -3.593993 0.000001 -0.000006 -0.000001 -1.362682 2.240796 -0.746323 -21.334896 0.584908 3.008321 -13.821197 -0.000001 0.000004 -23.887135 -0.249081 -0.839480 -60.011158 2.806458 -1.200677 -0.294025 1.679687 0.833253 -14.218192 0.093217 1.300578 -34.212002 -0.287564 0.967170 -20.033178 0.964536 1.212843 0.000001 0.000001 -0.000001 -3.440385 0.788231 0.501656 -15.928169 -3.167307 2.999703 -6.338818 0.000000 0.000003 -18.123415 3.648175 -4.905661 -0.000004 0.000002 -0.000002 12.154646 8.456924 12.693468 66.054916 4.733372 2.597966 -1.077452 63.890377 -0.799820 0.016905 -0.940001 -8.000113 2.243540 -5.255033 -3.180156 14.282878 -0.826592 6.952497 -0.000003 -12.690588 0.000001 15.703086 -17.243587 2.264232 1.665664 -1.955919 -2.878296 4.727795 -4.170582 4.993920 11.020512 0.000003 0.000000 12.109033 -3.735708 -2.866778 0.000000 -0.000001 -0.000000 1.291986 -1.928548 -1.498088 14.800113 0.567467 3.865604 14.242556 -1.341737 -6.660648 19.631941 0.143924 -0.648243 49.046764 -0.502901 -6.416118 0.353029 -1.511148 -0.031940 20.222771 3.684308 2.316631 18.787247 0.000006 0.000003 10.751611 -0.479870 1.397906 -0.000001 0.000002 0.000001 3.273805 0.305947 -0.580111 21.486795 11.830362 2.266132 8.162917 0.000003 0.000001 18.399054 -3.798976 -4.940566 0.000002 -0.000001 -0.000001 4.156166 12.411755 -14.284900 0.122897 -0.064779 34.042206 -6.111495 6.365721 -22.624393 1.610891 -1.906676 -0.203913 0.000000 -0.000000 0.000002 1.789081 -14.703699 -33.757679 0.270939 -0.048531 23.915674 1.665057 -7.173547 4.201997 -1.496312 0.891932 -2.313157 0.000000 0.000000 -0.000001 
17.148172 97.379662 3.119200 -4.926204 -20.532440 9.247516 -2.644985 -0.337080 1.710681 -0.919722 -0.551996 -3.676280 -1.638636 -2.735917 8.965180 3.221094 2.451034 -2.163764 0.816715 6.484096 -3.600596 2.216228 6.572239 -13.697659 0.000077 -0.000023 0.000006 0.017399 0.023399 -0.011124 0.722736 -3.700215 -10.648288 -0.699776 3.750378 -10.655946 -8.510313 -12.534077 11.512049 -49.857338 -20.841145 5.976626 -0.754374 -30.887030 0.223390 1.541310 1.157963 -13.102275 -5.882102 9.861278 0.702588 -10.936858 -0.360574 7.156196 0.000001 8.774813 -0.000001 -15.734081 18.396282 6.305962 -1.844031 2.498502 -2.507277 -10.163590 4.678940 4.621103 -20.975996 -0.000003 0.000001 -21.226257 2.451691 -3.593997 -0.000000 -0.000007 0.000001 -1.362679 2.240796 -0.746323 -21.334890 0.584908 3.008317 -13.821197 -0.000003 0.000001 -23.887133 -0.249079 -0.839481 -60.241604 2.707072 -1.184554 -0.294024 1.679687 0.833255 -14.218195 0.093214 1.300578 -34.212006 -0.287568 0.967165 -20.033178 0.964534 1.212843 0.000002 0.000001 0.000001 -3.440385 0.788233 0.501654 -15.928165 -3.167305 2.999702 -6.338816 -0.000001 0.000000 -18.123415 3.648173 -4.905662 -0.000004 0.000002 -0.000001 11.486828 8.584334 12.488835 65.161659 5.014521 6.381729 -1.336620 69.763962 -1.110231 1.655208 -0.120263 -2.439541 2.243539 -5.255033 -3.180154 14.282877 -0.826595 6.952495 -0.000003 -12.690592 0.000001 15.521523 -17.590168 2.512887 1.665664 -1.955922 -2.878296 4.727792 -4.170579 4.993917 11.020511 0.000005 -0.000001 12.109030 -3.735711 -2.866779 0.000001 0.000001 0.000000 1.291983 -1.928546 -1.498088 14.800113 0.567469 3.865603 14.242553 -1.341733 -6.660648 19.631937 0.143926 -0.648242 49.585316 -0.598646 -6.439653 0.353029 -1.511148 -0.031940 20.222767 3.684310 2.316628 18.787245 0.000006 0.000001 10.751610 -0.479867 1.397903 -0.000000 0.000001 -0.000001 3.273804 0.305945 -0.580110 21.486790 11.830367 2.266132 8.162916 0.000003 0.000000 18.399050 -3.798977 -4.940567 0.000004 0.000000 0.000000 3.703745 11.791480 -15.096214 0.081689 -0.108629 31.834301 -6.102117 6.518601 -20.851139 1.600412 -1.939217 0.017893 -0.000000 0.000000 0.000001 -1.178941 -15.368041 -30.209986 0.330142 0.119032 26.231142 2.206883 -7.611314 3.877291 -1.486199 0.862201 -2.319309 -0.000000 -0.000000 -0.000001 
17.259352 97.861443 1.143324 -4.225951 -19.394081 9.099664 -2.860960 -0.357447 1.454250 -0.974112 -0.304955 -3.904574 -1.918492 -2.424550 8.964336 3.427704 2.329880 -1.753945 0.622419 5.421627 -3.629433 2.226671 5.193129 -13.309824 0.000077 -0.000023 0.000006 0.019602 0.022337 -0.013413 0.728733 -3.702407 -10.639848 -0.700557 3.746658 -10.650295 -9.009581 -11.711680 11.959151 -52.717773 -19.255281 8.270128 -0.597066 -29.996462 0.136950 1.382656 1.175194 -13.895201 -5.882101 9.861279 0.702590 -10.936858 -0.360574 7.156195 0.000001 8.774813 -0.000002 -15.770916 18.570866 6.399324 -1.844030 2.498501 -2.507278 -10.163589 4.678939 4.621104 -20.975992 -0.000004 0.000003 -21.226248 2.451690 -3.593992 0.000001 -0.000006 -0.000001 -1.362680 2.240796 -0.746323 -21.334887 0.584907 3.008320 -13.821195 -0.000001 0.000003 -23.887125 -0.249078 -0.839481 -60.331623 2.608535 -1.155552 -0.294023 1.679687 0.833255 -14.218192 0.093214 1.300579 -34.211998 -0.287566 0.967170 -20.033178 0.964534 1.212841 0.000000 0.000000 0.000000 -3.440385 0.788234 0.501654 -15.928167 -3.167307 2.999703 -6.338815 -0.000000 0.000001 -18.123413 3.648174 -4.905662 -0.000004 0.000001 0.000001 10.943204 8.804244 12.288220 64.026833 5.420275 8.986626 -0.959459 74.911995 -0.821611 2.918787 0.808169 0.991535 2.243539 -5.255032 -3.180154 14.282875 -0.826594 6.952497 -0.000003 -12.690590 -0.000000 15.447206 -17.967525 2.716571 1.665665 -1.955921 -2.878297 4.727793 -4.170585 4.993919 11.020511 0.000003 -0.000000 12.109031 -3.735709 -2.866779 -0.000000 -0.000001 0.000001 1.291984 -1.928546 -1.498088 14.800111 0.567468 3.865602 14.242553 -1.341735 -6.660648 19.631939 0.143925 -0.648243 50.041935 -0.715387 -6.415876 0.353029 -1.511147 -0.031940 20.222771 3.684306 2.316630 18.787245 0.000003 -0.000000 10.751610 -0.479867 1.397906 0.000001 0.000001 0.000001 3.273804 0.305947 -0.580109 21.486792 11.830362 2.266131 8.162915 0.000000 -0.000001 18.399055 -3.798978 -4.940567 0.000003 -0.000000 -0.000001 3.240896 10.914681 -16.058136 0.031165 -0.175200 30.251238 -6.078643 6.462796 -19.216543 1.587104 -1.957025 0.154190 -0.000000 0.000000 0.000002 -4.637994 -15.410561 -25.864714 0.363831 0.261539 28.007257 2.686424 -8.633735 3.451929 -1.472900 0.850741 -2.340963 -0.000000 0.000002 -0.000001 
17.153162 98.151627 -0.614845 -3.484163 -18.241571 8.875424 -2.979780 -0.343305 1.095024 -1.027867 0.089829 -4.103934 -2.233493 -1.993692 9.043036 3.630505 2.196996 -1.331762 0.388717 4.409532 -3.660072 2.289129 3.742465 -12.885365 0.000077 -0.000023 0.000006 0.020438 0.036133 -0.016437 0.731908 -3.679362 -10.604755 -0.701776 3.759288 -10.632153 -9.771108 -10.532496 12.342190 -55.052803 -17.161100 10.006076 -0.465368 -29.464861 0.080517 1.793250 1.070580 -14.657720 -5.882100 9.861278 0.702589 -10.936858 -0.360576 7.156197 0.000002 8.774814 -0.000001 -15.761776 18.747269 6.463413 -1.844030 2.498502 -2.507278 -10.163589 4.678941 4.621102 -20.975996 -0.000003 0.000002 -21.226254 2.451691 -3.593995 0.000001 -0.000005 -0.000000 -1.362680 2.240796 -0.746322 -21.334887 0.584908 3.008320 -13.821197 -0.000004 0.000001 -23.887133 -0.249082 -0.839481 -60.460052 2.538432 -1.197645 -0.294024 1.679687 0.833254 -14.218192 0.093213 1.300578 -34.212002 -0.287565 0.967173 -20.033176 0.964533 1.212843 -0.000001 0.000001 0.000001 -3.440385 0.788233 0.501653 -15.928165 -3.167308 2.999703 -6.338816 -0.000000 0.000000 -18.123413 3.648174 -4.905662 -0.000003 0.000001 -0.000001 10.415658 9.157017 12.130484 62.935375 5.981625 10.624493 -0.104387 78.935654 0.117302 3.871933 1.685691 2.812592 2.243540 -5.255032 -3.180154 14.282875 -0.826594 6.952498 -0.000003 -12.690590 0.000002 15.513070 -18.157417 2.803615 1.665664 -1.955918 -2.878296 4.727793 -4.170582 4.993917 11.020509 0.000005 -0.000001 12.109032 -3.735708 -2.866779 0.000001 -0.000003 0.000001 1.291984 -1.928548 -1.498089 14.800109 0.567470 3.865603 14.242553 -1.341734 -6.660648 19.631937 0.143926 -0.648242 50.261292 -0.779830 -6.356864 0.353029 -1.511151 -0.031939 20.222771 3.684307 2.316628 18.787245 0.000004 -0.000001 10.751613 -0.479868 1.397905 -0.000001 0.000002 -0.000001 3.273804 0.305944 -0.580111 21.486790 11.830364 2.266129 8.162916 0.000003 0.000000 18.399054 -3.798979 -4.940567 0.000003 0.000002 -0.000002 2.864912 9.917170 -16.911283 -0.004285 -0.208764 29.090321 -6.131719 6.499339 -17.883783 1.574839 -1.954623 0.206410 0.000000 -0.000000 0.000002 -8.027227 -15.122401 -20.866508 0.401010 0.457576 28.933807 2.841838 -9.716385 3.565728 -1.460229 0.859483 -2.415104 0.000000 0.000000 0.000000 
16.949055 98.285164 -2.487126 -2.798276 -17.359564 8.629704 -2.982681 -0.278354 0.683497 -1.052317 0.644425 -4.292525 -2.569713 -1.455543 9.162410 3.753820 2.074759 -0.900673 0.134974 3.521162 -3.669536 2.410331 2.391606 -12.432657 0.000077 -0.000022 0.000006 0.017434 0.053500 -0.014362 0.730637 -3.659302 -10.588303 -0.703836 3.768172 -10.627230 -10.660689 -9.029457 12.551721 -56.839512 -14.436234 11.086262 -0.325532 -29.270128 -0.002937 2.499704 0.751435 -15.667458 -5.882101 9.861279 0.702589 -10.936858 -0.360574 7.156196 -0.000000 8.774813 -0.000002 -15.770102 18.790323 6.388569 -1.844031 2.498503 -2.507277 -10.163589 4.678939 4.621102 -20.975994 -0.000004 0.000001 -21.226254 2.451691 -3.593996 0.000001 -0.000006 -0.000000 -1.362680 2.240797 -0.746324 -21.334892 0.584909 3.008319 -13.821193 -0.000003 0.000000 -23.887129 -0.249077 -0.839483 -60.603485 2.486683 -1.333513 -0.294024 1.679687 0.833255 -14.218194 0.093216 1.300578 -34.212002 -0.287562 0.967165 -20.033176 0.964535 1.212840 0.000000 0.000002 0.000001 -3.440385 0.788233 0.501657 -15.928167 -3.167306 2.999705 -6.338817 -0.000001 0.000000 -18.123415 3.648176 -4.905661 -0.000004 -0.000001 -0.000002 9.833915 9.702347 11.998763 61.787601 6.589969 11.796132 0.669697 81.948448 1.095468 4.605207 2.408077 3.710974 2.243540 -5.255034 -3.180155 14.282877 -0.826592 6.952496 -0.000002 -12.690592 -0.000002 15.670209 -18.243376 2.793345 1.665664 -1.955921 -2.878295 4.727794 -4.170582 4.993919 11.020509 0.000003 -0.000002 12.109031 -3.735710 -2.866780 -0.000001 -0.000002 -0.000001 1.291983 -1.928545 -1.498089 14.800114 0.567466 3.865604 14.242553 -1.341738 -6.660649 19.631939 0.143925 -0.648245 50.353291 -0.781340 -6.342677 0.353028 -1.511151 -0.031939 20.222767 3.684307 2.316629 18.787245 0.000001 -0.000002 10.751610 -0.479869 1.397904 0.000001 0.000001 0.000000 3.273804 0.305947 -0.580110 21.486788 11.830361 2.266131 8.162916 -0.000000 0.000000 18.399052 -3.798981 -4.940568 0.000003 0.000002 -0.000002 2.595589 9.040650 -17.981880 -0.029226 -0.224156 28.520731 -6.207471 6.719455 -16.772074 1.568632 -1.947401 0.250684 -0.000000 0.000000 0.000002 -10.951267 -14.663266 -15.753349 0.416602 0.701011 28.955540 3.097629 -10.255387 4.115335 -1.461320 0.901567 -2.482240 -0.000001 0.000000 0.000000 
16.586468 98.327873 -4.007380 -2.194978 -16.893841 8.407858 -2.897994 -0.161525 0.236483 -1.050121 1.281044 -4.474723 -2.864395 -0.823552 9.268867 3.726213 2.010296 -0.395228 -0.083152 2.755595 -3.680941 2.576901 1.243484 -11.966031 0.000077 -0.000022 0.000006 0.012891 0.070798 -0.021081 0.724083 -3.631541 -10.593651 -0.707909 3.783751 -10.634120 -11.534176 -7.333256 12.668685 -58.078754 -11.286166 11.738221 -0.150197 -29.090002 -0.121670 3.027301 0.283012 -17.155609 -5.882100 9.861277 0.702591 -10.936860 -0.360576 7.156198 0.000000 8.774811 -0.000002 -15.843482 18.780748 6.255055 -1.844030 2.498502 -2.507275 -10.163589 4.678939 4.621104 -20.975998 -0.000005 0.000003 -21.226250 2.451692 -3.593990 0.000000 -0.000007 -0.000001 -1.362680 2.240796 -0.746324 -21.334894 0.584908 3.008324 -13.821197 -0.000003 0.000003 -23.887133 -0.249080 -0.839480 -60.795715 2.435019 -1.480330 -0.294024 1.679686 0.833255 -14.218194 0.093213 1.300579 -34.212013 -0.287565 0.967173 -20.033176 0.964535 1.212843 0.000000 -0.000002 0.000000 -3.440385 0.788231 0.501655 -15.928165 -3.167306 2.999706 -6.338818 -0.000002 0.000001 -18.123413 3.648175 -4.905658 -0.000002 -0.000000 -0.000001 9.179506 10.419855 11.874924 60.544987 7.237401 12.832113 1.778581 84.001381 2.378167 5.272934 2.906723 4.156147 2.243539 -5.255033 -3.180154 14.282877 -0.826594 6.952495 -0.000003 -12.690588 0.000001 15.772511 -18.213949 2.746907 1.665665 -1.955919 -2.878296 4.727793 -4.170583 4.993918 11.020510 0.000005 0.000000 12.109034 -3.735708 -2.866780 0.000001 -0.000000 -0.000000 1.291986 -1.928549 -1.498088 14.800117 0.567470 3.865602 14.242556 -1.341735 -6.660649 19.631939 0.143925 -0.648243 50.368969 -0.771271 -6.317889 0.353028 -1.511150 -0.031941 20.222769 3.684305 2.316628 18.787245 0.000005 0.000000 10.751610 -0.479865 1.397905 0.000000 0.000001 0.000000 3.273804 0.305947 -0.580112 21.486794 11.830365 2.266132 8.162915 0.000001 -0.000000 18.399052 -3.798978 -4.940567 0.000003 -0.000000 -0.000001 2.439554 8.386173 -18.765144 -0.042138 -0.229685 28.101513 -6.326195 7.067947 -15.935394 1.567181 -1.949681 0.296179 0.000000 -0.000000 0.000002 -13.298153 -14.124641 -10.858897 0.418252 0.937860 27.829945 3.916923 -9.948621 4.740397 -1.461694 0.887964 -2.543828 0.000000 0.000000 -0.000001 
16.107744 98.318214 -5.528025 -1.742658 -16.832207 8.259048 -2.736951 -0.019272 -0.223286 -1.022742 1.905664 -4.668130 -3.069406 -0.139856 9.347587 3.540225 2.017385 0.194377 -0.228123 2.147645 -3.714047 2.722817 0.463524 -11.513433 0.000077 -0.000022 0.000006 0.006348 0.081869 -0.036830 0.710561 -3.628624 -10.628346 -0.705389 3.794020 -10.663073 -12.303120 -5.640801 12.718038 -58.837017 -7.945016 12.097053 0.064021 -28.417450 -0.159672 2.940647 0.026694 -18.813992 -5.882101 9.861279 0.702589 -10.936857 -0.360574 7.156198 -0.000000 8.774814 -0.000000 -15.948998 18.660801 6.097317 -1.844031 2.498503 -2.507274 -10.163589 4.678941 4.621106 -20.975992 -0.000003 0.000001 -21.226250 2.451694 -3.593994 0.000000 -0.000008 -0.000002 -1.362680 2.240796 -0.746323 -21.334887 0.584909 3.008318 -13.821193 -0.000002 0.000002 -23.887125 -0.249076 -0.839482 -60.896729 2.351176 -1.566891 -0.294025 1.679687 0.833256 -14.218190 0.093215 1.300579 -34.212006 -0.287564 0.967168 -20.033175 0.964536 1.212841 -0.000000 -0.000001 -0.000001 -3.440385 0.788232 0.501654 -15.928164 -3.167305 2.999705 -6.338816 -0.000001 0.000002 -18.123411 3.648177 -4.905660 -0.000004 0.000000 -0.000001 8.586848 11.253920 11.863940 59.323647 7.883706 13.836563 2.418868 85.186707 3.178139 5.937003 3.229645 4.095919 2.243540 -5.255033 -3.180155 14.282875 -0.826592 6.952495 -0.000002 -12.690587 -0.000001 15.724338 -18.155033 2.808184 1.665665 -1.955920 -2.878294 4.727794 -4.170582 4.993918 11.020515 0.000002 0.000001 12.109035 -3.735708 -2.866779 0.000000 -0.000000 -0.000002 1.291984 -1.928548 -1.498089 14.800111 0.567468 3.865601 14.242553 -1.341735 -6.660648 19.631939 0.143925 -0.648242 50.325241 -0.817913 -6.257159 0.353028 -1.511149 -0.031941 20.222771 3.684307 2.316629 18.787245 0.000005 -0.000000 10.751612 -0.479868 1.397905 0.000000 0.000000 -0.000000 3.273804 0.305947 -0.580112 21.486794 11.830361 2.266130 8.162919 0.000002 -0.000000 18.399055 -3.798978 -4.940567 0.000004 0.000000 0.000000 2.486893 8.028852 -19.609278 -0.048329 -0.220083 27.948666 -6.561883 7.455200 -15.201797 1.564822 -1.954341 0.312071 -0.000000 0.000000 0.000002 -15.001623 -13.567483 -6.387557 0.382637 1.165184 25.492199 5.515051 -8.826645 5.232716 -1.460900 0.893127 -2.684758 0.000000 0.000002 0.000000 
15.603180 98.257286 -7.061319 -1.472016 -17.083069 8.193111 -2.504686 0.103147 -0.680354 -0.986107 2.468886 -4.829113 -3.133788 0.447838 9.390322 3.204458 2.091077 0.750449 -0.321560 1.703275 -3.749237 2.829455 0.102331 -11.096608 0.000077 -0.000022 0.000006 0.001564 0.077617 -0.055991 0.699685 -3.640522 -10.680087 -0.704425 3.795796 -10.710769 -12.998072 -4.096303 12.709178 -59.107136 -4.894055 12.131683 0.185865 -26.871357 -0.100996 2.228420 0.216265 -19.989468 -5.882102 9.861278 0.702588 -10.936860 -0.360575 7.156197 0.000001 8.774812 -0.000001 -16.070942 18.421625 5.932522 -1.844031 2.498503 -2.507276 -10.163590 4.678939 4.621103 -20.976002 -0.000004 0.000004 -21.226255 2.451692 -3.593993 -0.000001 -0.000005 0.000000 -1.362681 2.240797 -0.746323 -21.334892 0.584908 3.008319 -13.821197 -0.000003 0.000002 -23.887133 -0.249078 -0.839480 -60.856464 2.240638 -1.549061 -0.294025 1.679686 0.833256 -14.218194 0.093215 1.300581 -34.212013 -0.287566 0.967170 -20.033180 0.964535 1.212843 0.000000 -0.000001 -0.000000 -3.440386 0.788232 0.501656 -15.928169 -3.167306 2.999705 -6.338817 -0.000001 0.000003 -18.123411 3.648175 -4.905660 -0.000003 0.000000 -0.000003 8.159087 12.062059 11.924760 58.304157 8.408302 14.865912 1.532699 85.601807 2.364943 6.608950 3.438283 3.741642 2.243540 -5.255033 -3.180155 14.282877 -0.826595 6.952496 -0.000001 -12.690590 0.000000 15.568810 -18.151604 2.896286 1.665664 -1.955920 -2.878297 4.727793 -4.170586 4.993918 11.020513 0.000003 -0.000001 12.109028 -3.735706 -2.866781 0.000001 0.000001 0.000000 1.291985 -1.928549 -1.498087 14.800113 0.567468 3.865602 14.242553 -1.341734 -6.660650 19.631937 0.143927 -0.648245 50.245186 -0.914864 -6.215664 0.353029 -1.511150 -0.031941 20.222769 3.684307 2.316627 18.787245 0.000006 -0.000002 10.751610 -0.479866 1.397904 -0.000000 0.000000 -0.000000 3.273803 0.305947 -0.580110 21.486788 11.830366 2.266130 8.162915 0.000001 -0.000000 18.399048 -3.798977 -4.940567 0.000003 -0.000001 -0.000002 2.718757 7.993465 -20.510704 -0.032697 -0.180211 27.997095 -6.984357 7.744367 -14.640281 1.565962 -1.947585 0.299166 -0.000000 0.000000 0.000002 -16.114685 -13.143090 -2.473413 0.372172 1.435509 22.048552 8.296067 -6.877481 5.585321 -1.468170 0.872263 -3.068939 -0.000001 0.000000 0.000000 
15.004791 98.149719 -8.647811 -1.327656 -17.447649 8.187310 -2.255744 0.268253 -1.098562 -0.937285 2.854161 -4.960067 -3.109655 0.895068 9.382172 2.809987 2.207005 1.253844 -0.378458 1.415318 -3.799932 2.920897 -0.066607 -10.721448 0.000077 -0.000022 0.000006 0.000422 0.077576 -0.064357 0.697385 -3.645656 -10.740025 -0.705134 3.802331 -10.767310 -13.505906 -2.780497 12.679536 -59.093845 -2.290821 11.819043 0.228757 -24.737923 0.011891 1.254154 0.802263 -20.590586 -5.882102 9.861278 0.702589 -10.936858 -0.360574 7.156196 0.000000 8.774812 0.000000 -16.194883 18.233845 5.819564 -1.844031 2.498502 -2.507277 -10.163589 4.678939 4.621103 -20.975996 -0.000004 0.000002 -21.226250 2.451692 -3.593993 -0.000001 -0.000006 -0.000001 -1.362680 2.240796 -0.746323 -21.334887 0.584909 3.008318 -13.821197 -0.000003 0.000000 -23.887131 -0.249079 -0.839482 -60.843853 2.126153 -1.456128 -0.294025 1.679686 0.833256 -14.218194 0.093214 1.300577 -34.212002 -0.287564 0.967169 -20.033180 0.964534 1.212841 -0.000001 0.000000 0.000000 -3.440386 0.788233 0.501654 -15.928169 -3.167306 2.999702 -6.338815 -0.000001 0.000002 -18.123415 3.648176 -4.905662 -0.000005 0.000000 -0.000001 7.946631 12.696233 12.062826 57.620533 8.650028 15.882933 -1.264272 85.573662 -0.429812 7.419933 3.589040 3.121244 2.243539 -5.255032 -3.180154 14.282873 -0.826594 6.952495 -0.000003 -12.690590 0.000000 15.431251 -18.181686 2.948498 1.665663 -1.955919 -2.878297 4.727793 -4.170583 4.993918 11.020513 0.000003 -0.000003 12.109032 -3.735708 -2.866780 0.000001 -0.000000 -0.000000 1.291984 -1.928548 -1.498087 14.800113 0.567469 3.865602 14.242553 -1.341734 -6.660649 19.631939 0.143925 -0.648243 50.083252 -0.963896 -6.267181 0.353028 -1.511149 -0.031940 20.222767 3.684306 2.316629 18.787245 0.000006 -0.000002 10.751610 -0.479870 1.397903 0.000000 -0.000001 -0.000000 3.273803 0.305947 -0.580110 21.486788 11.830363 2.266131 8.162916 0.000001 0.000000 18.399050 -3.798980 -4.940567 0.000003 -0.000001 -0.000001 3.169891 8.356910 -21.574837 -0.037391 -0.150603 28.298721 -7.748354 7.786514 -14.088975 1.567206 -1.943598 0.276964 -0.000000 -0.000000 0.000002 -16.619740 -12.861725 0.877243 0.329125 1.673580 17.581583 12.200139 -4.352536 6.085516 -1.468895 0.874068 -4.095998 -0.000000 0.000001 0.000001 
14.242710 97.901085 -10.417259 -1.162251 -17.760447 8.171171 -2.083415 0.462494 -1.427761 -0.896487 3.024596 -5.082954 -3.069716 1.193582 9.442756 2.454542 2.335918 1.644318 -0.385114 1.338257 -3.815476 2.960221 -0.120958 -10.539068 0.000077 -0.000023 0.000006 -0.002111 0.057126 -0.050218 0.697703 -3.668564 -10.750329 -0.710701 3.784728 -10.768297 -13.782549 -1.769702 12.670758 -58.865654 -0.266321 11.158103 0.178436 -22.737488 0.136557 0.549744 1.425358 -21.097946 -5.882102 9.861278 0.702590 -10.936858 -0.360574 7.156197 -0.000000 8.774812 -0.000001 -16.269939 18.093742 5.757939 -1.844031 2.498503 -2.507276 -10.163589 4.678940 4.621106 -20.975994 -0.000003 0.000002 -21.226255 2.451692 -3.593994 0.000000 -0.000007 -0.000000 -1.362681 2.240797 -0.746323 -21.334887 0.584909 3.008319 -13.821197 -0.000003 0.000002 -23.887129 -0.249077 -0.839482 -60.765518 2.029414 -1.328961 -0.294025 1.679686 0.833256 -14.218192 0.093215 1.300579 -34.211998 -0.287562 0.967170 -20.033178 0.964536 1.212841 0.000001 0.000001 0.000000 -3.440385 0.788233 0.501655 -15.928165 -3.167305 2.999704 -6.338817 -0.000001 0.000001 -18.123411 3.648176 -4.905662 -0.000005 -0.000000 -0.000002 7.899775 13.066761 12.278309 57.429375 8.642007 16.645044 -3.540500 85.167419 -2.785112 8.282315 3.593221 2.503272 2.243541 -5.255034 -3.180155 14.282877 -0.826594 6.952497 -0.000002 -12.690591 -0.000002 15.414095 -18.193886 2.934473 1.665666 -1.955920 -2.878297 4.727795 -4.170584 4.993918 11.020513 0.000004 -0.000001 12.109032 -3.735708 -2.866779 0.000001 -0.000000 -0.000000 1.291986 -1.928548 -1.498089 14.800113 0.567469 3.865603 14.242554 -1.341734 -6.660646 19.631939 0.143925 -0.648242 49.920891 -0.969072 -6.344600 0.353030 -1.511149 -0.031939 20.222769 3.684307 2.316629 18.787247 0.000006 0.000000 10.751611 -0.479868 1.397904 0.000000 -0.000001 0.000000 3.273804 0.305946 -0.580110 21.486794 11.830363 2.266134 8.162917 0.000002 0.000001 18.399054 -3.798979 -4.940567 0.000003 -0.000001 -0.000001 3.694464 8.910716 -22.897884 -0.078243 -0.109832 29.032438 -8.692037 7.586706 -13.706534 1.564340 -1.934540 0.330418 -0.000000 0.000000 0.000002 -16.620461 -12.746357 3.407367 0.248581 1.922085 12.869703 16.540850 -1.953089 6.216750 -1.469277 0.895405 -6.225544 0.000000 0.000001 -0.000001 
13.314358 97.467857 -12.346142 -0.969869 -17.870316 8.050895 -1.940154 0.585976 -1.523343 -0.893018 3.008060 -5.240062 -3.054233 1.390970 9.584928 2.178613 2.402125 1.945624 -0.329618 1.295557 -3.822878 2.902926 0.018035 -10.670021 0.000077 -0.000023 0.000006 -0.010724 0.003301 -0.034437 0.687951 -3.722168 -10.734364 -0.717632 3.725096 -10.741755 -13.787479 -1.123246 12.726655 -58.481510 1.241627 9.899223 0.009458 -21.269009 0.194884 0.074318 1.858938 -21.252663 -5.882102 9.861278 0.702590 -10.936859 -0.360574 7.156198 -0.000000 8.774813 -0.000000 -16.360090 18.084698 5.627188 -1.844031 2.498503 -2.507276 -10.163589 4.678939 4.621106 -20.975994 -0.000003 0.000002 -21.226250 2.451693 -3.593994 -0.000001 -0.000005 -0.000000 -1.362681 2.240796 -0.746323 -21.334887 0.584910 3.008321 -13.821197 -0.000002 0.000002 -23.887131 -0.249076 -0.839481 -60.446339 2.010876 -1.465157 -0.294025 1.679686 0.833255 -14.218194 0.093215 1.300580 -34.212002 -0.287562 0.967169 -20.033178 0.964535 1.212841 0.000000 0.000000 -0.000000 -3.440385 0.788233 0.501656 -15.928165 -3.167305 2.999705 -6.338817 -0.000001 0.000001 -18.123413 3.648177 -4.905661 -0.000004 0.000000 -0.000001 7.983620 13.141281 12.452923 57.663731 8.419934 17.030491 -3.165203 84.303467 -2.498631 9.067689 3.441378 1.991981 2.243540 -5.255031 -3.180156 14.282877 -0.826593 6.952495 -0.000004 -12.690588 0.000002 15.292671 -18.217426 3.005699 1.665662 -1.955920 -2.878298 4.727794 -4.170583 4.993919 11.020513 0.000004 -0.000001 12.109033 -3.735710 -2.866779 -0.000000 -0.000000 0.000001 1.291985 -1.928548 -1.498090 14.800111 0.567465 3.865603 14.242554 -1.341736 -6.660646 19.631939 0.143926 -0.648243 49.852497 -0.902423 -6.455001 0.353030 -1.511148 -0.031940 20.222767 3.684307 2.316628 18.787245 0.000003 0.000000 10.751611 -0.479865 1.397903 0.000000 0.000000 0.000000 3.273806 0.305947 -0.580111 21.486788 11.830362 2.266131 8.162916 0.000001 -0.000000 18.399054 -3.798980 -4.940567 0.000003 -0.000000 -0.000000 4.340507 9.503880 -24.499222 -0.131009 -0.055213 30.292515 -9.563848 7.058579 -13.429062 1.579933 -1.927338 0.298851 -0.000000 0.000000 0.000002 -16.068169 -12.974545 4.917806 0.160486 1.891854 9.261420 19.554703 -0.816841 3.447287 -1.456820 0.921721 -6.956491 -0.000000 -0.000000 -0.000001 
12.183534 97.028282 -14.256735 -0.935199 -17.713602 7.819726 -1.693345 0.602955 -1.501676 -0.876298 2.939536 -5.224328 -3.068320 1.448320 9.802636 1.922018 2.451461 2.236130 -0.219145 1.358717 -3.850056 2.806292 0.143984 -11.082504 0.000077 -0.000023 0.000006 -0.011611 0.010313 -0.026580 0.683971 -3.713060 -10.736613 -0.714441 3.731008 -10.738662 -13.755054 -0.788887 12.879727 -57.815075 2.064048 8.989322 -0.055585 -20.319378 0.282764 0.202808 2.225690 -21.770760 -5.882101 9.861278 0.702590 -10.936859 -0.360575 7.156197 0.000000 8.774813 0.000000 -16.415443 18.013165 5.628252 -1.844031 2.498502 -2.507276 -10.163589 4.678939 4.621103 -20.975998 -0.000004 0.000002 -21.226255 2.451693 -3.593993 -0.000000 -0.000007 0.000000 -1.362680 2.240796 -0.746323 -21.334896 0.584908 3.008320 -13.821197 -0.000003 0.000002 -23.887133 -0.249078 -0.839481 -60.486847 1.963956 -1.365659 -0.294024 1.679686 0.833256 -14.218194 0.093214 1.300579 -34.212006 -0.287565 0.967169 -20.033178 0.964535 1.212841 -0.000000 0.000000 -0.000000 -3.440385 0.788233 0.501656 -15.928165 -3.167306 2.999703 -6.338817 -0.000001 0.000001 -18.123413 3.648176 -4.905661 -0.000003 0.000000 -0.000002 8.084501 13.006435 12.631243 58.371284 8.010647 17.217308 -3.156105 82.857094 -2.576583 9.448895 3.370803 1.367286 2.243539 -5.255033 -3.180155 14.282875 -0.826593 6.952495 -0.000002 -12.690593 -0.000001 15.201215 -18.225365 3.046548 1.665664 -1.955920 -2.878297 4.727790 -4.170582 4.993917 11.020512 0.000003 -0.000001 12.109035 -3.735711 -2.866781 0.000001 0.000001 0.000000 1.291984 -1.928548 -1.498087 14.800111 0.567465 3.865602 14.242553 -1.341736 -6.660647 19.631939 0.143928 -0.648244 49.829609 -0.982662 -6.561741 0.353029 -1.511149 -0.031941 20.222771 3.684304 2.316627 18.787245 0.000003 -0.000000 10.751611 -0.479869 1.397904 0.000000 0.000000 -0.000001 3.273805 0.305947 -0.580111 21.486790 11.830360 2.266130 8.162918 0.000002 -0.000000 18.399052 -3.798979 -4.940568 0.000003 -0.000001 -0.000001 5.318913 9.950355 -26.056591 -0.144176 -0.049728 31.625444 -10.402431 6.605856 -12.734455 1.580280 -1.923789 0.217439 0.000000 -0.000000 0.000002 -14.808713 -13.292945 5.216696 0.103550 1.756024 8.035932 20.269430 -0.511372 -2.033162 -1.441044 0.917739 -5.552640 0.000000 0.000000 -0.000001 
11.000482 96.625694 -16.247093 -1.276810 -17.256817 7.654215 -1.214072 0.576320 -1.390988 -0.855922 2.806855 -5.127104 -2.953558 1.304284 10.044797 1.633821 2.520021 2.454475 -0.178021 1.403111 -3.896204 2.751420 0.228581 -11.546391 0.000077 -0.000022 0.000006 -0.014184 0.024174 -0.029061 0.679490 -3.693743 -10.720166 -0.717849 3.738353 -10.726590 -13.769793 -0.679928 13.004624 -57.049549 2.282109 8.023358 -0.003687 -19.629253 0.302895 0.626608 2.494027 -22.205303 -5.882101 9.861278 0.702590 -10.936858 -0.360576 7.156197 0.000001 8.774812 -0.000001 -16.528475 17.957258 5.586096 -1.844031 2.498503 -2.507276 -10.163589 4.678940 4.621103 -20.975996 -0.000003 0.000003 -21.226254 2.451694 -3.593993 -0.000001 -0.000007 0.000000 -1.362680 2.240797 -0.746323 -21.334890 0.584909 3.008320 -13.821197 -0.000003 0.000003 -23.887131 -0.249078 -0.839481 -60.494987 1.950115 -1.334214 -0.294024 1.679687 0.833255 -14.218194 0.093215 1.300579 -34.212002 -0.287564 0.967170 -20.033178 0.964536 1.212841 -0.000001 0.000000 0.000000 -3.440386 0.788233 0.501655 -15.928169 -3.167306 2.999704 -6.338817 -0.000001 0.000001 -18.123413 3.648177 -4.905662 -0.000005 0.000000 -0.000002 8.217186 12.764092 12.842544 59.387753 7.544406 17.075249 -2.796972 80.601723 -2.258595 9.530222 3.422197 0.632130 2.243541 -5.255033 -3.180155 14.282875 -0.826593 6.952495 -0.000003 -12.690587 0.000000 15.169567 -18.236589 3.001760 1.665665 -1.955919 -2.878295 4.727794 -4.170582 4.993919 11.020511 0.000004 -0.000002 12.109031 -3.735710 -2.866779 0.000000 -0.000000 -0.000002 1.291984 -1.928547 -1.498089 14.800113 0.567469 3.865606 14.242554 -1.341733 -6.660648 19.631939 0.143926 -0.648241 49.792107 -0.982966 -6.688786 0.353028 -1.511151 -0.031940 20.222767 3.684307 2.316629 18.787245 0.000004 0.000000 10.751611 -0.479868 1.397905 -0.000001 -0.000001 0.000000 3.273805 0.305946 -0.580111 21.486790 11.830360 2.266131 8.162916 0.000001 0.000001 18.399050 -3.798980 -4.940565 0.000003 -0.000001 -0.000000 6.724078 10.366239 -27.482758 -0.156007 -0.058925 32.680260 -11.175679 6.137232 -11.815656 1.588701 -1.923464 0.146448 -0.000000 0.000000 0.000002 -12.935800 -13.420860 4.797813 0.072263 1.579245 7.842219 19.951090 -0.924912 -7.126520 -1.431547 0.951828 -3.843912 -0.000000 0.000001 -0.000001 
9.846734 96.315010 -18.288074 -2.044422 -16.617340 7.578108 -0.524028 0.582676 -1.181993 -0.807039 2.558091 -5.002592 -2.636064 1.005975 10.295190 1.276109 2.631038 2.579857 -0.146866 1.418092 -3.930007 2.695129 0.252591 -11.998857 0.000077 -0.000022 0.000006 -0.014299 0.041465 -0.030062 0.680142 -3.669729 -10.718511 -0.718056 3.756495 -10.726963 -13.680905 -0.719689 13.180658 -56.508324 1.850821 6.868441 0.163422 -19.338907 0.274605 1.343831 2.591313 -22.422085 -5.882101 9.861279 0.702590 -10.936858 -0.360575 7.156196 0.000001 8.774814 -0.000000 -16.581892 17.941427 5.578151 -1.844031 2.498502 -2.507276 -10.163589 4.678940 4.621104 -20.975994 -0.000004 0.000003 -21.226254 2.451694 -3.593994 -0.000000 -0.000006 0.000000 -1.362680 2.240797 -0.746322 -21.334888 0.584909 3.008320 -13.821195 -0.000003 0.000002 -23.887123 -0.249077 -0.839481 -60.479080 1.965230 -1.307971 -0.294024 1.679687 0.833255 -14.218192 0.093214 1.300579 -34.212002 -0.287563 0.967169 -20.033178 0.964535 1.212841 -0.000001 0.000000 0.000000 -3.440385 0.788232 0.501655 -15.928167 -3.167306 2.999704 -6.338816 -0.000001 0.000001 -18.123411 3.648178 -4.905661 -0.000004 0.000000 -0.000002 8.355809 12.534446 13.065662 60.538094 7.159653 16.594919 -2.056685 77.242683 -1.622775 9.389114 3.606822 -0.418905 2.243541 -5.255033 -3.180154 14.282873 -0.826594 6.952495 -0.000002 -12.690592 -0.000003 15.241675 -18.219072 2.897157 1.665665 -1.955921 -2.878296 4.727794 -4.170583 4.993918 11.020510 0.000002 -0.000002 12.109031 -3.735710 -2.866779 -0.000000 -0.000000 -0.000001 1.291984 -1.928547 -1.498089 14.800109 0.567468 3.865601 14.242551 -1.341735 -6.660649 19.631939 0.143926 -0.648244 49.709610 -0.957784 -6.743381 0.353028 -1.511149 -0.031940 20.222767 3.684307 2.316627 18.787245 0.000004 -0.000002 10.751611 -0.479867 1.397904 -0.000000 0.000000 -0.000001 3.273805 0.305948 -0.580109 21.486788 11.830363 2.266132 8.162916 0.000001 0.000001 18.399054 -3.798979 -4.940568 0.000003 0.000001 -0.000001 8.531734 10.796051 -28.757748 -0.179551 -0.088219 33.269875 -11.953764 5.711251 -10.560746 1.602830 -1.932755 0.050780 -0.000000 0.000000 0.000002 -10.557078 -13.375965 4.111705 0.043625 1.321866 8.061205 19.044926 -1.745554 -11.182093 -1.432315 0.983305 -2.369448 0.000000 0.000000 -0.000001 
8.735155 96.051064 -20.444031 -3.095703 -15.939615 7.504996 0.286560 0.604427 -0.894514 -0.722920 2.161181 -4.829958 -2.142449 0.676717 10.524079 0.869491 2.726654 2.678326 -0.041816 1.394224 -3.938946 2.517526 0.399471 -12.632654 0.000077 -0.000022 0.000006 -0.008952 0.040159 -0.016093 0.691454 -3.683498 -10.706783 -0.717890 3.759756 -10.717940 -13.418287 -0.862190 13.233355 -56.334381 1.033909 5.605402 0.279938 -19.732479 0.169364 2.617684 2.623727 -22.416420 -5.882102 9.861277 0.702589 -10.936859 -0.360576 7.156198 0.000001 8.774813 -0.000001 -16.580246 17.862328 5.629344 -1.844031 2.498502 -2.507276 -10.163589 4.678939 4.621105 -20.975998 -0.000003 0.000003 -21.226255 2.451691 -3.593993 -0.000000 -0.000005 0.000000 -1.362681 2.240796 -0.746323 -21.334896 0.584908 3.008321 -13.821198 -0.000003 0.000002 -23.887133 -0.249079 -0.839481 -60.501637 2.145558 -1.292057 -0.294024 1.679686 0.833255 -14.218194 0.093214 1.300579 -34.212013 -0.287564 0.967170 -20.033176 0.964535 1.212842 -0.000000 0.000000 -0.000000 -3.440385 0.788233 0.501655 -15.928169 -3.167306 2.999704 -6.338817 -0.000001 0.000001 -18.123413 3.648174 -4.905661 -0.000005 -0.000000 -0.000002 8.532314 12.472715 13.028635 61.670162 6.723943 15.991345 -1.488981 72.538261 -1.249586 9.110563 3.856288 -1.941146 2.243537 -5.255032 -3.180155 14.282877 -0.826596 6.952495 -0.000002 -12.690591 0.000000 15.460917 -18.257917 2.729647 1.665664 -1.955919 -2.878295 4.727794 -4.170582 4.993916 11.020511 0.000004 -0.000001 12.109031 -3.735708 -2.866777 0.000000 0.000000 -0.000001 1.291985 -1.928547 -1.498089 14.800117 0.567469 3.865606 14.242554 -1.341737 -6.660647 19.631939 0.143925 -0.648240 49.836937 -0.817028 -6.824209 0.353028 -1.511149 -0.031939 20.222769 3.684306 2.316629 18.787245 0.000006 0.000001 10.751611 -0.479869 1.397905 -0.000001 0.000000 -0.000001 3.273805 0.305945 -0.580111 21.486790 11.830360 2.266130 8.162918 0.000003 0.000000 18.399054 -3.798978 -4.940567 0.000003 0.000001 -0.000002 10.578168 11.312992 -29.892351 -0.229985 -0.175328 33.457973 -12.682853 5.386857 -8.990761 1.629244 -1.932326 -0.190448 0.000000 -0.000000 0.000002 -7.924767 -13.316551 2.807023 0.054089 0.910611 9.531215 17.872080 -2.320006 -14.544971 -1.429692 1.018064 -1.269388 -0.000000 -0.000000 -0.000001 
7.751222 95.958832 -22.532192 -4.416238 -15.445560 7.397034 1.189339 0.597430 -0.510073 -0.646190 1.866208 -4.679721 -1.334415 0.272902 10.737325 0.468014 2.818442 2.734494 0.003768 1.379254 -3.939745 2.278579 0.462530 -13.272020 0.000077 -0.000022 0.000006 -0.002310 0.041479 -0.005989 0.704140 -3.686118 -10.677463 -0.717370 3.761401 -10.691355 -13.184815 -1.019036 13.428164 -56.374939 -0.401573 4.829144 0.484389 -20.719666 0.044503 4.078794 2.499629 -22.258835 -5.882101 9.861278 0.702590 -10.936860 -0.360575 7.156196 0.000001 8.774814 -0.000002 -16.409462 17.845291 5.802695 -1.844030 2.498502 -2.507276 -10.163591 4.678940 4.621104 -20.975994 -0.000004 0.000003 -21.226255 2.451693 -3.593992 -0.000001 -0.000006 -0.000000 -1.362679 2.240796 -0.746323 -21.334890 0.584908 3.008320 -13.821197 -0.000003 0.000003 -23.887133 -0.249078 -0.839480 -60.570271 2.271446 -1.105612 -0.294024 1.679686 0.833255 -14.218194 0.093214 1.300579 -34.212006 -0.287564 0.967171 -20.033180 0.964535 1.212842 0.000001 -0.000001 -0.000000 -3.440386 0.788232 0.501655 -15.928169 -3.167306 2.999703 -6.338817 -0.000001 0.000000 -18.123415 3.648176 -4.905661 -0.000004 -0.000000 -0.000002 8.798632 12.573645 13.154229 62.479630 6.914927 15.545517 -1.372053 65.616302 -1.038103 8.664212 4.162872 -3.896735 2.243541 -5.255034 -3.180156 14.282875 -0.826594 6.952494 -0.000002 -12.690592 0.000001 15.836289 -18.216791 2.548567 1.665666 -1.955921 -2.878297 4.727794 -4.170583 4.993917 11.020511 0.000005 -0.000003 12.109033 -3.735708 -2.866781 0.000000 -0.000000 0.000001 1.291985 -1.928547 -1.498087 14.800111 0.567469 3.865603 14.242551 -1.341735 -6.660648 19.631941 0.143928 -0.648243 49.937534 -0.704308 -6.723343 0.353028 -1.511149 -0.031940 20.222769 3.684309 2.316627 18.787245 0.000007 0.000000 10.751610 -0.479868 1.397903 0.000001 0.000000 -0.000001 3.273803 0.305946 -0.580111 21.486792 11.830366 2.266131 8.162916 0.000002 -0.000001 18.399048 -3.798980 -4.940567 0.000003 0.000000 0.000000 12.810719 11.848969 -30.503330 -0.257788 -0.246069 32.933060 -13.394285 5.214492 -7.048147 1.644858 -1.945816 -0.311425 0.000000 -0.000000 0.000002 -5.217475 -13.136346 1.105609 0.070770 0.635692 11.766805 16.722303 -2.764766 -16.456778 -1.431368 1.060041 -0.728694 -0.000000 0.000001 -0.000001 
6.890272 95.952812 -24.381260 -5.399673 -15.340841 7.155414 1.847338 0.623464 -0.181643 -0.591158 1.580488 -4.564334 -0.606406 -0.047567 10.963943 0.250714 2.855809 2.802244 0.005373 1.365472 -3.951014 1.995561 0.606045 -13.835118 0.000077 -0.000022 0.000006 0.002519 0.036802 0.010908 0.710807 -3.682973 -10.630968 -0.715504 3.754748 -10.648364 -12.879809 -1.286237 13.618715 -56.373486 -2.113180 5.015467 0.581626 -22.346083 -0.037347 5.226870 2.267280 -21.020544 -5.882100 9.861278 0.702589 -10.936859 -0.360575 7.156198 0.000001 8.774812 -0.000001 -16.264526 17.792727 5.935048 -1.844032 2.498502 -2.507277 -10.163589 4.678939 4.621105 -20.975994 -0.000004 0.000002 -21.226255 2.451692 -3.593992 -0.000001 -0.000005 0.000000 -1.362680 2.240796 -0.746324 -21.334887 0.584908 3.008322 -13.821194 -0.000003 0.000002 -23.887131 -0.249078 -0.839480 -60.619640 2.418611 -0.933851 -0.294026 1.679686 0.833255 -14.218194 0.093214 1.300580 -34.212006 -0.287564 0.967171 -20.033178 0.964535 1.212842 0.000001 -0.000000 -0.000000 -3.440386 0.788232 0.501655 -15.928169 -3.167306 2.999705 -6.338817 -0.000001 0.000001 -18.123411 3.648175 -4.905661 -0.000003 -0.000000 -0.000003 9.276861 12.901154 13.223330 62.979832 7.827474 15.341733 -1.161426 56.303715 -0.679871 8.437804 3.899348 -5.319159 2.243539 -5.255033 -3.180155 14.282879 -0.826594 6.952499 -0.000003 -12.690587 0.000000 16.224030 -18.278400 2.387133 1.665665 -1.955920 -2.878297 4.727794 -4.170582 4.993917 11.020512 0.000002 0.000001 12.109033 -3.735709 -2.866778 -0.000000 0.000001 -0.000002 1.291984 -1.928546 -1.498088 14.800117 0.567468 3.865606 14.242554 -1.341735 -6.660645 19.631939 0.143922 -0.648240 50.213764 -0.569370 -6.578863 0.353029 -1.511151 -0.031941 20.222773 3.684306 2.316633 18.787249 0.000004 0.000002 10.751611 -0.479868 1.397906 0.000002 0.000002 0.000000 3.273805 0.305947 -0.580111 21.486794 11.830362 2.266135 8.162919 0.000001 0.000001 18.399054 -3.798979 -4.940565 0.000002 0.000001 0.000000 14.568483 12.589529 -30.836206 -0.268416 -0.302351 32.436646 -14.122001 5.117277 -4.673377 1.659259 -1.942718 -0.459494 0.000000 -0.000000 0.000002 -3.168548 -13.046597 -0.628667 0.104858 0.457644 14.295040 15.677090 -2.871107 -17.479239 -1.437009 1.100863 -0.441387 0.000000 0.000000 -0.000001 
6.236203 96.095451 -25.930017 -5.816311 -15.725856 6.821034 2.235110 0.609058 0.006379 -0.583589 1.383251 -4.511961 -0.149675 -0.278450 11.098116 0.156606 2.887716 2.969687 -0.015139 1.467108 -3.992217 1.623534 0.814237 -13.998866 0.000077 -0.000022 0.000006 0.009091 0.029892 0.019731 0.712087 -3.695116 -10.610845 -0.701435 3.743703 -10.638426 -12.808496 -1.709179 13.694505 -55.931431 -3.945900 6.171744 0.382939 -24.143085 -0.086179 5.716370 1.862140 -18.514252 -5.882102 9.861279 0.702589 -10.936858 -0.360574 7.156196 -0.000000 8.774816 -0.000001 -16.024220 17.857391 6.024678 -1.844032 2.498503 -2.507275 -10.163589 4.678941 4.621103 -20.975994 -0.000003 0.000000 -21.226254 2.451694 -3.593995 -0.000001 -0.000006 0.000000 -1.362680 2.240797 -0.746323 -21.334887 0.584910 3.008319 -13.821197 -0.000002 0.000000 -23.887131 -0.249077 -0.839484 -60.454590 2.569780 -0.995368 -0.294024 1.679686 0.833257 -14.218192 0.093215 1.300579 -34.212002 -0.287562 0.967168 -20.033180 0.964535 1.212840 0.000000 -0.000001 -0.000000 -3.440385 0.788233 0.501655 -15.928165 -3.167305 2.999704 -6.338817 -0.000000 0.000002 -18.123415 3.648178 -4.905662 -0.000003 -0.000000 -0.000001 10.096510 13.465630 13.261034 63.175648 9.379691 15.227027 -0.811788 44.932114 -0.270498 8.431566 2.596826 -5.936649 2.243539 -5.255033 -3.180157 14.282877 -0.826593 6.952497 -0.000002 -12.690591 0.000000 16.493044 -18.295351 2.362144 1.665665 -1.955920 -2.878295 4.727794 -4.170582 4.993919 11.020511 0.000004 -0.000001 12.109034 -3.735709 -2.866781 -0.000000 0.000000 0.000000 1.291984 -1.928548 -1.498088 14.800113 0.567466 3.865603 14.242554 -1.341734 -6.660649 19.631939 0.143925 -0.648245 50.642597 -0.451477 -6.309207 0.353030 -1.511151 -0.031940 20.222771 3.684304 2.316627 18.787243 0.000004 0.000002 10.751611 -0.479867 1.397904 -0.000000 0.000000 -0.000000 3.273804 0.305947 -0.580109 21.486790 11.830361 2.266130 8.162916 0.000003 -0.000001 18.399054 -3.798980 -4.940568 0.000004 -0.000000 -0.000001 15.568121 13.416741 -30.612722 -0.224305 -0.267583 31.408730 -14.707030 5.108968 -2.095448 1.688533 -1.989126 -0.675661 -0.000000 0.000000 0.000002 -1.980199 -12.850263 -1.957556 0.103700 0.384758 16.050259 14.752573 -2.808912 -17.646519 -1.422341 1.113018 -0.272510 -0.000000 0.000002 -0.000001 
5.783305 96.221039 -27.220293 -5.783778 -16.663998 6.384964 2.441536 0.632212 -0.016373 -0.513078 1.018529 -4.478747 0.173157 -0.213854 11.133943 -0.249106 3.092260 3.096650 -0.058738 1.573050 -3.911050 1.473355 1.120383 -13.879153 0.000077 -0.000023 0.000006 0.018102 0.039115 0.033491 0.710547 -3.679898 -10.574091 -0.682792 3.748820 -10.616343 -13.259572 -2.081015 13.818761 -54.929848 -6.224407 8.794442 0.200517 -25.530598 -0.001312 5.407424 1.226254 -15.510522 -5.882101 9.861278 0.702589 -10.936858 -0.360575 7.156199 0.000001 8.774814 -0.000001 -15.927483 17.875570 6.052888 -1.844031 2.498503 -2.507276 -10.163590 4.678940 4.621105 -20.975996 -0.000004 0.000003 -21.226254 2.451694 -3.593992 -0.000000 -0.000007 -0.000001 -1.362681 2.240796 -0.746322 -21.334890 0.584908 3.008322 -13.821197 -0.000003 0.000003 -23.887131 -0.249078 -0.839480 -60.392078 2.641048 -0.907006 -0.294023 1.679687 0.833255 -14.218194 0.093214 1.300579 -34.212006 -0.287564 0.967172 -20.033178 0.964535 1.212843 0.000000 0.000000 0.000000 -3.440385 0.788233 0.501655 -15.928169 -3.167306 2.999703 -6.338817 -0.000001 0.000001 -18.123411 3.648176 -4.905661 -0.000004 -0.000000 -0.000001 11.084127 14.028221 13.388775 63.070236 11.310293 14.990188 -0.464456 32.956455 0.005805 8.830174 -0.294469 -5.750810 2.243540 -5.255033 -3.180155 14.282878 -0.826593 6.952497 -0.000002 -12.690588 0.000000 16.461796 -18.214096 2.336231 1.665665 -1.955919 -2.878296 4.727794 -4.170584 4.993918 11.020512 0.000003 -0.000001 12.109034 -3.735710 -2.866777 -0.000000 -0.000000 -0.000001 1.291984 -1.928547 -1.498086 14.800111 0.567466 3.865606 14.242553 -1.341735 -6.660647 19.631939 0.143925 -0.648243 50.981838 -0.394502 -6.179816 0.353029 -1.511149 -0.031940 20.222769 3.684304 2.316628 18.787245 0.000004 0.000001 10.751609 -0.479868 1.397904 0.000002 -0.000000 0.000002 3.273804 0.305948 -0.580110 21.486792 11.830362 2.266133 8.162917 0.000001 0.000002 18.399052 -3.798981 -4.940566 0.000005 0.000000 -0.000003 16.283148 14.136806 -29.240625 -0.196860 -0.311244 29.435652 -15.867736 5.104630 -0.754194 1.691913 -2.004553 -1.001479 0.000000 0.000000 0.000002 -1.521581 -12.359009 -3.212954 0.111072 0.384136 17.767693 13.922398 -2.677192 -17.784552 -1.419371 1.050820 -0.215494 0.000000 0.000000 -0.000001 
5.548023 96.570206 -28.202650 -5.277035 -17.887531 5.957348 2.461945 0.536601 -0.256651 -0.462812 0.803598 -4.513516 0.359030 -0.166243 11.077950 -0.748815 3.258142 3.205476 -0.068897 2.023849 -3.888101 1.245712 1.403222 -13.360755 0.000077 -0.000022 0.000006 0.017928 0.057203 0.012277 0.701300 -3.662385 -10.576136 -0.672875 3.767386 -10.624309 -14.147360 -2.536117 13.694828 -53.315914 -8.545021 12.379117 -0.099910 -26.870901 0.109566 4.702288 0.616028 -11.964925 -5.882101 9.861278 0.702591 -10.936858 -0.360575 7.156196 0.000001 8.774813 -0.000002 -15.746509 18.015524 6.111385 -1.844030 2.498502 -2.507278 -10.163589 4.678939 4.621105 -20.975998 -0.000003 0.000002 -21.226254 2.451693 -3.593992 0.000000 -0.000005 -0.000000 -1.362680 2.240796 -0.746324 -21.334887 0.584908 3.008317 -13.821197 -0.000004 0.000001 -23.887133 -0.249078 -0.839481 -60.228886 2.747710 -0.961923 -0.294025 1.679686 0.833255 -14.218194 0.093214 1.300580 -34.211998 -0.287565 0.967167 -20.033176 0.964534 1.212843 0.000000 0.000001 0.000001 -3.440385 0.788233 0.501656 -15.928169 -3.167306 2.999702 -6.338817 -0.000001 0.000001 -18.123415 3.648175 -4.905661 -0.000004 -0.000001 -0.000002 12.219081 14.513253 13.616538 62.714848 12.256442 14.624551 -0.431020 23.493643 0.088216 9.251871 -3.316428 -6.069763 2.243540 -5.255033 -3.180156 14.282875 -0.826594 6.952497 -0.000003 -12.690590 0.000002 16.286839 -18.092339 2.486007 1.665665 -1.955920 -2.878296 4.727794 -4.170583 4.993918 11.020513 0.000003 -0.000001 12.109030 -3.735710 -2.866779 0.000000 -0.000000 0.000000 1.291984 -1.928548 -1.498088 14.800114 0.567468 3.865602 14.242553 -1.341734 -6.660649 19.631939 0.143925 -0.648244 51.024742 -0.539998 -6.209660 0.353029 -1.511149 -0.031940 20.222771 3.684307 2.316628 18.787243 0.000005 -0.000000 10.751608 -0.479867 1.397905 0.000000 -0.000000 0.000000 3.273804 0.305946 -0.580111 21.486790 11.830362 2.266131 8.162916 0.000002 0.000001 18.399054 -3.798980 -4.940567 0.000005 0.000000 -0.000001 16.443783 14.215974 -26.892023 -0.176327 -0.329485 26.083776 -15.948103 6.073700 0.240804 1.697219 -2.012859 -1.034156 -0.000000 0.000000 0.000002 -1.687114 -11.399103 -3.741380 0.076417 0.412223 17.850792 13.119243 -3.097219 -17.204029 -1.422081 0.993379 -0.237664 0.000000 0.000000 -0.000001 
5.442056 97.024490 -28.896055 -4.380165 -19.025217 5.691047 2.231275 0.437179 -0.751355 -0.403479 0.630918 -4.672010 0.431799 -0.332461 11.095509 -1.086535 3.326158 3.051146 -0.046349 2.466964 -3.852128 0.960001 1.933795 -12.724219 0.000077 -0.000022 0.000006 0.000678 0.017125 -0.007949 0.703460 -3.707093 -10.596241 -0.709232 3.729303 -10.653006 -15.074389 -3.092858 13.312618 -51.665134 -10.931662 16.082129 -0.113610 -28.455212 -0.018077 4.252236 -0.112093 -8.906844 -5.882098 9.861278 0.702591 -10.936857 -0.360576 7.156198 0.000001 8.774812 -0.000002 -15.694155 18.018700 6.171556 -1.844030 2.498502 -2.507276 -10.163589 4.678939 4.621103 -20.975994 -0.000004 0.000002 -21.226255 2.451691 -3.593992 0.000001 -0.000005 -0.000000 -1.362681 2.240796 -0.746323 -21.334890 0.584907 3.008319 -13.821197 -0.000004 0.000001 -23.887129 -0.249080 -0.839481 -60.086407 2.729157 -0.801095 -0.294024 1.679686 0.833255 -14.218190 0.093213 1.300581 -34.211998 -0.287566 0.967171 -20.033176 0.964533 1.212844 -0.000001 0.000001 -0.000000 -3.440385 0.788231 0.501657 -15.928169 -3.167308 2.999705 -6.338817 -0.000001 -0.000001 -18.123415 3.648173 -4.905662 -0.000005 0.000000 -0.000001 13.213227 14.381627 14.002980 61.996120 11.641871 14.223322 -0.531554 19.485683 0.069416 9.503397 -4.647870 -6.787690 2.243539 -5.255032 -3.180155 14.282877 -0.826594 6.952498 -0.000003 -12.690588 0.000000 16.017014 -18.102810 2.824829 1.665665 -1.955920 -2.878296 4.727793 -4.170582 4.993919 11.020512 0.000003 -0.000001 12.109031 -3.735709 -2.866778 0.000002 0.000000 0.000000 1.291984 -1.928548 -1.498089 14.800113 0.567468 3.865604 14.242554 -1.341734 -6.660648 19.631939 0.143925 -0.648242 51.012779 -0.746356 -6.316522 0.353029 -1.511149 -0.031940 20.222767 3.684306 2.316628 18.787245 0.000004 0.000001 10.751606 -0.479868 1.397904 -0.000001 -0.000000 0.000000 3.273804 0.305947 -0.580110 21.486790 11.830360 2.266131 8.162917 0.000002 -0.000000 18.399054 -3.798978 -4.940566 0.000005 0.000000 -0.000001 16.002110 13.498628 -24.244408 -0.155563 -0.336611 21.416220 -15.378747 8.081943 1.854319 1.691581 -1.931623 -0.903885 0.000000 -0.000000 0.000002 -2.329804 -10.326261 -4.050083 0.075682 0.462969 17.152027 12.318670 -3.829944 -16.363312 -1.439185 0.954428 -0.239401 -0.000000 -0.000000 -0.000001 
5.448875 97.348686 -29.511885 -3.663230 -19.569183 5.551027 2.105690 0.322758 -1.115738 -0.366269 0.313376 -4.838259 0.509702 -0.700628 10.993394 -1.275179 3.383800 2.713443 0.002726 2.760577 -3.807558 0.793621 2.374754 -12.338913 0.000077 -0.000022 0.000006 -0.005440 -0.003254 -0.014591 0.699407 -3.726815 -10.576805 -0.717987 3.703336 -10.625891 -15.586233 -3.773638 13.106416 -50.217499 -13.783932 18.976391 -0.103188 -29.954115 0.009059 4.305157 -1.173385 -6.941154 -5.882102 9.861278 0.702591 -10.936861 -0.360573 7.156198 0.000000 8.774813 -0.000002 -15.593301 18.014320 6.114561 -1.844032 2.498503 -2.507275 -10.163589 4.678939 4.621104 -20.975996 -0.000002 0.000005 -21.226250 2.451694 -3.593994 0.000001 -0.000006 -0.000001 -1.362680 2.240796 -0.746323 -21.334887 0.584908 3.008322 -13.821197 -0.000002 0.000002 -23.887133 -0.249078 -0.839479 -59.622562 2.760504 -0.860775 -0.294025 1.679687 0.833255 -14.218192 0.093215 1.300579 -34.212002 -0.287562 0.967169 -20.033176 0.964536 1.212842 0.000001 -0.000000 0.000001 -3.440385 0.788232 0.501656 -15.928167 -3.167307 2.999705 -6.338817 -0.000001 0.000001 -18.123413 3.648176 -4.905660 -0.000005 0.000001 0.000001 13.531301 13.907414 13.917103 61.693092 9.714229 13.671457 -0.584572 19.378109 0.042567 9.479015 -4.216947 -8.216552 2.243540 -5.255033 -3.180155 14.282875 -0.826594 6.952495 -0.000002 -12.690590 0.000001 16.117588 -18.117603 2.732799 1.665665 -1.955920 -2.878297 4.727794 -4.170583 4.993919 11.020511 0.000003 -0.000001 12.109030 -3.735709 -2.866780 0.000002 0.000001 0.000000 1.291984 -1.928548 -1.498088 14.800111 0.567468 3.865602 14.242553 -1.341734 -6.660649 19.631935 0.143925 -0.648244 50.864655 -0.791242 -6.451031 0.353029 -1.511149 -0.031939 20.222769 3.684306 2.316628 18.787243 0.000004 -0.000000 10.751609 -0.479868 1.397904 -0.000001 -0.000000 0.000000 3.273804 0.305947 -0.580110 21.486792 11.830362 2.266130 8.162914 0.000001 0.000000 18.399052 -3.798980 -4.940567 0.000004 0.000000 -0.000001 15.356478 13.222028 -22.884914 -0.094052 -0.277624 18.162422 -15.019398 8.999406 3.646579 1.681866 -1.940710 -0.866349 0.000000 0.000000 0.000002 -2.806531 -9.568139 -4.501975 0.052135 0.477383 16.810831 11.906807 -4.492071 -15.808515 -1.433179 0.971696 -0.470334 0.000000 0.000001 -0.000001 
5.513330 97.502960 -30.027422 -3.167064 -19.755064 5.399809 2.103528 0.188499 -1.297779 -0.318780 -0.006008 -4.947798 0.556781 -1.142448 10.891033 -1.352085 3.356496 2.339528 0.086617 3.081153 -3.757529 0.629549 2.704689 -12.324654 0.000077 -0.000023 0.000006 -0.006649 0.020302 -0.015519 0.697276 -3.693202 -10.539415 -0.719288 3.716423 -10.597521 -15.655194 -4.621439 12.949655 -49.029888 -16.919113 20.937164 0.011840 -31.370703 0.006586 4.685202 -2.028938 -5.326360 -5.882102 9.861279 0.702591 -10.936858 -0.360575 7.156196 -0.000000 8.774814 -0.000003 -15.588241 18.041788 6.096620 -1.844032 2.498502 -2.507275 -10.163589 4.678941 4.621104 -20.975994 -0.000004 0.000003 -21.226250 2.451693 -3.593993 0.000001 -0.000006 -0.000000 -1.362681 2.240795 -0.746322 -21.334887 0.584908 3.008320 -13.821195 -0.000001 0.000001 -23.887129 -0.249076 -0.839483 -59.489758 2.757721 -0.957780 -0.294026 1.679687 0.833256 -14.218194 0.093216 1.300579 -34.212002 -0.287563 0.967169 -20.033178 0.964535 1.212841 0.000002 0.000000 0.000000 -3.440384 0.788232 0.501656 -15.928164 -3.167306 2.999703 -6.338817 -0.000001 0.000002 -18.123413 3.648175 -4.905662 -0.000003 -0.000001 -0.000003 13.350662 13.258856 13.745063 61.624264 7.295200 13.245857 -0.506746 21.547163 0.000702 9.327636 -3.082938 -9.716552 2.243540 -5.255033 -3.180155 14.282875 -0.826594 6.952496 -0.000000 -12.690593 0.000000 16.267202 -18.154661 2.546149 1.665665 -1.955920 -2.878296 4.727794 -4.170585 4.993918 11.020512 0.000002 -0.000001 12.109031 -3.735710 -2.866779 0.000000 -0.000001 0.000000 1.291984 -1.928548 -1.498088 14.800109 0.567467 3.865602 14.242551 -1.341736 -6.660648 19.631935 0.143925 -0.648243 50.631641 -0.813566 -6.534250 0.353029 -1.511150 -0.031940 20.222767 3.684306 2.316628 18.787245 0.000004 -0.000000 10.751609 -0.479868 1.397903 -0.000001 -0.000000 0.000000 3.273804 0.305947 -0.580110 21.486790 11.830363 2.266132 8.162915 0.000001 0.000001 18.399046 -3.798982 -4.940567 0.000005 -0.000000 -0.000001 14.828665 13.258273 -22.124027 -0.088630 -0.263839 16.044806 -14.859861 9.108360 4.991644 1.671851 -1.951481 -0.848376 -0.000000 0.000000 0.000002 -3.147752 -9.090901 -5.048843 0.043520 0.435993 17.102493 11.627116 -5.040202 -15.662325 -1.430322 0.981317 -0.507044 -0.000000 0.000001 -0.000001 
5.623226 97.533134 -30.357508 -2.812147 -19.735529 5.197462 2.117713 0.094211 -1.339331 -0.279744 -0.328470 -5.029740 0.629088 -1.595472 10.791594 -1.364731 3.283903 2.017595 0.191401 3.447408 -3.696967 0.468351 2.939883 -12.494445 0.000077 -0.000022 0.000006 -0.000314 0.064717 -0.013022 0.703673 -3.639639 -10.516130 -0.712990 3.759427 -10.586012 -15.378093 -5.562965 12.789942 -48.045174 -20.195627 21.886244 -0.063025 -32.532730 0.038392 5.205423 -2.502038 -3.996456 -5.882100 9.861278 0.702589 -10.936860 -0.360575 7.156199 0.000001 8.774814 -0.000002 -15.643067 18.059631 6.107177 -1.844031 2.498503 -2.507276 -10.163589 4.678938 4.621105 -20.975994 -0.000003 0.000002 -21.226250 2.451692 -3.593994 0.000002 -0.000005 -0.000000 -1.362681 2.240796 -0.746320 -21.334890 0.584907 3.008320 -13.821195 -0.000004 0.000003 -23.887131 -0.249081 -0.839481 -59.612125 2.773471 -1.025608 -0.294025 1.679686 0.833255 -14.218192 0.093214 1.300579 -34.212006 -0.287565 0.967171 -20.033176 0.964535 1.212842 0.000002 0.000000 0.000002 -3.440384 0.788231 0.501655 -15.928167 -3.167306 2.999702 -6.338817 -0.000001 0.000001 -18.123411 3.648174 -4.905660 -0.000004 0.000000 -0.000003 12.877524 12.588851 13.536773 61.786789 4.812565 12.983385 -0.354728 24.566368 -0.013927 9.097859 -2.113708 -10.486309 2.243540 -5.255033 -3.180155 14.282877 -0.826593 6.952495 -0.000003 -12.690591 0.000000 16.307840 -18.173222 2.422728 1.665665 -1.955920 -2.878296 4.727793 -4.170583 4.993918 11.020511 0.000003 -0.000001 12.109029 -3.735709 -2.866779 0.000000 -0.000000 0.000000 1.291984 -1.928548 -1.498088 14.800114 0.567468 3.865604 14.242554 -1.341735 -6.660648 19.631939 0.143926 -0.648243 50.376995 -0.822157 -6.582074 0.353029 -1.511149 -0.031940 20.222769 3.684306 2.316628 18.787245 0.000004 -0.000000 10.751608 -0.479868 1.397904 -0.000001 0.000000 0.000000 3.273804 0.305947 -0.580110 21.486792 11.830363 2.266132 8.162916 0.000001 0.000000 18.399052 -3.798979 -4.940567 0.000004 0.000000 -0.000001 14.385820 13.364570 -21.733162 -0.096536 -0.256264 14.918545 -14.797310 8.832437 5.683345 1.657314 -1.956064 -0.744591 -0.000000 0.000000 0.000002 -3.460217 -8.798330 -5.489597 0.040145 0.359397 17.714365 11.504438 -5.455565 -15.799755 -1.429735 1.021885 -0.379891 -0.000000 -0.000000 -0.000001 
5.724163 97.539764 -30.399836 -2.493714 -19.601900 4.943318 2.070737 -0.020435 -1.351128 -0.256680 -0.573610 -5.074843 0.679024 -2.027678 10.696870 -1.309042 3.234081 1.835534 0.270005 3.722239 -3.647596 0.409737 3.160479 -12.626590 0.000077 -0.000022 0.000006 0.004804 0.101790 -0.012223 0.705404 -3.601882 -10.488429 -0.707325 3.796133 -10.573274 -14.898392 -6.410323 12.655400 -47.338417 -23.450489 22.253536 -0.243648 -33.244549 0.080959 5.526246 -2.700723 -2.909828 -5.882098 9.861277 0.702592 -10.936857 -0.360576 7.156199 0.000002 8.774814 -0.000001 -15.662124 18.030083 6.129714 -1.844031 2.498502 -2.507275 -10.163589 4.678939 4.621105 -20.975992 -0.000005 0.000002 -21.226250 2.451691 -3.593992 0.000001 -0.000005 -0.000001 -1.362678 2.240795 -0.746323 -21.334887 0.584907 3.008321 -13.821197 -0.000004 0.000003 -23.887129 -0.249080 -0.839479 -59.766476 2.804050 -1.055502 -0.294024 1.679686 0.833255 -14.218194 0.093214 1.300579 -34.211998 -0.287566 0.967173 -20.033180 0.964534 1.212844 0.000000 0.000001 0.000001 -3.440385 0.788233 0.501655 -15.928169 -3.167306 2.999704 -6.338817 -0.000001 0.000002 -18.123411 3.648176 -4.905660 -0.000004 -0.000000 -0.000002 12.341058 12.028105 13.367407 62.123505 2.735598 12.954098 -0.304931 27.140888 -0.039328 8.924135 -1.555184 -10.743846 2.243539 -5.255032 -3.180155 14.282877 -0.826593 6.952495 -0.000002 -12.690590 0.000001 16.341709 -18.189114 2.352179 1.665665 -1.955920 -2.878296 4.727793 -4.170583 4.993919 11.020511 0.000003 -0.000001 12.109035 -3.735708 -2.866779 0.000001 0.000000 -0.000000 1.291984 -1.928548 -1.498088 14.800111 0.567469 3.865603 14.242553 -1.341733 -6.660649 19.631939 0.143927 -0.648243 50.190704 -0.824816 -6.599573 0.353029 -1.511149 -0.031940 20.222771 3.684308 2.316628 18.787247 0.000005 -0.000000 10.751610 -0.479868 1.397904 -0.000001 -0.000000 -0.000000 3.273804 0.305947 -0.580110 21.486792 11.830363 2.266131 8.162914 0.000001 0.000000 18.399050 -3.798979 -4.940567 0.000004 0.000000 -0.000001 13.961968 13.400314 -21.483311 -0.092079 -0.257397 14.501565 -14.776810 8.486364 5.909093 1.644446 -1.944920 -0.684448 -0.000000 0.000000 0.000002 -3.843006 -8.735973 -5.472306 0.045517 0.329572 17.966345 11.506499 -5.789386 -15.931206 -1.427740 1.016475 -0.263872 0.000000 0.000001 -0.000001 
5.819699 97.568481 -29.922503 -2.185870 -19.420330 4.659348 1.968495 -0.074122 -1.384778 -0.246056 -0.784191 -5.101953 0.679485 -2.366992 10.604231 -1.169184 3.168965 1.825087 0.294500 3.923381 -3.613385 0.431301 3.290168 -12.630925 0.000077 -0.000022 0.000006 0.011434 0.135821 -0.016441 0.710105 -3.574222 -10.476192 -0.700061 3.824965 -10.557270 -14.375737 -7.166154 12.547514 -46.875259 -26.436443 22.276749 -0.446583 -33.455956 0.194717 5.635220 -2.822248 -2.180388 -5.882102 9.861279 0.702589 -10.936858 -0.360575 7.156197 0.000002 8.774813 -0.000001 -15.650452 17.993565 6.172502 -1.844032 2.498502 -2.507276 -10.163589 4.678942 4.621105 -20.975998 -0.000002 0.000001 -21.226255 2.451694 -3.593995 0.000000 -0.000006 -0.000000 -1.362682 2.240798 -0.746322 -21.334887 0.584909 3.008320 -13.821197 -0.000002 0.000002 -23.887133 -0.249078 -0.839482 -59.874699 2.848606 -1.037063 -0.294024 1.679685 0.833254 -14.218192 0.093213 1.300580 -34.212002 -0.287562 0.967168 -20.033176 0.964536 1.212840 0.000001 0.000001 0.000001 -3.440385 0.788232 0.501656 -15.928165 -3.167305 2.999703 -6.338818 0.000001 0.000002 -18.123413 3.648176 -4.905662 -0.000004 -0.000000 -0.000002 11.849364 11.557858 13.246330 62.569435 1.154992 13.182187 -0.293411 28.810867 -0.060294 8.807075 -1.262648 -10.931323 2.243539 -5.255033 -3.180155 14.282875 -0.826593 6.952497 -0.000002 -12.690593 -0.000001 16.316946 -18.204832 2.328185 1.665664 -1.955920 -2.878296 4.727793 -4.170583 4.993918 11.020510 0.000003 -0.000001 12.109032 -3.735709 -2.866779 0.000002 -0.000000 0.000000 1.291984 -1.928548 -1.498088 14.800107 0.567468 3.865604 14.242551 -1.341735 -6.660648 19.631933 0.143926 -0.648242 50.022827 -0.841505 -6.586076 0.353028 -1.511149 -0.031940 20.222765 3.684307 2.316629 18.787243 0.000004 0.000001 10.751611 -0.479868 1.397904 -0.000002 -0.000000 0.000000 3.273804 0.305947 -0.580110 21.486790 11.830367 2.266133 8.162916 0.000001 0.000001 18.399046 -3.798980 -4.940566 0.000004 0.000000 -0.000001 13.503489 13.458952 -21.311512 -0.098469 -0.277730 14.958117 -14.769355 8.071366 5.493574 1.640317 -1.924562 -0.715984 -0.000000 -0.000000 0.000002 -4.382751 -8.737541 -4.605971 0.050890 0.323640 17.260382 11.640269 -6.106730 -15.884024 -1.426685 1.014999 -0.253090 0.000000 0.000000 -0.000001 
5.951756 97.606522 -29.680258 -1.897955 -19.185669 4.362534 1.858200 -0.121670 -1.447268 -0.240630 -0.920623 -5.128683 0.629697 -2.607164 10.502875 -0.980486 3.113128 1.937963 0.268849 4.041722 -3.574850 0.511599 3.308901 -12.562280 0.000077 -0.000023 0.000006 0.016934 0.145831 -0.017205 0.712469 -3.558829 -10.459191 -0.693159 3.842982 -10.536378 -13.884776 -7.740822 12.438150 -46.842850 -29.049719 22.230083 -0.560288 -33.266487 0.248823 5.594164 -2.953116 -1.746709 -5.882098 9.861279 0.702590 -10.936856 -0.360575 7.156196 0.000001 8.774814 -0.000001 -15.590700 17.943790 6.223846 -1.844031 2.498503 -2.507276 -10.163589 4.678937 4.621104 -20.975994 -0.000005 0.000002 -21.226254 2.451690 -3.593993 0.000000 -0.000007 -0.000000 -1.362680 2.240796 -0.746322 -21.334888 0.584908 3.008321 -13.821195 -0.000005 0.000002 -23.887129 -0.249079 -0.839481 -59.901905 2.874762 -1.013837 -0.294023 1.679687 0.833256 -14.218192 0.093214 1.300579 -34.211998 -0.287566 0.967171 -20.033175 0.964534 1.212842 0.000001 0.000002 -0.000000 -3.440386 0.788232 0.501655 -15.928167 -3.167309 2.999703 -6.338817 -0.000001 0.000001 -18.123411 3.648174 -4.905661 -0.000004 0.000001 -0.000002 11.381954 11.188263 13.118191 63.176273 -0.112285 13.469806 -0.347366 29.842379 -0.079411 8.768207 -1.185696 -11.178433 2.243539 -5.255032 -3.180155 14.282877 -0.826593 6.952497 -0.000003 -12.690590 0.000001 16.308905 -18.194651 2.311513 1.665665 -1.955920 -2.878297 4.727794 -4.170583 4.993919 11.020512 0.000003 -0.000001 12.109027 -3.735709 -2.866779 0.000002 0.000000 -0.000000 1.291984 -1.928547 -1.498088 14.800111 0.567468 3.865603 14.242553 -1.341733 -6.660648 19.631939 0.143926 -0.648243 49.922768 -0.843607 -6.568510 0.353029 -1.511149 -0.031940 20.222771 3.684307 2.316628 18.787245 0.000004 -0.000000 10.751613 -0.479868 1.397904 -0.000002 -0.000000 0.000000 3.273804 0.305948 -0.580110 21.486790 11.830363 2.266131 8.162916 -0.000000 0.000000 18.399050 -3.798980 -4.940566 0.000004 0.000000 -0.000001 13.051679 13.541669 -21.114433 -0.111006 -0.314254 15.048407 -14.714747 7.792943 5.449585 1.634916 -1.905777 -0.795242 0.000000 -0.000000 0.000002 -4.842528 -8.723956 -3.962837 0.053491 0.300524 16.751286 11.691105 -6.480368 -15.800198 -1.428026 0.986119 -0.290132 -0.000000 0.000001 -0.000001 
6.170291 97.615135 -29.431740 -1.609735 -18.931389 4.058547 1.741771 -0.124600 -1.538167 -0.241341 -1.039169 -5.180458 0.522439 -2.753624 10.437960 -0.786618 3.080675 2.129846 0.215255 4.085674 -3.564266 0.600701 3.203184 -12.435513 0.000077 -0.000023 0.000006 0.021199 0.145626 -0.019897 0.713971 -3.561166 -10.466070 -0.686509 3.843684 -10.547153 -13.507988 -8.151683 12.311047 -47.131115 -31.096306 22.089186 -0.625975 -32.787689 0.281033 5.479009 -3.128256 -1.519965 -5.882102 9.861278 0.702587 -10.936860 -0.360576 7.156197 0.000001 8.774813 -0.000001 -15.531153 17.926517 6.265684 -1.844032 2.498502 -2.507276 -10.163590 4.678939 4.621103 -20.975994 -0.000004 0.000001 -21.226254 2.451692 -3.593994 -0.000000 -0.000006 -0.000001 -1.362678 2.240797 -0.746323 -21.334892 0.584909 3.008320 -13.821198 -0.000002 0.000002 -23.887131 -0.249080 -0.839482 -59.867683 2.886538 -1.002216 -0.294024 1.679685 0.833254 -14.218192 0.093214 1.300578 -34.212002 -0.287565 0.967169 -20.033180 0.964533 1.212842 0.000000 -0.000000 -0.000000 -3.440386 0.788233 0.501656 -15.928171 -3.167308 2.999704 -6.338818 -0.000002 0.000001 -18.123415 3.648176 -4.905662 -0.000004 -0.000000 -0.000002 11.002959 10.937552 13.015384 63.788425 -1.028107 13.763699 -0.321091 30.458708 -0.055773 8.744019 -1.204355 -11.425142 2.243540 -5.255033 -3.180155 14.282877 -0.826593 6.952496 -0.000001 -12.690590 -0.000000 16.265575 -18.168001 2.312842 1.665665 -1.955920 -2.878297 4.727794 -4.170584 4.993919 11.020512 0.000003 -0.000001 12.109032 -3.735710 -2.866780 0.000002 0.000000 -0.000000 1.291984 -1.928548 -1.498088 14.800113 0.567468 3.865603 14.242551 -1.341735 -6.660649 19.631937 0.143926 -0.648243 49.809788 -0.824511 -6.565245 0.353029 -1.511149 -0.031940 20.222767 3.684307 2.316628 18.787245 0.000004 0.000000 10.751608 -0.479868 1.397905 -0.000001 -0.000000 0.000000 3.273804 0.305947 -0.580110 21.486794 11.830366 2.266132 8.162915 0.000002 -0.000000 18.399052 -3.798979 -4.940568 0.000004 0.000000 -0.000001 12.556221 13.537036 -21.018476 -0.115557 -0.329675 15.324411 -14.585001 7.530334 5.221014 1.632656 -1.890199 -0.873017 0.000000 -0.000000 0.000002 -5.353317 -8.710761 -3.394595 0.061234 0.317550 16.397758 11.804295 -6.875317 -15.783952 -1.427201 0.965261 -0.329413 -0.000000 0.000001 -0.000001 
6.328146 97.598633 -29.084942 -1.358186 -18.637747 3.732660 1.631732 -0.138292 -1.630522 -0.253838 -1.080250 -5.238370 0.400520 -2.820277 10.402336 -0.619132 3.072395 2.388232 0.178470 4.042122 -3.569122 0.677369 3.002228 -12.310472 0.000077 -0.000023 0.000006 0.021107 0.138770 -0.012635 0.711440 -3.574103 -10.473578 -0.682989 3.846022 -10.547348 -13.262329 -8.375712 12.262204 -47.693756 -32.549000 22.010019 -0.608736 -32.175652 0.285895 5.308656 -3.259015 -1.453646 -5.882100 9.861279 0.702590 -10.936858 -0.360574 7.156198 0.000002 8.774814 -0.000000 -15.480555 17.910973 6.294074 -1.844030 2.498502 -2.507276 -10.163589 4.678938 4.621104 -20.975992 -0.000004 0.000003 -21.226250 2.451691 -3.593992 0.000000 -0.000007 -0.000000 -1.362682 2.240795 -0.746323 -21.334885 0.584908 3.008322 -13.821197 -0.000003 0.000003 -23.887131 -0.249079 -0.839480 -59.798515 2.851079 -0.993716 -0.294026 1.679685 0.833255 -14.218189 0.093214 1.300579 -34.212002 -0.287563 0.967170 -20.033176 0.964535 1.212842 0.000000 0.000001 0.000000 -3.440384 0.788232 0.501657 -15.928167 -3.167307 2.999705 -6.338817 -0.000002 0.000002 -18.123413 3.648178 -4.905658 -0.000004 -0.000000 -0.000002 10.704238 10.783549 12.942796 64.414528 -1.626990 13.956389 -0.308561 30.827883 -0.009657 8.714065 -1.334957 -11.662276 2.243540 -5.255032 -3.180155 14.282875 -0.826594 6.952497 -0.000003 -12.690591 0.000001 16.204769 -18.111336 2.328194 1.665665 -1.955920 -2.878297 4.727795 -4.170583 4.993919 11.020512 0.000003 -0.000001 12.109032 -3.735710 -2.866779 0.000001 0.000000 0.000000 1.291984 -1.928547 -1.498088 14.800113 0.567468 3.865603 14.242556 -1.341734 -6.660649 19.631939 0.143925 -0.648243 49.708790 -0.791402 -6.537642 0.353029 -1.511149 -0.031940 20.222771 3.684306 2.316628 18.787245 0.000004 -0.000000 10.751610 -0.479868 1.397905 -0.000002 -0.000000 0.000000 3.273804 0.305948 -0.580110 21.486792 11.830363 2.266130 8.162916 0.000002 -0.000000 18.399054 -3.798981 -4.940567 0.000003 0.000000 -0.000001 12.157170 13.436310 -20.878523 -0.121700 -0.336686 15.737110 -14.499535 7.285712 4.775200 1.629279 -1.874208 -0.917309 -0.000000 -0.000000 0.000002 -5.840714 -8.689562 -2.720278 0.065415 0.349394 15.988890 11.916463 -7.211464 -15.816451 -1.426773 0.949060 -0.347412 -0.000000 0.000001 -0.000001 
6.494600 97.545303 -28.636703 -1.138793 -18.356358 3.394200 1.531435 -0.123136 -1.723400 -0.272259 -1.094910 -5.307829 0.263528 -2.805360 10.398577 -0.455928 3.045232 2.653819 0.130410 3.933787 -3.564294 0.739767 2.794700 -12.167291 0.000077 -0.000023 0.000006 0.022358 0.138455 -0.001921 0.710020 -3.572108 -10.480952 -0.678725 3.849474 -10.554411 -13.094229 -8.455398 12.252004 -48.507126 -33.414261 22.088123 -0.557518 -31.475534 0.268430 5.017706 -3.366211 -1.408282 -5.882101 9.861278 0.702589 -10.936858 -0.360577 7.156198 0.000001 8.774816 -0.000001 -15.450447 17.908064 6.310931 -1.844030 2.498503 -2.507276 -10.163589 4.678941 4.621105 -20.975996 -0.000003 0.000003 -21.226254 2.451692 -3.593992 0.000000 -0.000006 -0.000001 -1.362679 2.240797 -0.746323 -21.334890 0.584908 3.008322 -13.821197 -0.000005 0.000004 -23.887131 -0.249079 -0.839478 -59.729073 2.834623 -0.990582 -0.294024 1.679685 0.833254 -14.218194 0.093215 1.300580 -34.212002 -0.287562 0.967172 -20.033178 0.964536 1.212843 0.000001 0.000001 0.000000 -3.440386 0.788231 0.501655 -15.928167 -3.167309 2.999704 -6.338818 -0.000001 0.000002 -18.123415 3.648175 -4.905660 -0.000004 -0.000002 -0.000002 10.428618 10.718960 12.871746 65.025963 -1.924277 13.997536 -0.219844 31.001719 0.057577 8.660842 -1.571985 -11.743803 2.243540 -5.255032 -3.180156 14.282877 -0.826593 6.952496 -0.000002 -12.690590 0.000000 16.168589 -18.057236 2.342623 1.665665 -1.955920 -2.878297 4.727793 -4.170583 4.993918 11.020513 0.000003 -0.000001 12.109033 -3.735709 -2.866780 0.000002 0.000000 0.000000 1.291985 -1.928547 -1.498088 14.800111 0.567468 3.865603 14.242553 -1.341733 -6.660650 19.631939 0.143927 -0.648244 49.662914 -0.769955 -6.527933 0.353029 -1.511150 -0.031940 20.222769 3.684307 2.316627 18.787245 0.000005 -0.000000 10.751611 -0.479867 1.397904 -0.000002 -0.000000 0.000000 3.273804 0.305947 -0.580111 21.486790 11.830362 2.266130 8.162916 0.000000 -0.000000 18.399054 -3.798978 -4.940568 0.000003 0.000000 -0.000001 11.814760 13.214942 -20.773510 -0.126628 -0.326119 16.430670 -14.398450 7.112930 4.011481 1.624849 -1.863743 -0.927409 -0.000000 0.000000 0.000002 -6.274218 -8.689608 -1.861829 0.063979 0.381268 15.603566 12.080063 -7.432137 -15.959839 -1.424868 0.922276 -0.357829 -0.000000 0.000001 -0.000001 
6.577148 97.466293 -28.100904 -0.952293 -18.066422 3.036567 1.443247 -0.114358 -1.808602 -0.297849 -1.041991 -5.365547 0.116120 -2.738227 10.412797 -0.311297 3.028848 2.863420 0.085770 3.722858 -3.559736 0.800125 2.564452 -12.000543 0.000077 -0.000022 0.000006 0.022029 0.134402 0.013727 0.707069 -3.596996 -10.486750 -0.677926 3.847897 -10.556026 -12.933653 -8.394926 12.302084 -49.516407 -33.734791 22.439577 -0.480213 -30.793671 0.236059 4.455345 -3.402150 -1.451273 -5.882101 9.861278 0.702589 -10.936861 -0.360574 7.156197 0.000001 8.774813 -0.000001 -15.436808 17.888657 6.292793 -1.844032 2.498502 -2.507277 -10.163590 4.678941 4.621104 -20.975998 -0.000002 -0.000000 -21.226255 2.451692 -3.593995 -0.000001 -0.000005 -0.000000 -1.362683 2.240797 -0.746324 -21.334896 0.584909 3.008319 -13.821198 -0.000004 0.000001 -23.887131 -0.249080 -0.839483 -59.644318 2.822258 -0.987800 -0.294025 1.679685 0.833256 -14.218195 0.093215 1.300578 -34.212006 -0.287561 0.967166 -20.033180 0.964536 1.212839 -0.000000 0.000001 -0.000001 -3.440386 0.788233 0.501655 -15.928171 -3.167304 2.999703 -6.338817 0.000000 0.000002 -18.123415 3.648177 -4.905663 -0.000004 -0.000002 -0.000002 10.149403 10.731218 12.796767 65.656204 -1.929002 14.061195 -0.192013 30.999521 0.101764 8.596600 -1.901357 -11.719258 2.243539 -5.255033 -3.180155 14.282873 -0.826593 6.952496 -0.000001 -12.690592 -0.000000 16.150284 -18.064383 2.347711 1.665664 -1.955920 -2.878297 4.727793 -4.170584 4.993919 11.020509 0.000003 -0.000001 12.109028 -3.735710 -2.866779 0.000001 -0.000000 0.000000 1.291984 -1.928547 -1.498088 14.800109 0.567468 3.865603 14.242553 -1.341735 -6.660649 19.631937 0.143926 -0.648243 49.644802 -0.769227 -6.514573 0.353029 -1.511150 -0.031940 20.222767 3.684306 2.316629 18.787245 0.000004 0.000000 10.751610 -0.479868 1.397905 -0.000001 -0.000000 -0.000000 3.273804 0.305947 -0.580110 21.486788 11.830364 2.266132 8.162916 0.000001 0.000000 18.399048 -3.798978 -4.940566 0.000003 0.000000 -0.000001 11.573546 12.931076 -20.615339 -0.118421 -0.302072 17.243834 -14.359344 7.000240 3.083012 1.621582 -1.850557 -0.876678 0.000000 0.000000 0.000002 -6.697073 -8.692533 -0.884899 0.053830 0.411526 15.181056 12.329934 -7.604190 -16.134951 -1.421639 0.928126 -0.331629 0.000000 0.000001 -0.000001 
6.583728 97.377808 -27.416103 -0.805801 -17.856178 2.688878 1.378359 -0.080525 -1.870447 -0.324361 -0.960629 -5.409214 -0.020726 -2.586442 10.412914 -0.198587 3.007488 2.985910 0.023297 3.486558 -3.554947 0.832836 2.360688 -11.846292 0.000077 -0.000022 0.000006 0.022566 0.124292 0.020720 0.705846 -3.602907 -10.491680 -0.679044 3.844829 -10.551030 -12.793405 -8.218669 12.369716 -50.608536 -33.405678 23.072947 -0.441936 -30.219070 0.241878 3.600228 -3.383419 -1.591780 -5.882100 9.861277 0.702591 -10.936858 -0.360576 7.156197 0.000003 8.774814 0.000000 -15.459444 17.885052 6.264906 -1.844029 2.498502 -2.507277 -10.163589 4.678938 4.621103 -20.975992 -0.000008 0.000002 -21.226254 2.451690 -3.593993 0.000000 -0.000007 -0.000000 -1.362681 2.240798 -0.746323 -21.334887 0.584906 3.008320 -13.821197 -0.000006 0.000002 -23.887133 -0.249083 -0.839479 -59.585701 2.788198 -0.989318 -0.294025 1.679685 0.833255 -14.218189 0.093213 1.300577 -34.211998 -0.287568 0.967170 -20.033173 0.964534 1.212842 0.000000 -0.000000 -0.000001 -3.440385 0.788231 0.501654 -15.928164 -3.167310 2.999704 -6.338815 -0.000001 0.000002 -18.123411 3.648176 -4.905659 -0.000004 -0.000002 -0.000002 9.810116 10.856893 12.717863 66.213043 -1.684949 14.037620 -0.130018 30.886120 0.155245 8.456748 -2.387418 -11.539264 2.243539 -5.255031 -3.180155 14.282877 -0.826592 6.952495 -0.000003 -12.690588 0.000000 16.152655 -18.045774 2.356594 1.665665 -1.955919 -2.878296 4.727793 -4.170582 4.993918 11.020513 0.000004 -0.000001 12.109033 -3.735707 -2.866779 0.000002 -0.000000 0.000000 1.291984 -1.928548 -1.498088 14.800114 0.567469 3.865603 14.242554 -1.341732 -6.660649 19.631941 0.143928 -0.648243 49.669930 -0.768637 -6.464209 0.353028 -1.511148 -0.031940 20.222769 3.684307 2.316627 18.787247 0.000006 0.000000 10.751611 -0.479867 1.397905 -0.000002 -0.000000 -0.000000 3.273804 0.305947 -0.580110 21.486792 11.830364 2.266130 8.162916 0.000003 0.000000 18.399052 -3.798977 -4.940566 0.000003 0.000000 -0.000001 11.436397 12.658624 -20.396467 -0.121620 -0.292053 18.237709 -14.381779 6.938770 1.965150 1.614022 -1.849045 -0.789132 0.000000 -0.000000 0.000002 -7.104271 -8.673871 0.251027 0.046036 0.427189 14.481356 12.598558 -7.709978 -16.267181 -1.420168 0.944609 -0.291244 0.000000 0.000000 -0.000001 
6.595529 97.295670 -26.752525 -0.697734 -17.739620 2.384221 1.335479 -0.036772 -1.917027 -0.344862 -0.839717 -5.438198 -0.145476 -2.408303 10.426238 -0.141299 2.949843 2.963715 -0.059461 3.271069 -3.563286 0.854039 2.160289 -11.708054 0.000077 -0.000022 0.000006 0.021583 0.134401 0.032686 0.707909 -3.593622 -10.493473 -0.679572 3.851036 -10.547249 -12.675702 -7.914727 12.454112 -51.671463 -32.480568 23.895939 -0.439301 -29.740101 0.242608 2.428104 -3.270855 -1.917201 -5.882102 9.861278 0.702589 -10.936859 -0.360574 7.156199 0.000002 8.774811 -0.000001 -15.443688 17.915661 6.259540 -1.844032 2.498502 -2.507275 -10.163590 4.678941 4.621106 -20.975994 -0.000002 0.000004 -21.226254 2.451694 -3.593993 0.000002 -0.000006 -0.000000 -1.362681 2.240796 -0.746324 -21.334890 0.584909 3.008323 -13.821194 -0.000004 0.000003 -23.887129 -0.249076 -0.839480 -59.537220 2.777252 -0.985554 -0.294025 1.679686 0.833256 -14.218194 0.093214 1.300582 -34.212002 -0.287560 0.967172 -20.033180 0.964536 1.212843 0.000001 0.000001 -0.000001 -3.440388 0.788231 0.501655 -15.928165 -3.167306 2.999704 -6.338817 0.000000 0.000002 -18.123413 3.648177 -4.905660 -0.000004 -0.000001 -0.000001 9.431396 11.068707 12.626458 66.667313 -1.210044 14.164153 -0.097283 30.817122 0.171010 8.270619 -2.928698 -11.269140 2.243540 -5.255033 -3.180155 14.282875 -0.826593 6.952497 -0.000002 -12.690591 -0.000000 16.160936 -18.077736 2.383788 1.665664 -1.955920 -2.878296 4.727793 -4.170584 4.993918 11.020510 0.000003 -0.000001 12.109032 -3.735710 -2.866780 0.000001 -0.000000 -0.000000 1.291984 -1.928548 -1.498088 14.800109 0.567468 3.865604 14.242551 -1.341735 -6.660649 19.631933 0.143926 -0.648243 49.784981 -0.782102 -6.447796 0.353029 -1.511150 -0.031940 20.222765 3.684306 2.316628 18.787241 0.000003 0.000000 10.751609 -0.479869 1.397904 -0.000002 -0.000000 0.000000 3.273804 0.305946 -0.580110 21.486788 11.830363 2.266132 8.162917 0.000002 0.000001 18.399048 -3.798981 -4.940567 0.000004 0.000001 -0.000001 11.347215 12.376571 -20.163895 -0.112428 -0.264091 19.175976 -14.419943 6.909274 0.891496 1.612560 -1.854679 -0.700377 0.000000 -0.000000 0.000002 -7.461964 -8.667510 1.375332 0.044131 0.439286 13.686040 12.884758 -7.768585 -16.328440 -1.420542 0.941551 -0.260268 -0.000000 -0.000000 -0.000001 
6.557919 97.228806 -26.182831 -0.603203 -17.784561 2.167306 1.301377 0.005888 -1.953258 -0.353935 -0.670300 -5.458231 -0.257875 -2.200230 10.435098 -0.181251 2.934195 2.789629 -0.143149 3.056763 -3.573330 0.864092 1.934353 -11.624882 0.000077 -0.000023 0.000006 0.020329 0.127841 0.025247 0.709051 -3.591298 -10.499047 -0.683579 3.844354 -10.541484 -12.594276 -7.499217 12.568991 -52.602955 -30.976662 24.873816 -0.376455 -29.453733 0.215252 1.062622 -2.993330 -2.297250 -5.882101 9.861279 0.702590 -10.936858 -0.360575 7.156196 0.000001 8.774813 -0.000000 -15.444541 17.961716 6.275130 -1.844031 2.498502 -2.507276 -10.163589 4.678940 4.621104 -20.975994 -0.000003 0.000001 -21.226254 2.451694 -3.593995 0.000000 -0.000006 0.000000 -1.362680 2.240797 -0.746323 -21.334887 0.584910 3.008319 -13.821197 -0.000002 0.000002 -23.887131 -0.249076 -0.839483 -59.534630 2.741882 -0.957681 -0.294023 1.679684 0.833255 -14.218195 0.093214 1.300579 -34.212002 -0.287563 0.967167 -20.033180 0.964535 1.212839 0.000001 0.000001 0.000000 -3.440386 0.788232 0.501655 -15.928167 -3.167306 2.999703 -6.338818 -0.000002 0.000002 -18.123413 3.648176 -4.905661 -0.000004 0.000001 -0.000002 8.993909 11.378555 12.554620 66.940079 -0.588899 14.499418 -0.082193 31.170126 0.168614 8.104030 -3.465919 -10.866709 2.243539 -5.255033 -3.180155 14.282878 -0.826594 6.952496 -0.000001 -12.690590 -0.000000 16.186119 -18.139706 2.409975 1.665665 -1.955919 -2.878296 4.727794 -4.170584 4.993918 11.020511 0.000003 -0.000001 12.109035 -3.735710 -2.866780 0.000002 -0.000000 0.000000 1.291984 -1.928548 -1.498088 14.800113 0.567468 3.865603 14.242553 -1.341736 -6.660648 19.631939 0.143925 -0.648243 49.927197 -0.789709 -6.443788 0.353029 -1.511149 -0.031940 20.222767 3.684306 2.316628 18.787245 0.000004 -0.000001 10.751609 -0.479868 1.397903 -0.000001 -0.000000 -0.000000 3.273804 0.305947 -0.580110 21.486792 11.830363 2.266131 8.162916 0.000001 0.000000 18.399054 -3.798979 -4.940569 0.000003 -0.000000 -0.000001 11.314688 12.133601 -19.888626 -0.107455 -0.253351 19.854969 -14.532576 7.011693 -0.027411 1.608097 -1.873945 -0.646291 -0.000000 0.000000 0.000002 -7.803686 -8.652310 2.296775 0.037486 0.489113 13.003477 13.229169 -7.733125 -16.306618 -1.421854 0.977999 -0.268337 -0.000000 0.000001 -0.000001 
6.572406 97.173485 -25.609413 -0.561333 -18.036974 2.050643 1.295618 0.045319 -1.970928 -0.337548 -0.441872 -5.459367 -0.341304 -1.958689 10.440323 -0.316855 2.944596 2.481242 -0.221083 2.787791 -3.585863 0.850259 1.703042 -11.638404 0.000077 -0.000022 0.000006 0.021081 0.131072 0.021410 0.714860 -3.587189 -10.495541 -0.689910 3.844246 -10.529186 -12.550539 -6.959241 12.662934 -53.441582 -28.751387 25.676100 -0.230156 -29.364925 0.148502 -0.273198 -2.529226 -2.415796 -5.882101 9.861277 0.702590 -10.936858 -0.360576 7.156198 0.000001 8.774814 -0.000001 -15.503004 18.025396 6.299562 -1.844031 2.498504 -2.507276 -10.163591 4.678939 4.621104 -20.975996 -0.000003 0.000004 -21.226254 2.451690 -3.593992 0.000001 -0.000006 0.000000 -1.362682 2.240797 -0.746323 -21.334892 0.584907 3.008320 -13.821197 -0.000004 0.000002 -23.887131 -0.249078 -0.839481 -59.607971 2.727401 -0.955353 -0.294023 1.679687 0.833255 -14.218192 0.093213 1.300579 -34.212006 -0.287566 0.967171 -20.033180 0.964536 1.212842 0.000002 0.000000 0.000001 -3.440385 0.788232 0.501655 -15.928167 -3.167308 2.999705 -6.338817 -0.000001 0.000002 -18.123413 3.648175 -4.905659 -0.000005 -0.000000 -0.000003 8.467357 11.749949 12.498616 66.993332 0.134113 15.096375 -0.021169 32.306103 0.191920 8.031947 -3.813161 -10.459014 2.243539 -5.255033 -3.180155 14.282875 -0.826592 6.952497 -0.000003 -12.690592 -0.000000 16.211433 -18.244385 2.430027 1.665664 -1.955920 -2.878296 4.727794 -4.170583 4.993918 11.020510 0.000003 -0.000001 12.109033 -3.735709 -2.866779 0.000001 0.000000 -0.000000 1.291984 -1.928548 -1.498088 14.800111 0.567469 3.865604 14.242553 -1.341735 -6.660647 19.631939 0.143926 -0.648242 50.099518 -0.797933 -6.440676 0.353029 -1.511149 -0.031940 20.222771 3.684307 2.316629 18.787245 0.000005 0.000001 10.751614 -0.479867 1.397904 -0.000002 0.000000 0.000000 3.273804 0.305947 -0.580110 21.486794 11.830363 2.266131 8.162917 -0.000000 0.000001 18.399055 -3.798978 -4.940566 0.000004 0.000000 -0.000001 11.303761 11.934471 -19.656738 -0.090831 -0.248641 20.556200 -14.672801 7.189862 -1.000793 1.608928 -1.880303 -0.584713 0.000000 -0.000000 0.000002 -8.076777 -8.565229 3.036614 0.030882 0.527686 12.327195 13.590202 -7.577897 -16.218086 -1.422588 0.995279 -0.277941 -0.000000 0.000001 -0.000001 
6.536549 97.125641 -25.103287 -0.559303 -18.449148 2.029471 1.312638 0.089943 -1.961449 -0.308281 -0.174269 -5.450922 -0.400407 -1.731424 10.447353 -0.522259 3.007096 2.097897 -0.296317 2.546587 -3.585937 0.803156 1.462274 -11.690696 0.000077 -0.000023 0.000006 0.021950 0.124547 0.014050 0.718374 -3.604175 -10.494966 -0.692064 3.843414 -10.529104 -12.554646 -6.318023 12.764089 -54.187546 -26.041170 25.911026 -0.014595 -29.512318 0.093041 -1.301573 -1.869983 -2.189435 -5.882100 9.861279 0.702591 -10.936859 -0.360575 7.156196 0.000001 8.774813 -0.000001 -15.616410 18.046997 6.299598 -1.844031 2.498502 -2.507275 -10.163588 4.678940 4.621103 -20.975992 -0.000004 0.000003 -21.226254 2.451691 -3.593991 0.000002 -0.000006 -0.000000 -1.362682 2.240796 -0.746322 -21.334894 0.584909 3.008318 -13.821197 -0.000002 0.000003 -23.887129 -0.249078 -0.839480 -59.705097 2.685993 -0.943528 -0.294023 1.679686 0.833255 -14.218190 0.093214 1.300580 -34.211998 -0.287565 0.967172 -20.033175 0.964536 1.212843 0.000002 -0.000000 0.000001 -3.440384 0.788231 0.501655 -15.928167 -3.167307 2.999704 -6.338817 -0.000000 0.000002 -18.123413 3.648176 -4.905660 -0.000004 0.000001 -0.000002 7.883838 12.170012 12.468907 66.872444 0.852672 15.890467 0.085377 34.374557 0.257157 8.041600 -3.874010 -10.001117 2.243539 -5.255032 -3.180155 14.282875 -0.826593 6.952497 -0.000003 -12.690590 0.000000 16.249315 -18.364464 2.433164 1.665665 -1.955920 -2.878296 4.727794 -4.170583 4.993918 11.020510 0.000003 -0.000001 12.109029 -3.735709 -2.866779 0.000001 0.000000 -0.000000 1.291984 -1.928548 -1.498088 14.800113 0.567468 3.865605 14.242548 -1.341734 -6.660648 19.631935 0.143926 -0.648242 50.254025 -0.802825 -6.405759 0.353029 -1.511149 -0.031940 20.222767 3.684307 2.316628 18.787247 0.000005 -0.000001 10.751615 -0.479867 1.397905 -0.000002 -0.000000 0.000001 3.273804 0.305947 -0.580110 21.486792 11.830362 2.266132 8.162916 0.000002 0.000001 18.399050 -3.798980 -4.940565 0.000004 0.000000 0.000000 11.376652 11.784424 -19.461966 -0.081415 -0.246490 21.189692 -14.908501 7.450073 -1.881465 1.606123 -1.889780 -0.520518 -0.000000 0.000000 0.000002 -8.277306 -8.394301 3.497484 0.030510 0.574669 11.863882 13.943655 -7.373751 -16.130323 -1.425830 1.032369 -0.256864 0.000000 0.000002 -0.000001 
6.515626 97.101509 -24.665537 -0.605208 -19.023716 2.111515 1.349910 0.122077 -1.922394 -0.273542 0.142625 -5.428689 -0.438849 -1.503507 10.432625 -0.769655 3.108707 1.719736 -0.359213 2.295455 -3.593410 0.753808 1.260811 -11.728416 0.000077 -0.000022 0.000006 0.019749 0.117877 0.009803 0.712078 -3.601063 -10.499496 -0.691190 3.832860 -10.518681 -12.622898 -5.593728 12.848937 -54.841995 -22.863579 25.261034 0.323460 -29.992943 -0.007787 -1.765358 -1.034019 -1.876712 -5.882101 9.861278 0.702589 -10.936858 -0.360574 7.156198 0.000001 8.774812 -0.000001 -15.707266 18.042225 6.292971 -1.844030 2.498502 -2.507276 -10.163589 4.678939 4.621105 -20.975998 -0.000004 0.000003 -21.226254 2.451691 -3.593993 0.000002 -0.000006 -0.000000 -1.362680 2.240796 -0.746323 -21.334890 0.584908 3.008320 -13.821197 -0.000002 0.000003 -23.887135 -0.249079 -0.839480 -59.771858 2.611878 -0.913650 -0.294025 1.679685 0.833257 -14.218194 0.093213 1.300581 -34.212006 -0.287565 0.967170 -20.033178 0.964535 1.212843 0.000002 -0.000000 0.000001 -3.440386 0.788231 0.501655 -15.928169 -3.167305 2.999704 -6.338817 -0.000001 0.000001 -18.123415 3.648174 -4.905661 -0.000003 -0.000001 -0.000003 7.315788 12.575653 12.469896 66.561829 1.620071 16.842791 0.228193 37.357262 0.340548 8.127809 -3.632668 -9.494952 2.243540 -5.255032 -3.180156 14.282877 -0.826594 6.952495 -0.000003 -12.690590 0.000000 16.288652 -18.466293 2.419989 1.665665 -1.955918 -2.878297 4.727794 -4.170582 4.993918 11.020513 0.000003 -0.000001 12.109032 -3.735709 -2.866779 0.000001 0.000000 -0.000000 1.291985 -1.928547 -1.498088 14.800111 0.567468 3.865604 14.242554 -1.341734 -6.660648 19.631939 0.143926 -0.648244 50.406437 -0.789990 -6.364045 0.353029 -1.511149 -0.031940 20.222771 3.684306 2.316627 18.787247 0.000006 -0.000002 10.751610 -0.479867 1.397904 -0.000001 0.000000 -0.000000 3.273804 0.305947 -0.580111 21.486792 11.830361 2.266130 8.162920 0.000002 -0.000001 18.399055 -3.798977 -4.940567 0.000004 0.000000 -0.000001 11.487427 11.658180 -19.309986 -0.059633 -0.240004 21.727333 -15.147902 7.802474 -2.661847 1.604669 -1.901253 -0.439625 0.000000 -0.000000 0.000002 -8.333929 -8.158920 3.867854 0.028033 0.619831 11.336510 14.209712 -7.132879 -15.991231 -1.429102 1.050343 -0.209523 0.000000 0.000001 -0.000001 
6.406822 97.101440 -24.349009 -0.679287 -19.675236 2.308460 1.383993 0.173040 -1.898717 -0.237871 0.424840 -5.399388 -0.485921 -1.254362 10.412655 -1.028753 3.220553 1.397220 -0.381753 2.060027 -3.595226 0.723041 1.128636 -11.671186 0.000077 -0.000023 0.000007 0.013460 0.091112 0.002113 0.698786 -3.630911 -10.492497 -0.688848 3.804149 -10.504668 -12.764219 -4.845059 12.962427 -55.364574 -19.327446 23.557262 0.690097 -30.901754 -0.147926 -1.488708 -0.152791 -1.870397 -5.882102 9.861279 0.702590 -10.936858 -0.360575 7.156198 0.000001 8.774815 -0.000001 -15.769468 18.049467 6.287395 -1.844032 2.498503 -2.507276 -10.163589 4.678937 4.621103 -20.975992 -0.000002 0.000003 -21.226254 2.451691 -3.593994 0.000000 -0.000005 0.000000 -1.362680 2.240798 -0.746323 -21.334890 0.584908 3.008320 -13.821197 -0.000004 0.000001 -23.887131 -0.249078 -0.839482 -59.798916 2.509978 -0.892286 -0.294024 1.679686 0.833254 -14.218192 0.093214 1.300579 -34.211998 -0.287564 0.967170 -20.033180 0.964534 1.212841 0.000003 0.000002 0.000001 -3.440385 0.788233 0.501655 -15.928169 -3.167306 2.999704 -6.338817 -0.000002 0.000001 -18.123413 3.648175 -4.905661 -0.000003 -0.000000 -0.000003 6.882161 12.883788 12.486403 66.050873 2.418488 17.934227 0.316238 41.147404 0.386045 8.272804 -3.004554 -9.123289 2.243540 -5.255034 -3.180155 14.282875 -0.826593 6.952494 -0.000001 -12.690591 0.000000 16.335260 -18.477072 2.370497 1.665665 -1.955920 -2.878296 4.727793 -4.170584 4.993918 11.020513 0.000003 -0.000001 12.109030 -3.735710 -2.866782 0.000001 0.000000 -0.000001 1.291984 -1.928548 -1.498088 14.800113 0.567467 3.865604 14.242553 -1.341734 -6.660651 19.631937 0.143926 -0.648244 50.460072 -0.774632 -6.339976 0.353029 -1.511147 -0.031940 20.222767 3.684306 2.316627 18.787245 0.000005 -0.000002 10.751612 -0.479867 1.397904 0.000000 -0.000001 -0.000003 3.273804 0.305947 -0.580110 21.486788 11.830362 2.266130 8.162916 0.000002 0.000000 18.399052 -3.798978 -4.940567 0.000003 0.000000 -0.000002 11.676676 11.528914 -19.147953 -0.047894 -0.262386 21.949646 -15.438687 8.262612 -3.246497 1.603286 -1.910110 -0.376611 0.000000 0.000000 0.000002 -8.325219 -7.907284 3.979531 0.028497 0.661428 10.849908 14.422215 -6.894804 -15.819118 -1.431353 1.057751 -0.200781 -0.000000 -0.000000 -0.000001 
6.330709 97.118912 -24.058739 -0.782917 -20.270674 2.597616 1.411905 0.233118 -1.892315 -0.219433 0.669977 -5.357042 -0.525649 -1.038786 10.385398 -1.303007 3.352522 1.208847 -0.365594 1.821598 -3.591848 0.740877 1.091522 -11.524595 0.000077 -0.000022 0.000006 0.007390 0.060880 -0.005285 0.683975 -3.663984 -10.468550 -0.686490 3.769382 -10.480669 -12.976371 -4.126342 13.088372 -55.697235 -15.829671 21.121111 0.882701 -32.278526 -0.246297 -0.547499 0.510520 -2.429210 -5.882100 9.861279 0.702589 -10.936859 -0.360577 7.156196 0.000002 8.774816 0.000001 -15.791389 18.050919 6.281172 -1.844032 2.498503 -2.507273 -10.163589 4.678938 4.621102 -20.975994 -0.000007 0.000000 -21.226248 2.451690 -3.593993 0.000001 -0.000006 -0.000001 -1.362681 2.240797 -0.746322 -21.334887 0.584905 3.008317 -13.821197 -0.000004 0.000002 -23.887133 -0.249082 -0.839480 -59.793835 2.448048 -0.894865 -0.294024 1.679687 0.833255 -14.218194 0.093213 1.300578 -34.212006 -0.287571 0.967167 -20.033176 0.964532 1.212842 0.000001 -0.000000 0.000001 -3.440384 0.788232 0.501654 -15.928165 -3.167309 2.999702 -6.338817 -0.000002 0.000001 -18.123411 3.648175 -4.905659 -0.000004 -0.000000 -0.000003 6.655005 13.074986 12.494271 65.452034 3.240304 19.104273 0.251969 45.307419 0.343160 8.507700 -1.934540 -8.943178 2.243540 -5.255033 -3.180155 14.282877 -0.826591 6.952494 -0.000002 -12.690591 0.000000 16.386524 -18.439829 2.303673 1.665665 -1.955920 -2.878296 4.727793 -4.170582 4.993917 11.020512 0.000005 -0.000003 12.109033 -3.735709 -2.866780 0.000001 0.000000 0.000000 1.291984 -1.928547 -1.498088 14.800114 0.567468 3.865603 14.242553 -1.341734 -6.660648 19.631939 0.143927 -0.648245 50.443184 -0.762246 -6.367761 0.353029 -1.511150 -0.031940 20.222767 3.684307 2.316626 18.787245 0.000007 -0.000002 10.751610 -0.479866 1.397903 0.000003 0.000000 0.000000 3.273804 0.305947 -0.580111 21.486788 11.830363 2.266129 8.162917 0.000002 -0.000001 18.399050 -3.798978 -4.940566 0.000003 0.000000 -0.000001 11.851951 11.364296 -19.117432 -0.049011 -0.290425 22.173218 -15.713249 8.739133 -3.755464 1.604019 -1.938551 -0.364180 0.000000 -0.000000 0.000002 -8.285822 -7.672919 4.100587 0.035549 0.688454 10.132355 14.592642 -6.697947 -15.534991 -1.435133 1.027211 -0.256961 -0.000000 0.000001 -0.000001 
6.205670 97.139206 -23.904669 -0.907264 -20.675783 2.929789 1.432202 0.297914 -1.890666 -0.218340 0.840065 -5.314184 -0.559121 -0.827430 10.389096 -1.564301 3.432027 1.227074 -0.327121 1.645714 -3.606981 0.781619 1.025205 -11.318258 0.000077 -0.000022 0.000006 0.002871 0.037298 -0.005567 0.673312 -3.677297 -10.472489 -0.684552 3.744302 -10.476718 -13.209261 -3.533010 13.211349 -55.764351 -12.727684 18.731237 0.897530 -33.917622 -0.286757 0.484327 0.690111 -3.207093 -5.882102 9.861279 0.702589 -10.936858 -0.360575 7.156196 0.000000 8.774814 -0.000002 -15.815401 18.106104 6.277421 -1.844031 2.498502 -2.507273 -10.163589 4.678940 4.621104 -20.975996 -0.000004 0.000003 -21.226255 2.451692 -3.593993 0.000001 -0.000005 -0.000000 -1.362682 2.240796 -0.746321 -21.334894 0.584909 3.008320 -13.821197 -0.000003 0.000003 -23.887133 -0.249076 -0.839482 -59.837029 2.388317 -0.948931 -0.294024 1.679687 0.833255 -14.218192 0.093214 1.300580 -34.212006 -0.287563 0.967172 -20.033178 0.964535 1.212842 0.000001 0.000001 -0.000002 -3.440387 0.788233 0.501657 -15.928169 -3.167307 2.999703 -6.338815 -0.000001 0.000001 -18.123413 3.648178 -4.905661 -0.000004 0.000001 -0.000001 6.641973 13.093744 12.547482 64.853760 4.193167 20.374853 -0.002940 49.435890 0.181462 8.768202 -0.605453 -9.098211 2.243540 -5.255034 -3.180156 14.282875 -0.826594 6.952495 0.000000 -12.690590 -0.000000 16.423096 -18.356337 2.235091 1.665665 -1.955922 -2.878297 4.727794 -4.170584 4.993917 11.020511 0.000003 -0.000001 12.109029 -3.735711 -2.866781 0.000002 0.000000 0.000000 1.291985 -1.928545 -1.498088 14.800114 0.567466 3.865602 14.242554 -1.341736 -6.660652 19.631939 0.143925 -0.648245 50.363903 -0.741277 -6.397657 0.353028 -1.511150 -0.031940 20.222767 3.684306 2.316627 18.787245 0.000003 -0.000000 10.751610 -0.479868 1.397903 0.000000 0.000000 0.000000 3.273804 0.305946 -0.580111 21.486788 11.830362 2.266130 8.162919 0.000000 0.000000 18.399052 -3.798980 -4.940568 0.000004 -0.000000 -0.000001 12.071657 11.158828 -19.267134 -0.058040 -0.311759 22.400068 -15.998346 9.101438 -4.004834 1.609178 -1.965512 -0.385227 -0.000000 -0.000000 0.000002 -8.137216 -7.574516 4.019392 0.038030 0.725906 9.698392 14.688676 -6.507897 -15.352968 -1.435165 1.020562 -0.360420 -0.000000 0.000002 -0.000001 
6.087442 97.137596 -23.809221 -1.083000 -20.884987 3.284947 1.466814 0.367566 -1.859911 -0.235114 0.963797 -5.285518 -0.557071 -0.634615 10.425011 -1.772360 3.525339 1.473024 -0.313047 1.496208 -3.636381 0.817394 0.894399 -11.051049 0.000077 -0.000022 0.000006 0.002888 0.020190 -0.003666 0.665305 -3.699890 -10.481503 -0.673953 3.731596 -10.493995 -13.353360 -3.075142 13.235539 -55.646168 -10.237637 17.074026 0.822592 -35.525146 -0.295284 1.236152 0.482945 -3.672129 -5.882099 9.861278 0.702590 -10.936858 -0.360574 7.156199 0.000001 8.774814 -0.000001 -15.824692 18.168373 6.259773 -1.844032 2.498503 -2.507274 -10.163589 4.678939 4.621105 -20.975994 -0.000004 0.000002 -21.226254 2.451691 -3.593994 0.000000 -0.000006 0.000000 -1.362681 2.240797 -0.746322 -21.334888 0.584909 3.008320 -13.821197 -0.000002 0.000001 -23.887129 -0.249080 -0.839482 -59.886906 2.357521 -0.982791 -0.294024 1.679687 0.833255 -14.218192 0.093216 1.300578 -34.212002 -0.287562 0.967168 -20.033175 0.964535 1.212841 0.000001 0.000001 0.000001 -3.440385 0.788233 0.501656 -15.928167 -3.167306 2.999703 -6.338816 -0.000001 0.000000 -18.123411 3.648177 -4.905662 -0.000004 0.000000 -0.000000 6.766579 13.024264 12.654215 64.360535 5.317078 21.607321 -0.418240 53.185272 -0.115885 8.895123 0.678576 -9.190568 2.243540 -5.255030 -3.180154 14.282877 -0.826594 6.952498 -0.000002 -12.690588 0.000000 16.451412 -18.286686 2.154120 1.665665 -1.955921 -2.878298 4.727793 -4.170583 4.993920 11.020512 0.000002 0.000002 12.109029 -3.735710 -2.866778 0.000001 0.000001 0.000001 1.291984 -1.928546 -1.498087 14.800113 0.567468 3.865607 14.242554 -1.341736 -6.660648 19.631937 0.143924 -0.648244 50.342384 -0.696724 -6.422568 0.353028 -1.511148 -0.031940 20.222769 3.684305 2.316630 18.787245 0.000002 0.000003 10.751611 -0.479869 1.397904 -0.000001 0.000001 0.000001 3.273805 0.305947 -0.580110 21.486792 11.830361 2.266133 8.162916 0.000000 -0.000002 18.399054 -3.798979 -4.940565 0.000002 0.000000 -0.000001 12.263129 10.955084 -19.629770 -0.074197 -0.312337 22.770185 -16.209160 9.261646 -4.256220 1.610515 -1.983521 -0.428323 0.000000 -0.000000 0.000002 -7.907668 -7.578534 3.918901 0.042333 0.753577 9.316452 14.732657 -6.341368 -15.325390 -1.433327 0.969784 -0.439765 -0.000000 0.000001 -0.000001 
5.987323 97.099373 -23.798283 -1.332068 -20.900320 3.669103 1.510999 0.413692 -1.786072 -0.261799 1.044979 -5.255135 -0.483689 -0.462229 10.520854 -1.954585 3.629368 1.849528 -0.292810 1.364240 -3.665913 0.879238 0.662790 -10.765568 0.000077 -0.000022 0.000006 0.008021 0.037039 0.001609 0.665560 -3.679708 -10.501756 -0.662662 3.745153 -10.504149 -13.380116 -2.737953 13.233781 -55.399334 -8.389175 16.183432 0.733343 -37.077805 -0.315503 1.773330 0.189512 -3.702256 -5.882100 9.861277 0.702588 -10.936858 -0.360575 7.156199 0.000000 8.774811 -0.000001 -15.811858 18.168016 6.273980 -1.844029 2.498502 -2.507277 -10.163589 4.678939 4.621104 -20.975992 -0.000004 0.000004 -21.226250 2.451694 -3.593993 -0.000001 -0.000005 0.000001 -1.362681 2.240796 -0.746321 -21.334888 0.584908 3.008320 -13.821197 -0.000004 0.000004 -23.887123 -0.249078 -0.839480 -59.904350 2.345448 -0.959081 -0.294024 1.679685 0.833254 -14.218194 0.093214 1.300582 -34.211998 -0.287562 0.967174 -20.033176 0.964538 1.212842 0.000001 0.000002 0.000001 -3.440386 0.788232 0.501655 -15.928167 -3.167307 2.999707 -6.338816 -0.000001 0.000001 -18.123411 3.648177 -4.905659 -0.000003 0.000001 -0.000003 6.963477 12.865807 12.733193 63.918804 6.560612 22.639246 -0.753894 56.575867 -0.429864 8.721665 1.734573 -8.700903 2.243540 -5.255033 -3.180156 14.282878 -0.826593 6.952496 -0.000002 -12.690592 0.000001 16.427319 -18.235199 2.168395 1.665665 -1.955919 -2.878296 4.727794 -4.170582 4.993919 11.020513 0.000001 -0.000001 12.109035 -3.735708 -2.866779 0.000001 0.000001 -0.000002 1.291985 -1.928549 -1.498086 14.800113 0.567468 3.865604 14.242553 -1.341737 -6.660648 19.631939 0.143926 -0.648244 50.319157 -0.706358 -6.420360 0.353028 -1.511149 -0.031939 20.222767 3.684308 2.316627 18.787245 0.000006 -0.000002 10.751610 -0.479870 1.397902 -0.000000 0.000001 -0.000001 3.273803 0.305947 -0.580111 21.486794 11.830363 2.266132 8.162917 0.000003 -0.000001 18.399054 -3.798978 -4.940570 0.000002 0.000000 0.000001 12.646776 10.797259 -20.143679 -0.090007 -0.297785 23.309954 -16.546572 9.150413 -4.361910 1.608747 -1.977835 -0.461636 -0.000000 0.000000 0.000002 -7.572264 -7.727314 3.628196 0.029436 0.742570 9.305039 14.733200 -6.199737 -15.380445 -1.428866 0.982493 -0.453198 0.000000 0.000000 -0.000001 
5.861408 97.045158 -23.849972 -1.639986 -20.641161 4.113839 1.553301 0.420404 -1.680456 -0.292611 1.119987 -5.202228 -0.364684 -0.375588 10.620912 -2.076292 3.753243 2.342557 -0.296861 1.227652 -3.718334 0.999788 0.386869 -10.530016 0.000077 -0.000023 0.000006 0.011351 0.057335 0.003006 0.668911 -3.652519 -10.503747 -0.659163 3.766976 -10.505139 -13.275778 -2.448668 13.173440 -55.197964 -7.059924 15.607765 0.582143 -38.652340 -0.262043 2.343520 0.033019 -3.269983 -5.882101 9.861279 0.702588 -10.936859 -0.360575 7.156196 0.000001 8.774813 -0.000002 -15.780091 18.087215 6.273523 -1.844030 2.498503 -2.507277 -10.163589 4.678938 4.621105 -20.975996 -0.000004 0.000002 -21.226255 2.451690 -3.593995 -0.000001 -0.000006 -0.000001 -1.362681 2.240794 -0.746321 -21.334892 0.584907 3.008320 -13.821197 -0.000003 0.000001 -23.887133 -0.249079 -0.839483 -59.988449 2.352141 -0.929861 -0.294024 1.679687 0.833256 -14.218195 0.093214 1.300581 -34.212006 -0.287566 0.967169 -20.033178 0.964535 1.212843 0.000001 0.000001 0.000000 -3.440386 0.788233 0.501655 -15.928171 -3.167306 2.999706 -6.338817 -0.000002 0.000000 -18.123415 3.648175 -4.905662 -0.000003 0.000000 -0.000001 7.142838 12.706145 12.732905 63.697365 7.791662 23.381229 -1.070881 59.770359 -0.748516 8.319302 2.509294 -7.610556 2.243540 -5.255033 -3.180156 14.282875 -0.826592 6.952494 -0.000003 -12.690588 -0.000001 16.368547 -18.209932 2.191660 1.665664 -1.955920 -2.878298 4.727793 -4.170583 4.993918 11.020512 0.000004 -0.000002 12.109033 -3.735710 -2.866781 0.000002 -0.000001 -0.000001 1.291983 -1.928547 -1.498087 14.800111 0.567466 3.865602 14.242553 -1.341735 -6.660651 19.631939 0.143927 -0.648243 50.362598 -0.703374 -6.458441 0.353029 -1.511150 -0.031940 20.222769 3.684306 2.316626 18.787245 0.000006 0.000002 10.751610 -0.479866 1.397903 0.000000 0.000001 0.000000 3.273803 0.305947 -0.580110 21.486790 11.830362 2.266129 8.162916 0.000003 0.000000 18.399052 -3.798978 -4.940569 0.000003 0.000001 -0.000002 13.055386 10.592751 -20.834455 -0.111110 -0.281899 23.866356 -16.853924 8.920471 -4.445920 1.607554 -1.963311 -0.544898 -0.000000 0.000000 0.000002 -7.168158 -7.960701 3.106449 0.021237 0.691204 9.733074 14.733971 -6.143078 -15.520424 -1.421170 0.995013 -0.446023 0.000000 0.000000 -0.000001 
5.718344 96.991058 -23.961756 -1.937640 -20.161707 4.605216 1.577278 0.447336 -1.535901 -0.317062 1.171194 -5.126678 -0.278846 -0.313693 10.671527 -2.108166 3.809199 2.857682 -0.320946 1.019880 -3.741294 1.165717 0.068811 -10.394487 0.000077 -0.000022 0.000006 0.010549 0.094761 0.000392 0.669837 -3.618959 -10.513971 -0.662420 3.795469 -10.514222 -13.031561 -2.242409 13.154854 -55.243217 -6.086190 15.073515 0.518509 -40.164562 -0.241884 2.918882 0.000593 -2.594617 -5.882101 9.861279 0.702591 -10.936861 -0.360574 7.156200 0.000001 8.774814 0.000001 -15.755077 18.051115 6.279019 -1.844032 2.498503 -2.507277 -10.163591 4.678939 4.621104 -20.976000 -0.000005 0.000004 -21.226255 2.451692 -3.593992 0.000000 -0.000006 0.000001 -1.362681 2.240799 -0.746324 -21.334892 0.584908 3.008320 -13.821197 -0.000002 -0.000001 -23.887131 -0.249080 -0.839480 -60.034035 2.394085 -0.921835 -0.294024 1.679687 0.833255 -14.218194 0.093214 1.300577 -34.212006 -0.287564 0.967171 -20.033182 0.964533 1.212841 -0.000002 0.000002 -0.000001 -3.440385 0.788232 0.501654 -15.928171 -3.167306 2.999705 -6.338817 -0.000002 0.000001 -18.123413 3.648175 -4.905661 -0.000004 0.000001 -0.000001 7.194195 12.499853 12.722483 63.687767 8.937720 23.741655 -1.178643 62.742477 -0.885044 7.781271 3.106710 -6.608380 2.243539 -5.255033 -3.180155 14.282877 -0.826592 6.952495 -0.000001 -12.690593 0.000002 16.262619 -18.173288 2.237082 1.665666 -1.955919 -2.878295 4.727794 -4.170585 4.993917 11.020512 0.000005 -0.000004 12.109032 -3.735710 -2.866780 0.000000 -0.000001 -0.000000 1.291985 -1.928546 -1.498088 14.800111 0.567469 3.865602 14.242553 -1.341734 -6.660648 19.631939 0.143927 -0.648244 50.354897 -0.702356 -6.455182 0.353028 -1.511152 -0.031940 20.222765 3.684308 2.316626 18.787243 0.000006 -0.000001 10.751610 -0.479868 1.397905 0.000000 -0.000001 -0.000002 3.273804 0.305947 -0.580111 21.486790 11.830363 2.266128 8.162917 0.000003 -0.000001 18.399052 -3.798980 -4.940570 0.000003 0.000001 -0.000001 13.379384 10.330630 -21.762726 -0.131498 -0.285729 24.393353 -17.050583 8.707747 -4.370156 1.605433 -1.944974 -0.645004 -0.000000 0.000000 0.000002 -6.573579 -8.219394 2.495737 0.036543 0.624365 10.271011 14.532401 -6.238051 -15.897186 -1.419516 0.996465 -0.472211 -0.000000 0.000002 -0.000001 
5.545616 96.953522 -24.182528 -2.213295 -19.496691 5.171988 1.602091 0.482944 -1.381390 -0.335445 1.220824 -5.020137 -0.260350 -0.262356 10.656404 -2.078506 3.848408 3.382314 -0.355782 0.712544 -3.762778 1.383102 -0.261503 -10.276643 0.000077 -0.000022 0.000006 0.007219 0.108418 -0.005176 0.672923 -3.605582 -10.516148 -0.669489 3.816729 -10.505374 -12.718626 -2.056750 13.164448 -55.527836 -5.395263 14.448279 0.507722 -41.686096 -0.213233 3.515160 0.088992 -1.904303 -5.882102 9.861280 0.702588 -10.936858 -0.360574 7.156197 0.000000 8.774812 -0.000002 -15.725802 18.005135 6.299197 -1.844029 2.498501 -2.507275 -10.163589 4.678940 4.621102 -20.975992 -0.000003 -0.000000 -21.226254 2.451693 -3.593994 0.000001 -0.000005 -0.000001 -1.362682 2.240796 -0.746324 -21.334887 0.584909 3.008318 -13.821197 -0.000002 0.000001 -23.887131 -0.249078 -0.839481 -60.023849 2.457853 -0.921317 -0.294024 1.679686 0.833256 -14.218192 0.093217 1.300578 -34.211998 -0.287563 0.967169 -20.033176 0.964536 1.212843 -0.000000 0.000001 -0.000002 -3.440385 0.788233 0.501656 -15.928165 -3.167305 2.999703 -6.338815 -0.000000 0.000000 -18.123415 3.648174 -4.905663 -0.000004 0.000000 -0.000002 7.144986 12.288554 12.646654 63.875065 9.874701 23.895006 -1.190673 65.570358 -0.926579 7.232852 3.558028 -5.729452 2.243539 -5.255033 -3.180155 14.282877 -0.826595 6.952494 -0.000003 -12.690590 0.000000 16.113701 -18.076084 2.291385 1.665665 -1.955919 -2.878296 4.727796 -4.170582 4.993920 11.020512 0.000003 -0.000002 12.109031 -3.735708 -2.866780 -0.000000 -0.000001 -0.000001 1.291984 -1.928547 -1.498088 14.800113 0.567470 3.865603 14.242554 -1.341732 -6.660648 19.631937 0.143926 -0.648241 50.244480 -0.715204 -6.422374 0.353028 -1.511150 -0.031940 20.222771 3.684304 2.316628 18.787249 0.000005 -0.000001 10.751610 -0.479868 1.397903 -0.000001 -0.000001 -0.000002 3.273803 0.305946 -0.580110 21.486790 11.830361 2.266131 8.162916 0.000003 -0.000001 18.399054 -3.798979 -4.940567 0.000003 -0.000000 -0.000001 13.725571 9.996134 -22.820572 -0.151439 -0.303565 24.796400 -17.257944 8.423086 -4.038273 1.603596 -1.928884 -0.741275 -0.000000 0.000000 0.000002 -5.949830 -8.476321 1.690795 0.049706 0.578014 10.934906 14.361536 -6.508207 -16.283440 -1.419041 0.997926 -0.504567 -0.000000 0.000001 -0.000001 
5.435713 96.898857 -24.366018 -2.440454 -18.625263 5.801035 1.628183 0.536454 -1.229194 -0.357681 1.262740 -4.917848 -0.307264 -0.205147 10.641728 -1.980279 3.850138 3.877367 -0.412280 0.361323 -3.775355 1.676217 -0.663125 -10.148397 0.000077 -0.000023 0.000006 0.003729 0.105108 -0.016619 0.677556 -3.601643 -10.519649 -0.680808 3.808745 -10.507927 -12.395998 -1.918476 13.211394 -55.961239 -4.862381 13.813351 0.601903 -43.328896 -0.269302 4.111310 0.227950 -1.307249 -5.882101 9.861278 0.702593 -10.936860 -0.360576 7.156199 0.000001 8.774813 -0.000002 -15.698518 17.987013 6.307766 -1.844031 2.498505 -2.507274 -10.163590 4.678939 4.621106 -20.975994 -0.000004 0.000002 -21.226254 2.451692 -3.593992 0.000001 -0.000005 -0.000001 -1.362681 2.240797 -0.746323 -21.334892 0.584906 3.008322 -13.821197 -0.000004 0.000002 -23.887131 -0.249082 -0.839480 -59.934052 2.498891 -0.940625 -0.294025 1.679687 0.833255 -14.218194 0.093214 1.300579 -34.212006 -0.287566 0.967171 -20.033180 0.964535 1.212843 -0.000001 0.000001 -0.000001 -3.440384 0.788231 0.501653 -15.928169 -3.167308 2.999702 -6.338817 -0.000002 0.000002 -18.123415 3.648174 -4.905660 -0.000003 -0.000000 -0.000002 7.009921 12.063735 12.568526 64.029076 10.666508 23.947025 -1.091851 68.288490 -0.899207 6.825215 3.930609 -4.760252 2.243539 -5.255031 -3.180156 14.282875 -0.826594 6.952495 -0.000003 -12.690592 -0.000001 15.978918 -17.928444 2.353175 1.665664 -1.955920 -2.878298 4.727792 -4.170582 4.993918 11.020511 0.000003 -0.000003 12.109031 -3.735711 -2.866779 0.000000 -0.000001 -0.000002 1.291987 -1.928547 -1.498088 14.800114 0.567468 3.865604 14.242553 -1.341735 -6.660648 19.631939 0.143926 -0.648242 50.038857 -0.756478 -6.419387 0.353029 -1.511151 -0.031940 20.222769 3.684303 2.316627 18.787245 0.000004 -0.000000 10.751608 -0.479867 1.397904 0.000000 -0.000001 0.000000 3.273804 0.305948 -0.580109 21.486788 11.830363 2.266131 8.162916 0.000002 0.000001 18.399052 -3.798980 -4.940566 0.000004 -0.000000 -0.000001 13.961088 9.531042 -24.069315 -0.160702 -0.320043 25.257130 -17.362066 8.034198 -3.755444 1.602363 -1.928625 -0.845589 0.000000 -0.000000 0.000002 -5.357499 -8.725365 0.820501 0.055824 0.541308 11.632082 14.266283 -6.880446 -16.749630 -1.419238 0.967990 -0.497998 0.000000 0.000000 -0.000001 
5.365177 96.820709 -24.449366 -2.607949 -17.608240 6.444838 1.666251 0.579500 -1.075667 -0.387463 1.341455 -4.817667 -0.397313 -0.133206 10.630056 -1.850979 3.838223 4.379159 -0.472365 -0.061141 -3.794639 2.017003 -1.090693 -10.009451 0.000077 -0.000023 0.000006 0.002654 0.077865 -0.025183 0.679695 -3.633900 -10.540195 -0.683827 3.779736 -10.528304 -12.153291 -1.753104 13.274026 -56.503864 -4.466277 13.192842 0.745661 -45.041592 -0.399896 4.690693 0.370730 -0.842362 -5.882101 9.861279 0.702588 -10.936856 -0.360575 7.156196 -0.000001 8.774813 -0.000002 -15.678128 18.023409 6.281850 -1.844031 2.498502 -2.507277 -10.163589 4.678939 4.621102 -20.975994 -0.000004 0.000001 -21.226255 2.451691 -3.593995 0.000000 -0.000005 -0.000001 -1.362680 2.240797 -0.746324 -21.334887 0.584910 3.008320 -13.821194 -0.000003 0.000001 -23.887123 -0.249078 -0.839481 -59.790634 2.504065 -0.976673 -0.294024 1.679686 0.833254 -14.218192 0.093214 1.300578 -34.211998 -0.287563 0.967168 -20.033176 0.964534 1.212839 -0.000001 -0.000000 -0.000001 -3.440386 0.788233 0.501657 -15.928165 -3.167306 2.999702 -6.338815 -0.000001 0.000000 -18.123411 3.648175 -4.905664 -0.000004 0.000001 -0.000002 6.801931 11.824492 12.519681 64.103477 11.242383 24.144129 -1.429835 70.980621 -1.223404 6.575697 4.344889 -3.667547 2.243542 -5.255034 -3.180156 14.282875 -0.826593 6.952493 -0.000002 -12.690590 -0.000001 15.891981 -17.820086 2.384243 1.665665 -1.955920 -2.878296 4.727795 -4.170582 4.993919 11.020513 0.000002 -0.000002 12.109032 -3.735708 -2.866781 -0.000001 -0.000000 -0.000002 1.291984 -1.928547 -1.498088 14.800114 0.567470 3.865604 14.242553 -1.341734 -6.660649 19.631939 0.143928 -0.648243 49.882549 -0.788169 -6.431232 0.353028 -1.511151 -0.031941 20.222763 3.684304 2.316625 18.787245 0.000006 -0.000002 10.751610 -0.479866 1.397903 0.000000 -0.000000 0.000000 3.273803 0.305949 -0.580111 21.486790 11.830361 2.266129 8.162916 0.000001 -0.000001 18.399054 -3.798977 -4.940569 0.000003 0.000000 -0.000001 14.105825 8.918229 -25.389723 -0.157062 -0.333216 25.777697 -17.400478 7.561677 -3.625029 1.600810 -1.937044 -0.940619 0.000000 -0.000000 0.000002 -4.838912 -8.972080 0.010875 0.069254 0.533150 12.276925 14.249250 -7.302561 -17.282948 -1.422174 0.929266 -0.477510 -0.000000 0.000002 -0.000001 
5.377244 96.709946 -24.387312 -2.718836 -16.510290 7.079336 1.709029 0.672767 -0.912516 -0.422152 1.428158 -4.751862 -0.517153 -0.044145 10.669651 -1.683686 3.814282 4.924221 -0.537815 -0.479850 -3.815557 2.408626 -1.592972 -9.895578 0.000077 -0.000023 0.000006 0.002584 0.057443 -0.031618 0.680140 -3.649330 -10.561002 -0.684685 3.767026 -10.550295 -12.033610 -1.488585 13.313301 -57.130821 -4.099519 12.449276 0.831554 -47.009285 -0.509924 5.237398 0.545056 -0.353108 -5.882102 9.861278 0.702590 -10.936858 -0.360576 7.156194 -0.000000 8.774813 -0.000002 -15.697394 18.077471 6.239469 -1.844031 2.498502 -2.507274 -10.163589 4.678937 4.621103 -20.975996 -0.000004 0.000003 -21.226254 2.451693 -3.593993 0.000002 -0.000005 -0.000001 -1.362681 2.240796 -0.746324 -21.334890 0.584907 3.008322 -13.821197 -0.000002 -0.000001 -23.887133 -0.249080 -0.839480 -59.684944 2.503634 -0.985638 -0.294025 1.679687 0.833255 -14.218195 0.093214 1.300580 -34.212013 -0.287566 0.967170 -20.033180 0.964533 1.212841 0.000001 0.000000 -0.000001 -3.440386 0.788234 0.501654 -15.928169 -3.167307 2.999704 -6.338816 0.000000 -0.000000 -18.123415 3.648175 -4.905662 -0.000003 0.000001 -0.000002 6.516734 11.667388 12.556700 63.912678 11.603462 24.427296 -2.252304 73.630196 -2.063537 6.374048 4.782801 -2.452094 2.243541 -5.255032 -3.180156 14.282873 -0.826596 6.952496 -0.000002 -12.690591 0.000000 15.832420 -17.712049 2.406379 1.665662 -1.955920 -2.878297 4.727795 -4.170585 4.993920 11.020510 0.000002 -0.000002 12.109033 -3.735712 -2.866779 -0.000001 -0.000000 -0.000001 1.291985 -1.928546 -1.498088 14.800107 0.567466 3.865604 14.242553 -1.341736 -6.660649 19.631935 0.143925 -0.648244 49.776760 -0.789663 -6.402878 0.353030 -1.511152 -0.031940 20.222769 3.684303 2.316626 18.787243 0.000004 -0.000001 10.751610 -0.479869 1.397902 0.000000 0.000000 0.000002 3.273803 0.305945 -0.580110 21.486786 11.830362 2.266130 8.162916 0.000000 -0.000001 18.399050 -3.798981 -4.940570 0.000003 0.000000 -0.000001 14.154582 8.159676 -26.784519 -0.153307 -0.344763 26.518051 -17.392197 7.079173 -3.748122 1.595041 -1.952797 -1.075284 -0.000000 0.000000 0.000002 -4.426713 -9.112644 -0.689763 0.070995 0.525388 12.846435 14.352257 -7.771199 -17.883183 -1.423085 0.894570 -0.476157 0.000000 0.000000 -0.000001 
5.523978 96.554672 -24.196796 -2.746811 -15.417147 7.707173 1.752130 0.743355 -0.769648 -0.462550 1.632415 -4.689081 -0.665125 0.063536 10.753620 -1.494568 3.784655 5.526882 -0.611708 -0.908264 -3.841802 2.896621 -2.138048 -9.798486 0.000077 -0.000023 0.000006 0.001347 0.043808 -0.035132 0.673232 -3.668653 -10.572595 -0.676860 3.750217 -10.565619 -12.089775 -1.066821 13.340230 -57.797619 -3.674525 11.698600 0.989385 -49.430756 -0.666942 5.774463 0.825045 0.155465 -5.882100 9.861278 0.702590 -10.936859 -0.360575 7.156196 0.000001 8.774814 0.000000 -15.726851 18.184305 6.229208 -1.844031 2.498504 -2.507272 -10.163590 4.678941 4.621104 -20.975996 -0.000004 0.000003 -21.226255 2.451693 -3.593993 -0.000000 -0.000005 0.000000 -1.362681 2.240796 -0.746323 -21.334890 0.584909 3.008321 -13.821197 -0.000002 0.000002 -23.887129 -0.249078 -0.839480 -59.704933 2.527692 -1.014025 -0.294025 1.679685 0.833255 -14.218194 0.093217 1.300580 -34.211998 -0.287562 0.967168 -20.033180 0.964535 1.212841 -0.000000 -0.000001 0.000002 -3.440385 0.788234 0.501654 -15.928169 -3.167307 2.999704 -6.338817 -0.000001 0.000001 -18.123415 3.648176 -4.905660 -0.000003 0.000002 -0.000002 6.157030 11.538979 12.673166 63.363136 11.706803 24.758364 -3.844824 76.383713 -3.674802 6.284684 5.199709 -1.166215 2.243541 -5.255031 -3.180155 14.282877 -0.826594 6.952497 -0.000002 -12.690591 0.000000 15.806491 -17.604294 2.457728 1.665664 -1.955918 -2.878296 4.727792 -4.170584 4.993918 11.020511 0.000001 0.000001 12.109030 -3.735708 -2.866777 0.000000 0.000001 -0.000001 1.291986 -1.928548 -1.498088 14.800111 0.567468 3.865605 14.242553 -1.341736 -6.660648 19.631937 0.143925 -0.648244 49.767311 -0.749152 -6.345448 0.353028 -1.511150 -0.031939 20.222773 3.684306 2.316629 18.787249 0.000005 0.000002 10.751613 -0.479869 1.397905 0.000000 0.000001 -0.000000 3.273804 0.305946 -0.580110 21.486794 11.830361 2.266130 8.162916 0.000000 -0.000000 18.399055 -3.798979 -4.940566 0.000003 -0.000000 -0.000001 14.067672 7.208390 -28.200090 -0.131824 -0.329528 27.386005 -17.318041 6.626573 -4.239787 1.585119 -1.969816 -1.185179 -0.000000 0.000000 0.000002 -4.195112 -9.197753 -1.421823 0.057357 0.541550 13.553910 14.605015 -8.232613 -18.605562 -1.419996 0.869330 -0.512906 -0.000000 -0.000000 -0.000001 
5.785568 96.378960 -23.795099 -2.665397 -14.507272 8.314526 1.742087 0.844876 -0.651667 -0.492735 1.863983 -4.648022 -0.840850 0.253155 10.896197 -1.290278 3.726152 6.114738 -0.698825 -1.291769 -3.868893 3.466972 -2.707784 -9.708370 0.000077 -0.000023 0.000006 0.001605 0.040986 -0.034822 0.659642 -3.664488 -10.576365 -0.663554 3.747008 -10.575013 -12.340148 -0.511496 13.344461 -58.427258 -3.133929 10.796035 1.032457 -52.449718 -0.719509 6.370491 1.282396 0.706215 -5.882101 9.861278 0.702587 -10.936859 -0.360576 7.156198 0.000001 8.774813 -0.000001 -15.740488 18.311199 6.222821 -1.844030 2.498504 -2.507277 -10.163589 4.678938 4.621104 -20.975994 -0.000004 0.000003 -21.226250 2.451691 -3.593993 0.000000 -0.000006 -0.000002 -1.362679 2.240796 -0.746324 -21.334892 0.584908 3.008320 -13.821197 -0.000003 0.000000 -23.887129 -0.249078 -0.839480 -59.772778 2.543906 -1.020187 -0.294024 1.679686 0.833257 -14.218192 0.093214 1.300579 -34.212002 -0.287568 0.967170 -20.033176 0.964533 1.212842 0.000001 -0.000000 -0.000000 -3.440386 0.788232 0.501655 -15.928167 -3.167307 2.999702 -6.338817 -0.000000 -0.000001 -18.123411 3.648175 -4.905659 -0.000003 0.000002 -0.000001 5.800662 11.420163 12.855109 62.300823 11.570086 24.964146 -5.416356 79.269905 -5.328052 6.298868 5.453074 0.365682 2.243540 -5.255033 -3.180155 14.282877 -0.826592 6.952498 -0.000002 -12.690590 -0.000000 15.717998 -17.526197 2.530863 1.665667 -1.955920 -2.878297 4.727793 -4.170583 4.993918 11.020512 0.000001 -0.000001 12.109032 -3.735709 -2.866779 0.000001 0.000000 0.000000 1.291986 -1.928547 -1.498088 14.800111 0.567467 3.865604 14.242553 -1.341735 -6.660648 19.631939 0.143927 -0.648243 49.750992 -0.663769 -6.300825 0.353028 -1.511150 -0.031940 20.222769 3.684304 2.316628 18.787245 0.000003 -0.000000 10.751612 -0.479869 1.397903 0.000000 0.000000 0.000000 3.273804 0.305947 -0.580110 21.486790 11.830362 2.266131 8.162917 0.000002 0.000000 18.399054 -3.798978 -4.940566 0.000003 0.000001 -0.000000 13.836471 6.134751 -29.490536 -0.112077 -0.306040 28.374273 -17.088350 6.305061 -5.114076 1.576679 -1.987652 -1.246845 0.000000 -0.000000 0.000002 -4.222115 -9.113233 -1.983204 0.047396 0.556356 14.076912 14.995652 -8.646174 -19.311296 -1.416276 0.848409 -0.521282 -0.000000 0.000001 -0.000001 
6.122354 96.194283 -23.186567 -2.358816 -13.901230 8.905323 1.600237 0.901272 -0.539648 -0.525834 2.153333 -4.632604 -1.095794 0.532154 11.095112 -1.074393 3.633131 6.608637 -0.790008 -1.577612 -3.892609 4.112344 -3.211363 -9.728107 0.000077 -0.000022 0.000006 -0.003888 0.063932 -0.033094 0.645905 -3.652973 -10.578274 -0.658277 3.761171 -10.580774 -12.770219 0.088684 13.325774 -59.002277 -2.438271 9.880944 1.139104 -56.342182 -0.859755 7.115452 2.051626 1.255665 -5.882101 9.861278 0.702592 -10.936859 -0.360574 7.156199 0.000000 8.774814 -0.000003 -15.824120 18.439159 6.248543 -1.844031 2.498504 -2.507275 -10.163590 4.678941 4.621105 -20.975996 -0.000004 0.000002 -21.226255 2.451691 -3.593994 0.000003 -0.000006 -0.000002 -1.362679 2.240796 -0.746324 -21.334890 0.584908 3.008322 -13.821197 -0.000002 0.000000 -23.887129 -0.249079 -0.839481 -59.965199 2.560914 -1.040759 -0.294026 1.679687 0.833255 -14.218194 0.093214 1.300579 -34.212013 -0.287565 0.967174 -20.033180 0.964536 1.212840 0.000001 -0.000001 0.000001 -3.440385 0.788232 0.501655 -15.928171 -3.167307 2.999704 -6.338817 -0.000003 0.000001 -18.123415 3.648176 -4.905659 -0.000004 0.000001 -0.000000 5.460858 11.263476 12.954015 60.831268 11.207862 25.256380 -7.961896 82.340347 -8.007853 6.429599 5.571300 2.307577 2.243540 -5.255031 -3.180156 14.282877 -0.826594 6.952495 -0.000002 -12.690590 -0.000001 15.567226 -17.510094 2.662187 1.665665 -1.955921 -2.878297 4.727793 -4.170582 4.993918 11.020511 0.000002 -0.000002 12.109034 -3.735708 -2.866780 0.000000 0.000001 0.000000 1.291984 -1.928547 -1.498088 14.800111 0.567470 3.865603 14.242553 -1.341733 -6.660648 19.631939 0.143927 -0.648243 49.743237 -0.620830 -6.280911 0.353029 -1.511149 -0.031940 20.222773 3.684307 2.316629 18.787245 0.000005 0.000000 10.751611 -0.479867 1.397905 0.000000 0.000000 0.000000 3.273805 0.305946 -0.580110 21.486790 11.830360 2.266130 8.162916 0.000001 -0.000001 18.399054 -3.798976 -4.940567 0.000003 0.000001 -0.000001 13.348674 5.042351 -30.586153 -0.099891 -0.268404 29.370861 -16.711981 6.108316 -6.268895 1.569102 -1.989282 -1.180247 0.000000 -0.000000 0.000002 -4.618327 -8.771989 -2.475483 0.042594 0.557801 14.539989 15.584534 -9.069159 -20.074411 -1.410149 0.841936 -0.520310 0.000000 0.000001 -0.000001 
6.588124 96.075066 -22.505600 -1.729295 -13.699489 9.458343 1.222326 0.965623 -0.381074 -0.584041 2.424828 -4.603995 -1.481847 0.843362 11.286296 -0.785787 3.503618 7.005186 -0.872852 -1.734738 -3.937199 4.791654 -3.584410 -9.872776 0.000077 -0.000022 0.000006 -0.013395 0.077646 -0.037157 0.632782 -3.626835 -10.584961 -0.666068 3.782435 -10.586192 -13.083574 0.568279 13.280004 -59.724564 -1.559060 8.832072 1.234530 -61.372437 -1.009302 7.850014 3.070077 1.790823 -5.882101 9.861278 0.702591 -10.936858 -0.360575 7.156197 0.000001 8.774814 -0.000002 -15.997185 18.478828 6.199018 -1.844031 2.498503 -2.507275 -10.163589 4.678940 4.621104 -20.975992 -0.000002 0.000001 -21.226254 2.451693 -3.593997 0.000002 -0.000007 -0.000002 -1.362680 2.240796 -0.746323 -21.334894 0.584909 3.008318 -13.821197 -0.000003 0.000000 -23.887125 -0.249077 -0.839480 -60.078403 2.596373 -1.094600 -0.294025 1.679685 0.833256 -14.218192 0.093215 1.300577 -34.212009 -0.287562 0.967169 -20.033178 0.964536 1.212842 -0.000000 -0.000001 0.000001 -3.440385 0.788231 0.501653 -15.928167 -3.167306 2.999702 -6.338817 -0.000002 -0.000001 -18.123413 3.648175 -4.905661 -0.000003 0.000001 -0.000000 5.059602 11.030599 12.982619 59.397270 10.841280 25.732473 -15.362633 85.610809 -15.463738 6.678695 5.714967 4.689355 2.243540 -5.255033 -3.180155 14.282875 -0.826594 6.952497 -0.000001 -12.690593 0.000001 15.400682 -17.544775 2.796770 1.665663 -1.955921 -2.878296 4.727795 -4.170583 4.993919 11.020513 0.000002 -0.000001 12.109031 -3.735708 -2.866780 0.000000 -0.000000 -0.000000 1.291981 -1.928548 -1.498088 14.800109 0.567469 3.865603 14.242551 -1.341734 -6.660648 19.631935 0.143926 -0.648243 49.784668 -0.661817 -6.315338 0.353028 -1.511149 -0.031940 20.222771 3.684307 2.316629 18.787243 0.000004 0.000000 10.751610 -0.479868 1.397904 0.000000 0.000001 0.000000 3.273806 0.305946 -0.580110 21.486790 11.830362 2.266131 8.162916 0.000001 -0.000000 18.399052 -3.798980 -4.940566 0.000003 -0.000000 -0.000001 12.411223 4.118003 -31.380001 -0.078888 -0.223963 30.008961 -16.173790 6.208205 -7.346513 1.569046 -1.970443 -1.076973 0.000000 -0.000000 0.000002 -5.515004 -8.096573 -2.942254 0.071569 0.551241 14.788691 16.271215 -9.688558 -20.713509 -1.406220 0.861125 -0.576779 0.000000 0.000000 -0.000001 
7.046625 96.168808 -21.583269 -0.768610 -13.948506 10.040293 0.557509 1.032055 -0.138024 -0.682236 2.652284 -4.568480 -2.002105 1.086058 11.442365 -0.295702 3.418190 7.318560 -0.968302 -1.789676 -3.992443 5.487331 -3.846420 -9.998333 0.000077 -0.000022 0.000006 -0.029047 0.117497 -0.058284 0.613905 -3.580627 -10.597951 -0.676877 3.811428 -10.597219 -12.893052 0.723348 13.459165 -60.906876 -0.785809 7.520934 0.740805 -68.048096 -0.897309 8.470355 4.343998 1.972356 -5.882102 9.861280 0.702588 -10.936860 -0.360573 7.156196 0.000000 8.774816 0.000000 -16.168188 18.546108 6.136680 -1.844032 2.498505 -2.507276 -10.163590 4.678940 4.621102 -20.975998 -0.000003 0.000000 -21.226255 2.451695 -3.593995 0.000002 -0.000006 0.000001 -1.362680 2.240797 -0.746323 -21.334892 0.584910 3.008320 -13.821197 -0.000002 0.000001 -23.887133 -0.249078 -0.839481 -60.038971 2.582981 -1.194432 -0.294026 1.679686 0.833256 -14.218194 0.093214 1.300577 -34.212006 -0.287565 0.967168 -20.033178 0.964536 1.212842 0.000000 0.000000 -0.000002 -3.440386 0.788231 0.501656 -15.928169 -3.167306 2.999705 -6.338817 -0.000002 0.000001 -18.123415 3.648177 -4.905662 -0.000004 0.000001 -0.000000 4.540720 10.626590 13.189110 58.492794 10.999517 26.276901 -71.580421 88.504585 -71.619171 7.113257 6.072983 7.423377 2.243539 -5.255031 -3.180156 14.282878 -0.826591 6.952495 -0.000002 -12.690586 -0.000001 15.186650 -17.571211 2.980561 1.665667 -1.955920 -2.878296 4.727795 -4.170580 4.993917 11.020512 0.000001 -0.000001 12.109032 -3.735708 -2.866779 0.000000 -0.000000 0.000001 1.291985 -1.928548 -1.498089 14.800114 0.567467 3.865605 14.242554 -1.341733 -6.660650 19.631939 0.143925 -0.648244 49.695137 -0.865464 -6.337022 0.353028 -1.511149 -0.031940 20.222773 3.684306 2.316629 18.787245 0.000005 0.000000 10.751610 -0.479867 1.397904 -0.000000 0.000001 0.000000 3.273803 0.305946 -0.580109 21.486794 11.830361 2.266131 8.162916 0.000002 -0.000000 18.399052 -3.798977 -4.940566 0.000003 -0.000000 -0.000001 11.049294 3.425909 -31.603140 -0.053266 -0.163366 29.881222 -15.521645 6.465323 -7.981970 1.560821 -1.919704 -0.947944 0.000000 -0.000000 0.000002 -6.862259 -7.143246 -3.326970 0.114624 0.689115 14.784815 16.959074 -10.678035 -20.548189 -1.416173 0.892274 -0.856856 -0.000000 0.000001 -0.000001 
7.516664 96.453072 -20.589479 0.291606 -14.625584 10.605801 -0.314412 0.942637 0.165567 -0.852551 2.671199 -4.429059 -2.416966 1.181052 11.481052 0.349237 3.265930 7.651217 -1.100642 -1.645043 -3.986986 5.917751 -3.834802 -10.243988 0.000077 -0.000022 0.000006 -0.035509 0.120518 -0.074859 0.622346 -3.584558 -10.609100 -0.696809 3.816266 -10.610639 -11.973687 0.367667 13.503093 -62.589321 -0.344862 6.845607 -0.710620 -75.704941 0.083249 8.823560 5.462829 1.782610 -5.882100 9.861277 0.702592 -10.936858 -0.360574 7.156197 0.000000 8.774813 0.000000 -16.495733 18.406139 5.955645 -1.844030 2.498501 -2.507276 -10.163589 4.678939 4.621105 -20.975994 -0.000003 0.000005 -21.226250 2.451693 -3.593993 -0.000000 -0.000006 0.000000 -1.362679 2.240794 -0.746323 -21.334892 0.584909 3.008321 -13.821193 -0.000002 0.000003 -23.887129 -0.249075 -0.839478 -59.995144 2.624799 -1.263112 -0.294025 1.679686 0.833255 -14.218190 0.093214 1.300579 -34.211998 -0.287565 0.967172 -20.033175 0.964536 1.212844 0.000000 0.000001 -0.000001 -3.440384 0.788231 0.501656 -15.928167 -3.167305 2.999705 -6.338817 -0.000003 0.000001 -18.123411 3.648177 -4.905658 -0.000003 -0.000001 -0.000003 4.156102 10.096101 13.291143 58.360085 11.545821 26.696262 -156.382309 85.896729 -156.287430 7.947404 6.568166 9.906519 2.243540 -5.255033 -3.180156 14.282873 -0.826592 6.952495 -0.000003 -12.690591 0.000000 15.004394 -17.433922 2.990136 1.665665 -1.955921 -2.878296 4.727793 -4.170583 4.993918 11.020510 0.000004 -0.000002 12.109032 -3.735710 -2.866780 0.000000 -0.000002 0.000000 1.291985 -1.928548 -1.498088 14.800111 0.567469 3.865603 14.242553 -1.341734 -6.660649 19.631939 0.143927 -0.648242 49.555981 -0.973091 -6.297099 0.353027 -1.511150 -0.031941 20.222769 3.684308 2.316628 18.787245 0.000006 -0.000001 10.751609 -0.479868 1.397904 0.000000 0.000000 0.000000 3.273804 0.305946 -0.580110 21.486792 11.830364 2.266132 8.162917 0.000002 -0.000001 18.399048 -3.798977 -4.940567 0.000003 0.000002 -0.000001 9.497513 2.966072 -31.187185 -0.021456 -0.133831 28.763882 -14.987699 6.723920 -8.272439 1.567435 -1.868773 -1.024526 0.000000 -0.000000 0.000002 -8.463607 -6.126983 -4.927740 0.108323 0.731543 17.237558 17.483437 -11.378703 -19.166834 -1.417053 0.860132 -1.680850 -0.000000 -0.000000 -0.000001 
7.781856 96.978096 -19.447947 0.912062 -15.648579 11.200370 -1.070186 0.772825 0.515229 -0.988306 2.401544 -4.228123 -2.524680 0.962668 11.491819 0.903069 3.268365 7.859357 -1.175784 -1.064387 -3.945355 6.028115 -3.633594 -10.518412 0.000077 -0.000023 0.000006 -0.045586 0.157627 -0.081041 0.634966 -3.542441 -10.634238 -0.732039 3.851604 -10.651752 -10.687660 -0.373047 13.648452 -63.819016 -1.162671 7.642333 -3.128708 -83.079887 2.152663 8.698662 5.537076 1.016086 -5.882102 9.861278 0.702589 -10.936859 -0.360574 7.156196 0.000001 8.774812 -0.000001 -16.673534 18.133636 5.755510 -1.844031 2.498500 -2.507275 -10.163589 4.678942 4.621105 -20.975996 -0.000001 0.000001 -21.226250 2.451695 -3.593994 0.000000 -0.000006 -0.000000 -1.362681 2.240797 -0.746323 -21.334892 0.584909 3.008320 -13.821195 -0.000003 0.000000 -23.887131 -0.249077 -0.839483 -59.975128 2.574754 -1.183713 -0.294025 1.679687 0.833256 -14.218192 0.093216 1.300578 -34.211998 -0.287563 0.967166 -20.033176 0.964537 1.212838 -0.000000 0.000001 -0.000001 -3.440385 0.788234 0.501656 -15.928165 -3.167305 2.999702 -6.338816 -0.000002 0.000002 -18.123413 3.648176 -4.905663 -0.000003 0.000000 -0.000002 4.150620 9.662437 13.455528 58.922264 12.685687 26.646425 -167.690979 81.625504 -167.474747 8.924086 7.516010 11.301941 2.243538 -5.255031 -3.180156 14.282875 -0.826593 6.952495 -0.000002 -12.690590 0.000002 14.956568 -17.124817 2.833534 1.665664 -1.955920 -2.878297 4.727794 -4.170585 4.993920 11.020512 0.000002 -0.000002 12.109031 -3.735709 -2.866779 0.000001 -0.000000 0.000000 1.291985 -1.928546 -1.498089 14.800114 0.567467 3.865602 14.242553 -1.341734 -6.660648 19.631939 0.143924 -0.648245 49.497536 -1.024141 -6.272745 0.353029 -1.511148 -0.031940 20.222767 3.684304 2.316627 18.787245 0.000006 -0.000001 10.751611 -0.479867 1.397904 0.000000 -0.000001 0.000000 3.273803 0.305947 -0.580110 21.486788 11.830360 2.266129 8.162916 0.000001 -0.000001 18.399052 -3.798978 -4.940568 0.000004 -0.000000 -0.000001 8.438566 2.883954 -29.901163 -0.015447 -0.168391 26.505070 -14.772730 6.866667 -8.216537 1.557018 -1.893515 -1.180601 -0.000000 0.000000 0.000002 -9.605144 -5.301018 -8.108444 0.102604 0.984895 22.139566 17.066950 -11.706671 -16.228125 -1.417366 0.827496 -3.814582 0.000000 0.000000 -0.000001 
8.018049 97.569992 -18.446796 0.946001 -17.270979 11.894674 -1.588464 0.648445 0.917600 -1.032554 1.704242 -4.050434 -2.343650 0.641842 11.538373 1.254002 3.177790 7.680810 -1.076338 -0.310095 -3.828786 5.866619 -2.734692 -10.624739 0.000077 -0.000021 0.000006 -0.042365 0.130650 -0.074509 0.657291 -3.558414 -10.662493 -0.744831 3.817568 -10.687634 -9.202188 -1.553864 13.605018 -63.787624 -3.153254 9.361404 -75.926216 -89.609322 74.825920 7.427340 4.475031 0.572603 -5.882101 9.861278 0.702591 -10.936859 -0.360573 7.156197 0.000001 8.774813 0.000000 -16.789326 18.038187 5.502795 -1.844030 2.498502 -2.507275 -10.163590 4.678939 4.621103 -20.975998 -0.000004 0.000005 -21.226250 2.451696 -3.593992 -0.000000 -0.000006 0.000002 -1.362681 2.240797 -0.746323 -21.334894 0.584907 3.008323 -13.821197 -0.000003 0.000004 -23.887129 -0.249078 -0.839478 -59.817707 2.642150 -1.353324 -0.294023 1.679684 0.833256 -14.218194 0.093214 1.300580 -34.211998 -0.287563 0.967171 -20.033178 0.964536 1.212842 0.000000 -0.000000 0.000000 -3.440386 0.788232 0.501656 -15.928167 -3.167305 2.999707 -6.338818 -0.000002 0.000003 -18.123411 3.648176 -4.905658 -0.000005 -0.000000 -0.000002 4.559225 9.364623 13.609415 60.046833 14.294542 26.198006 -172.373215 77.588188 -172.120285 9.506014 8.497914 10.696054 2.243540 -5.255033 -3.180156 14.282877 -0.826591 6.952494 -0.000003 -12.690591 -0.000000 15.147692 -16.783062 2.736645 1.665664 -1.955921 -2.878297 4.727792 -4.170582 4.993918 11.020512 0.000004 -0.000002 12.109034 -3.735708 -2.866781 0.000002 0.000001 -0.000000 1.291985 -1.928548 -1.498088 14.800114 0.567469 3.865601 14.242553 -1.341733 -6.660650 19.631939 0.143928 -0.648243 49.696075 -0.922106 -6.059412 0.353028 -1.511150 -0.031939 20.222771 3.684309 2.316627 18.787245 0.000009 -0.000001 10.751611 -0.479866 1.397904 0.000000 -0.000000 -0.000000 3.273803 0.305947 -0.580111 21.486792 11.830366 2.266130 8.162914 0.000002 -0.000000 18.399054 -3.798977 -4.940568 0.000003 0.000000 -0.000001 7.903229 3.585958 -28.410126 -0.065391 -0.250298 24.058552 -14.507975 6.899156 -7.938121 1.546764 -1.952875 -1.211780 0.000000 0.000000 0.000002 -10.186494 -4.718332 -12.942046 0.173386 1.145353 28.949930 14.896551 -11.558776 -12.265406 -1.394090 0.778570 -5.540335 0.000000 0.000000 -0.000001 
8.178468 98.100349 -17.518997 0.509495 -19.555208 12.810264 -1.865440 0.450177 1.264829 -1.013004 0.955512 -3.842790 -2.140718 0.117829 11.525278 1.601145 3.056030 7.086673 -0.764581 0.702762 -3.728747 5.473400 -1.437422 -10.657770 0.000077 -0.000023 0.000006 -0.034089 0.111050 -0.057091 0.679293 -3.590892 -10.699963 -0.745144 3.792484 -10.729208 -7.793351 -3.140898 13.269086 -61.984810 -6.123629 10.810284 -176.820786 -84.039642 176.185699 5.522968 2.766134 0.227321 -5.882099 9.861278 0.702591 -10.936862 -0.360576 7.156199 0.000002 8.774813 -0.000002 -16.651323 18.025801 5.353343 -1.844031 2.498502 -2.507276 -10.163589 4.678940 4.621105 -20.975998 -0.000004 0.000003 -21.226254 2.451692 -3.593989 0.000000 -0.000007 -0.000001 -1.362681 2.240795 -0.746323 -21.334892 0.584906 3.008322 -13.821197 -0.000003 0.000003 -23.887133 -0.249077 -0.839479 -59.685890 2.742382 -1.411602 -0.294024 1.679685 0.833255 -14.218194 0.093213 1.300581 -34.212006 -0.287566 0.967173 -20.033184 0.964534 1.212844 0.000000 0.000000 -0.000000 -3.440386 0.788233 0.501655 -15.928167 -3.167308 2.999704 -6.338817 -0.000002 0.000001 -18.123415 3.648173 -4.905658 -0.000004 -0.000001 -0.000002 5.219906 9.139272 13.525217 61.488865 15.953147 25.952726 -175.285278 74.646515 -175.157181 9.703794 8.889936 9.510270 2.243540 -5.255032 -3.180154 14.282878 -0.826594 6.952496 -0.000002 -12.690590 0.000001 15.380602 -16.621122 2.755037 1.665666 -1.955920 -2.878296 4.727793 -4.170582 4.993918 11.020511 0.000004 -0.000001 12.109031 -3.735709 -2.866779 0.000002 -0.000001 0.000001 1.291984 -1.928548 -1.498087 14.800114 0.567468 3.865604 14.242554 -1.341735 -6.660648 19.631939 0.143926 -0.648243 49.834179 -0.883733 -5.800694 0.353030 -1.511149 -0.031941 20.222771 3.684307 2.316628 18.787247 0.000004 -0.000001 10.751611 -0.479867 1.397905 -0.000000 0.000000 -0.000000 3.273802 0.305946 -0.580110 21.486790 11.830362 2.266131 8.162917 0.000002 0.000000 18.399054 -3.798978 -4.940568 0.000003 0.000000 -0.000000 7.852217 4.579299 -27.036060 -0.097257 -0.362410 21.950451 -13.954803 7.304856 -7.899446 1.535780 -2.011163 -1.146096 0.000000 -0.000000 0.000002 -10.356446 -4.184396 -18.886059 0.265101 1.223735 35.709286 12.437112 -10.487559 -9.715241 -1.372327 0.780948 -5.045296 0.000000 0.000000 -0.000001 
8.214544 98.502075 -16.562443 -0.355802 -22.372345 13.986202 -2.008569 0.198949 1.519878 -0.987897 0.323054 -3.668096 -1.958474 -0.516213 11.500455 2.074298 2.966591 6.227701 -0.378849 1.813341 -3.649651 4.988900 0.103172 -10.783437 0.000076 -0.000022 0.000006 -0.021448 0.054763 -0.041996 0.697141 -3.642382 -10.720096 -0.743236 3.747819 -10.744326 -6.502448 -4.946507 12.872812 -58.825863 -9.565528 10.190355 -177.766449 -78.937042 177.534576 4.137676 0.990700 -0.341135 -5.882102 9.861278 0.702592 -10.936861 -0.360575 7.156198 0.000002 8.774815 0.000001 -16.528591 18.064344 5.346612 -1.844030 2.498502 -2.507277 -10.163590 4.678940 4.621106 -20.975996 -0.000004 0.000004 -21.226254 2.451692 -3.593991 0.000001 -0.000005 -0.000001 -1.362678 2.240796 -0.746323 -21.334892 0.584908 3.008322 -13.821197 -0.000002 0.000003 -23.887131 -0.249078 -0.839479 -59.805706 2.770990 -1.351332 -0.294027 1.679685 0.833255 -14.218194 0.093214 1.300580 -34.212006 -0.287563 0.967171 -20.033180 0.964534 1.212842 -0.000000 -0.000000 0.000000 -3.440387 0.788233 0.501656 -15.928167 -3.167304 2.999705 -6.338814 -0.000000 0.000002 -18.123415 3.648176 -4.905660 -0.000004 -0.000002 -0.000002 5.987520 8.784176 13.255985 62.943127 17.114063 26.050648 -178.064133 73.216988 -177.935577 9.775445 8.750359 8.976075 2.243540 -5.255033 -3.180156 14.282877 -0.826594 6.952497 -0.000002 -12.690591 0.000002 15.533878 -16.646715 2.776992 1.665666 -1.955920 -2.878297 4.727795 -4.170584 4.993918 11.020514 0.000003 0.000000 12.109032 -3.735709 -2.866777 0.000000 0.000000 0.000000 1.291985 -1.928547 -1.498088 14.800114 0.567468 3.865604 14.242553 -1.341735 -6.660645 19.631937 0.143924 -0.648242 50.012882 -0.876695 -5.710925 0.353029 -1.511149 -0.031939 20.222771 3.684305 2.316629 18.787245 0.000003 0.000000 10.751611 -0.479868 1.397904 -0.000000 0.000000 0.000000 3.273805 0.305947 -0.580109 21.486794 11.830361 2.266132 8.162917 0.000001 0.000000 18.399054 -3.798980 -4.940567 0.000003 0.000000 -0.000001 8.242560 5.706105 -25.931969 -0.099761 -0.427260 20.603186 -13.318892 8.233455 -8.382359 1.536007 -2.009511 -1.013201 0.000000 0.000000 0.000002 -9.992862 -3.701869 -24.914761 0.318449 1.171364 39.801964 12.172885 -7.966644 -9.902395 -1.381111 0.825452 -4.085592 -0.000000 0.000001 -0.000001 
8.107797 98.734451 -15.503920 -1.556792 -25.358366 15.295369 -2.084867 -0.053040 1.639984 -0.984501 -0.160214 -3.505657 -1.766071 -1.217641 11.482884 2.554486 2.838977 5.376071 0.058525 2.997504 -3.623363 4.442458 1.781929 -10.840359 0.000077 -0.000022 0.000006 -0.020693 0.042195 -0.046666 0.709780 -3.666228 -10.728581 -0.751385 3.741233 -10.760424 -5.182840 -6.686872 12.512439 -55.065933 -12.625651 7.348175 -178.131256 -74.842247 177.845673 3.294188 -0.707377 -1.253599 -5.882098 9.861278 0.702590 -10.936860 -0.360576 7.156197 0.000002 8.774814 -0.000001 -16.508783 18.183260 5.386962 -1.844031 2.498501 -2.507276 -10.163589 4.678940 4.621105 -20.975996 -0.000004 0.000003 -21.226255 2.451692 -3.593993 0.000000 -0.000007 -0.000000 -1.362680 2.240796 -0.746323 -21.334892 0.584908 3.008321 -13.821197 -0.000004 0.000002 -23.887129 -0.249079 -0.839480 -60.028229 2.733070 -1.341147 -0.294023 1.679685 0.833255 -14.218192 0.093215 1.300580 -34.211998 -0.287563 0.967171 -20.033178 0.964535 1.212842 -0.000000 -0.000000 0.000001 -3.440383 0.788232 0.501655 -15.928165 -3.167307 2.999705 -6.338815 -0.000001 0.000001 -18.123413 3.648176 -4.905662 -0.000004 -0.000002 -0.000002 6.783460 8.159898 12.942785 64.372528 17.584145 26.583824 179.374664 73.087914 179.600464 9.911800 8.303856 9.222727 2.243537 -5.255033 -3.180156 14.282878 -0.826594 6.952495 -0.000002 -12.690587 -0.000001 15.657482 -16.790359 2.706969 1.665666 -1.955920 -2.878297 4.727794 -4.170583 4.993919 11.020513 0.000003 -0.000001 12.109032 -3.735708 -2.866780 -0.000000 0.000001 -0.000001 1.291984 -1.928548 -1.498088 14.800117 0.567468 3.865603 14.242554 -1.341734 -6.660650 19.631939 0.143926 -0.648244 50.101517 -0.856729 -5.777028 0.353028 -1.511149 -0.031940 20.222769 3.684306 2.316627 18.787245 0.000005 -0.000001 10.751610 -0.479867 1.397903 -0.000000 0.000000 -0.000000 3.273805 0.305947 -0.580110 21.486794 11.830362 2.266131 8.162917 0.000002 -0.000001 18.399050 -3.798979 -4.940567 0.000003 0.000000 -0.000001 8.904367 7.055317 -25.081171 -0.081442 -0.413405 20.238878 -12.821166 9.159561 -9.430721 1.550860 -1.980078 -0.852538 -0.000000 -0.000000 0.000002 -8.801121 -3.501916 -30.348465 0.360141 1.076359 40.731655 13.490226 -5.001983 -10.747140 -1.402458 0.838886 -3.658699 -0.000000 0.000001 -0.000001 
7.770973 98.762146 -14.326107 -2.960328 -28.396210 16.578766 -2.170552 -0.266169 1.735471 -1.011846 -0.603926 -3.355561 -1.581057 -1.988470 11.379351 3.035911 2.720779 4.670293 0.503177 4.213755 -3.578249 3.845176 3.505292 -10.788194 0.000077 -0.000022 0.000006 -0.026031 0.068339 -0.052608 0.701981 -3.637910 -10.698081 -0.758067 3.777918 -10.746527 -3.633236 -8.312243 12.010845 -51.127041 -14.822924 2.750510 -178.920792 -71.583061 178.455826 2.868684 -2.292511 -2.612667 -5.882102 9.861278 0.702589 -10.936859 -0.360575 7.156196 0.000001 8.774812 -0.000002 -16.570511 18.319321 5.502017 -1.844030 2.498503 -2.507275 -10.163590 4.678938 4.621102 -20.975994 -0.000005 0.000001 -21.226255 2.451693 -3.593994 0.000002 -0.000007 -0.000000 -1.362681 2.240796 -0.746323 -21.334892 0.584908 3.008319 -13.821197 -0.000003 0.000000 -23.887129 -0.249080 -0.839482 -60.326004 2.704794 -1.368272 -0.294024 1.679686 0.833255 -14.218194 0.093214 1.300579 -34.212006 -0.287567 0.967167 -20.033178 0.964532 1.212841 0.000001 0.000001 0.000001 -3.440386 0.788233 0.501655 -15.928169 -3.167307 2.999703 -6.338817 -0.000001 0.000000 -18.123413 3.648175 -4.905662 -0.000004 0.000001 -0.000002 7.708476 7.096561 12.594926 65.705414 17.062033 27.446873 177.408875 73.615952 177.879684 10.087420 7.525588 9.762397 2.243539 -5.255033 -3.180156 14.282875 -0.826594 6.952496 0.000001 -12.690591 -0.000001 15.709595 -17.034924 2.623203 1.665664 -1.955920 -2.878296 4.727793 -4.170583 4.993918 11.020513 0.000003 -0.000000 12.109032 -3.735710 -2.866780 0.000001 0.000001 -0.000001 1.291984 -1.928548 -1.498088 14.800113 0.567468 3.865602 14.242553 -1.341735 -6.660650 19.631935 0.143925 -0.648243 50.164692 -0.897042 -5.881975 0.353028 -1.511150 -0.031940 20.222767 3.684305 2.316628 18.787245 0.000004 0.000000 10.751610 -0.479868 1.397904 -0.000001 -0.000000 0.000000 3.273805 0.305947 -0.580110 21.486788 11.830363 2.266132 8.162915 0.000001 0.000000 18.399052 -3.798980 -4.940567 0.000003 0.000000 -0.000001 9.730897 8.645564 -24.293646 -0.058458 -0.350927 20.824087 -12.675469 9.826165 -11.069428 1.566314 -1.935640 -0.711916 0.000000 -0.000000 0.000002 -6.784748 -3.521076 -34.718594 0.400510 0.997495 38.920280 15.811476 -1.903297 -11.768814 -1.443950 0.894238 -3.640232 -0.000000 0.000001 -0.000001 
7.067983 98.472122 -13.067086 -4.018135 -30.860069 17.266346 -2.345424 -0.482346 1.952181 -1.072978 -1.105664 -3.299940 -1.555138 -2.771999 11.179361 3.472794 2.618896 4.508901 0.846298 5.287836 -3.552919 3.216587 4.968489 -10.662437 0.000077 -0.000023 0.000005 -0.022280 0.099803 -0.052989 0.707880 -3.621151 -10.677596 -0.759976 3.814713 -10.746440 -1.919561 -9.673625 11.438454 -48.044476 -16.057932 -2.739895 179.764099 -69.640060 179.591034 2.958241 -3.437946 -4.783834 -5.882099 9.861279 0.702591 -10.936859 -0.360574 7.156196 -0.000000 8.774813 -0.000001 -16.543468 18.452267 5.723567 -1.844029 2.498502 -2.507274 -10.163590 4.678941 4.621103 -20.975996 -0.000003 0.000002 -21.226254 2.451695 -3.593993 0.000000 -0.000006 -0.000000 -1.362680 2.240797 -0.746323 -21.334890 0.584909 3.008321 -13.821197 -0.000002 0.000003 -23.887129 -0.249076 -0.839481 -60.629402 2.647985 -1.377323 -0.294025 1.679686 0.833255 -14.218194 0.093214 1.300580 -34.212006 -0.287561 0.967173 -20.033180 0.964535 1.212842 0.000002 -0.000000 0.000001 -3.440387 0.788233 0.501655 -15.928169 -3.167306 2.999703 -6.338817 -0.000001 0.000001 -18.123415 3.648178 -4.905661 -0.000005 -0.000000 -0.000003 8.615250 5.467619 12.383758 66.504974 15.374977 28.151405 177.139923 73.707031 177.913712 10.102736 6.576744 9.683804 2.243540 -5.255032 -3.180155 14.282873 -0.826593 6.952496 -0.000003 -12.690590 0.000001 15.522972 -17.198137 2.616756 1.665664 -1.955920 -2.878296 4.727793 -4.170583 4.993919 11.020513 0.000003 -0.000001 12.109032 -3.735711 -2.866779 0.000002 0.000000 0.000000 1.291984 -1.928548 -1.498088 14.800111 0.567468 3.865605 14.242553 -1.341735 -6.660648 19.631939 0.143926 -0.648243 50.090240 -0.960624 -5.937817 0.353030 -1.511148 -0.031939 20.222769 3.684306 2.316630 18.787245 0.000004 0.000001 10.751611 -0.479869 1.397905 0.000001 0.000000 -0.000000 3.273803 0.305947 -0.580111 21.486790 11.830361 2.266132 8.162920 0.000001 0.000000 18.399055 -3.798980 -4.940567 0.000003 0.000000 -0.000001 10.440622 10.176658 -23.405037 -0.028894 -0.244105 22.366533 -12.875215 9.746968 -13.201954 1.572488 -1.884302 -0.587249 0.000000 -0.000000 0.000002 -4.668863 -3.598663 -37.060623 0.367779 0.913414 35.608452 18.496122 0.588664 -12.673606 -1.469433 0.980656 -4.059127 -0.000000 -0.000000 -0.000001 
5.928513 97.794746 -11.570101 -4.311799 -32.379662 16.863857 -2.564092 -0.630489 2.232042 -1.133316 -1.757163 -3.333985 -1.748579 -3.690722 10.957185 3.428311 2.562217 5.202822 1.170459 6.227272 -3.551997 2.529793 6.135569 -10.552114 0.000077 -0.000023 0.000006 -0.018562 0.113813 -0.049432 0.723019 -3.599900 -10.655322 -0.764203 3.823737 -10.752210 -0.135643 -10.640830 10.842884 -46.596390 -16.707378 -8.337386 178.030609 -69.503670 -178.796707 4.048162 -4.043758 -7.698493 -5.882101 9.861278 0.702591 -10.936859 -0.360576 7.156197 0.000002 8.774814 -0.000001 -16.217579 18.360743 6.058774 -1.844030 2.498502 -2.507274 -10.163589 4.678938 4.621104 -20.975996 -0.000007 0.000004 -21.226255 2.451691 -3.593992 0.000000 -0.000006 0.000000 -1.362680 2.240796 -0.746324 -21.334892 0.584906 3.008319 -13.821198 -0.000004 0.000003 -23.887133 -0.249080 -0.839478 -60.807804 2.527066 -1.313453 -0.294024 1.679687 0.833255 -14.218195 0.093213 1.300579 -34.212002 -0.287568 0.967172 -20.033182 0.964533 1.212842 0.000001 0.000001 0.000000 -3.440386 0.788232 0.501656 -15.928169 -3.167308 2.999703 -6.338817 -0.000002 0.000001 -18.123417 3.648174 -4.905661 -0.000004 -0.000000 -0.000002 8.924040 3.447258 12.437317 66.972244 12.529192 27.875433 178.293854 72.272034 179.361130 10.072248 5.974515 8.325850 2.243540 -5.255032 -3.180154 14.282877 -0.826593 6.952496 -0.000002 -12.690588 -0.000000 15.499411 -17.160604 2.509507 1.665665 -1.955920 -2.878298 4.727793 -4.170583 4.993918 11.020513 0.000005 -0.000002 12.109030 -3.735708 -2.866780 0.000001 -0.000000 0.000000 1.291985 -1.928548 -1.498088 14.800111 0.567468 3.865603 14.242554 -1.341732 -6.660647 19.631941 0.143928 -0.648242 50.071854 -0.993580 -5.941072 0.353028 -1.511149 -0.031941 20.222769 3.684308 2.316628 18.787247 0.000006 0.000000 10.751610 -0.479867 1.397905 -0.000002 0.000001 -0.000000 3.273804 0.305947 -0.580110 21.486794 11.830364 2.266129 8.162921 0.000002 -0.000000 18.399055 -3.798977 -4.940566 0.000004 -0.000000 -0.000001 10.848182 11.519108 -22.097578 0.004850 -0.176819 24.698689 -13.377835 8.544327 -15.801442 1.568987 -1.832618 -0.540199 0.000000 0.000000 0.000002 -3.260172 -3.616549 -36.801151 0.312109 0.843962 32.058651 19.925770 1.462843 -12.247169 -1.486934 0.967381 -4.647148 0.000000 0.000000 -0.000001 
4.216338 96.775299 -9.598645 -4.236414 -33.050697 15.743748 -2.342464 -0.528508 2.403826 -1.092869 -2.641246 -3.459606 -2.122623 -4.567567 10.567116 2.355991 2.771033 6.756944 1.558321 6.951740 -3.563915 1.781481 6.779385 -10.752201 0.000077 -0.000021 0.000006 -0.011228 0.132282 -0.014384 0.731534 -3.568059 -10.574020 -0.759331 3.825868 -10.693702 1.313898 -10.812328 10.346955 -47.016731 -17.381134 -12.990191 175.635376 -71.345406 -176.272919 5.419843 -4.049342 -10.598933 -5.882102 9.861279 0.702591 -10.936858 -0.360574 7.156198 -0.000000 8.774813 -0.000001 -16.011923 18.525331 6.434656 -1.844028 2.498504 -2.507276 -10.163589 4.678941 4.621106 -20.975994 -0.000002 0.000004 -21.226255 2.451695 -3.593993 0.000000 -0.000005 0.000000 -1.362681 2.240796 -0.746323 -21.334890 0.584911 3.008323 -13.821197 -0.000001 0.000004 -23.887131 -0.249075 -0.839482 -61.122227 2.463628 -1.342801 -0.294024 1.679687 0.833255 -14.218192 0.093215 1.300581 -34.211998 -0.287560 0.967169 -20.033176 0.964537 1.212843 0.000002 0.000001 -0.000001 -3.440388 0.788233 0.501654 -15.928165 -3.167305 2.999704 -6.338816 -0.000001 0.000000 -18.123411 3.648179 -4.905661 -0.000004 -0.000000 -0.000002 8.150401 1.396736 12.903807 67.342468 8.272653 25.233849 178.519745 68.492470 179.855392 10.205733 5.708917 4.778748 2.243540 -5.255033 -3.180155 14.282875 -0.826594 6.952495 -0.000002 -12.690588 0.000000 15.682885 -17.371716 2.436776 1.665665 -1.955920 -2.878296 4.727794 -4.170583 4.993919 11.020513 0.000003 -0.000001 12.109030 -3.735711 -2.866780 0.000003 0.000000 0.000001 1.291984 -1.928548 -1.498089 14.800111 0.567467 3.865602 14.242553 -1.341736 -6.660650 19.631939 0.143926 -0.648245 50.156181 -0.936577 -6.123806 0.353029 -1.511149 -0.031939 20.222767 3.684305 2.316627 18.787245 0.000003 -0.000001 10.751610 -0.479868 1.397902 -0.000001 -0.000000 0.000000 3.273804 0.305947 -0.580110 21.486786 11.830360 2.266129 8.162914 0.000001 -0.000000 18.399050 -3.798979 -4.940569 0.000004 -0.000000 -0.000001 11.522861 13.056961 -20.740124 -0.078894 -0.168619 28.737576 -14.063661 6.105405 -18.146921 1.636536 -1.841224 -1.294312 0.000000 -0.000000 0.000002 -2.706460 -3.218764 -34.332359 0.361630 0.780756 30.314310 17.187988 0.582597 -9.630274 -1.519315 0.921848 -4.762366 -0.000000 0.000001 -0.000001 
2.193994 95.946625 -7.136884 -4.858337 -33.730919 14.925071 -1.392591 -0.271870 2.441684 -0.943202 -3.168610 -3.545637 -2.185342 -5.034975 10.148638 0.326266 3.341122 8.382828 1.749097 7.484187 -3.543002 1.227839 7.300289 -11.907003 0.000077 -0.000024 0.000006 -0.011923 0.150830 0.028147 0.721107 -3.532430 -10.458478 -0.751228 3.808078 -10.563867 1.642128 -9.789001 9.753884 -48.623898 -17.424704 -16.252460 175.121826 -73.221840 -175.267960 6.707454 -2.182108 -11.856252 -5.882101 9.861278 0.702590 -10.936860 -0.360575 7.156199 -0.000001 8.774813 -0.000002 -15.938901 18.568239 6.354522 -1.844030 2.498502 -2.507276 -10.163589 4.678941 4.621105 -20.975996 -0.000002 0.000004 -21.226255 2.451694 -3.593992 -0.000000 -0.000006 0.000001 -1.362682 2.240797 -0.746322 -21.334887 0.584910 3.008320 -13.821197 -0.000002 0.000003 -23.887129 -0.249077 -0.839482 -61.696400 2.413022 -1.440033 -0.294024 1.679687 0.833255 -14.218195 0.093214 1.300581 -34.212002 -0.287560 0.967171 -20.033180 0.964537 1.212842 0.000001 -0.000000 0.000001 -3.440383 0.788233 0.501657 -15.928169 -3.167305 2.999705 -6.338815 -0.000001 0.000002 -18.123413 3.648177 -4.905660 -0.000004 -0.000000 -0.000003 6.525524 -0.318248 13.317980 67.183907 3.194520 21.100428 178.507370 63.703735 -179.911316 10.147867 5.552451 -0.684000 2.243540 -5.255031 -3.180155 14.282877 -0.826594 6.952496 -0.000003 -12.690586 0.000001 15.711355 -17.605350 2.436577 1.665665 -1.955920 -2.878297 4.727793 -4.170583 4.993919 11.020511 0.000005 -0.000001 12.109031 -3.735708 -2.866778 0.000000 -0.000001 0.000000 1.291984 -1.928548 -1.498088 14.800113 0.567467 3.865603 14.242553 -1.341734 -6.660650 19.631937 0.143926 -0.648244 50.032024 -0.763983 -6.256900 0.353029 -1.511149 -0.031940 20.222771 3.684305 2.316627 18.787245 0.000004 0.000000 10.751609 -0.479868 1.397904 0.000000 0.000000 0.000000 3.273804 0.305946 -0.580111 21.486790 11.830361 2.266129 8.162916 0.000001 -0.000000 18.399052 -3.798979 -4.940567 0.000002 0.000000 -0.000001 13.041950 15.380400 -20.783337 -0.178887 -0.414482 35.879143 -15.418717 3.431903 -18.376108 1.705511 -1.882946 -3.224431 0.000000 0.000000 0.000002 -2.441222 -1.693316 -32.013950 0.221670 0.527911 31.994041 14.477454 0.304901 -11.916459 -1.496067 0.995847 -3.476483 0.000000 0.000001 -0.000001 
0.185153 95.852592 -4.382789 -5.698029 -34.972267 13.838131 -0.373331 -0.066794 2.388456 -0.795455 -3.106894 -3.584609 -1.924210 -5.276424 10.150345 -2.194210 4.536762 9.949987 1.860103 8.121552 -3.601938 0.542954 7.798572 -12.574679 0.000077 -0.000020 0.000006 -0.037468 0.275047 0.013317 0.691440 -3.397177 -10.438079 -0.775252 3.928133 -10.543997 1.011254 -7.877973 9.885695 -51.900887 -16.210993 -18.924385 176.487381 -73.768623 -176.354935 7.185757 0.039627 -11.385365 -5.882100 9.861277 0.702590 -10.936857 -0.360576 7.156198 -0.000000 8.774813 -0.000001 -15.988583 18.429234 6.065887 -1.844031 2.498503 -2.507276 -10.163590 4.678938 4.621106 -20.975994 -0.000004 0.000005 -21.226250 2.451692 -3.593992 -0.000000 -0.000006 -0.000000 -1.362681 2.240796 -0.746322 -21.334894 0.584907 3.008322 -13.821197 -0.000004 0.000002 -23.887129 -0.249079 -0.839478 -61.551796 2.451841 -1.539692 -0.294025 1.679687 0.833255 -14.218194 0.093214 1.300580 -34.211998 -0.287564 0.967173 -20.033178 0.964535 1.212844 0.000000 0.000000 0.000001 -3.440384 0.788233 0.501656 -15.928165 -3.167307 2.999706 -6.338814 -0.000002 0.000003 -18.123411 3.648176 -4.905659 -0.000004 0.000000 -0.000003 4.076613 -1.103706 13.639925 66.989204 -2.818245 16.763569 179.186768 59.754425 -179.400452 9.840058 6.138601 -4.392168 2.243539 -5.255031 -3.180155 14.282875 -0.826593 6.952496 -0.000002 -12.690593 0.000001 15.592686 -17.654154 2.479288 1.665665 -1.955919 -2.878297 4.727794 -4.170584 4.993919 11.020511 0.000004 -0.000001 12.109031 -3.735711 -2.866779 0.000001 0.000001 0.000000 1.291984 -1.928548 -1.498088 14.800111 0.567468 3.865604 14.242554 -1.341735 -6.660648 19.631935 0.143925 -0.648243 50.109192 -0.632430 -6.304167 0.353029 -1.511149 -0.031939 20.222767 3.684307 2.316628 18.787245 0.000004 0.000000 10.751608 -0.479869 1.397904 0.000000 0.000000 0.000000 3.273804 0.305947 -0.580110 21.486788 11.830362 2.266130 8.162916 0.000001 0.000000 18.399054 -3.798980 -4.940567 0.000003 -0.000000 -0.000001 14.848847 17.754602 -21.748266 -0.324858 -0.725474 45.146439 -14.592359 2.137833 -13.368474 1.815599 -1.964985 -8.671087 0.000000 0.000000 0.000002 -1.877296 -1.000901 -28.055122 0.249481 0.492150 31.888557 13.334128 1.817900 -14.016597 -1.487198 0.984696 -2.699425 -0.000000 0.000001 -0.000001 
-1.876668 96.184853 -1.572473 -5.124854 -36.123730 11.805745 0.015341 -0.125356 2.546083 -0.751118 -2.750574 -3.609384 -2.132985 -5.572785 9.874691 -4.360396 5.942741 11.645777 2.046324 8.556069 -3.545725 -0.151089 8.736345 -12.419369 0.000077 -0.000022 0.000006 -0.041137 0.230202 -0.006005 0.670480 -3.447963 -10.479715 -0.768560 3.905958 -10.592933 0.659676 -5.911704 10.167424 -55.725998 -12.516520 -20.650757 178.421280 -71.592644 -178.458038 7.825541 1.340462 -10.805648 -5.882101 9.861278 0.702590 -10.936858 -0.360574 7.156198 -0.000000 8.774814 -0.000002 -16.115294 18.256174 5.883505 -1.844032 2.498502 -2.507276 -10.163588 4.678940 4.621105 -20.975996 -0.000004 0.000001 -21.226254 2.451692 -3.593994 0.000000 -0.000006 -0.000000 -1.362679 2.240796 -0.746322 -21.334887 0.584909 3.008318 -13.821193 -0.000002 0.000002 -23.887129 -0.249078 -0.839482 -61.564201 2.459087 -1.476149 -0.294025 1.679686 0.833255 -14.218192 0.093215 1.300579 -34.211998 -0.287562 0.967171 -20.033178 0.964536 1.212841 0.000000 -0.000001 -0.000001 -3.440383 0.788232 0.501656 -15.928167 -3.167305 2.999704 -6.338815 -0.000001 0.000001 -18.123411 3.648177 -4.905663 -0.000004 -0.000000 -0.000002 0.978712 -0.921187 14.033895 66.801338 -9.138267 13.167379 179.911026 57.205357 -179.406601 9.556474 6.971982 -5.595882 2.243540 -5.255034 -3.180155 14.282875 -0.826592 6.952494 -0.000003 -12.690590 -0.000001 15.821918 -17.440342 2.327755 1.665665 -1.955920 -2.878296 4.727793 -4.170584 4.993918 11.020511 0.000004 -0.000002 12.109032 -3.735710 -2.866781 0.000000 -0.000001 0.000000 1.291984 -1.928549 -1.498088 14.800111 0.567468 3.865602 14.242553 -1.341735 -6.660649 19.631937 0.143927 -0.648245 50.211182 -0.553025 -6.276944 0.353029 -1.511149 -0.031940 20.222769 3.684307 2.316627 18.787245 0.000006 -0.000002 10.751610 -0.479867 1.397903 0.000000 0.000000 0.000000 3.273804 0.305947 -0.580110 21.486788 11.830363 2.266129 8.162916 0.000002 -0.000001 18.399055 -3.798977 -4.940569 0.000003 0.000000 -0.000001 14.981825 20.305803 -24.017109 -0.463511 -0.863994 54.783867 -8.721017 3.703261 -3.941785 1.906323 -1.987780 -12.929379 -0.000001 -0.000000 0.000003 -2.509982 -1.324611 -23.012730 0.348184 0.501480 30.039310 12.062950 3.605319 -15.254067 -1.484277 0.898351 -2.219050 0.000000 0.000000 -0.000001 
-3.754094 96.502655 1.271401 -3.951257 -37.051067 9.946414 0.211647 -0.032570 2.626862 -0.655235 -2.549493 -3.649504 -2.630421 -5.393580 9.467580 -6.081716 7.162891 12.609277 2.229222 8.831943 -3.523631 -0.644735 9.540025 -11.828430 0.000077 -0.000023 0.000006 -0.023081 0.118086 -0.041584 0.678203 -3.589825 -10.583877 -0.742444 3.821688 -10.716680 -0.802461 -4.135513 10.533616 -56.903202 -7.302214 -21.297085 179.445862 -67.592262 -179.645615 7.896463 0.770426 -12.151305 -5.882099 9.861280 0.702590 -10.936861 -0.360575 7.156198 -0.000001 8.774814 -0.000001 -16.256737 18.259310 5.722556 -1.844029 2.498503 -2.507275 -10.163589 4.678941 4.621104 -20.975992 -0.000004 0.000004 -21.226250 2.451694 -3.593992 0.000000 -0.000006 -0.000000 -1.362681 2.240798 -0.746323 -21.334888 0.584907 3.008321 -13.821197 -0.000003 0.000003 -23.887131 -0.249077 -0.839478 -61.451611 2.410751 -1.490048 -0.294024 1.679686 0.833255 -14.218194 0.093214 1.300581 -34.212002 -0.287563 0.967171 -20.033180 0.964536 1.212842 -0.000001 -0.000000 -0.000001 -3.440386 0.788233 0.501656 -15.928169 -3.167308 2.999704 -6.338817 -0.000002 0.000001 -18.123413 3.648177 -4.905661 -0.000005 -0.000000 -0.000001 -1.387096 -0.645886 14.619111 65.452530 -15.137280 10.803096 -179.510040 55.402134 -179.274185 9.150637 7.775015 -5.779222 2.243539 -5.255032 -3.180155 14.282878 -0.826592 6.952497 -0.000003 -12.690591 -0.000001 16.061075 -17.284021 2.211314 1.665664 -1.955921 -2.878296 4.727795 -4.170583 4.993917 11.020513 0.000005 -0.000000 12.109031 -3.735708 -2.866779 0.000000 0.000000 -0.000000 1.291984 -1.928547 -1.498088 14.800114 0.567469 3.865605 14.242551 -1.341735 -6.660646 19.631939 0.143925 -0.648240 50.349243 -0.466686 -6.252315 0.353028 -1.511151 -0.031940 20.222771 3.684309 2.316630 18.787247 0.000005 0.000002 10.751611 -0.479868 1.397905 0.000000 -0.000000 0.000000 3.273804 0.305947 -0.580110 21.486794 11.830365 2.266134 8.162918 0.000002 0.000000 18.399054 -3.798980 -4.940566 0.000004 0.000000 -0.000000 13.774848 23.135498 -27.158455 -0.392630 -0.611234 62.170303 -1.249694 7.102533 0.796390 1.838741 -2.133373 -7.746853 -0.000001 0.000000 0.000003 -3.786949 -1.281781 -18.411987 0.305099 0.614772 27.775194 11.100529 4.195358 -16.418568 -1.487822 0.877663 -2.091716 -0.000000 0.000001 -0.000001 
-5.406753 96.705887 3.880199 -2.763666 -37.570801 8.746867 0.477854 0.131961 2.535121 -0.596119 -2.313337 -3.722290 -3.173522 -4.827520 9.194604 -7.380473 7.778261 12.787678 2.392349 9.499095 -3.461981 -1.145444 10.152666 -11.373551 0.000077 -0.000022 0.000005 -0.013350 0.047288 -0.045845 0.680007 -3.683426 -10.640924 -0.720356 3.765760 -10.768517 -3.199079 -2.507341 10.926988 -55.850788 -1.891019 -20.817677 179.523697 -64.237144 -179.875214 7.418174 -0.843521 -13.546613 -5.882102 9.861276 0.702591 -10.936859 -0.360575 7.156198 -0.000002 8.774813 -0.000000 -16.447294 18.367247 5.609142 -1.844032 2.498502 -2.507277 -10.163589 4.678939 4.621105 -20.975996 -0.000004 0.000005 -21.226255 2.451693 -3.593992 0.000000 -0.000006 -0.000000 -1.362680 2.240796 -0.746323 -21.334890 0.584908 3.008322 -13.821195 -0.000002 0.000002 -23.887129 -0.249077 -0.839480 -60.998264 2.372875 -1.575931 -0.294023 1.679687 0.833256 -14.218192 0.093215 1.300579 -34.212006 -0.287563 0.967172 -20.033176 0.964535 1.212843 -0.000000 -0.000000 -0.000001 -3.440385 0.788231 0.501655 -15.928165 -3.167305 2.999704 -6.338819 -0.000002 0.000002 -18.123413 3.648175 -4.905661 -0.000003 -0.000000 -0.000001 -2.389703 -0.882154 15.219072 63.131477 -20.473785 9.376628 -179.087097 54.384762 -179.154007 8.384520 8.773804 -4.799642 2.243539 -5.255033 -3.180155 14.282877 -0.826595 6.952497 -0.000003 -12.690592 0.000001 16.066414 -17.213324 2.216205 1.665666 -1.955921 -2.878296 4.727794 -4.170584 4.993919 11.020513 0.000003 0.000000 12.109032 -3.735710 -2.866778 0.000000 0.000001 0.000000 1.291984 -1.928548 -1.498087 14.800113 0.567469 3.865603 14.242551 -1.341733 -6.660648 19.631939 0.143926 -0.648242 50.303257 -0.507774 -6.242716 0.353029 -1.511149 -0.031940 20.222767 3.684308 2.316629 18.787245 0.000004 0.000001 10.751611 -0.479870 1.397904 0.000002 0.000001 0.000000 3.273804 0.305947 -0.580109 21.486792 11.830364 2.266131 8.162917 0.000001 -0.000000 18.399054 -3.798980 -4.940566 0.000003 -0.000000 -0.000001 11.644432 25.720675 -31.095739 -0.301242 -0.225427 65.685852 0.361860 6.212091 -0.932497 1.775876 -2.151131 -5.282749 0.000000 -0.000000 0.000002 -5.027717 -0.913696 -14.724646 0.200081 0.762349 25.476633 10.881857 3.744514 -17.434515 -1.477399 0.868313 -1.794856 -0.000000 -0.000000 -0.000001 
-6.789285 96.783134 6.301453 -1.782049 -37.544353 8.071584 0.697162 0.260733 2.464077 -0.559872 -1.836323 -3.697149 -3.540759 -4.283065 9.027729 -8.234982 7.948020 12.655120 2.408721 10.062263 -3.399555 -1.489774 10.519495 -11.107023 0.000077 -0.000021 0.000005 -0.026979 0.051581 -0.040183 0.665135 -3.676978 -10.661975 -0.726175 3.762305 -10.776501 -5.274736 -1.174450 11.362478 -54.796238 2.335775 -19.682333 179.788208 -63.474262 179.788696 7.062497 -2.410761 -13.834291 -5.882101 9.861279 0.702589 -10.936861 -0.360573 7.156197 -0.000000 8.774814 -0.000001 -16.545595 18.482634 5.608925 -1.844032 2.498502 -2.507274 -10.163589 4.678941 4.621103 -20.975994 -0.000003 0.000002 -21.226254 2.451694 -3.593995 0.000000 -0.000005 -0.000000 -1.362678 2.240798 -0.746323 -21.334890 0.584909 3.008319 -13.821197 -0.000002 0.000001 -23.887131 -0.249077 -0.839481 -60.636490 2.431697 -1.607265 -0.294025 1.679686 0.833255 -14.218194 0.093216 1.300580 -34.212006 -0.287562 0.967169 -20.033180 0.964535 1.212839 -0.000000 0.000000 0.000001 -3.440387 0.788233 0.501654 -15.928167 -3.167306 2.999703 -6.338818 -0.000001 -0.000001 -18.123413 3.648178 -4.905663 -0.000003 0.000000 -0.000001 -2.578127 -1.227025 15.772577 61.414242 -24.084316 8.386847 -178.723495 54.378567 -178.982086 7.646014 9.840440 -3.400858 2.243538 -5.255032 -3.180155 14.282877 -0.826594 6.952495 -0.000002 -12.690587 -0.000000 16.063730 -17.206249 2.283844 1.665664 -1.955919 -2.878296 4.727793 -4.170582 4.993917 11.020513 0.000002 -0.000001 12.109033 -3.735711 -2.866780 0.000000 0.000000 -0.000000 1.291985 -1.928546 -1.498089 14.800111 0.567468 3.865603 14.242554 -1.341734 -6.660649 19.631941 0.143925 -0.648245 50.325077 -0.626369 -6.237497 0.353028 -1.511148 -0.031939 20.222769 3.684304 2.316627 18.787249 0.000007 -0.000001 10.751611 -0.479868 1.397902 0.000001 -0.000001 0.000000 3.273805 0.305947 -0.580110 21.486790 11.830361 2.266129 8.162916 0.000002 -0.000001 18.399055 -3.798978 -4.940569 0.000003 -0.000001 -0.000001 8.644438 27.487000 -35.726940 -0.268737 0.042336 65.064613 -1.002342 3.650422 -2.846787 1.745613 -2.083887 -4.737619 0.000001 -0.000000 0.000003 -6.100627 -0.749284 -11.572137 0.131894 0.842809 23.119244 10.887945 2.988362 -18.251122 -1.457271 0.864523 -1.516412 0.000000 0.000000 -0.000001 
-7.948205 96.709221 8.781637 -1.185266 -37.081417 7.848825 0.890736 0.325625 2.495719 -0.515284 -1.293092 -3.617180 -3.649393 -3.815428 8.933534 -8.775672 7.979345 12.513943 2.334092 10.456804 -3.426241 -1.615957 10.700367 -10.926000 0.000077 -0.000023 0.000005 -0.048169 0.100323 -0.040713 0.644903 -3.617287 -10.677323 -0.746002 3.799513 -10.781734 -6.611449 -0.219594 11.745283 -54.725227 5.487006 -18.246010 -179.460693 -65.543648 179.119492 6.989258 -3.702659 -12.829521 -5.882102 9.861282 0.702589 -10.936859 -0.360575 7.156196 -0.000003 8.774815 -0.000002 -16.490158 18.583761 5.640054 -1.844031 2.498504 -2.507276 -10.163590 4.678941 4.621104 -20.975994 -0.000002 0.000000 -21.226248 2.451694 -3.593997 0.000000 -0.000006 0.000000 -1.362681 2.240798 -0.746323 -21.334887 0.584910 3.008320 -13.821193 -0.000001 0.000002 -23.887123 -0.249076 -0.839483 -60.483444 2.557049 -1.618215 -0.294024 1.679687 0.833256 -14.218190 0.093217 1.300578 -34.211998 -0.287561 0.967166 -20.033175 0.964536 1.212839 0.000001 -0.000000 0.000001 -3.440386 0.788233 0.501655 -15.928164 -3.167306 2.999703 -6.338814 -0.000000 0.000001 -18.123411 3.648179 -4.905663 -0.000003 -0.000000 -0.000002 -2.314380 -1.481632 16.189426 60.480583 -26.103880 7.366229 -178.614426 55.023266 -178.899750 7.078960 10.791007 -2.074275 2.243539 -5.255033 -3.180154 14.282878 -0.826594 6.952497 -0.000001 -12.690588 -0.000000 15.967241 -17.245890 2.377061 1.665665 -1.955919 -2.878297 4.727795 -4.170585 4.993919 11.020512 0.000002 -0.000001 12.109034 -3.735712 -2.866780 0.000000 0.000000 -0.000000 1.291985 -1.928547 -1.498088 14.800113 0.567468 3.865604 14.242553 -1.341735 -6.660646 19.631939 0.143924 -0.648243 50.233570 -0.758248 -6.214447 0.353028 -1.511150 -0.031939 20.222767 3.684305 2.316630 18.787245 0.000004 -0.000000 10.751610 -0.479869 1.397903 -0.000001 -0.000001 0.000000 3.273805 0.305947 -0.580110 21.486794 11.830362 2.266131 8.162916 0.000000 -0.000001 18.399052 -3.798980 -4.940567 0.000002 -0.000001 -0.000000 5.326234 28.146648 -40.304741 -0.260152 0.184983 60.576523 -2.803874 1.636554 -2.742182 1.748901 -2.060984 -4.124932 0.000000 -0.000000 0.000003 -6.943344 -0.867852 -8.711631 0.112911 0.920300 20.956318 10.865673 2.171556 -18.806782 -1.441599 0.879402 -1.421438 0.000000 0.000000 -0.000001 
-8.980282 96.471207 11.079038 -1.215093 -36.341953 8.143470 1.198292 0.422752 2.532914 -0.445026 -0.840810 -3.539601 -3.428508 -3.325037 8.893875 -9.041472 7.917869 12.378715 2.249214 10.684797 -3.474222 -1.676598 10.835059 -10.951483 0.000077 -0.000022 0.000006 -0.062122 0.167359 -0.069994 0.630151 -3.539091 -10.719595 -0.758022 3.847326 -10.810976 -7.283894 0.546200 12.100064 -55.500488 7.859557 -16.610374 -177.636780 -70.626373 177.371597 7.368669 -4.960383 -10.441399 -5.882100 9.861279 0.702589 -10.936857 -0.360574 7.156196 -0.000001 8.774814 -0.000001 -16.269770 18.586813 5.756310 -1.844031 2.498503 -2.507277 -10.163589 4.678941 4.621104 -20.975994 -0.000003 -0.000001 -21.226255 2.451692 -3.593996 0.000000 -0.000007 -0.000000 -1.362680 2.240796 -0.746323 -21.334887 0.584910 3.008319 -13.821195 -0.000001 0.000000 -23.887125 -0.249078 -0.839484 -60.414146 2.715047 -1.587343 -0.294024 1.679686 0.833256 -14.218190 0.093215 1.300579 -34.212002 -0.287562 0.967167 -20.033178 0.964536 1.212840 -0.000000 0.000001 0.000000 -3.440387 0.788233 0.501655 -15.928167 -3.167306 2.999704 -6.338818 -0.000001 0.000001 -18.123415 3.648177 -4.905663 -0.000004 -0.000000 -0.000002 -1.673335 -1.581214 16.531818 59.905987 -26.942696 6.242519 -178.813248 56.038155 -179.062531 6.312781 11.581907 -0.587412 2.243540 -5.255031 -3.180155 14.282877 -0.826596 6.952496 -0.000001 -12.690591 -0.000001 15.915692 -17.223059 2.394833 1.665665 -1.955921 -2.878297 4.727794 -4.170584 4.993918 11.020512 0.000003 0.000000 12.109034 -3.735714 -2.866780 0.000000 -0.000001 0.000000 1.291983 -1.928548 -1.498088 14.800111 0.567468 3.865602 14.242551 -1.341735 -6.660649 19.631939 0.143926 -0.648243 50.003956 -0.821779 -6.215095 0.353030 -1.511150 -0.031940 20.222767 3.684307 2.316628 18.787247 0.000004 0.000001 10.751611 -0.479868 1.397903 -0.000001 0.000000 0.000000 3.273804 0.305947 -0.580110 21.486792 11.830363 2.266131 8.162916 0.000000 0.000000 18.399054 -3.798978 -4.940566 0.000003 0.000000 -0.000001 2.533082 27.725716 -43.877010 -0.205328 0.277776 51.960819 -4.277117 0.219618 -0.886485 1.733752 -2.065744 -3.382163 0.000000 0.000000 0.000002 -7.190447 -1.145090 -6.364616 0.093898 0.948637 19.379744 10.634731 1.266135 -19.182220 -1.431836 0.910074 -1.514214 -0.000000 0.000001 -0.000001 
-9.919169 95.980995 13.534668 -1.945150 -35.525852 8.744555 1.726517 0.534563 2.590608 -0.356949 -0.456640 -3.540218 -2.930623 -2.800940 8.953980 -9.099880 7.748565 12.359506 2.221395 10.792258 -3.528912 -1.787856 11.024925 -11.189614 0.000077 -0.000022 0.000005 -0.066924 0.216194 -0.085099 0.629736 -3.480910 -10.773762 -0.766946 3.895250 -10.849907 -7.063507 1.167975 12.283639 -57.421711 9.527645 -14.444577 -174.073242 -79.221733 173.653275 8.686909 -6.397797 -6.737978 -5.882099 9.861278 0.702588 -10.936858 -0.360576 7.156196 -0.000000 8.774815 -0.000000 -16.151051 18.564009 5.945432 -1.844032 2.498502 -2.507277 -10.163589 4.678939 4.621102 -20.975994 -0.000003 0.000001 -21.226254 2.451694 -3.593995 0.000000 -0.000005 -0.000000 -1.362681 2.240797 -0.746322 -21.334887 0.584908 3.008318 -13.821197 -0.000003 0.000001 -23.887129 -0.249080 -0.839483 -60.529514 2.854014 -1.475913 -0.294025 1.679686 0.833254 -14.218190 0.093214 1.300578 -34.211998 -0.287566 0.967168 -20.033176 0.964534 1.212841 0.000000 -0.000001 -0.000000 -3.440386 0.788233 0.501657 -15.928164 -3.167306 2.999703 -6.338817 -0.000000 0.000001 -18.123413 3.648176 -4.905662 -0.000004 0.000001 -0.000002 -0.806168 -1.454434 16.936317 59.343693 -26.596460 5.357140 -178.894196 57.255711 -179.157532 5.066431 12.311209 1.264090 2.243540 -5.255033 -3.180154 14.282878 -0.826594 6.952497 -0.000003 -12.690590 -0.000000 15.866445 -17.161789 2.386646 1.665665 -1.955919 -2.878296 4.727795 -4.170583 4.993917 11.020512 0.000004 -0.000001 12.109034 -3.735710 -2.866780 -0.000000 0.000000 0.000000 1.291983 -1.928548 -1.498088 14.800111 0.567467 3.865601 14.242553 -1.341737 -6.660650 19.631937 0.143926 -0.648244 49.710491 -0.855240 -6.226548 0.353028 -1.511149 -0.031940 20.222767 3.684307 2.316628 18.787247 0.000006 -0.000001 10.751611 -0.479868 1.397905 -0.000001 -0.000001 0.000000 3.273805 0.305946 -0.580111 21.486792 11.830367 2.266130 8.162916 0.000001 -0.000001 18.399050 -3.798980 -4.940569 0.000003 0.000000 -0.000000 1.426317 25.980289 -45.219913 -0.174814 0.350436 39.550877 -5.739303 -0.662403 1.853900 1.684752 -2.035429 -3.160432 -0.000000 0.000000 0.000002 -6.896093 -1.339895 -3.703535 0.048338 0.917487 17.526581 10.514257 0.147335 -19.659260 -1.426390 0.933408 -1.756448 0.000000 0.000000 -0.000001 
-10.922551 95.155212 16.340424 -3.074372 -34.981632 9.311167 2.371709 0.673948 2.616697 -0.248799 -0.028405 -3.631538 -2.355793 -2.239189 9.043110 -8.993604 7.480838 12.505189 2.276525 10.848710 -3.564306 -1.934579 11.268389 -11.285447 0.000077 -0.000023 0.000006 -0.052002 0.220244 -0.092441 0.648703 -3.484675 -10.814524 -0.752898 3.902875 -10.866830 -6.146780 1.628294 12.150243 -60.334782 10.841467 -12.054763 -52.189980 -88.832481 51.677139 10.935892 -7.755749 -3.278990 -5.882100 9.861279 0.702588 -10.936858 -0.360574 7.156195 0.000002 8.774815 -0.000002 -16.225063 18.523031 6.019284 -1.844031 2.498503 -2.507275 -10.163589 4.678940 4.621102 -20.975994 -0.000006 0.000001 -21.226255 2.451692 -3.593995 0.000001 -0.000004 -0.000000 -1.362680 2.240797 -0.746324 -21.334887 0.584906 3.008318 -13.821197 -0.000006 -0.000000 -23.887133 -0.249079 -0.839482 -60.489639 2.870903 -1.424891 -0.294023 1.679687 0.833256 -14.218192 0.093215 1.300576 -34.211998 -0.287566 0.967168 -20.033180 0.964532 1.212841 -0.000000 -0.000002 0.000000 -3.440384 0.788233 0.501654 -15.928171 -3.167308 2.999703 -6.338818 -0.000001 -0.000001 -18.123415 3.648175 -4.905663 -0.000004 0.000002 -0.000001 0.046144 -0.985905 17.345808 58.850136 -25.407831 4.623840 -178.955276 58.417786 -179.373947 3.622044 12.951400 3.570977 2.243540 -5.255035 -3.180154 14.282878 -0.826593 6.952497 -0.000002 -12.690591 0.000000 15.786998 -17.231045 2.394670 1.665663 -1.955921 -2.878295 4.727794 -4.170586 4.993918 11.020512 0.000004 0.000001 12.109033 -3.735714 -2.866779 0.000000 -0.000002 0.000001 1.291985 -1.928547 -1.498088 14.800113 0.567468 3.865603 14.242553 -1.341735 -6.660648 19.631939 0.143924 -0.648243 49.597187 -0.820150 -6.255322 0.353029 -1.511149 -0.031939 20.222769 3.684304 2.316629 18.787247 0.000004 0.000001 10.751612 -0.479868 1.397905 0.000000 0.000001 0.000000 3.273804 0.305947 -0.580109 21.486790 11.830361 2.266134 8.162917 0.000001 -0.000000 18.399054 -3.798982 -4.940567 0.000003 0.000000 -0.000001 2.465410 22.911129 -44.342846 -0.139667 0.379589 26.342043 -7.037650 -0.806471 4.017797 1.622224 -1.924661 -3.437482 -0.000000 0.000001 0.000002 -6.347789 -1.039808 -0.434655 -0.004767 0.841880 15.335324 10.781989 -0.884227 -20.524860 -1.414973 0.966810 -1.877594 0.000000 0.000000 -0.000001 
-12.023958 93.946091 19.584702 -3.942177 -35.042110 9.563093 2.700563 0.811055 2.463917 -0.145875 0.437847 -3.816781 -1.858842 -1.678436 9.136412 -8.868799 7.230526 12.663709 2.405862 10.855823 -3.572964 -1.926163 11.390078 -11.078396 0.000077 -0.000023 0.000007 -0.025695 0.177574 -0.060807 0.684475 -3.535893 -10.789342 -0.735694 3.869609 -10.825721 -5.455832 2.233878 12.107709 -63.458900 11.967628 -10.539675 -2.244214 -76.161613 1.979370 13.540421 -8.319003 -2.455606 -5.882100 9.861279 0.702593 -10.936856 -0.360574 7.156196 -0.000000 8.774815 -0.000001 -16.307140 18.434185 5.998368 -1.844031 2.498503 -2.507273 -10.163589 4.678941 4.621103 -20.975994 0.000000 0.000004 -21.226250 2.451695 -3.593994 0.000001 -0.000007 -0.000002 -1.362682 2.240800 -0.746322 -21.334888 0.584911 3.008320 -13.821192 -0.000002 0.000004 -23.887129 -0.249076 -0.839480 -60.307247 2.771127 -1.397661 -0.294025 1.679687 0.833254 -14.218192 0.093217 1.300580 -34.212006 -0.287560 0.967168 -20.033173 0.964537 1.212842 0.000000 -0.000001 -0.000000 -3.440384 0.788231 0.501656 -15.928165 -3.167305 2.999706 -6.338818 0.000001 0.000002 -18.123413 3.648181 -4.905660 -0.000003 0.000002 -0.000002 0.840233 -0.167899 17.736597 58.282799 -23.688820 4.010244 -178.929291 58.975075 -179.468430 2.918440 13.019858 6.216244 2.243539 -5.255033 -3.180155 14.282877 -0.826591 6.952495 -0.000002 -12.690587 -0.000001 15.672890 -17.386784 2.476415 1.665664 -1.955918 -2.878296 4.727793 -4.170581 4.993917 11.020513 0.000003 -0.000001 12.109033 -3.735709 -2.866778 -0.000000 -0.000003 0.000000 1.291985 -1.928547 -1.498088 14.800113 0.567467 3.865605 14.242553 -1.341733 -6.660649 19.631939 0.143925 -0.648243 49.626564 -0.911336 -6.269926 0.353029 -1.511149 -0.031941 20.222769 3.684306 2.316628 18.787249 0.000004 -0.000001 10.751611 -0.479869 1.397903 -0.000000 0.000002 -0.000001 3.273804 0.305946 -0.580109 21.486790 11.830360 2.266129 8.162915 0.000002 -0.000001 18.399052 -3.798978 -4.940567 0.000003 -0.000000 -0.000000 4.634346 19.094337 -42.383781 0.026920 0.415927 16.243069 -7.434733 0.367794 6.032491 1.560867 -1.911134 -3.624557 -0.000000 0.000001 0.000003 -6.243573 -0.285577 3.248766 -0.014229 0.889014 13.018894 11.519980 -1.182839 -22.103643 -1.400701 0.921053 -1.908640 -0.000000 0.000002 -0.000001 
-13.196487 92.623039 23.230524 -3.609585 -35.753395 9.303252 2.027045 0.926496 2.053956 -0.118744 0.805151 -4.059912 -1.592601 -0.891148 9.305385 -8.458692 6.916963 12.178654 2.591903 10.619987 -3.530119 -1.609831 11.236987 -10.499464 0.000077 -0.000022 0.000006 -0.022456 0.205958 -0.052917 0.674688 -3.502556 -10.716287 -0.722571 3.892826 -10.743106 -6.088531 2.826602 11.848599 -65.682961 13.696548 -10.980684 -1.748996 -63.212112 1.345804 14.888029 -8.162792 -4.939889 -5.882101 9.861279 0.702589 -10.936858 -0.360573 7.156196 -0.000001 8.774816 -0.000001 -15.835410 18.437113 6.194306 -1.844031 2.498503 -2.507277 -10.163589 4.678942 4.621107 -20.975992 -0.000002 0.000003 -21.226254 2.451694 -3.593996 0.000001 -0.000007 -0.000001 -1.362679 2.240797 -0.746322 -21.334885 0.584907 3.008318 -13.821194 -0.000004 0.000000 -23.887131 -0.249080 -0.839484 -59.708576 2.672837 -1.261531 -0.294023 1.679686 0.833256 -14.218190 0.093215 1.300580 -34.211990 -0.287563 0.967167 -20.033176 0.964534 1.212840 0.000001 0.000002 0.000002 -3.440385 0.788234 0.501655 -15.928165 -3.167307 2.999701 -6.338818 0.000003 -0.000001 -18.123413 3.648176 -4.905661 -0.000004 0.000000 -0.000002 2.139944 0.580320 17.683281 57.396400 -21.784290 3.070820 -179.123810 58.613983 -179.437057 3.715739 12.287957 8.605780 2.243540 -5.255032 -3.180155 14.282877 -0.826595 6.952495 -0.000002 -12.690592 0.000000 15.653060 -17.394192 2.471220 1.665665 -1.955920 -2.878296 4.727792 -4.170583 4.993917 11.020511 0.000002 -0.000001 12.109031 -3.735709 -2.866779 -0.000001 -0.000001 0.000001 1.291985 -1.928548 -1.498088 14.800113 0.567467 3.865603 14.242553 -1.341735 -6.660650 19.631937 0.143927 -0.648245 49.358883 -1.103893 -6.411208 0.353029 -1.511149 -0.031939 20.222765 3.684305 2.316627 18.787245 0.000006 0.000000 10.751608 -0.479867 1.397903 -0.000001 0.000001 -0.000001 3.273803 0.305947 -0.580110 21.486792 11.830365 2.266129 8.162916 0.000002 -0.000001 18.399052 -3.798977 -4.940567 0.000003 -0.000000 -0.000000 5.306869 16.459110 -41.869926 0.127171 0.421895 13.770736 -6.857255 2.304566 12.401445 1.588688 -2.022042 -3.059347 -0.000000 -0.000001 0.000002 -7.614801 0.264234 6.836988 0.072554 1.147333 10.824842 12.844597 -0.884395 -23.564531 -1.409209 0.899256 -2.303653 0.000000 0.000000 -0.000001 
-14.280574 91.721741 27.241102 -1.673864 -36.239582 8.255310 0.496695 0.884125 1.536904 -0.363158 1.076488 -4.156367 -1.989043 -0.211617 9.348197 -7.048522 6.039406 11.205689 2.621425 10.004825 -3.643918 -1.229947 10.874086 -10.148961 0.000077 -0.000023 0.000006 -0.010734 0.167103 -0.066597 0.690559 -3.556092 -10.726833 -0.716141 3.873893 -10.753304 -7.180012 3.071053 11.506679 -67.288788 15.972674 -11.846467 -1.496174 -51.781136 0.605484 13.947711 -7.731364 -8.706795 -5.882102 9.861277 0.702590 -10.936858 -0.360575 7.156196 0.000000 8.774814 -0.000001 -15.750834 18.732313 6.392349 -1.844032 2.498503 -2.507274 -10.163589 4.678941 4.621102 -20.975996 -0.000005 0.000001 -21.226255 2.451691 -3.593994 -0.000001 -0.000005 -0.000001 -1.362680 2.240795 -0.746323 -21.334887 0.584908 3.008320 -13.821195 -0.000003 0.000002 -23.887131 -0.249078 -0.839481 -59.705597 2.475428 -1.101181 -0.294025 1.679687 0.833255 -14.218194 0.093213 1.300579 -34.212013 -0.287566 0.967167 -20.033178 0.964533 1.212841 0.000002 0.000003 0.000002 -3.440386 0.788233 0.501655 -15.928169 -3.167307 2.999703 -6.338817 -0.000000 -0.000001 -18.123415 3.648173 -4.905662 -0.000004 0.000001 -0.000002 3.853951 1.066379 17.007504 57.182343 -19.933580 2.076238 -179.351074 57.818649 -179.409790 6.192792 11.051691 10.436177 2.243539 -5.255033 -3.180155 14.282875 -0.826594 6.952496 -0.000003 -12.690586 0.000001 15.507443 -17.440264 2.456583 1.665666 -1.955919 -2.878298 4.727793 -4.170583 4.993918 11.020512 0.000003 -0.000000 12.109030 -3.735710 -2.866781 0.000001 -0.000001 0.000001 1.291984 -1.928548 -1.498087 14.800111 0.567466 3.865602 14.242553 -1.341734 -6.660650 19.631937 0.143925 -0.648245 48.946621 -1.062287 -6.355992 0.353028 -1.511149 -0.031938 20.222765 3.684304 2.316628 18.787245 0.000005 -0.000001 10.751609 -0.479869 1.397903 -0.000001 0.000000 -0.000000 3.273803 0.305947 -0.580109 21.486788 11.830360 2.266132 8.162917 0.000001 -0.000001 18.399050 -3.798980 -4.940569 0.000004 -0.000000 -0.000001 3.540029 15.070465 -44.323700 0.212005 0.387104 19.960373 -5.310973 3.119453 18.256001 1.697156 -2.018551 -1.474444 -0.000000 -0.000001 0.000002 -10.752876 0.068061 10.218785 0.155092 1.356310 9.338377 14.351045 0.081963 -22.316288 -1.420603 0.933507 -3.100944 -0.000000 0.000002 -0.000001 
-15.332170 91.260750 31.474119 0.584363 -35.935246 6.422250 -0.807479 0.778864 1.550724 -0.740079 1.444002 -4.037940 -2.962780 0.274218 9.039168 -5.026132 5.244894 10.297773 2.371203 8.647834 -3.655111 -0.788644 10.180681 -10.795892 0.000077 -0.000023 0.000007 -0.005588 0.157133 -0.076521 0.703462 -3.557569 -10.669335 -0.720953 3.854607 -10.665082 -6.915747 2.944634 11.864461 -69.480164 16.995564 -11.610671 -0.864771 -41.287750 -0.003438 11.018636 -6.284157 -12.271480 -5.882098 9.861279 0.702591 -10.936856 -0.360575 7.156197 0.000001 8.774814 -0.000002 -16.011185 18.245405 6.079590 -1.844030 2.498503 -2.507276 -10.163589 4.678940 4.621105 -20.975994 -0.000004 0.000005 -21.226246 2.451694 -3.593992 0.000000 -0.000006 -0.000000 -1.362681 2.240796 -0.746323 -21.334887 0.584907 3.008324 -13.821193 -0.000003 0.000006 -23.887125 -0.249077 -0.839479 -59.892723 2.179129 -0.951162 -0.294024 1.679687 0.833255 -14.218189 0.093214 1.300580 -34.211990 -0.287562 0.967171 -20.033175 0.964535 1.212844 -0.000000 -0.000000 -0.000001 -3.440383 0.788232 0.501655 -15.928164 -3.167305 2.999705 -6.338815 -0.000001 0.000002 -18.123411 3.648177 -4.905661 -0.000003 0.000000 -0.000003 4.439891 0.796425 16.350945 59.141354 -17.298946 1.417120 -179.624817 58.005913 -179.418152 9.826271 9.694077 12.336621 2.243540 -5.255032 -3.180154 14.282877 -0.826592 6.952495 -0.000003 -12.690585 -0.000000 15.515408 -17.275518 2.361044 1.665665 -1.955919 -2.878296 4.727793 -4.170582 4.993918 11.020512 0.000004 -0.000001 12.109032 -3.735710 -2.866777 -0.000001 0.000000 0.000001 1.291984 -1.928547 -1.498088 14.800113 0.567468 3.865602 14.242554 -1.341734 -6.660647 19.631941 0.143926 -0.648243 48.711250 -1.280227 -6.315073 0.353029 -1.511150 -0.031938 20.222771 3.684306 2.316629 18.787245 0.000006 -0.000000 10.751610 -0.479867 1.397904 -0.000001 -0.000001 0.000001 3.273804 0.305947 -0.580109 21.486790 11.830360 2.266130 8.162917 0.000003 -0.000001 18.399052 -3.798976 -4.940567 0.000003 0.000001 -0.000001 1.082252 14.560151 -46.584229 0.179809 0.291290 28.639507 -4.926252 2.498860 13.170956 1.700144 -1.898761 -1.488188 0.000000 -0.000001 0.000002 -13.700926 0.019566 11.422799 0.093063 1.647793 13.469406 15.409075 -0.108052 -19.565632 -1.449176 0.960156 -6.956398 -0.000000 0.000001 -0.000001 
-16.258625 91.618233 35.834564 1.681545 -35.179436 4.906119 -1.396751 0.611101 1.801566 -1.059633 1.594360 -3.867088 -3.438165 0.209996 8.809690 -3.450998 4.328043 9.610901 2.090971 7.799785 -3.668758 -0.482417 9.033724 -12.206392 0.000077 -0.000022 0.000006 0.002353 0.095498 -0.029226 0.731642 -3.629436 -10.644026 -0.736323 3.803721 -10.637374 -5.720701 2.781353 12.526534 -72.637901 16.740784 -11.432178 -0.450276 -31.540442 -0.247470 7.885765 -2.961443 -12.672387 -5.882102 9.861279 0.702589 -10.936859 -0.360574 7.156196 -0.000001 8.774812 -0.000001 -16.448215 17.795918 5.869521 -1.844031 2.498503 -2.507276 -10.163590 4.678941 4.621104 -20.975998 -0.000003 0.000001 -21.226255 2.451695 -3.593995 -0.000001 -0.000005 -0.000000 -1.362679 2.240797 -0.746323 -21.334887 0.584910 3.008319 -13.821197 -0.000002 0.000002 -23.887129 -0.249078 -0.839483 -60.476425 1.873854 -0.790063 -0.294025 1.679686 0.833255 -14.218194 0.093216 1.300579 -34.211998 -0.287562 0.967168 -20.033180 0.964534 1.212840 0.000000 0.000000 0.000001 -3.440385 0.788233 0.501655 -15.928167 -3.167305 2.999703 -6.338817 -0.000001 0.000001 -18.123413 3.648177 -4.905663 -0.000004 0.000001 -0.000003 3.819789 0.904051 15.452766 62.057312 -14.597476 2.060599 -178.944809 59.968109 -178.645203 12.527514 8.693158 12.492965 2.243540 -5.255032 -3.180156 14.282877 -0.826594 6.952495 -0.000002 -12.690591 -0.000001 15.786443 -17.280254 2.161196 1.665665 -1.955920 -2.878297 4.727793 -4.170583 4.993918 11.020512 0.000003 -0.000002 12.109032 -3.735711 -2.866779 0.000000 0.000000 -0.000000 1.291985 -1.928547 -1.498088 14.800111 0.567467 3.865602 14.242553 -1.341733 -6.660650 19.631939 0.143926 -0.648245 49.311062 -1.302963 -6.102993 0.353029 -1.511149 -0.031940 20.222767 3.684304 2.316627 18.787245 0.000005 -0.000001 10.751612 -0.479870 1.397904 -0.000001 0.000000 0.000000 3.273804 0.305947 -0.580110 21.486794 11.830362 2.266131 8.162915 0.000002 -0.000001 18.399054 -3.798977 -4.940567 0.000003 -0.000000 -0.000001 -0.382122 14.141875 -45.294296 0.019020 0.159873 31.957609 -4.551322 1.709260 8.957099 1.653578 -1.820076 -0.951395 0.000000 0.000001 0.000002 -15.492740 0.007118 9.366164 0.184185 1.943265 23.089657 14.923693 -1.529360 -12.292680 -1.583834 1.003012 -14.980122 0.000000 0.000001 -0.000001 
-17.098171 92.588173 39.701851 2.536209 -34.636925 3.595195 -1.948225 0.404041 2.182869 -1.305717 1.543160 -3.742393 -3.741425 0.152094 8.578763 -2.064546 3.717671 8.839566 1.808447 7.200784 -3.675764 -0.288134 8.175197 -13.191024 0.000077 -0.000022 0.000006 0.010044 0.037992 -0.028761 0.733171 -3.686140 -10.654157 -0.720470 3.743151 -10.634908 -4.508313 2.458835 13.341827 -75.283112 15.456972 -9.807885 0.004002 -23.921358 -0.242237 4.921194 1.860873 -12.282710 -5.882101 9.861279 0.702589 -10.936858 -0.360573 7.156198 0.000000 8.774813 -0.000001 -15.951986 17.004292 5.957122 -1.844031 2.498503 -2.507276 -10.163589 4.678939 4.621103 -20.975994 -0.000002 0.000002 -21.226248 2.451691 -3.593993 0.000001 -0.000007 -0.000000 -1.362681 2.240797 -0.746322 -21.334887 0.584911 3.008321 -13.821194 -0.000002 0.000001 -23.887123 -0.249077 -0.839484 -59.803936 1.777355 -0.714300 -0.294025 1.679685 0.833256 -14.218192 0.093215 1.300580 -34.212002 -0.287560 0.967168 -20.033178 0.964536 1.212841 0.000000 -0.000000 0.000000 -3.440385 0.788233 0.501654 -15.928167 -3.167305 2.999704 -6.338817 -0.000002 0.000001 -18.123411 3.648175 -4.905662 -0.000004 0.000001 -0.000001 2.948600 1.824238 14.703932 64.845421 -11.786550 2.029362 -178.832245 63.578320 -178.549637 13.563140 7.460785 11.971314 2.243539 -5.255032 -3.180155 14.282877 -0.826592 6.952496 -0.000002 -12.690590 -0.000002 16.001791 -17.234472 1.960057 1.665665 -1.955920 -2.878296 4.727793 -4.170582 4.993919 11.020513 0.000004 -0.000001 12.109030 -3.735708 -2.866778 -0.000001 -0.000000 -0.000000 1.291984 -1.928547 -1.498088 14.800114 0.567470 3.865602 14.242553 -1.341733 -6.660649 19.631941 0.143929 -0.648242 49.395905 -1.166559 -6.266234 0.353029 -1.511150 -0.031940 20.222771 3.684309 2.316629 18.787247 0.000006 0.000001 10.751610 -0.479866 1.397904 -0.000001 0.000000 0.000001 3.273804 0.305947 -0.580110 21.486797 11.830366 2.266132 8.162916 0.000002 -0.000001 18.399054 -3.798977 -4.940567 0.000003 0.000001 -0.000001 -1.431435 13.569613 -42.470409 -0.041492 0.104613 33.520222 -3.976351 1.409449 5.561111 1.610899 -1.836744 -0.331476 0.000000 0.000000 0.000002 -16.824080 -0.462152 4.146284 0.347663 2.128649 36.141972 10.904789 -3.927860 -1.725226 -1.723128 1.008868 -20.105495 -0.000001 0.000002 -0.000001 
-17.837545 93.746353 43.274998 2.980089 -34.505077 2.452721 -2.317827 0.284845 2.754514 -1.345971 1.524356 -3.525868 -3.971471 0.215349 8.428176 -1.155525 3.294079 7.877731 1.490117 6.849394 -3.687306 0.039107 7.442789 -13.928690 0.000077 -0.000023 0.000006 0.022520 -0.019402 -0.058267 0.720291 -3.738682 -10.640811 -0.680317 3.665414 -10.606948 -4.249902 2.162153 14.002698 -76.067169 14.297066 -6.930846 -0.105645 -21.668947 -0.096437 2.382634 4.676638 -11.505547 -5.882099 9.861279 0.702591 -10.936858 -0.360579 7.156198 0.000001 8.774813 -0.000002 -15.438499 16.690002 6.273645 -1.844030 2.498503 -2.507277 -10.163588 4.678938 4.621103 -20.975992 -0.000007 0.000003 -21.226254 2.451690 -3.593992 0.000001 -0.000006 -0.000001 -1.362680 2.240795 -0.746322 -21.334888 0.584907 3.008320 -13.821194 -0.000004 0.000002 -23.887129 -0.249080 -0.839480 -59.561119 1.858008 -0.553205 -0.294024 1.679685 0.833255 -14.218194 0.093213 1.300579 -34.211998 -0.287565 0.967173 -20.033176 0.964534 1.212844 0.000000 0.000001 -0.000000 -3.440385 0.788232 0.501655 -15.928169 -3.167308 2.999704 -6.338817 -0.000001 0.000001 -18.123411 3.648175 -4.905661 -0.000003 -0.000000 -0.000002 1.936543 3.254606 13.988267 66.599518 -8.651645 1.839881 -178.601288 68.468750 -178.395157 13.342026 6.046607 11.392159 2.243540 -5.255031 -3.180155 14.282877 -0.826593 6.952495 -0.000003 -12.690593 -0.000000 15.958101 -17.408981 1.994205 1.665665 -1.955920 -2.878297 4.727794 -4.170583 4.993918 11.020512 0.000004 -0.000001 12.109032 -3.735709 -2.866780 0.000000 0.000000 0.000000 1.291985 -1.928548 -1.498088 14.800111 0.567469 3.865602 14.242554 -1.341735 -6.660648 19.631939 0.143927 -0.648241 49.405087 -1.054881 -6.413225 0.353029 -1.511150 -0.031941 20.222769 3.684307 2.316628 18.787245 0.000007 0.000001 10.751611 -0.479865 1.397904 -0.000002 0.000000 0.000001 3.273804 0.305947 -0.580112 21.486790 11.830363 2.266131 8.162917 0.000003 -0.000001 18.399055 -3.798979 -4.940568 0.000004 -0.000000 -0.000001 -2.057679 13.347043 -38.522102 -0.078028 0.030610 32.797836 -3.287173 1.322895 2.833749 1.607391 -1.929693 -0.266491 -0.000000 0.000000 0.000002 -17.505753 -1.417518 -2.571828 0.432548 1.918639 48.939114 4.511205 -6.577670 6.159270 -1.680307 1.077281 -10.902517 -0.000000 0.000001 -0.000002 
-18.462709 94.733109 46.481071 2.981265 -34.744652 1.752007 -2.471381 0.153171 3.326380 -1.335692 1.687111 -3.403609 -3.952068 0.303222 8.330544 -0.715328 3.069390 6.999999 1.238636 6.369117 -3.649456 0.310836 6.890556 -14.738403 0.000077 -0.000022 0.000006 0.028109 -0.041154 -0.052771 0.704186 -3.737030 -10.594432 -0.654675 3.657036 -10.564004 -4.553511 2.089380 14.462441 -75.572044 13.231996 -4.185472 -0.580321 -24.377020 0.063950 1.222694 4.228974 -12.305172 -5.882099 9.861278 0.702589 -10.936858 -0.360577 7.156197 0.000001 8.774814 -0.000003 -15.642789 17.088055 6.207596 -1.844031 2.498503 -2.507275 -10.163589 4.678939 4.621101 -20.975994 -0.000005 0.000002 -21.226248 2.451688 -3.593993 0.000002 -0.000006 -0.000000 -1.362681 2.240797 -0.746322 -21.334888 0.584907 3.008318 -13.821197 -0.000003 0.000002 -23.887131 -0.249079 -0.839481 -60.168983 2.062998 -0.682243 -0.294025 1.679687 0.833255 -14.218190 0.093213 1.300578 -34.211998 -0.287568 0.967171 -20.033178 0.964532 1.212843 0.000001 0.000000 -0.000001 -3.440385 0.788232 0.501654 -15.928165 -3.167307 2.999703 -6.338816 -0.000001 0.000001 -18.123413 3.648174 -4.905661 -0.000004 -0.000000 -0.000002 1.086726 4.791921 13.423715 66.920685 -5.259656 1.795723 -177.558640 73.949142 -177.327148 12.606515 5.171316 10.740170 2.243539 -5.255031 -3.180154 14.282875 -0.826593 6.952495 -0.000002 -12.690590 -0.000000 15.626710 -17.576757 2.284072 1.665665 -1.955920 -2.878296 4.727793 -4.170580 4.993917 11.020511 0.000004 -0.000001 12.109030 -3.735709 -2.866777 -0.000001 -0.000002 0.000001 1.291985 -1.928548 -1.498088 14.800113 0.567468 3.865604 14.242553 -1.341735 -6.660648 19.631937 0.143926 -0.648242 49.416977 -0.959990 -6.428620 0.353029 -1.511150 -0.031940 20.222769 3.684307 2.316628 18.787245 0.000003 0.000001 10.751613 -0.479869 1.397906 -0.000000 -0.000001 0.000000 3.273804 0.305946 -0.580109 21.486788 11.830361 2.266130 8.162914 0.000001 -0.000001 18.399048 -3.798980 -4.940567 0.000003 0.000000 -0.000000 -2.152923 13.022056 -34.801018 -0.084833 -0.017259 31.617638 -2.512039 1.792584 0.355430 1.601360 -2.019849 -0.082083 -0.000000 0.000001 0.000002 -17.517439 -2.833197 -9.257886 0.379829 1.500148 58.711430 1.311227 -7.860641 4.390417 -1.601861 1.088097 -6.003994 -0.000001 -0.000000 -0.000002 
-19.109976 95.697838 49.217720 2.338291 -35.386204 1.607385 -2.349840 0.027495 3.748429 -1.270756 2.028029 -3.254704 -3.589218 0.394636 8.278997 -0.796643 3.091649 6.334715 1.199525 5.935061 -3.627754 0.423271 6.463480 -15.337638 0.000077 -0.000024 0.000006 0.024129 0.013285 -0.038676 0.695726 -3.681011 -10.551071 -0.650791 3.702328 -10.524966 -5.059251 2.175057 14.453016 -74.493027 12.082361 -1.950178 -0.686010 -30.168459 0.014304 1.594826 2.139261 -13.876032 -5.882102 9.861280 0.702589 -10.936858 -0.360576 7.156197 0.000001 8.774814 -0.000002 -16.130154 17.555344 6.035779 -1.844031 2.498502 -2.507275 -10.163589 4.678940 4.621105 -20.975994 -0.000003 0.000002 -21.226254 2.451694 -3.593993 -0.000000 -0.000007 -0.000001 -1.362680 2.240797 -0.746321 -21.334896 0.584909 3.008319 -13.821194 -0.000002 0.000002 -23.887123 -0.249078 -0.839482 -60.802246 2.181517 -0.873084 -0.294025 1.679687 0.833255 -14.218190 0.093215 1.300580 -34.212006 -0.287562 0.967170 -20.033178 0.964536 1.212840 -0.000001 0.000000 0.000000 -3.440386 0.788232 0.501654 -15.928169 -3.167306 2.999704 -6.338817 -0.000001 0.000003 -18.123411 3.648176 -4.905661 -0.000004 -0.000000 -0.000002 0.384938 6.273782 12.764091 66.223465 -1.821130 2.160163 -174.512314 79.723534 -174.313492 11.635300 4.327671 9.817576 2.243539 -5.255032 -3.180153 14.282877 -0.826594 6.952495 0.000000 -12.690592 0.000001 15.449264 -17.759634 2.517808 1.665665 -1.955921 -2.878296 4.727793 -4.170583 4.993919 11.020513 0.000001 -0.000002 12.109032 -3.735711 -2.866779 -0.000002 -0.000003 -0.000000 1.291985 -1.928548 -1.498088 14.800109 0.567467 3.865605 14.242553 -1.341736 -6.660648 19.631941 0.143925 -0.648244 49.463467 -0.850547 -6.528802 0.353029 -1.511149 -0.031940 20.222767 3.684305 2.316627 18.787247 0.000003 -0.000001 10.751614 -0.479869 1.397905 0.000000 0.000001 0.000001 3.273804 0.305947 -0.580110 21.486790 11.830361 2.266129 8.162916 0.000002 -0.000002 18.399057 -3.798980 -4.940567 0.000002 0.000000 -0.000001 -1.504312 12.612464 -31.493721 -0.038762 -0.068041 30.311056 -2.089567 2.968115 -1.335574 1.606868 -2.091505 0.196599 -0.000000 -0.000002 0.000002 -16.443506 -4.457126 -15.585591 0.425219 1.107570 63.451622 1.580986 -6.959231 -0.165158 -1.481879 0.982624 -4.855349 -0.000000 0.000000 -0.000001 
-19.808180 96.586807 51.718277 1.257223 -35.979053 1.864190 -2.101858 -0.073985 4.062282 -1.154106 2.266585 -3.077021 -2.998484 0.459446 8.199457 -0.965381 3.129444 5.800559 1.225239 5.634689 -3.600074 0.512079 6.037100 -15.721536 0.000077 -0.000022 0.000006 0.019032 0.101514 -0.017044 0.702396 -3.610531 -10.538731 -0.667599 3.784304 -10.514022 -5.253439 2.008096 14.206006 -73.154503 10.385012 -0.229984 -0.473597 -36.912334 -0.185743 2.872338 0.249865 -14.852748 -5.882100 9.861278 0.702588 -10.936859 -0.360576 7.156196 0.000001 8.774814 -0.000001 -16.390884 17.967285 5.980854 -1.844031 2.498502 -2.507274 -10.163589 4.678939 4.621105 -20.975998 -0.000005 0.000003 -21.226255 2.451692 -3.593991 -0.000001 -0.000007 0.000000 -1.362681 2.240796 -0.746322 -21.334896 0.584907 3.008320 -13.821197 -0.000003 0.000004 -23.887133 -0.249078 -0.839478 -60.875183 2.358945 -0.989686 -0.294024 1.679686 0.833255 -14.218194 0.093214 1.300579 -34.212006 -0.287565 0.967171 -20.033178 0.964533 1.212842 0.000000 -0.000002 -0.000000 -3.440386 0.788233 0.501654 -15.928169 -3.167307 2.999703 -6.338817 -0.000001 0.000003 -18.123413 3.648176 -4.905659 -0.000004 0.000000 -0.000003 -0.013363 7.598873 12.081888 65.071892 1.529778 2.712285 -163.130157 85.407516 -162.952118 10.810166 3.426536 8.862358 2.243541 -5.255033 -3.180155 14.282877 -0.826592 6.952495 -0.000002 -12.690591 -0.000000 15.507916 -17.937445 2.587128 1.665665 -1.955920 -2.878297 4.727793 -4.170583 4.993917 11.020512 0.000003 -0.000003 12.109031 -3.735712 -2.866781 -0.000001 -0.000001 0.000000 1.291984 -1.928548 -1.498088 14.800111 0.567469 3.865600 14.242553 -1.341734 -6.660653 19.631933 0.143931 -0.648244 49.615788 -0.666548 -6.678425 0.353028 -1.511149 -0.031940 20.222767 3.684308 2.316626 18.787247 0.000004 -0.000001 10.751609 -0.479868 1.397904 -0.000001 0.000000 -0.000000 3.273804 0.305946 -0.580111 21.486792 11.830363 2.266130 8.162916 0.000002 -0.000001 18.399050 -3.798978 -4.940567 0.000003 0.000001 -0.000001 -0.495510 12.284453 -28.688105 -0.011136 -0.090851 29.338343 -2.037412 4.230714 -2.548536 1.618740 -2.136050 0.507419 0.000000 -0.000001 0.000002 -14.359582 -6.206468 -21.156225 0.480681 0.796133 62.984478 3.630000 -4.183936 -2.495743 -1.392414 0.858226 -4.461219 0.000000 0.000000 -0.000003 
-20.648806 97.241745 53.913994 0.279544 -36.013443 2.237470 -1.955349 -0.128827 4.212296 -1.040278 2.231934 -2.941625 -2.410253 0.335327 8.137207 -0.928205 3.119855 5.401470 1.179161 5.479770 -3.583097 0.658967 5.553147 -15.978059 0.000077 -0.000021 0.000006 0.015873 0.132524 0.013820 0.709818 -3.587666 -10.548451 -0.682225 3.832664 -10.524750 -4.986462 1.342550 13.862408 -71.461533 7.833832 1.081268 -0.161637 -42.619953 -0.411253 4.093705 -0.587398 -14.201866 -5.882101 9.861278 0.702589 -10.936858 -0.360574 7.156196 0.000000 8.774813 -0.000002 -16.394022 18.273449 6.012783 -1.844031 2.498502 -2.507275 -10.163589 4.678939 4.621103 -20.975994 -0.000003 0.000001 -21.226254 2.451693 -3.593993 0.000001 -0.000006 -0.000001 -1.362681 2.240796 -0.746321 -21.334892 0.584910 3.008320 -13.821197 -0.000002 0.000002 -23.887131 -0.249077 -0.839482 -60.583412 2.627934 -1.038753 -0.294024 1.679685 0.833255 -14.218192 0.093215 1.300579 -34.212002 -0.287562 0.967169 -20.033178 0.964534 1.212842 0.000000 -0.000001 0.000000 -3.440385 0.788232 0.501655 -15.928167 -3.167306 2.999703 -6.338817 -0.000001 0.000000 -18.123413 3.648176 -4.905661 -0.000002 -0.000000 -0.000002 0.187086 8.488194 11.572753 63.746113 4.534506 3.274417 -60.274231 88.447319 -60.155434 10.237767 2.602409 8.164124 2.243539 -5.255032 -3.180156 14.282877 -0.826591 6.952496 -0.000003 -12.690590 -0.000002 15.652080 -18.027735 2.513037 1.665664 -1.955921 -2.878296 4.727793 -4.170584 4.993919 11.020511 0.000004 -0.000002 12.109032 -3.735708 -2.866779 0.000001 -0.000003 -0.000000 1.291984 -1.928547 -1.498088 14.800114 0.567469 3.865604 14.242553 -1.341735 -6.660648 19.631939 0.143927 -0.648240 49.749874 -0.470684 -6.808988 0.353028 -1.511149 -0.031939 20.222767 3.684307 2.316628 18.787243 0.000005 -0.000001 10.751610 -0.479867 1.397904 -0.000001 0.000000 0.000001 3.273804 0.305947 -0.580111 21.486790 11.830365 2.266130 8.162917 0.000002 0.000000 18.399052 -3.798979 -4.940567 0.000002 0.000000 -0.000001 0.378703 12.144937 -26.515125 -0.016515 -0.081672 28.763584 -2.124914 4.954587 -3.649906 1.629178 -2.144717 0.901953 -0.000000 0.000000 0.000002 -12.144567 -7.714303 -25.141108 0.546968 0.597120 57.898575 6.753448 -0.900120 -2.820484 -1.400134 0.785482 -4.558668 -0.000001 0.000001 -0.000001 
-21.610476 97.643768 55.995529 -0.291368 -35.294987 2.532943 -1.978530 -0.179815 4.146096 -0.950945 1.957806 -2.918382 -1.982572 0.039603 8.155182 -0.642029 3.039147 5.273373 1.083722 5.211661 -3.621670 0.875793 5.020825 -16.274954 0.000077 -0.000022 0.000006 0.017615 0.143866 0.037313 0.711869 -3.583094 -10.570138 -0.678140 3.859906 -10.547518 -4.438067 0.288992 13.468472 -69.184669 4.389201 2.049824 0.228868 -47.050972 -0.693104 5.050861 -0.787889 -12.385015 -5.882102 9.861278 0.702590 -10.936858 -0.360574 7.156196 0.000000 8.774814 0.000001 -16.179092 18.446819 6.172416 -1.844031 2.498503 -2.507278 -10.163590 4.678940 4.621102 -20.975996 -0.000002 0.000001 -21.226255 2.451695 -3.593992 0.000001 -0.000007 -0.000000 -1.362680 2.240796 -0.746322 -21.334887 0.584911 3.008318 -13.821197 -0.000001 0.000002 -23.887133 -0.249078 -0.839484 -60.407322 2.873306 -1.071026 -0.294024 1.679687 0.833255 -14.218194 0.093215 1.300577 -34.212006 -0.287561 0.967167 -20.033176 0.964535 1.212842 0.000000 -0.000000 0.000001 -3.440385 0.788233 0.501653 -15.928169 -3.167305 2.999704 -6.338817 -0.000002 0.000000 -18.123415 3.648176 -4.905663 -0.000003 0.000000 -0.000002 0.921877 8.781747 11.334496 62.639633 7.008430 4.076930 -12.784513 84.977608 -12.815403 9.724265 2.033449 7.655835 2.243540 -5.255033 -3.180155 14.282875 -0.826594 6.952496 -0.000002 -12.690593 0.000002 15.735408 -18.051313 2.436870 1.665665 -1.955921 -2.878296 4.727793 -4.170581 4.993919 11.020511 0.000004 -0.000001 12.109033 -3.735710 -2.866776 0.000000 -0.000003 0.000000 1.291984 -1.928548 -1.498087 14.800114 0.567468 3.865603 14.242554 -1.341735 -6.660648 19.631941 0.143926 -0.648243 49.909134 -0.364919 -6.832064 0.353028 -1.511148 -0.031939 20.222769 3.684305 2.316630 18.787245 0.000003 0.000000 10.751609 -0.479868 1.397904 -0.000001 0.000001 -0.000001 3.273805 0.305947 -0.580110 21.486792 11.830364 2.266129 8.162917 0.000002 -0.000000 18.399055 -3.798979 -4.940570 0.000003 0.000001 -0.000003 0.836634 12.137600 -24.920593 -0.026954 -0.020912 28.661392 -2.112441 5.040495 -4.855168 1.636557 -2.089645 1.224688 0.000000 0.000001 0.000002 -10.528896 -8.239146 -27.055960 0.517904 0.486675 49.076324 10.068435 1.473301 -2.055438 -1.456767 0.783807 -4.617117 0.000000 -0.000001 -0.000000 
-22.955219 97.876923 58.395260 -0.325921 -33.718765 2.576757 -2.168107 -0.161420 3.865442 -0.876919 1.498291 -2.996568 -1.803828 -0.415478 8.267119 -0.087016 2.812272 5.421393 0.879605 4.682999 -3.663239 1.181234 4.295090 -16.523331 0.000077 -0.000023 0.000006 0.025736 0.176189 0.051631 0.709613 -3.562159 -10.560655 -0.659406 3.891698 -10.537148 -3.909268 -0.998166 13.007159 -66.285484 0.200345 2.306833 0.743713 -50.729214 -1.132194 5.633171 -0.822997 -10.217690 -5.882102 9.861279 0.702590 -10.936859 -0.360575 7.156199 0.000000 8.774813 -0.000002 -15.924283 18.496243 6.329272 -1.844030 2.498501 -2.507275 -10.163589 4.678940 4.621105 -20.975998 -0.000003 0.000002 -21.226255 2.451693 -3.593994 0.000000 -0.000007 -0.000002 -1.362681 2.240795 -0.746324 -21.334890 0.584911 3.008322 -13.821197 -0.000003 -0.000001 -23.887133 -0.249079 -0.839483 -60.255905 3.041449 -1.104427 -0.294024 1.679686 0.833255 -14.218194 0.093215 1.300577 -34.212006 -0.287564 0.967167 -20.033180 0.964534 1.212840 0.000000 0.000000 0.000000 -3.440385 0.788232 0.501654 -15.928167 -3.167307 2.999703 -6.338817 -0.000003 -0.000001 -18.123413 3.648175 -4.905662 -0.000004 0.000001 -0.000000 1.909178 8.482255 11.393078 62.192852 8.900971 5.128687 -5.514211 81.963341 -5.626184 9.057758 1.819817 7.088244 2.243539 -5.255032 -3.180155 14.282878 -0.826594 6.952495 -0.000002 -12.690590 0.000001 15.674698 -18.025841 2.507650 1.665665 -1.955918 -2.878298 4.727793 -4.170583 4.993917 11.020510 0.000005 -0.000003 12.109032 -3.735711 -2.866782 0.000000 -0.000003 0.000000 1.291985 -1.928548 -1.498089 14.800113 0.567471 3.865603 14.242551 -1.341732 -6.660648 19.631937 0.143929 -0.648244 49.950062 -0.509201 -6.686100 0.353029 -1.511150 -0.031939 20.222767 3.684308 2.316625 18.787245 0.000007 -0.000001 10.751612 -0.479868 1.397904 -0.000001 0.000000 -0.000000 3.273804 0.305947 -0.580110 21.486790 11.830362 2.266129 8.162918 0.000003 0.000000 18.399052 -3.798977 -4.940569 0.000002 0.000000 -0.000003 0.915846 11.970005 -23.392668 -0.022358 0.050833 28.958912 -2.061923 4.572062 -6.242527 1.638637 -1.975013 1.393475 0.000000 0.000002 0.000002 -10.044469 -7.340087 -26.766945 0.507623 0.607280 38.164642 12.826169 2.512137 -0.679020 -1.493857 0.820308 -4.285778 0.000000 0.000000 -0.000001 
-24.297897 97.952301 60.369389 0.099024 -31.299580 2.255524 -2.449934 -0.173689 3.451370 -0.833680 0.887158 -3.143477 -1.873941 -0.902475 8.480292 0.688671 2.463668 5.838256 0.589162 4.012902 -3.686794 1.547212 3.196639 -16.485807 0.000077 -0.000022 0.000006 0.038075 0.225071 0.064035 0.698413 -3.509557 -10.525672 -0.627236 3.953636 -10.512378 -3.662694 -2.393245 12.379848 -63.039494 -4.201509 1.255275 0.937246 -53.895351 -1.427326 6.100574 -0.857523 -8.671292 -5.882102 9.861278 0.702588 -10.936860 -0.360576 7.156196 -0.000000 8.774813 -0.000003 -15.848062 18.455431 6.417556 -1.844031 2.498503 -2.507274 -10.163590 4.678938 4.621105 -20.975996 -0.000004 0.000003 -21.226255 2.451690 -3.593993 0.000001 -0.000006 -0.000003 -1.362682 2.240796 -0.746322 -21.334890 0.584908 3.008320 -13.821197 -0.000003 -0.000000 -23.887133 -0.249081 -0.839481 -60.158138 3.076366 -1.149435 -0.294023 1.679685 0.833255 -14.218194 0.093213 1.300578 -34.211998 -0.287566 0.967171 -20.033176 0.964535 1.212840 -0.000000 0.000000 -0.000001 -3.440386 0.788233 0.501654 -15.928169 -3.167305 2.999704 -6.338814 -0.000002 0.000002 -18.123415 3.648174 -4.905661 -0.000004 0.000001 -0.000003 2.928278 7.862263 11.560102 62.435017 10.033635 6.432103 -2.603154 79.852737 -2.738950 8.240895 1.853708 6.241021 2.243540 -5.255033 -3.180155 14.282875 -0.826594 6.952495 -0.000001 -12.690586 0.000001 15.567363 -17.910070 2.621092 1.665665 -1.955920 -2.878296 4.727793 -4.170585 4.993918 11.020510 0.000004 -0.000003 12.109029 -3.735710 -2.866780 0.000000 -0.000001 -0.000001 1.291984 -1.928549 -1.498088 14.800113 0.567469 3.865602 14.242553 -1.341735 -6.660651 19.631939 0.143928 -0.648245 49.739758 -0.686125 -6.563874 0.353029 -1.511150 -0.031940 20.222767 3.684307 2.316627 18.787243 0.000004 -0.000002 10.751611 -0.479867 1.397903 -0.000001 0.000001 0.000001 3.273804 0.305947 -0.580110 21.486788 11.830360 2.266130 8.162915 0.000002 -0.000000 18.399050 -3.798978 -4.940567 0.000002 0.000000 -0.000003 0.733422 11.275916 -22.017910 -0.018610 0.067329 29.082565 -2.097731 3.538205 -7.434147 1.633545 -1.891578 1.639716 0.000000 0.000000 0.000002 -10.831182 -4.840325 -24.991385 0.453851 0.858135 29.111567 14.100914 2.527250 1.208398 -1.483939 0.827887 -3.813946 -0.000000 -0.000000 -0.000001 
-25.999352 97.862617 62.332756 0.700875 -28.463142 1.684001 -2.558347 -0.174202 2.947750 -0.880386 0.315344 -3.343729 -2.189341 -1.315148 8.675557 1.498483 2.025447 6.575978 0.170163 3.091601 -3.646293 1.983171 1.998888 -16.402802 0.000077 -0.000023 0.000006 0.047599 0.217116 0.129375 0.684868 -3.513692 -10.418324 -0.593541 3.947544 -10.421749 -3.958388 -3.873339 11.563027 -59.236656 -8.916794 -1.130323 0.159590 -56.211758 -0.847436 6.592116 -0.401116 -7.870335 -5.882100 9.861279 0.702592 -10.936858 -0.360575 7.156198 0.000001 8.774814 0.000000 -15.965047 18.241589 6.330519 -1.844031 2.498502 -2.507276 -10.163588 4.678941 4.621105 -20.975996 -0.000002 0.000004 -21.226250 2.451696 -3.593992 0.000003 -0.000006 -0.000001 -1.362682 2.240797 -0.746321 -21.334892 0.584907 3.008322 -13.821192 -0.000003 0.000000 -23.887129 -0.249078 -0.839482 -60.209782 2.947408 -1.250306 -0.294023 1.679684 0.833255 -14.218192 0.093215 1.300580 -34.211998 -0.287562 0.967171 -20.033178 0.964536 1.212842 -0.000000 0.000001 -0.000001 -3.440387 0.788235 0.501656 -15.928167 -3.167306 2.999704 -6.338816 -0.000000 0.000000 -18.123413 3.648177 -4.905661 -0.000003 0.000000 -0.000003 3.889583 7.208482 11.688846 63.176502 10.488208 8.434672 -2.355159 78.188301 -2.449693 7.505527 1.975583 4.841660 2.243540 -5.255035 -3.180154 14.282877 -0.826591 6.952496 -0.000002 -12.690585 -0.000002 15.490189 -17.705156 2.622741 1.665665 -1.955921 -2.878296 4.727793 -4.170584 4.993917 11.020511 0.000004 -0.000001 12.109033 -3.735712 -2.866779 0.000000 -0.000001 -0.000001 1.291985 -1.928548 -1.498088 14.800114 0.567466 3.865601 14.242554 -1.341738 -6.660649 19.631939 0.143924 -0.648243 49.510471 -0.659232 -6.440040 0.353029 -1.511148 -0.031940 20.222767 3.684306 2.316629 18.787245 0.000005 -0.000001 10.751610 -0.479867 1.397903 -0.000003 0.000001 -0.000000 3.273804 0.305948 -0.580110 21.486792 11.830362 2.266132 8.162917 0.000002 -0.000001 18.399054 -3.798981 -4.940569 0.000001 0.000000 -0.000003 0.707129 10.252199 -20.353643 -0.032841 0.009732 29.162352 -2.611733 2.014987 -8.851164 1.634384 -1.869251 1.775995 0.000000 0.000000 0.000002 -11.837859 -2.400597 -23.185392 0.310884 0.923327 26.507692 12.687232 2.151782 1.488438 -1.446312 0.815066 -2.969248 -0.000000 -0.000001 -0.000001 
-27.776548 97.782509 64.215973 1.253313 -25.815941 1.031236 -2.452892 -0.072955 2.496695 -0.959312 -0.203441 -3.726414 -2.700486 -1.491682 8.943024 2.099917 1.651620 7.271942 -0.210178 1.948438 -3.646199 2.507401 0.699248 -16.133278 0.000077 -0.000022 0.000006 0.039453 0.167718 0.115184 0.662579 -3.555209 -10.385163 -0.593037 3.878340 -10.400287 -4.447679 -5.092647 11.190774 -55.161469 -14.324456 -3.931856 -1.124121 -57.490559 0.399659 6.735345 0.142070 -7.742666 -5.882102 9.861281 0.702590 -10.936858 -0.360575 7.156198 0.000002 8.774814 -0.000001 -15.894513 18.330917 6.341617 -1.844030 2.498502 -2.507276 -10.163590 4.678941 4.621105 -20.975996 -0.000004 0.000005 -21.226254 2.451694 -3.593991 -0.000001 -0.000008 0.000000 -1.362680 2.240799 -0.746322 -21.334890 0.584907 3.008320 -13.821197 -0.000003 0.000000 -23.887125 -0.249082 -0.839480 -60.194344 3.033704 -1.438075 -0.294024 1.679684 0.833256 -14.218190 0.093212 1.300581 -34.212002 -0.287564 0.967173 -20.033178 0.964537 1.212842 -0.000000 -0.000002 0.000002 -3.440385 0.788233 0.501655 -15.928167 -3.167307 2.999704 -6.338815 -0.000003 0.000002 -18.123415 3.648175 -4.905661 -0.000002 -0.000001 -0.000002 4.605356 6.253771 11.678123 64.089211 10.844404 10.826681 0.110336 76.684608 0.103116 6.558039 2.260776 3.008063 2.243540 -5.255031 -3.180156 14.282878 -0.826595 6.952496 -0.000003 -12.690593 0.000001 15.627371 -17.751616 2.557395 1.665665 -1.955920 -2.878297 4.727794 -4.170580 4.993917 11.020513 0.000004 -0.000001 12.109033 -3.735709 -2.866778 0.000001 -0.000002 -0.000001 1.291985 -1.928547 -1.498088 14.800114 0.567468 3.865603 14.242553 -1.341733 -6.660648 19.631941 0.143924 -0.648243 49.564026 -0.577679 -6.532330 0.353029 -1.511149 -0.031940 20.222767 3.684307 2.316627 18.787247 0.000005 0.000000 10.751612 -0.479868 1.397904 -0.000001 0.000000 -0.000001 3.273805 0.305947 -0.580110 21.486790 11.830362 2.266131 8.162920 0.000001 0.000000 18.399052 -3.798979 -4.940566 0.000001 0.000000 -0.000001 0.920997 9.505430 -18.596085 -0.059818 0.040998 29.324001 -3.520976 0.122900 -9.947737 1.647299 -1.934557 1.691957 -0.000000 0.000000 0.000002 -12.266966 -1.821765 -21.099207 0.267640 0.978478 28.444252 10.978273 1.265465 -1.787890 -1.454025 0.859757 -2.164192 -0.000000 -0.000000 -0.000001 
-29.566965 97.627815 66.078140 1.712736 -23.562515 0.361174 -2.387364 -0.143875 1.974618 -1.022178 -0.242186 -3.899025 -3.128756 -1.861030 9.022007 2.396980 1.486661 7.920237 -0.429116 1.083318 -3.624892 2.726126 -0.270259 -16.112873 0.000077 -0.000022 0.000006 0.038740 0.154975 0.132384 0.662551 -3.569241 -10.362699 -0.590269 3.864264 -10.390179 -4.569643 -6.098199 10.815508 -51.774380 -19.372801 -5.820741 -1.948381 -57.693722 1.342388 6.474782 1.140425 -7.323169 -5.882099 9.861279 0.702591 -10.936858 -0.360575 7.156196 -0.000000 8.774815 -0.000000 -15.862536 18.228951 6.344487 -1.844031 2.498503 -2.507275 -10.163588 4.678942 4.621105 -20.975996 -0.000003 0.000003 -21.226254 2.451694 -3.593992 -0.000001 -0.000006 0.000000 -1.362680 2.240797 -0.746321 -21.334890 0.584910 3.008320 -13.821197 -0.000004 0.000003 -23.887129 -0.249076 -0.839481 -60.303291 2.992883 -1.497387 -0.294025 1.679686 0.833256 -14.218194 0.093214 1.300580 -34.212006 -0.287558 0.967171 -20.033180 0.964536 1.212842 -0.000000 -0.000000 0.000000 -3.440385 0.788233 0.501655 -15.928165 -3.167306 2.999704 -6.338814 -0.000001 0.000000 -18.123411 3.648178 -4.905661 -0.000004 -0.000001 -0.000002 4.670825 5.809326 11.613627 65.400864 11.127717 13.776681 1.281517 75.258614 1.260573 6.007695 1.836109 1.623915 2.243539 -5.255032 -3.180156 14.282875 -0.826595 6.952496 -0.000003 -12.690591 -0.000002 15.672750 -17.724173 2.489201 1.665664 -1.955918 -2.878297 4.727793 -4.170584 4.993920 11.020511 0.000004 -0.000002 12.109032 -3.735708 -2.866779 -0.000001 -0.000002 0.000000 1.291984 -1.928549 -1.498087 14.800114 0.567468 3.865605 14.242553 -1.341732 -6.660648 19.631939 0.143925 -0.648241 49.581089 -0.559942 -6.573321 0.353029 -1.511149 -0.031939 20.222771 3.684306 2.316631 18.787247 0.000006 0.000000 10.751612 -0.479869 1.397906 -0.000000 -0.000000 0.000001 3.273803 0.305948 -0.580110 21.486794 11.830362 2.266132 8.162916 0.000001 0.000001 18.399054 -3.798979 -4.940565 0.000005 0.000000 0.000000 1.295983 8.870631 -16.679564 -0.093146 -0.081281 29.361258 -4.555128 -1.434540 -11.122794 1.638947 -1.922755 1.597615 -0.000000 -0.000001 0.000002 -12.386477 -2.565339 -18.710030 0.233137 0.802989 29.635920 10.185410 0.647931 -5.350556 -1.438333 0.939235 -1.324028 0.000000 -0.000001 -0.000001 
-31.215923 97.608109 67.663773 1.670306 -22.097065 0.101202 -2.114191 -0.174142 1.425186 -1.017708 -0.182938 -4.117784 -3.256907 -2.109006 9.057568 2.317146 1.506723 8.263130 -0.557112 0.546183 -3.654078 2.916099 -0.956682 -15.750978 0.000077 -0.000022 0.000006 0.036240 0.180006 0.108291 0.661727 -3.551007 -10.398710 -0.597964 3.901908 -10.431334 -4.413090 -6.692974 10.384461 -48.856979 -23.824852 -6.167017 -2.077842 -56.990273 1.626360 5.362259 1.911535 -6.275941 -5.882100 9.861279 0.702591 -10.936858 -0.360575 7.156198 -0.000000 8.774812 -0.000002 -15.560319 18.091614 6.493266 -1.844030 2.498504 -2.507275 -10.163588 4.678939 4.621104 -20.975992 -0.000003 0.000004 -21.226254 2.451694 -3.593994 -0.000000 -0.000006 -0.000002 -1.362680 2.240795 -0.746324 -21.334890 0.584909 3.008319 -13.821197 -0.000002 0.000003 -23.887131 -0.249079 -0.839479 -60.161217 3.019595 -1.469416 -0.294025 1.679686 0.833255 -14.218192 0.093215 1.300580 -34.211998 -0.287563 0.967169 -20.033176 0.964536 1.212842 -0.000000 -0.000002 0.000000 -3.440384 0.788233 0.501656 -15.928165 -3.167306 2.999705 -6.338817 -0.000000 0.000001 -18.123413 3.648175 -4.905661 -0.000004 0.000001 -0.000002 4.588223 5.750381 11.560488 66.263397 11.949029 17.249548 1.988575 73.190224 2.061997 5.611978 1.456848 0.917235 2.243540 -5.255032 -3.180156 14.282877 -0.826592 6.952496 -0.000003 -12.690591 0.000001 15.775190 -17.675573 2.442249 1.665665 -1.955919 -2.878297 4.727793 -4.170584 4.993920 11.020510 0.000000 -0.000001 12.109034 -3.735709 -2.866777 0.000001 -0.000003 0.000001 1.291984 -1.928547 -1.498089 14.800113 0.567469 3.865603 14.242553 -1.341732 -6.660648 19.631939 0.143924 -0.648243 49.584946 -0.709567 -6.550739 0.353028 -1.511149 -0.031940 20.222767 3.684307 2.316629 18.787245 0.000005 0.000002 10.751610 -0.479869 1.397905 0.000000 0.000000 0.000000 3.273804 0.305947 -0.580110 21.486794 11.830363 2.266132 8.162917 0.000001 0.000001 18.399054 -3.798979 -4.940567 0.000005 0.000000 0.000000 2.179526 8.566245 -14.935925 -0.108337 -0.176018 29.005173 -5.608944 -2.466481 -11.864863 1.633661 -1.920834 1.432740 0.000000 0.000000 0.000002 -11.878103 -3.317635 -16.493639 0.221100 0.718325 29.718145 9.867439 0.521468 -7.673044 -1.434393 0.972240 -0.860126 0.000000 -0.000001 -0.000001 
-32.762459 97.688736 68.993217 1.334594 -21.298098 0.018114 -1.799433 -0.147353 0.970731 -0.985967 -0.174788 -4.319266 -3.039706 -2.255387 9.011721 1.977784 1.645266 8.368134 -0.569621 0.338437 -3.679764 2.900150 -1.267053 -15.245062 0.000077 -0.000022 0.000006 0.033743 0.174467 0.085661 0.661280 -3.561332 -10.436722 -0.603199 3.905673 -10.476561 -3.872566 -7.045079 9.856753 -46.348392 -27.596403 -5.403651 -2.092826 -55.569881 1.668334 3.500159 2.421878 -4.847967 -5.882101 9.861279 0.702590 -10.936859 -0.360578 7.156197 -0.000000 8.774811 -0.000001 -15.333219 17.981842 6.609124 -1.844032 2.498501 -2.507277 -10.163589 4.678940 4.621105 -20.975996 -0.000005 0.000003 -21.226255 2.451691 -3.593993 0.000000 -0.000005 -0.000000 -1.362681 2.240797 -0.746323 -21.334887 0.584907 3.008321 -13.821198 -0.000006 0.000002 -23.887131 -0.249082 -0.839480 -60.096817 3.072059 -1.378138 -0.294026 1.679685 0.833255 -14.218192 0.093213 1.300577 -34.211998 -0.287567 0.967170 -20.033178 0.964533 1.212843 -0.000000 -0.000002 0.000000 -3.440387 0.788232 0.501655 -15.928167 -3.167307 2.999703 -6.338818 -0.000001 0.000000 -18.123411 3.648175 -4.905662 -0.000005 0.000001 -0.000002 4.455060 6.146264 11.450833 66.803848 13.215970 21.120529 2.130711 70.699112 2.290308 5.745757 0.714014 0.895951 2.243539 -5.255032 -3.180156 14.282878 -0.826594 6.952495 -0.000003 -12.690590 0.000000 15.890612 -17.650476 2.448084 1.665664 -1.955920 -2.878296 4.727795 -4.170583 4.993918 11.020512 0.000002 -0.000002 12.109033 -3.735708 -2.866780 -0.000002 -0.000001 -0.000001 1.291984 -1.928547 -1.498088 14.800113 0.567468 3.865602 14.242554 -1.341737 -6.660648 19.631939 0.143924 -0.648244 49.693600 -0.828525 -6.418688 0.353028 -1.511150 -0.031940 20.222773 3.684309 2.316629 18.787247 0.000005 -0.000000 10.751612 -0.479868 1.397904 0.000001 0.000003 0.000000 3.273805 0.305947 -0.580110 21.486792 11.830366 2.266131 8.162917 0.000002 0.000001 18.399052 -3.798980 -4.940568 0.000004 -0.000001 -0.000001 3.381752 8.466457 -13.249521 -0.120417 -0.254872 28.358547 -6.739679 -3.054107 -12.199643 1.631584 -1.887317 1.195004 0.000000 0.000001 0.000002 -10.984065 -3.790735 -14.428642 0.190145 0.663354 29.060585 9.652560 0.554302 -9.150341 -1.435628 0.981007 -0.625155 0.000000 0.000000 -0.000001 
-34.052174 97.768143 70.049805 0.951562 -20.875435 0.062809 -1.522962 -0.152311 0.662369 -0.952757 -0.191361 -4.495191 -2.700300 -2.321672 8.907659 1.630226 1.807618 8.207904 -0.537315 0.266596 -3.704081 2.816494 -1.456246 -14.747793 0.000077 -0.000022 0.000006 0.031915 0.168081 0.063861 0.660720 -3.574342 -10.470443 -0.608351 3.902110 -10.525861 -3.146821 -7.315810 9.468758 -44.098972 -30.666185 -3.798306 -1.893254 -53.593037 1.539677 1.412194 2.428873 -3.866535 -5.882099 9.861276 0.702590 -10.936858 -0.360575 7.156196 0.000003 8.774813 -0.000000 -15.258623 17.973688 6.651580 -1.844030 2.498502 -2.507275 -10.163590 4.678939 4.621107 -20.975992 -0.000006 0.000003 -21.226250 2.451692 -3.593992 0.000000 -0.000005 -0.000000 -1.362681 2.240795 -0.746322 -21.334887 0.584909 3.008320 -13.821198 -0.000002 0.000004 -23.887129 -0.249080 -0.839480 -60.024151 3.060877 -1.240606 -0.294025 1.679686 0.833255 -14.218194 0.093213 1.300580 -34.212006 -0.287566 0.967173 -20.033176 0.964535 1.212844 0.000000 0.000000 0.000001 -3.440384 0.788233 0.501655 -15.928169 -3.167306 2.999705 -6.338819 -0.000002 0.000001 -18.123411 3.648175 -4.905659 -0.000003 0.000002 -0.000002 4.451509 6.681433 11.392539 67.074905 14.700234 24.788933 1.718636 68.404785 2.049703 6.150393 -0.048294 0.913485 2.243541 -5.255033 -3.180156 14.282877 -0.826595 6.952495 -0.000005 -12.690593 0.000001 15.970537 -17.675774 2.517536 1.665666 -1.955922 -2.878297 4.727793 -4.170584 4.993919 11.020512 0.000002 -0.000001 12.109034 -3.735708 -2.866777 0.000000 -0.000001 -0.000001 1.291984 -1.928548 -1.498088 14.800113 0.567469 3.865602 14.242553 -1.341734 -6.660650 19.631939 0.143927 -0.648243 49.835667 -0.906440 -6.296515 0.353030 -1.511150 -0.031939 20.222767 3.684308 2.316627 18.787245 0.000006 0.000000 10.751609 -0.479869 1.397905 0.000000 0.000002 0.000001 3.273804 0.305947 -0.580111 21.486792 11.830363 2.266129 8.162917 0.000003 -0.000001 18.399054 -3.798978 -4.940567 0.000003 0.000001 -0.000001 4.498629 8.358550 -11.869905 -0.119143 -0.309334 27.669796 -7.749498 -3.332772 -12.393543 1.629608 -1.859729 0.975989 0.000000 0.000001 0.000002 -10.096928 -4.087755 -12.769725 0.165015 0.616307 28.203518 9.415709 0.621320 -10.157208 -1.438110 0.979207 -0.502571 0.000000 0.000000 -0.000001 
-35.194618 97.838890 70.908615 0.637566 -20.644060 0.249926 -1.266791 -0.115629 0.442042 -0.920883 -0.292243 -4.665027 -2.393228 -2.340920 8.836137 1.370028 1.909930 7.827101 -0.528672 0.284349 -3.725975 2.730383 -1.497175 -14.396450 0.000077 -0.000022 0.000006 0.028264 0.143314 0.054201 0.658888 -3.615373 -10.497859 -0.612068 3.888907 -10.540801 -2.578113 -7.637206 9.214296 -42.059540 -32.999680 -1.941308 -1.438999 -51.241833 1.144095 -0.203787 2.040969 -3.658558 -5.882100 9.861279 0.702588 -10.936856 -0.360574 7.156197 0.000002 8.774813 0.000000 -15.263276 17.994192 6.628664 -1.844032 2.498503 -2.507277 -10.163589 4.678940 4.621104 -20.975992 -0.000003 0.000001 -21.226254 2.451693 -3.593995 0.000000 -0.000005 -0.000001 -1.362680 2.240795 -0.746324 -21.334892 0.584909 3.008318 -13.821197 -0.000001 0.000001 -23.887131 -0.249079 -0.839484 -59.920258 3.006325 -1.112279 -0.294025 1.679687 0.833257 -14.218194 0.093215 1.300579 -34.211998 -0.287563 0.967165 -20.033175 0.964536 1.212840 -0.000000 0.000000 -0.000001 -3.440387 0.788233 0.501655 -15.928167 -3.167305 2.999701 -6.338815 0.000001 0.000002 -18.123411 3.648175 -4.905663 -0.000004 0.000002 -0.000001 4.632694 7.076451 11.311202 67.137993 16.130257 27.566254 1.504802 66.622261 1.904882 6.198688 -0.562560 0.314704 2.243540 -5.255032 -3.180155 14.282875 -0.826594 6.952494 -0.000002 -12.690590 0.000000 16.020971 -17.686995 2.542176 1.665665 -1.955921 -2.878296 4.727794 -4.170583 4.993918 11.020511 0.000002 -0.000002 12.109033 -3.735710 -2.866778 0.000001 0.000000 0.000000 1.291985 -1.928548 -1.498088 14.800111 0.567469 3.865602 14.242553 -1.341733 -6.660648 19.631937 0.143927 -0.648244 49.959801 -0.915104 -6.209031 0.353029 -1.511150 -0.031939 20.222771 3.684306 2.316629 18.787243 0.000005 -0.000001 10.751611 -0.479867 1.397904 0.000001 0.000002 0.000002 3.273803 0.305947 -0.580110 21.486794 11.830361 2.266130 8.162918 0.000002 0.000000 18.399054 -3.798979 -4.940566 0.000003 0.000001 -0.000002 5.462517 8.204843 -10.816159 -0.125304 -0.309052 26.978010 -8.622911 -3.370782 -12.463019 1.628630 -1.828281 0.816020 -0.000000 0.000000 0.000002 -9.291738 -4.280119 -11.579288 0.134688 0.581043 27.452044 9.181006 0.683361 -10.911387 -1.437963 0.976909 -0.307742 -0.000000 -0.000000 -0.000001 
-36.215611 97.870262 71.474182 0.416596 -20.525101 0.548485 -1.005517 -0.080024 0.257281 -0.891961 -0.415203 -4.798928 -2.150622 -2.393534 8.813254 1.110303 2.042266 7.319894 -0.532136 0.384434 -3.708511 2.651080 -1.449082 -14.234189 0.000077 -0.000023 0.000006 0.026836 0.136876 0.057814 0.657473 -3.614027 -10.491700 -0.613800 3.899875 -10.540606 -2.278932 -7.954118 9.086305 -40.248032 -34.693039 -0.158406 -1.063000 -48.602955 0.822853 -1.145615 1.459627 -3.823983 -5.882101 9.861278 0.702591 -10.936864 -0.360575 7.156199 0.000002 8.774814 -0.000000 -15.348708 18.008524 6.616801 -1.844030 2.498502 -2.507275 -10.163590 4.678940 4.621106 -20.975998 -0.000004 0.000004 -21.226255 2.451694 -3.593991 0.000000 -0.000004 -0.000000 -1.362682 2.240796 -0.746322 -21.334890 0.584908 3.008321 -13.821197 -0.000001 0.000003 -23.887133 -0.249077 -0.839480 -59.855740 2.957465 -1.028184 -0.294023 1.679686 0.833255 -14.218195 0.093213 1.300579 -34.212002 -0.287564 0.967174 -20.033178 0.964536 1.212843 0.000000 0.000001 0.000000 -3.440385 0.788233 0.501656 -15.928173 -3.167307 2.999705 -6.338819 0.000002 0.000002 -18.123411 3.648175 -4.905659 -0.000003 0.000001 -0.000001 4.840454 7.422522 11.190696 67.131454 17.385305 29.392031 1.353615 65.260666 1.790688 5.937559 -0.915878 -0.578737 2.243541 -5.255032 -3.180155 14.282875 -0.826591 6.952497 -0.000003 -12.690591 -0.000000 16.087019 -17.663065 2.537873 1.665665 -1.955920 -2.878296 4.727793 -4.170582 4.993919 11.020511 0.000004 -0.000000 12.109030 -3.735708 -2.866778 0.000002 0.000000 -0.000002 1.291984 -1.928549 -1.498087 14.800113 0.567469 3.865602 14.242553 -1.341734 -6.660650 19.631937 0.143927 -0.648242 50.040070 -0.958307 -6.221569 0.353030 -1.511150 -0.031939 20.222771 3.684309 2.316629 18.787245 0.000004 0.000002 10.751612 -0.479867 1.397904 0.000000 0.000001 0.000001 3.273804 0.305947 -0.580111 21.486790 11.830365 2.266133 8.162919 0.000002 0.000001 18.399052 -3.798980 -4.940566 0.000004 0.000001 -0.000002 6.269091 8.086172 -10.177300 -0.128653 -0.298902 26.387476 -9.422197 -3.278805 -12.480046 1.626856 -1.815028 0.719117 0.000000 -0.000000 0.000002 -8.569657 -4.423214 -10.937366 0.121704 0.541862 26.973969 8.909894 0.779460 -11.601384 -1.435024 0.969241 -0.040117 0.000000 -0.000001 -0.000001 
-37.110909 97.902649 71.824303 0.277163 -20.548885 0.941267 -0.744728 -0.068614 0.082944 -0.855894 -0.520355 -4.910632 -1.962227 -2.464505 8.812053 0.799686 2.187454 6.779101 -0.521821 0.603437 -3.673261 2.540371 -1.290851 -14.220318 0.000077 -0.000022 0.000006 0.025913 0.155166 0.060429 0.656718 -3.593592 -10.473762 -0.615519 3.901298 -10.523207 -2.292076 -8.174771 9.079179 -38.717316 -35.757999 1.511751 -0.925280 -45.818996 0.671846 -1.698797 0.902623 -3.954650 -5.882103 9.861278 0.702590 -10.936861 -0.360574 7.156197 -0.000000 8.774813 -0.000002 -15.447561 17.979239 6.576790 -1.844033 2.498503 -2.507276 -10.163589 4.678940 4.621105 -20.975996 0.000001 0.000003 -21.226254 2.451696 -3.593994 0.000000 -0.000005 -0.000000 -1.362682 2.240796 -0.746322 -21.334892 0.584910 3.008321 -13.821197 -0.000000 0.000002 -23.887131 -0.249076 -0.839484 -59.890812 2.942208 -0.990499 -0.294024 1.679687 0.833257 -14.218192 0.093217 1.300580 -34.212006 -0.287561 0.967169 -20.033178 0.964537 1.212840 -0.000000 0.000002 -0.000000 -3.440385 0.788232 0.501656 -15.928169 -3.167303 2.999705 -6.338815 0.000000 0.000001 -18.123417 3.648180 -4.905662 -0.000003 0.000001 -0.000002 5.009610 7.730116 11.155325 67.000229 18.522049 30.459148 1.255950 63.915569 1.688731 5.558791 -1.118798 -1.253213 2.243540 -5.255031 -3.180156 14.282877 -0.826592 6.952495 -0.000003 -12.690591 0.000001 16.145914 -17.713655 2.525246 1.665665 -1.955918 -2.878296 4.727794 -4.170583 4.993918 11.020509 0.000004 -0.000002 12.109030 -3.735711 -2.866778 0.000001 0.000001 -0.000001 1.291985 -1.928549 -1.498088 14.800114 0.567468 3.865602 14.242553 -1.341734 -6.660650 19.631937 0.143926 -0.648243 50.123005 -0.988651 -6.317047 0.353028 -1.511149 -0.031940 20.222767 3.684306 2.316628 18.787245 0.000004 -0.000001 10.751610 -0.479867 1.397902 -0.000000 0.000001 -0.000000 3.273804 0.305945 -0.580111 21.486790 11.830364 2.266129 8.162918 0.000003 -0.000000 18.399054 -3.798979 -4.940568 0.000004 0.000001 -0.000002 6.925181 8.128505 -9.770152 -0.150197 -0.312818 25.702126 -10.147291 -3.073687 -12.410606 1.627364 -1.833198 0.678508 0.000000 0.000000 0.000002 -7.950805 -4.491554 -10.690372 0.119218 0.465546 26.597397 8.625142 0.914365 -12.152593 -1.430597 0.973511 0.233037 -0.000000 -0.000001 -0.000001 
-37.853710 97.988632 71.949944 0.147533 -20.640032 1.433365 -0.456356 -0.075059 -0.127076 -0.800981 -0.606637 -4.992163 -1.784905 -2.566221 8.800186 0.431593 2.332138 6.240315 -0.516031 0.860821 -3.661024 2.409144 -1.031344 -14.233516 0.000077 -0.000020 0.000006 0.027021 0.187477 0.059820 0.662522 -3.548537 -10.451210 -0.616658 3.930792 -10.492429 -2.616971 -8.312591 9.177709 -37.504959 -36.329548 3.565334 -0.796313 -42.750820 0.546066 -2.244001 0.469583 -3.688930 -5.882102 9.861278 0.702591 -10.936859 -0.360574 7.156198 0.000003 8.774813 -0.000001 -15.533499 17.933258 6.531548 -1.844031 2.498503 -2.507276 -10.163590 4.678939 4.621102 -20.975994 -0.000003 0.000003 -21.226255 2.451693 -3.593995 0.000000 -0.000007 -0.000000 -1.362680 2.240797 -0.746321 -21.334892 0.584909 3.008321 -13.821197 -0.000002 0.000003 -23.887131 -0.249079 -0.839481 -59.923405 2.964443 -0.985974 -0.294023 1.679687 0.833256 -14.218194 0.093215 1.300579 -34.212006 -0.287561 0.967169 -20.033180 0.964535 1.212842 0.000000 0.000001 0.000000 -3.440387 0.788232 0.501655 -15.928171 -3.167304 2.999703 -6.338817 -0.000001 0.000001 -18.123411 3.648176 -4.905661 -0.000004 0.000002 -0.000002 5.128972 8.016219 11.130285 66.732605 19.478453 31.248957 1.024099 62.170509 1.442960 5.176157 -1.208565 -1.424742 2.243540 -5.255033 -3.180157 14.282878 -0.826595 6.952498 -0.000002 -12.690591 0.000001 16.163687 -17.793200 2.511317 1.665666 -1.955921 -2.878296 4.727794 -4.170582 4.993921 11.020512 0.000004 -0.000001 12.109031 -3.735709 -2.866781 0.000002 0.000000 -0.000002 1.291984 -1.928547 -1.498088 14.800114 0.567466 3.865604 14.242553 -1.341737 -6.660647 19.631939 0.143926 -0.648244 50.202534 -1.034410 -6.465147 0.353029 -1.511147 -0.031941 20.222765 3.684307 2.316627 18.787245 0.000003 -0.000000 10.751609 -0.479869 1.397903 0.000000 0.000001 0.000001 3.273804 0.305947 -0.580110 21.486795 11.830360 2.266132 8.162918 0.000001 0.000000 18.399054 -3.798979 -4.940568 0.000004 0.000001 -0.000002 7.477880 8.322572 -9.538390 -0.151936 -0.328275 24.794380 -10.782672 -2.867293 -12.122044 1.625790 -1.838782 0.661463 0.000000 0.000000 0.000002 -7.361164 -4.553178 -10.693958 0.134996 0.427590 26.087105 8.338212 1.040658 -12.396141 -1.428730 0.977052 0.464784 0.000000 0.000000 -0.000001 
-38.443066 98.128082 71.872154 -0.022825 -20.774076 2.005067 -0.146673 -0.058810 -0.361348 -0.728774 -0.682080 -5.057901 -1.587569 -2.664184 8.742439 0.071624 2.501024 5.727696 -0.506974 1.052169 -3.669899 2.254373 -0.678074 -14.286436 0.000077 -0.000022 0.000006 0.031392 0.225045 0.057886 0.671259 -3.502264 -10.442848 -0.617270 3.960062 -10.488991 -3.172897 -8.442728 9.372363 -36.717304 -36.495468 6.167709 -0.576954 -39.432907 0.408855 -2.944933 0.130313 -2.908589 -5.882101 9.861278 0.702590 -10.936859 -0.360574 7.156196 0.000002 8.774816 -0.000000 -15.559722 17.872240 6.470809 -1.844033 2.498501 -2.507275 -10.163592 4.678940 4.621104 -20.975992 -0.000004 0.000002 -21.226254 2.451693 -3.593992 0.000000 -0.000005 -0.000000 -1.362681 2.240797 -0.746321 -21.334887 0.584907 3.008321 -13.821197 -0.000003 0.000003 -23.887129 -0.249080 -0.839480 -60.004597 2.961176 -1.017364 -0.294026 1.679685 0.833254 -14.218190 0.093212 1.300578 -34.211998 -0.287567 0.967171 -20.033176 0.964533 1.212842 -0.000000 0.000001 -0.000001 -3.440381 0.788232 0.501654 -15.928165 -3.167306 2.999704 -6.338817 -0.000000 0.000002 -18.123411 3.648174 -4.905660 -0.000005 0.000001 -0.000002 5.171540 8.280956 11.061640 66.467010 20.131489 31.835804 0.847346 59.934742 1.242134 4.826104 -1.319363 -1.077782 2.243540 -5.255033 -3.180154 14.282877 -0.826594 6.952494 -0.000002 -12.690592 -0.000002 16.179363 -17.859116 2.489074 1.665662 -1.955920 -2.878296 4.727794 -4.170583 4.993919 11.020510 0.000004 -0.000000 12.109032 -3.735710 -2.866777 0.000001 0.000000 0.000000 1.291984 -1.928547 -1.498088 14.800111 0.567469 3.865602 14.242551 -1.341736 -6.660648 19.631941 0.143925 -0.648242 50.209251 -1.069720 -6.536710 0.353027 -1.511151 -0.031940 20.222771 3.684309 2.316629 18.787247 0.000004 0.000001 10.751609 -0.479868 1.397905 0.000000 0.000002 0.000001 3.273803 0.305946 -0.580110 21.486792 11.830363 2.266134 8.162919 0.000003 0.000002 18.399052 -3.798979 -4.940566 0.000004 -0.000000 -0.000000 7.981859 8.643711 -9.427070 -0.153728 -0.360661 23.658569 -11.365443 -2.628125 -11.655829 1.622498 -1.841244 0.620178 0.000000 0.000000 0.000002 -6.746081 -4.611602 -10.842715 0.138622 0.423262 25.351301 8.020791 1.096893 -12.337760 -1.430130 1.010794 0.642445 -0.000000 -0.000001 -0.000001 
-38.932747 98.318466 71.757156 -0.218413 -20.880733 2.540524 0.157442 -0.042601 -0.553728 -0.643679 -0.755779 -5.110918 -1.402295 -2.738802 8.646862 -0.181063 2.632476 5.224687 -0.501265 1.199048 -3.678187 2.100592 -0.360201 -14.339722 0.000077 -0.000022 0.000006 0.035423 0.255982 0.056056 0.684057 -3.471345 -10.430488 -0.624629 3.978271 -10.473686 -3.860669 -8.562305 9.664331 -36.456760 -36.289249 9.162102 -0.370238 -36.168369 0.323511 -3.543607 -0.171098 -1.830686 -5.882102 9.861278 0.702591 -10.936861 -0.360574 7.156196 0.000003 8.774812 0.000000 -15.590944 17.859039 6.432374 -1.844032 2.498503 -2.507274 -10.163589 4.678941 4.621102 -20.975998 -0.000001 0.000000 -21.226257 2.451693 -3.593996 0.000000 -0.000007 -0.000000 -1.362680 2.240795 -0.746323 -21.334892 0.584911 3.008319 -13.821198 -0.000002 0.000001 -23.887135 -0.249079 -0.839483 -60.114849 2.926687 -1.033107 -0.294026 1.679687 0.833255 -14.218195 0.093215 1.300578 -34.212009 -0.287562 0.967165 -20.033180 0.964535 1.212838 0.000001 -0.000001 -0.000001 -3.440385 0.788232 0.501655 -15.928169 -3.167305 2.999703 -6.338818 -0.000001 0.000001 -18.123415 3.648178 -4.905662 -0.000004 -0.000000 -0.000002 5.186471 8.545760 11.028638 66.212364 20.458721 32.160767 0.725611 57.301540 1.100115 4.537348 -1.499681 -0.483991 2.243540 -5.255033 -3.180157 14.282878 -0.826594 6.952496 -0.000001 -12.690586 0.000000 16.251156 -17.936735 2.480398 1.665665 -1.955919 -2.878296 4.727792 -4.170582 4.993915 11.020514 0.000004 -0.000001 12.109032 -3.735710 -2.866780 0.000000 -0.000000 0.000002 1.291984 -1.928550 -1.498089 14.800111 0.567466 3.865600 14.242553 -1.341734 -6.660649 19.631941 0.143926 -0.648244 50.275925 -1.073830 -6.567464 0.353028 -1.511148 -0.031941 20.222767 3.684305 2.316625 18.787247 0.000004 -0.000001 10.751612 -0.479867 1.397903 0.000001 0.000002 -0.000002 3.273804 0.305946 -0.580112 21.486794 11.830360 2.266130 8.162917 0.000002 -0.000002 18.399054 -3.798979 -4.940569 0.000003 0.000000 -0.000001 8.445901 8.928501 -9.233766 -0.152966 -0.391702 22.345427 -11.899361 -2.400046 -11.006241 1.621874 -1.855794 0.517690 0.000000 0.000000 0.000002 -6.152233 -4.620285 -10.809979 0.146461 0.436366 24.254292 7.703923 1.032114 -12.055084 -1.433850 1.007770 0.755526 0.000000 0.000000 -0.000001 
-39.416199 98.521919 71.746506 -0.423179 -20.938538 3.032444 0.446837 -0.040723 -0.721906 -0.556989 -0.799917 -5.147687 -1.223788 -2.785445 8.522020 -0.296033 2.705818 4.720122 -0.482740 1.285943 -3.687472 1.936644 -0.126563 -14.344052 0.000077 -0.000022 0.000006 0.038576 0.268761 0.051266 0.696458 -3.454976 -10.441623 -0.630582 3.993670 -10.484700 -4.640208 -8.645881 10.001320 -36.675407 -35.736012 12.151846 -0.309699 -33.170258 0.281901 -3.940986 -0.470558 -0.877517 -5.882101 9.861279 0.702590 -10.936859 -0.360576 7.156196 0.000002 8.774813 -0.000002 -15.635633 17.879099 6.404735 -1.844029 2.498503 -2.507275 -10.163590 4.678940 4.621103 -20.975994 -0.000005 0.000002 -21.226255 2.451692 -3.593994 0.000000 -0.000007 -0.000000 -1.362682 2.240797 -0.746322 -21.334890 0.584908 3.008319 -13.821197 -0.000003 0.000002 -23.887135 -0.249079 -0.839482 -60.192200 2.891353 -1.025287 -0.294024 1.679685 0.833255 -14.218194 0.093213 1.300578 -34.212006 -0.287566 0.967170 -20.033180 0.964535 1.212842 -0.000001 -0.000000 -0.000001 -3.440387 0.788233 0.501655 -15.928171 -3.167305 2.999703 -6.338818 -0.000002 0.000001 -18.123417 3.648176 -4.905661 -0.000004 -0.000000 -0.000002 5.293558 8.735720 11.061964 65.845078 20.481991 32.360126 0.542859 54.378624 0.975495 4.328422 -1.805313 -0.133428 2.243541 -5.255030 -3.180155 14.282878 -0.826593 6.952497 -0.000003 -12.690587 -0.000001 16.349607 -18.011673 2.461068 1.665667 -1.955921 -2.878296 4.727796 -4.170584 4.993919 11.020513 0.000003 -0.000001 12.109035 -3.735712 -2.866778 -0.000001 0.000000 0.000001 1.291983 -1.928548 -1.498088 14.800113 0.567466 3.865603 14.242553 -1.341733 -6.660649 19.631939 0.143925 -0.648246 50.354897 -1.057716 -6.568644 0.353028 -1.511147 -0.031941 20.222771 3.684306 2.316627 18.787247 0.000009 -0.000002 10.751612 -0.479865 1.397905 0.000001 0.000002 -0.000002 3.273804 0.305947 -0.580111 21.486794 11.830361 2.266132 8.162917 0.000002 -0.000002 18.399055 -3.798978 -4.940566 0.000003 0.000000 0.000000 8.897798 9.107528 -8.821484 -0.146093 -0.406149 20.801458 -12.373359 -2.166996 -10.331676 1.620517 -1.868215 0.369259 -0.000000 0.000000 0.000002 -5.584702 -4.553928 -10.495554 0.146507 0.425642 22.841480 7.380622 0.835010 -11.736695 -1.433469 0.973755 0.844334 -0.000000 0.000001 -0.000001 
-39.897278 98.693565 71.888069 -0.597761 -20.951218 3.481490 0.697010 -0.026347 -0.864599 -0.482612 -0.856425 -5.192158 -1.051888 -2.784327 8.405628 -0.289793 2.745647 4.214755 -0.456556 1.353310 -3.684194 1.753637 0.043968 -14.337374 0.000077 -0.000023 0.000006 0.038710 0.255482 0.052055 0.703588 -3.476503 -10.460867 -0.633689 3.983377 -10.496122 -5.448612 -8.632730 10.374571 -37.358433 -34.852180 14.670745 -0.397098 -30.670134 0.295095 -3.983141 -0.772218 -0.487648 -5.882100 9.861279 0.702590 -10.936858 -0.360576 7.156197 0.000002 8.774815 -0.000001 -15.703447 17.890745 6.338603 -1.844031 2.498502 -2.507276 -10.163588 4.678939 4.621104 -20.975992 -0.000005 0.000004 -21.226246 2.451693 -3.593992 0.000000 -0.000006 -0.000001 -1.362681 2.240796 -0.746322 -21.334887 0.584908 3.008319 -13.821197 -0.000003 0.000002 -23.887131 -0.249080 -0.839481 -60.126678 2.849036 -1.015132 -0.294023 1.679686 0.833255 -14.218190 0.093212 1.300580 -34.211998 -0.287563 0.967172 -20.033178 0.964536 1.212842 0.000000 0.000001 0.000000 -3.440383 0.788234 0.501656 -15.928167 -3.167308 2.999704 -6.338815 -0.000002 0.000002 -18.123411 3.648175 -4.905662 -0.000004 0.000001 -0.000002 5.543943 8.861239 11.122589 65.263878 20.180214 32.467415 0.371374 51.379051 0.806470 4.190482 -2.163098 -0.104484 2.243539 -5.255033 -3.180156 14.282878 -0.826592 6.952497 -0.000003 -12.690585 -0.000001 16.413654 -18.132208 2.474416 1.665664 -1.955920 -2.878299 4.727795 -4.170581 4.993918 11.020513 0.000003 0.000000 12.109031 -3.735709 -2.866779 -0.000000 -0.000000 0.000001 1.291983 -1.928548 -1.498089 14.800113 0.567469 3.865605 14.242553 -1.341734 -6.660648 19.631939 0.143924 -0.648244 50.438885 -1.053078 -6.583777 0.353027 -1.511147 -0.031938 20.222773 3.684307 2.316633 18.787247 0.000008 0.000003 10.751610 -0.479867 1.397906 0.000001 0.000003 0.000000 3.273802 0.305947 -0.580109 21.486797 11.830364 2.266135 8.162919 0.000002 0.000000 18.399055 -3.798978 -4.940566 0.000004 0.000001 -0.000002 9.286258 9.182047 -8.227639 -0.120645 -0.415651 19.133141 -12.765845 -1.957325 -9.780524 1.618204 -1.864947 0.242936 0.000000 0.000000 0.000002 -5.092651 -4.414510 -9.986866 0.136608 0.403850 21.323109 7.090168 0.594760 -11.529516 -1.433064 0.958813 0.905867 -0.000000 -0.000001 -0.000001 
-40.304512 98.842484 72.070847 -0.766259 -20.955797 3.931324 0.930315 0.002394 -1.017380 -0.422855 -0.887890 -5.239249 -0.866070 -2.782266 8.328197 -0.212633 2.733679 3.729135 -0.426735 1.422359 -3.670980 1.577537 0.187320 -14.354190 0.000077 -0.000023 0.000006 0.036756 0.237443 0.050580 0.707098 -3.507066 -10.486430 -0.643901 3.962278 -10.511366 -6.328149 -8.547161 10.807105 -38.417454 -33.563446 16.601141 -0.469261 -28.568964 0.309161 -3.680894 -1.036791 -0.505884 -5.882099 9.861278 0.702589 -10.936859 -0.360575 7.156197 0.000002 8.774811 -0.000002 -15.806806 17.935431 6.235078 -1.844028 2.498503 -2.507275 -10.163589 4.678939 4.621105 -20.975998 -0.000004 0.000003 -21.226254 2.451693 -3.593992 0.000000 -0.000007 -0.000000 -1.362682 2.240795 -0.746323 -21.334892 0.584908 3.008321 -13.821197 -0.000001 0.000003 -23.887135 -0.249078 -0.839481 -59.988312 2.814081 -1.039526 -0.294027 1.679686 0.833255 -14.218194 0.093213 1.300580 -34.212006 -0.287563 0.967172 -20.033178 0.964535 1.212842 -0.000000 -0.000000 0.000000 -3.440386 0.788232 0.501655 -15.928167 -3.167306 2.999705 -6.338817 -0.000000 0.000002 -18.123413 3.648176 -4.905661 -0.000004 0.000001 -0.000002 5.995347 8.943776 11.249933 64.523781 19.604851 32.530483 0.118676 48.024776 0.566135 4.123671 -2.395495 -0.361082 2.243539 -5.255032 -3.180156 14.282877 -0.826592 6.952497 -0.000003 -12.690591 -0.000001 16.434456 -18.238487 2.501887 1.665665 -1.955918 -2.878296 4.727794 -4.170581 4.993918 11.020513 0.000003 -0.000001 12.109031 -3.735711 -2.866781 -0.000001 0.000001 0.000002 1.291986 -1.928550 -1.498088 14.800114 0.567467 3.865602 14.242553 -1.341734 -6.660646 19.631941 0.143928 -0.648241 50.479969 -1.040542 -6.588522 0.353028 -1.511148 -0.031942 20.222771 3.684307 2.316630 18.787245 0.000004 0.000001 10.751611 -0.479866 1.397902 0.000001 0.000001 -0.000001 3.273805 0.305947 -0.580109 21.486792 11.830363 2.266130 8.162916 0.000001 0.000000 18.399055 -3.798978 -4.940567 0.000003 0.000001 -0.000002 9.613295 9.184241 -7.654899 -0.102012 -0.411714 17.517385 -13.031053 -1.703201 -9.310871 1.617552 -1.871424 0.134890 -0.000000 0.000000 0.000002 -4.663219 -4.185948 -9.463177 0.116013 0.357701 19.787901 6.830664 0.280929 -11.318377 -1.431126 0.968215 0.966586 -0.000000 0.000001 -0.000001 
-40.548866 98.950890 72.154907 -0.921376 -20.912746 4.339384 1.128018 0.007927 -1.144373 -0.376674 -0.922573 -5.296076 -0.669912 -2.777179 8.318147 -0.074355 2.704047 3.273406 -0.399698 1.490624 -3.656296 1.404998 0.276117 -14.447608 0.000077 -0.000022 0.000006 0.032226 0.211157 0.054340 0.704271 -3.536625 -10.516174 -0.649103 3.942485 -10.543660 -7.204351 -8.358377 11.245139 -39.851624 -31.952587 17.794291 -0.403637 -26.853870 0.286658 -3.196725 -1.175519 -0.670406 -5.882099 9.861278 0.702591 -10.936857 -0.360575 7.156197 0.000002 8.774812 -0.000001 -15.893828 18.006670 6.142953 -1.844032 2.498502 -2.507277 -10.163589 4.678938 4.621103 -20.975998 -0.000004 0.000002 -21.226254 2.451692 -3.593993 -0.000000 -0.000006 -0.000000 -1.362683 2.240797 -0.746323 -21.334887 0.584908 3.008320 -13.821197 -0.000002 0.000002 -23.887129 -0.249078 -0.839481 -59.800323 2.802961 -1.074664 -0.294023 1.679687 0.833256 -14.218194 0.093215 1.300578 -34.212006 -0.287564 0.967169 -20.033180 0.964535 1.212842 0.000001 0.000000 0.000000 -3.440385 0.788232 0.501655 -15.928169 -3.167307 2.999703 -6.338816 -0.000000 0.000001 -18.123413 3.648175 -4.905661 -0.000004 -0.000000 -0.000002 6.609911 9.022479 11.420036 63.673573 18.865820 32.422176 -0.022245 44.472019 0.393407 4.067718 -2.445634 -0.794433 2.243540 -5.255031 -3.180156 14.282877 -0.826594 6.952494 -0.000002 -12.690593 0.000001 16.440290 -18.320667 2.511405 1.665665 -1.955920 -2.878297 4.727795 -4.170584 4.993918 11.020512 0.000001 -0.000002 12.109033 -3.735709 -2.866781 0.000000 -0.000001 -0.000001 1.291985 -1.928549 -1.498088 14.800113 0.567469 3.865603 14.242553 -1.341733 -6.660648 19.631941 0.143926 -0.648245 50.524349 -1.031805 -6.561472 0.353029 -1.511151 -0.031940 20.222767 3.684307 2.316626 18.787247 0.000005 -0.000003 10.751612 -0.479869 1.397904 0.000001 0.000001 -0.000001 3.273804 0.305946 -0.580110 21.486794 11.830363 2.266131 8.162915 -0.000000 -0.000002 18.399055 -3.798977 -4.940568 0.000004 -0.000001 -0.000000 9.841303 9.100524 -7.317388 -0.086905 -0.394764 16.229437 -13.181535 -1.433848 -8.987378 1.614992 -1.866669 0.074600 0.000000 -0.000000 0.000002 -4.322094 -3.916948 -9.088374 0.103788 0.326232 18.451948 6.621530 -0.093659 -11.122223 -1.429961 0.953871 1.030379 -0.000000 -0.000000 -0.000001 
-40.677292 99.043640 72.097458 -1.062469 -20.895342 4.751465 1.275991 0.040724 -1.271737 -0.341101 -0.970955 -5.324994 -0.460860 -2.780352 8.341583 0.083513 2.692826 2.856277 -0.382193 1.473109 -3.666117 1.237784 0.388158 -14.629763 0.000077 -0.000023 0.000006 0.030232 0.175076 0.060134 0.700522 -3.568689 -10.525385 -0.649726 3.910694 -10.545388 -8.072578 -8.103026 11.627582 -41.539539 -30.037907 18.254030 -0.271114 -25.395006 0.252066 -2.520318 -1.214777 -0.991798 -5.882102 9.861279 0.702589 -10.936858 -0.360575 7.156196 0.000001 8.774815 -0.000001 -15.983212 18.100061 6.080278 -1.844030 2.498503 -2.507275 -10.163589 4.678941 4.621104 -20.975994 -0.000003 0.000002 -21.226250 2.451693 -3.593994 0.000001 -0.000006 -0.000000 -1.362682 2.240796 -0.746323 -21.334892 0.584908 3.008320 -13.821194 -0.000003 0.000002 -23.887131 -0.249079 -0.839483 -59.713184 2.818267 -1.147830 -0.294024 1.679686 0.833255 -14.218190 0.093215 1.300578 -34.211998 -0.287564 0.967168 -20.033178 0.964534 1.212840 0.000002 0.000001 0.000000 -3.440384 0.788233 0.501655 -15.928167 -3.167305 2.999703 -6.338817 -0.000000 0.000001 -18.123415 3.648173 -4.905662 -0.000004 -0.000000 -0.000002 7.373914 9.112007 11.622251 62.796627 17.984730 31.988253 -0.071508 40.761448 0.264288 4.046962 -2.362655 -1.274799 2.243540 -5.255033 -3.180154 14.282877 -0.826592 6.952496 -0.000004 -12.690592 -0.000001 16.439566 -18.362349 2.499885 1.665665 -1.955919 -2.878297 4.727795 -4.170584 4.993918 11.020513 0.000005 -0.000001 12.109032 -3.735708 -2.866778 -0.000000 -0.000000 -0.000002 1.291983 -1.928546 -1.498088 14.800114 0.567468 3.865603 14.242554 -1.341734 -6.660648 19.631939 0.143927 -0.648243 50.515369 -1.044870 -6.547945 0.353029 -1.511150 -0.031939 20.222773 3.684308 2.316628 18.787247 0.000006 -0.000001 10.751612 -0.479865 1.397905 0.000001 0.000002 -0.000001 3.273805 0.305947 -0.580110 21.486794 11.830363 2.266130 8.162917 0.000003 -0.000001 18.399055 -3.798977 -4.940567 0.000004 -0.000001 0.000001 10.002244 8.999969 -7.232576 -0.079175 -0.358484 15.212451 -13.222992 -1.157329 -8.701845 1.614233 -1.857600 0.043195 0.000000 0.000000 0.000002 -4.029410 -3.572713 -8.984917 0.097857 0.314151 17.401537 6.431999 -0.582423 -10.880117 -1.428438 0.971005 1.104530 0.000000 0.000000 -0.000001 
-40.679680 99.101791 71.948761 -1.197493 -20.891293 5.160815 1.363544 0.079323 -1.365768 -0.311381 -1.010590 -5.342710 -0.216484 -2.736752 8.451353 0.234536 2.653797 2.396470 -0.390664 1.441235 -3.682110 1.101704 0.478967 -14.845365 0.000077 -0.000022 0.000006 0.028271 0.148511 0.069953 0.694274 -3.592203 -10.511681 -0.647278 3.878730 -10.546072 -8.961013 -7.896874 11.907478 -43.392704 -27.823133 17.929504 -0.212543 -24.101515 0.257770 -1.703354 -1.159733 -1.558093 -5.882102 9.861278 0.702588 -10.936859 -0.360575 7.156196 0.000002 8.774814 -0.000001 -15.956905 18.181282 6.069304 -1.844030 2.498503 -2.507275 -10.163589 4.678938 4.621103 -20.975994 -0.000005 0.000002 -21.226255 2.451691 -3.593993 0.000001 -0.000006 -0.000001 -1.362679 2.240796 -0.746323 -21.334892 0.584907 3.008318 -13.821197 -0.000003 0.000001 -23.887131 -0.249080 -0.839481 -59.585789 2.792177 -1.203657 -0.294024 1.679686 0.833255 -14.218195 0.093213 1.300580 -34.211998 -0.287567 0.967171 -20.033180 0.964533 1.212843 0.000001 0.000001 0.000001 -3.440383 0.788233 0.501655 -15.928169 -3.167307 2.999703 -6.338817 -0.000001 0.000001 -18.123415 3.648174 -4.905661 -0.000004 -0.000000 -0.000002 8.320121 9.224437 11.852083 61.862938 17.012655 31.170713 -0.094444 36.835751 0.138526 4.007703 -2.151829 -1.793514 2.243539 -5.255030 -3.180155 14.282877 -0.826592 6.952496 -0.000003 -12.690588 -0.000001 16.386339 -18.369520 2.508724 1.665665 -1.955921 -2.878296 4.727793 -4.170584 4.993919 11.020512 0.000005 -0.000001 12.109033 -3.735709 -2.866780 -0.000000 0.000000 0.000001 1.291984 -1.928548 -1.498088 14.800114 0.567469 3.865605 14.242553 -1.341735 -6.660646 19.631937 0.143926 -0.648242 50.516033 -1.036050 -6.542323 0.353029 -1.511150 -0.031939 20.222771 3.684307 2.316629 18.787245 0.000005 -0.000001 10.751609 -0.479867 1.397903 0.000001 0.000000 -0.000001 3.273804 0.305946 -0.580111 21.486790 11.830361 2.266131 8.162916 0.000002 -0.000002 18.399054 -3.798977 -4.940566 0.000004 0.000001 -0.000001 10.094131 8.923167 -7.381468 -0.078071 -0.312726 14.503911 -13.178517 -0.953465 -8.573685 1.616434 -1.853073 0.035996 -0.000000 0.000000 0.000002 -3.798590 -3.144639 -9.078009 0.091487 0.314805 16.571224 6.301353 -1.143254 -10.694207 -1.427658 0.987911 1.169377 -0.000000 0.000001 -0.000001 
-40.548157 99.147346 71.712997 -1.326212 -20.861021 5.582087 1.395454 0.108822 -1.388887 -0.286288 -1.085821 -5.353061 0.035859 -2.619782 8.613336 0.389831 2.597378 1.880252 -0.421348 1.428856 -3.703582 0.997925 0.487961 -15.096676 0.000077 -0.000023 0.000006 0.028703 0.135158 0.067043 0.691647 -3.594059 -10.520213 -0.642270 3.859046 -10.550159 -9.826575 -7.746218 12.190848 -45.263496 -25.531429 16.975573 -0.169408 -22.897240 0.244156 -0.808167 -1.037107 -2.418621 -5.882099 9.861277 0.702591 -10.936860 -0.360575 7.156197 0.000002 8.774814 -0.000000 -15.844450 18.239969 6.104550 -1.844032 2.498503 -2.507275 -10.163589 4.678939 4.621103 -20.975996 -0.000006 0.000003 -21.226254 2.451690 -3.593992 0.000002 -0.000006 -0.000000 -1.362680 2.240797 -0.746323 -21.334887 0.584908 3.008320 -13.821197 -0.000004 0.000003 -23.887129 -0.249080 -0.839480 -59.558228 2.736577 -1.250497 -0.294024 1.679686 0.833254 -14.218194 0.093213 1.300579 -34.212002 -0.287567 0.967169 -20.033180 0.964533 1.212841 0.000002 0.000001 0.000000 -3.440384 0.788231 0.501655 -15.928167 -3.167308 2.999703 -6.338817 -0.000002 0.000001 -18.123415 3.648175 -4.905660 -0.000005 -0.000000 -0.000003 9.335819 9.366904 12.087429 60.999878 15.978675 29.954422 -0.078391 33.064930 0.038979 3.953479 -2.063157 -2.119736 2.243540 -5.255033 -3.180155 14.282875 -0.826594 6.952496 -0.000002 -12.690591 0.000000 16.328018 -18.389669 2.561992 1.665665 -1.955921 -2.878296 4.727793 -4.170584 4.993918 11.020510 0.000003 -0.000001 12.109031 -3.735709 -2.866779 -0.000001 -0.000000 0.000000 1.291984 -1.928546 -1.498087 14.800111 0.567468 3.865604 14.242553 -1.341734 -6.660650 19.631937 0.143926 -0.648242 50.587814 -1.018937 -6.513281 0.353029 -1.511151 -0.031939 20.222763 3.684305 2.316629 18.787243 0.000004 -0.000000 10.751610 -0.479869 1.397906 -0.000001 -0.000000 0.000002 3.273804 0.305947 -0.580111 21.486788 11.830361 2.266130 8.162917 0.000001 -0.000001 18.399054 -3.798980 -4.940567 0.000003 -0.000000 -0.000002 10.105499 8.897543 -7.832525 -0.079052 -0.288635 14.186169 -13.112323 -0.843988 -8.519925 1.617368 -1.854597 0.055335 -0.000000 0.000000 0.000002 -3.633481 -2.698851 -9.403078 0.077338 0.330870 16.018105 6.248238 -1.694597 -10.475306 -1.425985 0.986347 1.233407 0.000000 0.000000 -0.000001 
-40.481705 99.158623 71.537575 -1.485314 -20.788061 6.008840 1.410680 0.105866 -1.316371 -0.260839 -1.099417 -5.314250 0.280841 -2.489163 8.773691 0.564867 2.534021 1.291088 -0.465416 1.357505 -3.715945 0.926036 0.515615 -15.389426 0.000077 -0.000023 0.000006 0.029785 0.108644 0.061017 0.691010 -3.622324 -10.520849 -0.636159 3.842139 -10.536931 -10.578005 -7.591915 12.493317 -47.250843 -23.313612 15.733842 -0.130320 -21.663364 0.233745 0.097055 -0.927442 -3.658689 -5.882101 9.861279 0.702590 -10.936858 -0.360575 7.156196 -0.000000 8.774814 -0.000001 -15.738239 18.249901 6.141791 -1.844031 2.498503 -2.507275 -10.163589 4.678938 4.621104 -20.975994 -0.000003 0.000003 -21.226250 2.451693 -3.593993 -0.000001 -0.000006 0.000000 -1.362680 2.240796 -0.746324 -21.334890 0.584908 3.008320 -13.821197 -0.000003 0.000003 -23.887129 -0.249078 -0.839480 -59.557526 2.686609 -1.274720 -0.294026 1.679687 0.833256 -14.218190 0.093215 1.300580 -34.212002 -0.287563 0.967170 -20.033176 0.964535 1.212842 0.000000 0.000000 0.000000 -3.440387 0.788233 0.501655 -15.928165 -3.167306 2.999704 -6.338817 -0.000001 0.000001 -18.123415 3.648176 -4.905661 -0.000004 -0.000000 -0.000003 10.163430 9.552472 12.270792 60.419701 14.789077 28.460943 -0.123916 29.828308 -0.026488 3.967697 -2.188532 -2.372187 2.243541 -5.255033 -3.180156 14.282875 -0.826595 6.952494 -0.000000 -12.690591 0.000000 16.277597 -18.450285 2.619826 1.665665 -1.955920 -2.878298 4.727793 -4.170583 4.993917 11.020509 0.000002 -0.000002 12.109032 -3.735711 -2.866780 -0.000001 -0.000000 -0.000001 1.291984 -1.928547 -1.498088 14.800109 0.567466 3.865603 14.242553 -1.341738 -6.660649 19.631935 0.143923 -0.648246 50.704449 -0.968766 -6.499663 0.353029 -1.511150 -0.031939 20.222767 3.684303 2.316628 18.787247 0.000003 -0.000001 10.751613 -0.479869 1.397901 -0.000002 -0.000000 0.000001 3.273804 0.305946 -0.580110 21.486790 11.830360 2.266132 8.162916 0.000001 0.000000 18.399052 -3.798981 -4.940570 0.000004 0.000001 -0.000001 10.192762 8.942926 -8.253329 -0.083816 -0.267519 13.909801 -13.205397 -0.898549 -8.570881 1.622968 -1.848675 0.107405 0.000000 0.000001 0.000002 -3.420249 -2.352157 -9.708772 0.059858 0.343488 15.566434 6.159653 -2.180082 -10.388627 -1.424732 0.996792 1.290627 0.000000 0.000000 -0.000001 
-40.368164 99.177315 71.430847 -1.676384 -20.735722 6.447699 1.432269 0.101721 -1.160206 -0.225269 -1.101711 -5.243575 0.462666 -2.336039 8.889536 0.712350 2.437664 0.748700 -0.482117 1.273412 -3.694667 0.930444 0.581454 -15.710927 0.000077 -0.000024 0.000006 0.028939 0.103763 0.050122 0.686302 -3.626476 -10.501637 -0.636038 3.823384 -10.519900 -11.098813 -7.395825 12.816175 -49.298820 -21.247702 14.319686 -0.169306 -20.432358 0.260046 0.868874 -0.894941 -5.289241 -5.882102 9.861279 0.702589 -10.936859 -0.360573 7.156195 -0.000001 8.774814 -0.000001 -15.639614 18.164989 6.114585 -1.844030 2.498503 -2.507276 -10.163590 4.678940 4.621103 -20.975996 -0.000002 0.000003 -21.226254 2.451694 -3.593994 0.000001 -0.000007 -0.000001 -1.362681 2.240797 -0.746323 -21.334887 0.584909 3.008318 -13.821197 -0.000001 0.000003 -23.887135 -0.249076 -0.839482 -59.588665 2.581661 -1.309791 -0.294025 1.679687 0.833256 -14.218194 0.093215 1.300580 -34.211998 -0.287561 0.967169 -20.033176 0.964537 1.212843 -0.000000 -0.000000 0.000002 -3.440385 0.788233 0.501653 -15.928169 -3.167306 2.999704 -6.338817 -0.000000 0.000001 -18.123415 3.648179 -4.905662 -0.000004 -0.000001 -0.000003 10.556628 9.699047 12.413401 60.386948 13.535155 26.903818 -0.233007 27.627068 -0.039019 4.116902 -2.436596 -2.874582 2.243540 -5.255032 -3.180156 14.282877 -0.826594 6.952496 -0.000002 -12.690587 0.000000 16.238523 -18.494408 2.689764 1.665665 -1.955920 -2.878297 4.727794 -4.170582 4.993918 11.020513 0.000003 -0.000003 12.109034 -3.735709 -2.866782 0.000001 -0.000000 -0.000001 1.291984 -1.928548 -1.498089 14.800109 0.567467 3.865603 14.242551 -1.341734 -6.660651 19.631937 0.143925 -0.648243 50.836861 -0.932001 -6.490026 0.353029 -1.511149 -0.031940 20.222769 3.684304 2.316627 18.787245 0.000004 -0.000002 10.751612 -0.479868 1.397903 -0.000002 -0.000001 -0.000001 3.273804 0.305947 -0.580111 21.486790 11.830360 2.266129 8.162917 0.000001 0.000000 18.399050 -3.798982 -4.940567 0.000003 -0.000000 -0.000000 10.266373 9.075492 -8.773982 -0.083337 -0.279071 13.915612 -13.324402 -1.025037 -8.647892 1.626722 -1.840836 0.106314 -0.000000 -0.000000 0.000002 -3.232579 -2.152868 -10.037170 0.043556 0.357813 15.219711 6.131056 -2.495553 -10.199582 -1.425112 1.012030 1.328499 0.000000 0.000000 -0.000001 
-40.324993 99.217010 71.348259 -1.875575 -20.733393 6.876932 1.465230 0.077282 -0.980400 -0.197554 -1.033330 -5.142934 0.556910 -2.251599 8.976588 0.778802 2.394003 0.409401 -0.471027 1.216488 -3.652247 1.021158 0.649296 -16.014189 0.000077 -0.000022 0.000006 0.028839 0.092618 0.034737 0.687315 -3.639154 -10.491770 -0.636169 3.819318 -10.502624 -11.362436 -7.124988 13.153721 -51.487965 -19.258463 12.765375 -0.136142 -19.324230 0.225680 1.315570 -0.943791 -6.939653 -5.882101 9.861278 0.702588 -10.936859 -0.360576 7.156197 0.000000 8.774815 -0.000002 -15.610330 18.058947 6.071160 -1.844031 2.498503 -2.507276 -10.163589 4.678940 4.621104 -20.975994 -0.000003 0.000003 -21.226255 2.451694 -3.593993 0.000002 -0.000006 -0.000001 -1.362680 2.240797 -0.746324 -21.334890 0.584908 3.008319 -13.821197 -0.000002 0.000001 -23.887129 -0.249078 -0.839482 -59.668175 2.482841 -1.333089 -0.294024 1.679686 0.833255 -14.218194 0.093215 1.300579 -34.212002 -0.287563 0.967169 -20.033180 0.964535 1.212841 0.000000 -0.000001 0.000000 -3.440385 0.788232 0.501654 -15.928171 -3.167306 2.999706 -6.338817 -0.000000 0.000002 -18.123415 3.648175 -4.905662 -0.000005 0.000000 -0.000002 10.483077 9.804845 12.516398 60.892826 12.278982 25.424957 -0.382070 26.480452 -0.055576 4.415777 -2.574138 -3.577097 2.243539 -5.255032 -3.180155 14.282877 -0.826593 6.952497 -0.000004 -12.690590 0.000001 16.239597 -18.565144 2.717795 1.665665 -1.955920 -2.878296 4.727793 -4.170583 4.993918 11.020510 0.000003 -0.000001 12.109033 -3.735709 -2.866780 0.000000 0.000000 0.000000 1.291984 -1.928548 -1.498090 14.800109 0.567468 3.865602 14.242551 -1.341733 -6.660649 19.631939 0.143927 -0.648243 50.948051 -0.900754 -6.479483 0.353028 -1.511149 -0.031940 20.222769 3.684305 2.316629 18.787245 0.000005 0.000001 10.751610 -0.479868 1.397904 -0.000000 0.000000 0.000001 3.273804 0.305947 -0.580110 21.486790 11.830363 2.266130 8.162917 0.000002 -0.000001 18.399052 -3.798979 -4.940567 0.000002 -0.000000 -0.000001 10.383446 9.273317 -9.208072 -0.075049 -0.312148 13.869491 -13.485649 -1.094405 -8.599812 1.627882 -1.826146 0.097564 0.000000 -0.000000 0.000002 -3.011953 -2.128887 -10.395572 0.036972 0.375452 15.011440 6.111321 -2.556166 -9.913443 -1.430025 1.031055 1.331855 0.000000 -0.000001 -0.000001 
-40.227451 99.256447 71.272003 -2.067257 -20.848877 7.236561 1.489767 0.065390 -0.788067 -0.171536 -0.909245 -5.024280 0.583166 -2.230407 9.025868 0.728541 2.379737 0.356698 -0.448023 1.172266 -3.614701 1.150503 0.764303 -16.295376 0.000077 -0.000022 0.000006 0.026472 0.091143 0.030903 0.691170 -3.637105 -10.467189 -0.644349 3.814486 -10.473276 -11.392945 -6.814432 13.452740 -53.777943 -17.267740 11.083482 -0.042078 -18.392395 0.148019 1.320560 -0.891774 -8.316549 -5.882102 9.861278 0.702590 -10.936859 -0.360574 7.156197 0.000000 8.774812 0.000002 -15.658936 17.998331 5.986121 -1.844032 2.498503 -2.507278 -10.163592 4.678941 4.621102 -20.975998 -0.000002 0.000000 -21.226255 2.451695 -3.593994 0.000000 -0.000007 -0.000002 -1.362679 2.240795 -0.746324 -21.334890 0.584912 3.008319 -13.821197 -0.000002 0.000002 -23.887136 -0.249076 -0.839482 -59.865875 2.397280 -1.354082 -0.294025 1.679687 0.833255 -14.218194 0.093216 1.300578 -34.212006 -0.287560 0.967168 -20.033178 0.964536 1.212839 0.000000 0.000000 0.000000 -3.440386 0.788233 0.501654 -15.928169 -3.167305 2.999700 -6.338817 -0.000000 0.000001 -18.123415 3.648177 -4.905663 -0.000004 0.000000 -0.000000 10.007804 9.839809 12.563302 61.871834 11.092445 24.039518 -0.473270 26.178413 -0.041742 4.868512 -2.543935 -4.546611 2.243540 -5.255033 -3.180154 14.282877 -0.826594 6.952495 -0.000001 -12.690590 0.000000 16.275711 -18.592911 2.722650 1.665665 -1.955921 -2.878296 4.727794 -4.170584 4.993918 11.020513 0.000002 -0.000002 12.109032 -3.735711 -2.866780 0.000000 0.000000 0.000000 1.291985 -1.928548 -1.498088 14.800113 0.567467 3.865602 14.242553 -1.341735 -6.660649 19.631939 0.143926 -0.648243 50.991127 -0.870856 -6.473770 0.353029 -1.511150 -0.031941 20.222769 3.684306 2.316628 18.787245 0.000004 -0.000002 10.751607 -0.479869 1.397905 -0.000001 0.000000 -0.000001 3.273804 0.305947 -0.580109 21.486788 11.830363 2.266132 8.162919 0.000000 0.000000 18.399055 -3.798980 -4.940569 0.000003 0.000001 -0.000001 10.457368 9.480968 -9.571479 -0.067668 -0.351827 13.882301 -13.507063 -1.056012 -8.604476 1.628008 -1.811212 0.079139 -0.000000 0.000000 0.000002 -2.854574 -2.162997 -10.735070 0.042169 0.390635 14.856989 6.157422 -2.474482 -9.579530 -1.436112 1.048174 1.334323 0.000000 0.000000 -0.000001 
-39.934029 99.314873 71.205719 -2.236122 -21.106123 7.500526 1.503076 0.098633 -0.602382 -0.160884 -0.761178 -4.912683 0.561015 -2.247063 9.068380 0.567932 2.420773 0.519687 -0.432586 1.155906 -3.587610 1.294957 0.895227 -16.485706 0.000077 -0.000021 0.000006 0.024056 0.091257 0.032577 0.693277 -3.637079 -10.449926 -0.655578 3.808633 -10.457107 -11.341065 -6.461320 13.699426 -55.975723 -15.283505 9.271979 0.136534 -17.554958 0.048822 0.928033 -0.538858 -9.212538 -5.882100 9.861279 0.702590 -10.936858 -0.360574 7.156196 -0.000000 8.774813 -0.000002 -15.788840 17.979513 5.955693 -1.844030 2.498504 -2.507276 -10.163589 4.678940 4.621103 -20.975992 -0.000003 0.000001 -21.226250 2.451694 -3.593995 0.000000 -0.000006 -0.000001 -1.362680 2.240796 -0.746323 -21.334892 0.584909 3.008321 -13.821194 -0.000002 0.000001 -23.887125 -0.249076 -0.839482 -60.254704 2.359732 -1.393765 -0.294024 1.679686 0.833256 -14.218190 0.093214 1.300578 -34.211998 -0.287564 0.967169 -20.033178 0.964536 1.212842 0.000001 0.000000 -0.000001 -3.440385 0.788232 0.501657 -15.928167 -3.167306 2.999704 -6.338816 -0.000001 0.000002 -18.123411 3.648177 -4.905660 -0.000004 0.000000 -0.000000 9.390440 9.878449 12.577343 63.001759 9.980989 22.746971 -0.480699 26.444767 -0.004067 5.474497 -2.394361 -5.426136 2.243540 -5.255032 -3.180155 14.282875 -0.826595 6.952496 -0.000002 -12.690587 0.000001 16.330910 -18.598440 2.663483 1.665665 -1.955920 -2.878296 4.727794 -4.170583 4.993919 11.020511 0.000002 -0.000002 12.109033 -3.735710 -2.866779 0.000000 0.000000 -0.000000 1.291984 -1.928547 -1.498088 14.800111 0.567466 3.865604 14.242551 -1.341735 -6.660649 19.631939 0.143925 -0.648244 50.954197 -0.818301 -6.467276 0.353029 -1.511149 -0.031940 20.222767 3.684303 2.316628 18.787245 0.000003 -0.000000 10.751611 -0.479869 1.397903 -0.000001 -0.000000 -0.000001 3.273804 0.305947 -0.580110 21.486790 11.830359 2.266130 8.162917 0.000000 0.000000 18.399050 -3.798980 -4.940568 0.000003 0.000000 0.000000 10.363498 9.682646 -9.972179 -0.058260 -0.382757 14.077801 -13.281712 -0.866232 -8.665823 1.631144 -1.802181 0.066633 -0.000000 0.000000 0.000002 -2.863422 -2.188152 -11.021719 0.056195 0.420677 14.660145 6.328481 -2.258771 -9.062653 -1.441918 1.045607 1.264071 0.000000 0.000000 -0.000001 
-39.676388 99.374634 71.038101 -2.374425 -21.529325 7.684822 1.490083 0.151018 -0.424646 -0.150159 -0.632802 -4.830016 0.503641 -2.218255 9.129682 0.342770 2.482574 0.849455 -0.407332 1.150690 -3.581047 1.426833 0.961131 -16.541082 0.000077 -0.000022 0.000007 0.020099 0.080397 0.029780 0.696853 -3.641201 -10.456696 -0.663455 3.795092 -10.465951 -11.322269 -6.098660 13.868901 -57.835239 -13.318976 7.628743 0.359082 -16.731697 -0.058842 0.507648 -0.047102 -9.694713 -5.882101 9.861278 0.702590 -10.936858 -0.360575 7.156196 0.000001 8.774814 0.000000 -15.998373 18.016010 5.928279 -1.844031 2.498502 -2.507272 -10.163589 4.678941 4.621105 -20.975996 -0.000003 0.000002 -21.226254 2.451693 -3.593994 0.000001 -0.000005 -0.000000 -1.362680 2.240795 -0.746322 -21.334892 0.584909 3.008320 -13.821194 -0.000002 0.000002 -23.887133 -0.249080 -0.839482 -60.673695 2.337380 -1.424643 -0.294024 1.679685 0.833252 -14.218192 0.093215 1.300578 -34.211998 -0.287564 0.967166 -20.033176 0.964535 1.212842 0.000000 -0.000001 0.000002 -3.440384 0.788233 0.501656 -15.928165 -3.167306 2.999702 -6.338817 -0.000002 0.000001 -18.123411 3.648175 -4.905662 -0.000003 -0.000000 -0.000002 8.852203 9.856192 12.633305 64.016396 9.023425 21.606272 -0.408519 27.232725 0.031536 6.063259 -2.247036 -5.931904 2.243540 -5.255033 -3.180156 14.282875 -0.826594 6.952497 -0.000003 -12.690591 0.000001 16.372025 -18.561489 2.625646 1.665665 -1.955920 -2.878296 4.727794 -4.170584 4.993921 11.020512 0.000003 0.000000 12.109029 -3.735709 -2.866780 0.000001 0.000000 0.000000 1.291984 -1.928548 -1.498087 14.800109 0.567467 3.865605 14.242551 -1.341735 -6.660648 19.631937 0.143926 -0.648243 50.890266 -0.771682 -6.472092 0.353029 -1.511149 -0.031940 20.222767 3.684306 2.316629 18.787245 0.000004 0.000001 10.751610 -0.479869 1.397904 -0.000001 0.000000 -0.000001 3.273804 0.305947 -0.580110 21.486788 11.830361 2.266131 8.162916 0.000001 0.000000 18.399050 -3.798980 -4.940567 0.000005 0.000000 -0.000000 10.315589 9.882113 -10.211810 -0.047889 -0.389678 14.184116 -13.075883 -0.593570 -8.633060 1.633913 -1.811987 0.070222 0.000000 0.000000 0.000002 -2.873151 -2.160451 -11.403920 0.068157 0.435425 14.643378 6.455464 -1.970925 -8.535728 -1.445071 1.029695 1.130053 0.000000 -0.000001 -0.000001 
-39.371464 99.406723 70.886063 -2.464449 -22.096125 7.820975 1.456206 0.172035 -0.262596 -0.151724 -0.510460 -4.774440 0.430485 -2.135878 9.214670 0.101220 2.555603 1.247526 -0.377702 1.166882 -3.599041 1.543242 0.962527 -16.508310 0.000077 -0.000021 0.000006 0.014702 0.067730 0.028948 0.688614 -3.663707 -10.464477 -0.668667 3.789682 -10.486833 -11.370129 -5.730328 13.964565 -59.283546 -11.440168 6.361154 0.617236 -15.941257 -0.139585 0.282161 0.357822 -10.141131 -5.882101 9.861278 0.702590 -10.936859 -0.360575 7.156197 0.000000 8.774813 0.000001 -16.171873 18.044970 5.950001 -1.844031 2.498502 -2.507276 -10.163589 4.678940 4.621103 -20.975996 -0.000005 0.000003 -21.226255 2.451692 -3.593992 -0.000000 -0.000005 0.000000 -1.362680 2.240796 -0.746321 -21.334890 0.584908 3.008318 -13.821197 -0.000002 0.000003 -23.887133 -0.249078 -0.839482 -61.005642 2.296574 -1.403601 -0.294025 1.679686 0.833255 -14.218194 0.093215 1.300578 -34.212002 -0.287564 0.967168 -20.033180 0.964535 1.212840 -0.000002 0.000002 0.000001 -3.440386 0.788233 0.501653 -15.928169 -3.167306 2.999702 -6.338817 -0.000001 0.000001 -18.123415 3.648176 -4.905662 -0.000004 -0.000000 -0.000001 8.466610 9.798057 12.743012 64.803780 8.374832 20.643852 -0.379470 28.249922 0.031472 6.525428 -2.169857 -6.002906 2.243540 -5.255033 -3.180155 14.282877 -0.826593 6.952495 -0.000003 -12.690590 0.000000 16.362730 -18.499435 2.589616 1.665665 -1.955920 -2.878297 4.727794 -4.170584 4.993918 11.020511 0.000003 -0.000001 12.109032 -3.735710 -2.866780 0.000002 0.000000 0.000000 1.291984 -1.928548 -1.498088 14.800114 0.567468 3.865602 14.242553 -1.341735 -6.660648 19.631937 0.143926 -0.648244 50.811611 -0.711955 -6.474951 0.353029 -1.511150 -0.031940 20.222765 3.684306 2.316627 18.787245 0.000004 -0.000000 10.751612 -0.479868 1.397904 -0.000001 -0.000001 -0.000001 3.273804 0.305947 -0.580110 21.486790 11.830362 2.266130 8.162916 0.000002 -0.000001 18.399052 -3.798978 -4.940568 0.000005 0.000001 -0.000001 10.211797 10.079775 -10.360129 -0.031792 -0.386826 14.328945 -12.856232 -0.285330 -8.722120 1.631893 -1.834188 0.094808 0.000000 -0.000000 0.000002 -2.974663 -2.005954 -11.800968 0.072980 0.467069 14.671468 6.599969 -1.620556 -8.122116 -1.443310 1.013714 0.973432 -0.000000 -0.000000 -0.000001 
-39.209747 99.429741 70.772629 -2.494884 -22.825871 7.934061 1.389444 0.196063 -0.113857 -0.154126 -0.455520 -4.726009 0.362482 -2.001366 9.311489 -0.126937 2.662372 1.674945 -0.348101 1.176679 -3.635705 1.625944 0.933865 -16.453300 0.000077 -0.000022 0.000006 0.011051 0.056403 0.037202 0.682795 -3.673945 -10.478275 -0.666742 3.780614 -10.493965 -11.449745 -5.365760 14.002659 -60.427765 -9.692947 5.326658 0.797620 -15.140910 -0.213446 0.218896 0.539440 -10.601301 -5.882102 9.861278 0.702591 -10.936858 -0.360574 7.156199 0.000000 8.774812 0.000000 -16.305975 18.030310 5.953681 -1.844031 2.498502 -2.507279 -10.163589 4.678940 4.621105 -20.975994 -0.000002 0.000002 -21.226250 2.451694 -3.593993 -0.000002 -0.000006 -0.000001 -1.362680 2.240797 -0.746324 -21.334892 0.584910 3.008321 -13.821197 -0.000002 0.000002 -23.887133 -0.249076 -0.839482 -61.186142 2.274943 -1.388036 -0.294025 1.679686 0.833254 -14.218194 0.093216 1.300580 -34.212006 -0.287560 0.967170 -20.033178 0.964539 1.212841 0.000000 0.000002 0.000000 -3.440386 0.788233 0.501655 -15.928167 -3.167305 2.999703 -6.338817 -0.000001 0.000001 -18.123415 3.648177 -4.905661 -0.000005 -0.000000 -0.000002 8.195640 9.732917 12.896846 65.329079 7.992852 19.673670 -0.448424 29.549778 -0.006001 6.874225 -2.204589 -5.764331 2.243539 -5.255033 -3.180155 14.282873 -0.826593 6.952496 -0.000001 -12.690590 0.000000 16.343954 -18.451300 2.583328 1.665665 -1.955920 -2.878296 4.727794 -4.170583 4.993918 11.020512 0.000003 -0.000000 12.109033 -3.735709 -2.866779 0.000000 0.000000 -0.000001 1.291984 -1.928548 -1.498088 14.800111 0.567468 3.865605 14.242553 -1.341735 -6.660649 19.631937 0.143925 -0.648243 50.768574 -0.691190 -6.461776 0.353029 -1.511149 -0.031940 20.222771 3.684306 2.316629 18.787245 0.000004 0.000001 10.751611 -0.479868 1.397903 -0.000001 -0.000001 -0.000001 3.273804 0.305947 -0.580110 21.486790 11.830360 2.266130 8.162918 0.000001 0.000000 18.399054 -3.798978 -4.940566 0.000004 0.000000 -0.000001 10.031715 10.307930 -10.320608 -0.025469 -0.373090 14.217948 -12.672137 0.131589 -8.851894 1.633346 -1.852882 0.125251 0.000000 -0.000000 0.000002 -3.073979 -1.765514 -12.228909 0.076610 0.492874 14.829112 6.662570 -1.217013 -7.839331 -1.439769 0.985781 0.854708 0.000000 0.000001 -0.000001 
-39.003510 99.412308 70.645393 -2.429551 -23.688196 8.045824 1.290544 0.186210 0.043240 -0.163888 -0.429063 -4.683480 0.266121 -1.852357 9.411972 -0.305326 2.734824 2.096412 -0.311633 1.263381 -3.656159 1.688671 0.898060 -16.465034 0.000077 -0.000021 0.000006 0.012139 0.054992 0.032189 0.675614 -3.674449 -10.479599 -0.657132 3.776094 -10.495244 -11.527809 -5.009620 14.033113 -61.345844 -8.179439 4.334141 0.816456 -14.290794 -0.201233 0.095075 0.550289 -10.983420 -5.882100 9.861279 0.702589 -10.936858 -0.360575 7.156199 -0.000001 8.774815 -0.000004 -16.432169 17.981188 5.931502 -1.844031 2.498502 -2.507276 -10.163589 4.678941 4.621102 -20.975994 -0.000003 0.000002 -21.226254 2.451694 -3.593993 0.000000 -0.000005 -0.000002 -1.362680 2.240796 -0.746321 -21.334887 0.584909 3.008320 -13.821195 -0.000001 0.000002 -23.887125 -0.249076 -0.839482 -61.230621 2.261598 -1.401858 -0.294024 1.679686 0.833256 -14.218190 0.093215 1.300578 -34.212006 -0.287562 0.967168 -20.033175 0.964537 1.212839 0.000000 -0.000000 0.000001 -3.440385 0.788233 0.501654 -15.928165 -3.167306 2.999704 -6.338816 -0.000001 0.000002 -18.123413 3.648178 -4.905663 -0.000004 -0.000000 -0.000003 8.021953 9.613505 13.086035 65.675446 7.781382 18.415588 -0.639691 31.320827 -0.087874 7.021089 -2.215379 -5.272672 2.243540 -5.255033 -3.180155 14.282875 -0.826594 6.952496 -0.000002 -12.690591 0.000000 16.357225 -18.402336 2.571499 1.665665 -1.955920 -2.878296 4.727794 -4.170583 4.993918 11.020513 0.000002 -0.000002 12.109030 -3.735711 -2.866780 0.000000 -0.000000 -0.000000 1.291984 -1.928548 -1.498088 14.800111 0.567467 3.865602 14.242551 -1.341736 -6.660648 19.631939 0.143925 -0.648244 50.798191 -0.692863 -6.445794 0.353029 -1.511150 -0.031940 20.222771 3.684306 2.316628 18.787245 0.000003 -0.000001 10.751610 -0.479868 1.397903 -0.000001 -0.000000 -0.000001 3.273804 0.305947 -0.580110 21.486790 11.830362 2.266132 8.162916 0.000001 -0.000000 18.399054 -3.798980 -4.940569 0.000003 0.000001 0.000000 9.746442 10.612839 -10.329618 -0.032679 -0.347482 14.192953 -12.495793 0.600726 -9.107831 1.640389 -1.881967 0.211225 -0.000000 0.000000 0.000002 -3.305693 -1.502186 -12.771555 0.077460 0.513168 15.181005 6.765178 -0.672880 -7.774204 -1.434837 0.946865 0.808221 0.000000 0.000000 -0.000001 
-38.787930 99.388474 70.543373 -2.293869 -24.625698 8.206109 1.169215 0.163480 0.211952 -0.176645 -0.452565 -4.646132 0.148660 -1.751180 9.524875 -0.408193 2.811401 2.479136 -0.258752 1.384719 -3.680311 1.766473 0.874698 -16.607061 0.000077 -0.000021 0.000006 0.012779 0.061572 0.030326 0.665197 -3.660028 -10.465819 -0.645750 3.777766 -10.478806 -11.632190 -4.623503 14.093740 -61.868839 -7.058866 3.512815 0.597204 -13.586361 -0.132608 -0.229376 0.576728 -11.134251 -5.882102 9.861278 0.702590 -10.936860 -0.360575 7.156196 -0.000000 8.774812 -0.000002 -16.451216 17.845007 5.932054 -1.844031 2.498503 -2.507275 -10.163590 4.678941 4.621104 -20.975998 -0.000003 0.000000 -21.226255 2.451693 -3.593995 -0.000000 -0.000004 -0.000000 -1.362681 2.240796 -0.746323 -21.334894 0.584908 3.008320 -13.821198 -0.000003 0.000002 -23.887133 -0.249078 -0.839482 -61.200535 2.222181 -1.331320 -0.294025 1.679685 0.833256 -14.218194 0.093215 1.300578 -34.211998 -0.287565 0.967169 -20.033178 0.964533 1.212842 0.000001 0.000002 0.000000 -3.440385 0.788233 0.501654 -15.928167 -3.167306 2.999704 -6.338817 -0.000001 0.000001 -18.123415 3.648176 -4.905660 -0.000005 -0.000000 -0.000003 7.898349 9.442330 13.225304 65.830505 7.616447 16.802624 -0.806687 33.629181 -0.160935 6.608382 -2.059690 -4.775315 2.243539 -5.255033 -3.180155 14.282875 -0.826594 6.952496 -0.000003 -12.690588 0.000001 16.320860 -18.316416 2.592494 1.665664 -1.955920 -2.878296 4.727793 -4.170584 4.993918 11.020509 0.000003 -0.000001 12.109031 -3.735709 -2.866780 0.000000 -0.000000 0.000000 1.291984 -1.928547 -1.498088 14.800111 0.567468 3.865603 14.242550 -1.341734 -6.660648 19.631935 0.143926 -0.648243 50.832237 -0.731497 -6.428097 0.353029 -1.511149 -0.031940 20.222763 3.684306 2.316628 18.787245 0.000004 0.000000 10.751608 -0.479868 1.397903 -0.000001 -0.000000 -0.000001 3.273804 0.305946 -0.580110 21.486788 11.830363 2.266131 8.162915 0.000002 0.000000 18.399048 -3.798980 -4.940566 0.000002 0.000000 -0.000000 9.354982 11.034882 -10.449076 -0.044969 -0.310487 14.175316 -12.260188 1.027256 -9.344779 1.644001 -1.917514 0.330430 -0.000000 -0.000000 0.000002 -3.657783 -1.308875 -13.565961 0.086950 0.537174 15.614075 7.001266 -0.034470 -7.667113 -1.431351 0.939278 0.812537 -0.000000 -0.000000 -0.000001 
-38.494942 99.384537 70.369698 -2.140577 -25.511402 8.402661 1.051732 0.109983 0.406605 -0.176200 -0.448973 -4.598220 0.007432 -1.735647 9.622268 -0.380925 2.841924 2.837594 -0.222952 1.540308 -3.706704 1.883900 0.940734 -16.906137 0.000077 -0.000022 0.000006 0.010794 0.074671 0.028353 0.655882 -3.634588 -10.463840 -0.639878 3.781767 -10.486325 -11.597466 -4.216362 14.175041 -62.182865 -6.356622 2.865691 0.328927 -13.424876 -0.098102 -0.820650 0.670115 -10.880222 -5.882101 9.861278 0.702588 -10.936858 -0.360577 7.156197 0.000001 8.774816 -0.000002 -16.385559 17.679180 5.890193 -1.844031 2.498502 -2.507276 -10.163589 4.678939 4.621105 -20.975994 -0.000004 0.000003 -21.226250 2.451693 -3.593994 -0.000001 -0.000006 -0.000001 -1.362680 2.240796 -0.746322 -21.334887 0.584907 3.008320 -13.821197 -0.000003 0.000002 -23.887131 -0.249079 -0.839479 -61.043896 2.175224 -1.290989 -0.294024 1.679686 0.833255 -14.218192 0.093213 1.300579 -34.212002 -0.287564 0.967171 -20.033176 0.964535 1.212842 -0.000000 0.000001 -0.000000 -3.440385 0.788232 0.501656 -15.928169 -3.167308 2.999704 -6.338817 -0.000001 -0.000001 -18.123411 3.648176 -4.905661 -0.000006 -0.000000 -0.000002 7.585068 9.227174 13.207882 66.021393 7.363702 14.897301 -0.832211 36.241714 -0.171210 5.509944 -1.681827 -4.569794 2.243539 -5.255032 -3.180155 14.282877 -0.826592 6.952496 -0.000002 -12.690591 -0.000001 16.266434 -18.176479 2.630862 1.665665 -1.955920 -2.878296 4.727793 -4.170582 4.993918 11.020511 0.000003 -0.000001 12.109031 -3.735709 -2.866778 0.000001 -0.000000 -0.000000 1.291984 -1.928547 -1.498088 14.800109 0.567469 3.865603 14.242551 -1.341734 -6.660648 19.631939 0.143926 -0.648243 50.948406 -0.806803 -6.379272 0.353029 -1.511149 -0.031940 20.222767 3.684306 2.316628 18.787247 0.000005 -0.000000 10.751610 -0.479868 1.397903 -0.000001 -0.000000 -0.000002 3.273804 0.305947 -0.580110 21.486790 11.830361 2.266130 8.162916 0.000003 0.000000 18.399052 -3.798979 -4.940566 0.000003 0.000000 -0.000001 8.920736 11.377624 -10.739820 -0.051185 -0.285737 14.293262 -11.947767 1.450835 -9.489797 1.644384 -1.926439 0.422334 -0.000000 0.000000 0.000002 -4.023494 -1.134400 -14.346660 0.099895 0.533958 15.895333 7.290426 0.502792 -7.464669 -1.431937 0.956762 0.813506 0.000000 0.000000 -0.000001 
-38.168644 99.443550 70.194466 -2.058117 -26.269745 8.641533 0.982761 0.114927 0.603697 -0.164617 -0.437606 -4.511945 -0.121980 -1.766150 9.655675 -0.228433 2.833927 3.226388 -0.186206 1.684758 -3.706301 2.067665 0.992262 -17.275799 0.000077 -0.000022 0.000006 0.008764 0.062713 0.025760 0.651297 -3.648524 -10.466880 -0.642639 3.778807 -10.495206 -11.294227 -3.945494 14.249529 -62.538567 -6.034414 1.787148 0.215887 -14.158116 -0.105182 -1.307253 0.714336 -10.596560 -5.882102 9.861280 0.702589 -10.936858 -0.360573 7.156196 -0.000001 8.774816 -0.000003 -16.298700 17.665010 5.913644 -1.844031 2.498503 -2.507276 -10.163589 4.678942 4.621104 -20.975998 -0.000003 0.000002 -21.226255 2.451694 -3.593995 -0.000001 -0.000005 -0.000002 -1.362680 2.240796 -0.746323 -21.334890 0.584909 3.008317 -13.821197 -0.000003 0.000000 -23.887131 -0.249078 -0.839482 -60.970432 2.207073 -1.323054 -0.294024 1.679686 0.833255 -14.218192 0.093215 1.300577 -34.212006 -0.287564 0.967168 -20.033180 0.964533 1.212843 -0.000000 0.000002 -0.000000 -3.440386 0.788233 0.501654 -15.928167 -3.167306 2.999703 -6.338816 -0.000001 0.000000 -18.123411 3.648176 -4.905663 -0.000004 -0.000000 -0.000003 6.954061 9.053900 13.073312 66.441986 6.927774 13.010553 -0.704723 38.772289 -0.144454 4.195418 -1.215110 -4.536054 2.243540 -5.255033 -3.180155 14.282877 -0.826593 6.952495 -0.000002 -12.690590 -0.000000 16.238340 -18.081505 2.652725 1.665665 -1.955919 -2.878297 4.727794 -4.170583 4.993918 11.020512 0.000003 -0.000001 12.109034 -3.735709 -2.866779 0.000001 -0.000000 -0.000000 1.291984 -1.928547 -1.498087 14.800113 0.567468 3.865602 14.242553 -1.341736 -6.660649 19.631939 0.143925 -0.648244 51.032932 -0.869401 -6.342355 0.353029 -1.511149 -0.031940 20.222769 3.684306 2.316628 18.787245 0.000004 -0.000001 10.751610 -0.479868 1.397903 -0.000002 -0.000000 0.000000 3.273804 0.305947 -0.580110 21.486788 11.830364 2.266130 8.162917 0.000003 -0.000000 18.399054 -3.798981 -4.940567 0.000003 0.000000 -0.000001 8.555514 11.575413 -11.121600 -0.049562 -0.261008 14.430668 -11.625867 2.001914 -9.399181 1.645095 -1.922563 0.481392 -0.000000 0.000000 0.000002 -4.294593 -0.946294 -14.962054 0.125866 0.560031 15.816133 7.588703 0.813993 -6.965106 -1.436798 0.980373 0.817395 0.000000 0.000000 -0.000001 
-37.813969 99.530968 70.014404 -2.020204 -26.835402 8.852901 0.926056 0.139034 0.791462 -0.171112 -0.347958 -4.408525 -0.220934 -1.844857 9.636107 0.081536 2.790513 3.622723 -0.184174 1.749330 -3.693215 2.307136 0.998059 -17.531183 0.000077 -0.000022 0.000006 0.009533 0.061735 0.030823 0.656192 -3.644188 -10.457718 -0.643451 3.762786 -10.477582 -10.857327 -3.816045 14.183730 -62.780628 -5.939332 0.338289 0.315427 -15.851233 -0.164701 -1.316642 0.505191 -10.604977 -5.882101 9.861278 0.702588 -10.936859 -0.360576 7.156198 0.000001 8.774814 -0.000002 -16.236282 17.777565 5.982567 -1.844032 2.498502 -2.507276 -10.163589 4.678939 4.621101 -20.975996 -0.000004 0.000003 -21.226254 2.451693 -3.593992 -0.000001 -0.000005 -0.000000 -1.362680 2.240796 -0.746323 -21.334890 0.584908 3.008320 -13.821197 -0.000002 0.000001 -23.887133 -0.249079 -0.839482 -60.957077 2.266990 -1.373926 -0.294024 1.679686 0.833257 -14.218192 0.093214 1.300577 -34.211998 -0.287565 0.967168 -20.033176 0.964533 1.212841 0.000000 0.000001 0.000000 -3.440386 0.788233 0.501655 -15.928167 -3.167306 2.999703 -6.338817 -0.000001 0.000001 -18.123415 3.648176 -4.905660 -0.000005 -0.000002 -0.000002 6.291229 8.892989 12.938385 66.882019 6.366044 11.303938 -0.428296 40.962070 -0.019323 3.190720 -0.852654 -4.395579 2.243539 -5.255032 -3.180155 14.282877 -0.826594 6.952496 -0.000002 -12.690588 0.000000 16.236574 -18.006798 2.648152 1.665664 -1.955917 -2.878296 4.727793 -4.170582 4.993918 11.020511 0.000003 -0.000001 12.109029 -3.735710 -2.866779 0.000001 -0.000000 0.000000 1.291984 -1.928546 -1.498088 14.800114 0.567469 3.865604 14.242554 -1.341735 -6.660648 19.631939 0.143925 -0.648242 50.985886 -0.874071 -6.291469 0.353029 -1.511148 -0.031940 20.222771 3.684305 2.316629 18.787245 0.000005 0.000001 10.751611 -0.479868 1.397905 -0.000002 -0.000001 0.000000 3.273804 0.305947 -0.580110 21.486792 11.830361 2.266132 8.162916 0.000001 0.000000 18.399055 -3.798979 -4.940567 0.000003 0.000001 -0.000001 8.267480 11.652895 -11.484551 -0.042198 -0.200044 14.518103 -11.353763 2.529560 -9.174870 1.649273 -1.926556 0.452267 0.000000 0.000000 0.000002 -4.503973 -0.758272 -15.332728 0.144341 0.548210 15.388474 7.838455 0.981425 -6.334973 -1.442760 1.004242 0.759316 -0.000000 -0.000000 -0.000001 
-37.523281 99.618370 69.857841 -1.964546 -27.155592 9.020242 0.843436 0.148269 0.957185 -0.183932 -0.279646 -4.345164 -0.311812 -1.856745 9.598867 0.503103 2.663735 3.998529 -0.186943 1.821840 -3.698791 2.582965 0.884986 -17.627974 0.000077 -0.000021 0.000006 0.011853 0.055684 0.031523 0.661196 -3.656889 -10.448723 -0.643089 3.752150 -10.470355 -10.466092 -3.925313 14.013424 -62.638058 -6.023135 -1.399529 0.441935 -18.431658 -0.229867 -0.624956 -0.208943 -11.199013 -5.882100 9.861278 0.702588 -10.936860 -0.360575 7.156197 0.000001 8.774814 -0.000001 -16.183022 18.008137 6.081146 -1.844031 2.498503 -2.507277 -10.163590 4.678938 4.621103 -20.975996 -0.000005 0.000002 -21.226255 2.451693 -3.593993 0.000000 -0.000006 -0.000001 -1.362680 2.240796 -0.746321 -21.334892 0.584906 3.008321 -13.821197 -0.000005 0.000003 -23.887133 -0.249080 -0.839478 -60.905777 2.320674 -1.386240 -0.294024 1.679686 0.833256 -14.218192 0.093214 1.300579 -34.212002 -0.287564 0.967172 -20.033178 0.964534 1.212842 -0.000000 0.000001 -0.000001 -3.440385 0.788232 0.501655 -15.928167 -3.167307 2.999704 -6.338817 -0.000002 -0.000002 -18.123415 3.648174 -4.905660 -0.000004 -0.000001 -0.000002 5.854685 8.698892 12.872044 67.053215 5.720495 9.989636 -0.114144 42.658932 0.107641 2.737573 -0.722934 -4.133920 2.243539 -5.255033 -3.180155 14.282878 -0.826592 6.952497 -0.000003 -12.690590 -0.000000 16.218815 -17.997972 2.634605 1.665665 -1.955920 -2.878297 4.727794 -4.170583 4.993918 11.020513 0.000003 -0.000001 12.109032 -3.735708 -2.866779 -0.000000 -0.000000 0.000000 1.291985 -1.928548 -1.498088 14.800113 0.567468 3.865603 14.242554 -1.341734 -6.660648 19.631941 0.143927 -0.648243 50.927567 -0.808141 -6.273712 0.353029 -1.511150 -0.031940 20.222771 3.684307 2.316628 18.787249 0.000006 0.000000 10.751614 -0.479869 1.397904 -0.000001 0.000000 0.000000 3.273805 0.305948 -0.580110 21.486795 11.830363 2.266132 8.162917 0.000001 -0.000000 18.399054 -3.798980 -4.940567 0.000003 0.000000 -0.000000 8.004869 11.728538 -11.808144 -0.037301 -0.167771 14.490727 -11.131976 2.861201 -8.873305 1.650205 -1.937191 0.406920 -0.000000 -0.000000 0.000002 -4.691600 -0.696854 -15.559011 0.152627 0.540874 14.831217 8.036695 1.055392 -5.732261 -1.446636 1.016429 0.679277 -0.000000 -0.000001 -0.000001 
-37.256638 99.676201 69.617569 -1.873264 -27.279522 9.129223 0.736327 0.167859 1.071925 -0.210567 -0.245528 -4.305779 -0.406675 -1.846205 9.533997 0.949783 2.539725 4.302349 -0.184788 1.841345 -3.718825 2.878188 0.697935 -17.568810 0.000077 -0.000022 0.000006 0.014862 0.073991 0.032719 0.664909 -3.639440 -10.448561 -0.640916 3.761184 -10.458567 -10.205942 -4.114013 13.808448 -62.030300 -6.389473 -2.735832 0.478786 -21.399826 -0.251603 0.594732 -1.345219 -12.097143 -5.882099 9.861278 0.702590 -10.936859 -0.360576 7.156196 0.000002 8.774815 -0.000002 -16.083433 18.252485 6.180424 -1.844030 2.498502 -2.507276 -10.163589 4.678938 4.621103 -20.975994 -0.000005 0.000004 -21.226248 2.451690 -3.593992 0.000001 -0.000005 -0.000000 -1.362681 2.240797 -0.746323 -21.334887 0.584906 3.008319 -13.821197 -0.000005 0.000003 -23.887129 -0.249081 -0.839479 -60.729115 2.343751 -1.387253 -0.294023 1.679686 0.833257 -14.218194 0.093213 1.300580 -34.211998 -0.287569 0.967170 -20.033180 0.964534 1.212846 -0.000001 0.000001 -0.000001 -3.440385 0.788233 0.501654 -15.928167 -3.167308 2.999703 -6.338815 -0.000002 -0.000001 -18.123413 3.648175 -4.905661 -0.000005 -0.000000 -0.000002 5.625040 8.488909 12.866988 66.986382 5.187171 9.111553 0.172532 43.667515 0.224699 2.784708 -0.841765 -3.746780 2.243540 -5.255032 -3.180156 14.282877 -0.826593 6.952496 -0.000003 -12.690591 0.000000 16.183168 -18.018858 2.619553 1.665665 -1.955920 -2.878296 4.727794 -4.170582 4.993918 11.020513 0.000003 -0.000001 12.109035 -3.735708 -2.866779 -0.000000 -0.000000 -0.000000 1.291984 -1.928547 -1.498088 14.800111 0.567469 3.865603 14.242553 -1.341734 -6.660648 19.631939 0.143925 -0.648243 50.869030 -0.720061 -6.273628 0.353029 -1.511151 -0.031940 20.222771 3.684305 2.316628 18.787249 0.000004 0.000000 10.751612 -0.479867 1.397904 -0.000001 -0.000001 0.000000 3.273804 0.305947 -0.580110 21.486795 11.830362 2.266131 8.162917 0.000001 -0.000000 18.399052 -3.798979 -4.940566 0.000004 0.000002 -0.000001 7.742715 11.862595 -12.100589 -0.036833 -0.123521 14.405126 -10.971444 2.899132 -8.612396 1.648150 -1.938386 0.388102 -0.000000 -0.000000 0.000002 -4.882754 -0.746876 -15.717740 0.149876 0.520312 14.355793 8.166373 1.138194 -5.303172 -1.447278 1.004324 0.636059 0.000000 -0.000001 -0.000001 
-37.049812 99.710205 69.436638 -1.762771 -27.195364 9.176546 0.614878 0.147760 1.132546 -0.235867 -0.269139 -4.287260 -0.517356 -1.806145 9.484289 1.393606 2.377722 4.518591 -0.183938 1.825985 -3.721797 3.127434 0.542045 -17.479919 0.000077 -0.000021 0.000006 0.016983 0.073734 0.037519 0.664392 -3.622113 -10.452264 -0.634932 3.779535 -10.460973 -9.961400 -4.407470 13.577542 -61.110073 -7.110757 -3.463005 0.455447 -24.281328 -0.199518 1.823503 -2.685876 -12.657845 -5.882101 9.861278 0.702591 -10.936858 -0.360574 7.156199 -0.000000 8.774814 -0.000000 -15.988723 18.408489 6.240469 -1.844031 2.498502 -2.507275 -10.163589 4.678941 4.621104 -20.975994 -0.000003 -0.000000 -21.226254 2.451693 -3.593995 0.000000 -0.000006 0.000001 -1.362680 2.240797 -0.746322 -21.334892 0.584910 3.008320 -13.821197 -0.000001 0.000001 -23.887135 -0.249077 -0.839483 -60.503590 2.360524 -1.416606 -0.294026 1.679687 0.833256 -14.218190 0.093216 1.300576 -34.211998 -0.287562 0.967165 -20.033176 0.964535 1.212840 0.000000 0.000000 0.000001 -3.440385 0.788234 0.501654 -15.928167 -3.167305 2.999703 -6.338816 -0.000001 -0.000001 -18.123411 3.648177 -4.905664 -0.000003 -0.000000 -0.000001 5.495881 8.252691 12.901020 66.840240 4.780642 8.544654 0.417547 44.058838 0.277314 3.094285 -1.039270 -3.269529 2.243540 -5.255033 -3.180155 14.282875 -0.826593 6.952495 -0.000002 -12.690590 -0.000000 16.113386 -18.066551 2.644455 1.665665 -1.955921 -2.878296 4.727793 -4.170584 4.993918 11.020512 0.000002 -0.000002 12.109031 -3.735709 -2.866780 -0.000001 -0.000000 -0.000000 1.291984 -1.928548 -1.498088 14.800111 0.567469 3.865602 14.242554 -1.341734 -6.660649 19.631937 0.143927 -0.648245 50.803410 -0.666850 -6.289801 0.353028 -1.511148 -0.031940 20.222769 3.684306 2.316627 18.787245 0.000006 -0.000002 10.751609 -0.479868 1.397904 -0.000001 -0.000001 0.000000 3.273804 0.305947 -0.580110 21.486790 11.830360 2.266129 8.162915 0.000002 -0.000000 18.399050 -3.798979 -4.940567 0.000004 0.000000 -0.000001 7.496291 11.984909 -12.337061 -0.037806 -0.109441 14.265837 -10.854331 2.806583 -8.402194 1.647037 -1.933407 0.386114 -0.000000 -0.000000 0.000002 -5.049335 -0.925734 -15.806773 0.139920 0.505116 13.984168 8.232876 1.167401 -5.028254 -1.444697 0.992453 0.628105 -0.000000 -0.000000 -0.000001 
-36.915436 99.725792 69.197830 -1.645846 -27.014475 9.160913 0.491469 0.145716 1.154884 -0.263386 -0.311864 -4.274963 -0.631908 -1.828807 9.422544 1.770290 2.241054 4.660653 -0.181044 1.787810 -3.730378 3.314152 0.440113 -17.390261 0.000077 -0.000023 0.000006 0.022698 0.098267 0.046649 0.666117 -3.603983 -10.458738 -0.627340 3.790248 -10.468210 -9.685893 -4.713268 13.352768 -60.032017 -8.095390 -3.645794 0.386052 -26.791862 -0.113693 2.754861 -3.956086 -12.675567 -5.882100 9.861279 0.702589 -10.936858 -0.360575 7.156198 0.000000 8.774814 -0.000004 -15.949963 18.466728 6.237456 -1.844030 2.498502 -2.507276 -10.163589 4.678937 4.621105 -20.975994 -0.000004 0.000004 -21.226250 2.451693 -3.593992 0.000001 -0.000006 -0.000001 -1.362680 2.240797 -0.746323 -21.334887 0.584908 3.008321 -13.821194 -0.000003 0.000004 -23.887123 -0.249078 -0.839481 -60.259014 2.396210 -1.427314 -0.294024 1.679686 0.833256 -14.218190 0.093213 1.300581 -34.211998 -0.287566 0.967173 -20.033176 0.964534 1.212843 0.000000 0.000001 0.000000 -3.440385 0.788230 0.501657 -15.928165 -3.167307 2.999706 -6.338817 -0.000000 0.000002 -18.123411 3.648176 -4.905661 -0.000004 0.000000 -0.000001 5.394221 8.054945 12.922763 66.786835 4.425246 8.201227 0.539027 44.087833 0.262932 3.399554 -1.191566 -2.949106 2.243540 -5.255032 -3.180155 14.282875 -0.826594 6.952496 -0.000002 -12.690590 0.000000 16.093285 -18.097580 2.683582 1.665665 -1.955921 -2.878297 4.727794 -4.170585 4.993918 11.020512 0.000002 -0.000001 12.109033 -3.735710 -2.866780 -0.000000 0.000000 0.000000 1.291984 -1.928548 -1.498088 14.800113 0.567469 3.865605 14.242553 -1.341734 -6.660649 19.631937 0.143924 -0.648244 50.805534 -0.658337 -6.267860 0.353029 -1.511150 -0.031940 20.222771 3.684305 2.316628 18.787245 0.000004 -0.000001 10.751608 -0.479868 1.397904 -0.000001 -0.000001 -0.000000 3.273804 0.305946 -0.580110 21.486788 11.830361 2.266131 8.162917 0.000001 0.000000 18.399054 -3.798980 -4.940567 0.000003 0.000000 -0.000001 7.341343 12.063233 -12.557479 -0.046911 -0.110396 14.095139 -10.802732 2.690293 -8.158053 1.646030 -1.911165 0.368221 -0.000000 0.000000 0.000002 -5.204693 -1.147941 -15.900803 0.134842 0.488493 13.842736 8.251804 1.200722 -4.868565 -1.443483 0.981471 0.645958 -0.000000 -0.000001 -0.000001 
-36.813408 99.733742 68.974342 -1.542358 -26.805710 9.079666 0.366245 0.130906 1.159856 -0.285574 -0.354839 -4.274692 -0.744670 -1.867163 9.364616 2.070900 2.095364 4.712041 -0.196022 1.787643 -3.737427 3.448191 0.354088 -17.293272 0.000077 -0.000023 0.000006 0.022041 0.104575 0.045897 0.669232 -3.584774 -10.464243 -0.628045 3.802794 -10.473761 -9.416056 -5.013789 13.112787 -58.911087 -9.156494 -3.503123 0.278601 -28.829855 0.006700 3.410876 -5.121811 -12.421642 -5.882101 9.861278 0.702587 -10.936858 -0.360574 7.156196 0.000000 8.774815 0.000000 -15.931526 18.403738 6.197778 -1.844031 2.498502 -2.507275 -10.163589 4.678940 4.621102 -20.975992 -0.000004 -0.000001 -21.226250 2.451693 -3.593997 0.000002 -0.000006 -0.000000 -1.362680 2.240797 -0.746323 -21.334890 0.584907 3.008320 -13.821197 -0.000004 0.000000 -23.887125 -0.249079 -0.839483 -60.064735 2.425313 -1.470495 -0.294024 1.679687 0.833255 -14.218192 0.093215 1.300581 -34.212002 -0.287562 0.967171 -20.033182 0.964532 1.212842 -0.000000 -0.000000 -0.000001 -3.440386 0.788233 0.501655 -15.928167 -3.167306 2.999702 -6.338817 -0.000001 0.000001 -18.123415 3.648175 -4.905664 -0.000004 0.000001 -0.000003 5.305304 7.925995 12.896438 66.829781 4.067427 7.950060 0.572714 43.907413 0.201573 3.642039 -1.292107 -2.763192 2.243540 -5.255033 -3.180155 14.282877 -0.826594 6.952496 -0.000002 -12.690588 0.000000 16.098812 -18.092100 2.731109 1.665665 -1.955920 -2.878297 4.727794 -4.170583 4.993918 11.020511 0.000003 -0.000001 12.109033 -3.735709 -2.866780 -0.000001 0.000000 0.000000 1.291985 -1.928549 -1.498088 14.800113 0.567467 3.865602 14.242554 -1.341733 -6.660648 19.631941 0.143927 -0.648244 50.845551 -0.641614 -6.214653 0.353028 -1.511149 -0.031940 20.222767 3.684306 2.316628 18.787245 0.000007 -0.000000 10.751611 -0.479868 1.397904 -0.000001 -0.000001 0.000000 3.273804 0.305947 -0.580110 21.486788 11.830361 2.266130 8.162916 0.000003 0.000000 18.399054 -3.798979 -4.940567 0.000004 0.000000 -0.000001 7.221666 12.101500 -12.674610 -0.045104 -0.127395 13.944666 -10.708714 2.579604 -7.953637 1.645270 -1.888198 0.367268 0.000000 0.000000 0.000002 -5.187339 -1.323339 -15.949388 0.119311 0.462773 13.775553 8.114661 1.228721 -4.857854 -1.442449 0.958320 0.654181 -0.000000 -0.000000 -0.000001 
-36.642559 99.741699 68.784439 -1.454724 -26.582479 8.947081 0.238156 0.115914 1.154315 -0.310322 -0.398360 -4.273801 -0.856008 -1.923654 9.301163 2.321419 1.964321 4.667477 -0.212964 1.738844 -3.732816 3.525681 0.317287 -17.160740 0.000077 -0.000023 0.000006 0.021652 0.098433 0.040296 0.673077 -3.595657 -10.467756 -0.633551 3.791710 -10.478395 -9.158279 -5.292637 12.842956 -57.827042 -10.216258 -3.128013 0.262273 -30.445333 0.086878 3.839971 -6.215461 -12.034813 -5.882101 9.861278 0.702590 -10.936859 -0.360575 7.156197 0.000001 8.774814 -0.000002 -15.958879 18.279259 6.093917 -1.844031 2.498503 -2.507276 -10.163589 4.678940 4.621105 -20.975998 -0.000004 0.000003 -21.226250 2.451692 -3.593992 0.000001 -0.000007 -0.000003 -1.362679 2.240796 -0.746321 -21.334892 0.584906 3.008322 -13.821195 -0.000004 0.000001 -23.887131 -0.249079 -0.839478 -59.899021 2.444063 -1.507535 -0.294024 1.679686 0.833255 -14.218192 0.093213 1.300580 -34.211998 -0.287563 0.967173 -20.033176 0.964535 1.212845 0.000001 -0.000001 -0.000000 -3.440386 0.788233 0.501655 -15.928165 -3.167308 2.999705 -6.338817 -0.000001 0.000003 -18.123413 3.648176 -4.905658 -0.000004 0.000001 -0.000002 5.239997 7.852034 12.890445 66.950066 3.758928 7.639785 0.587981 43.686371 0.163441 3.820098 -1.343009 -2.705980 2.243540 -5.255032 -3.180156 14.282878 -0.826593 6.952497 -0.000003 -12.690590 0.000001 16.110552 -18.041874 2.773404 1.665665 -1.955919 -2.878296 4.727794 -4.170583 4.993918 11.020511 0.000003 -0.000001 12.109033 -3.735709 -2.866779 -0.000000 0.000000 0.000000 1.291985 -1.928548 -1.498088 14.800114 0.567468 3.865604 14.242554 -1.341733 -6.660648 19.631937 0.143927 -0.648243 50.839569 -0.639903 -6.162999 0.353029 -1.511148 -0.031940 20.222769 3.684306 2.316628 18.787245 0.000004 -0.000000 10.751615 -0.479866 1.397904 -0.000002 -0.000001 0.000000 3.273804 0.305947 -0.580110 21.486792 11.830361 2.266130 8.162916 0.000003 0.000000 18.399052 -3.798980 -4.940567 0.000004 0.000000 -0.000001 7.078253 12.074438 -12.797030 -0.030557 -0.128175 13.930931 -10.513066 2.455222 -7.799283 1.642640 -1.881096 0.374901 -0.000000 -0.000000 0.000002 -5.289999 -1.492689 -15.917154 0.116156 0.475006 13.677575 8.116556 1.190797 -4.738981 -1.442799 0.935442 0.603201 0.000000 0.000000 -0.000001 
-36.478405 99.763176 68.640610 -1.391933 -26.393324 8.769677 0.111326 0.113628 1.141383 -0.330833 -0.454850 -4.306693 -0.947571 -1.978494 9.247982 2.515825 1.862948 4.568610 -0.251589 1.683772 -3.732689 3.545928 0.247181 -16.995874 0.000077 -0.000023 0.000006 0.020126 0.080035 0.031166 0.679952 -3.624713 -10.485505 -0.642856 3.782823 -10.499543 -8.958176 -5.543328 12.633709 -56.826626 -11.180972 -2.637929 0.289102 -31.489885 0.118802 4.154503 -7.148494 -11.488732 -5.882101 9.861278 0.702591 -10.936858 -0.360574 7.156197 0.000001 8.774814 -0.000001 -15.973955 18.143547 6.047697 -1.844029 2.498500 -2.507277 -10.163589 4.678938 4.621105 -20.975992 -0.000003 0.000002 -21.226250 2.451695 -3.593992 0.000003 -0.000007 0.000001 -1.362681 2.240798 -0.746322 -21.334892 0.584910 3.008325 -13.821195 -0.000002 0.000002 -23.887133 -0.249077 -0.839481 -59.850719 2.472044 -1.517845 -0.294025 1.679685 0.833256 -14.218189 0.093214 1.300579 -34.211998 -0.287558 0.967171 -20.033176 0.964537 1.212843 0.000000 0.000000 0.000002 -3.440384 0.788233 0.501653 -15.928167 -3.167307 2.999706 -6.338817 -0.000002 0.000001 -18.123413 3.648175 -4.905662 -0.000003 0.000001 -0.000001 5.232611 7.827457 12.931950 67.062592 3.516998 7.299906 0.609100 43.457443 0.128480 3.904267 -1.321153 -2.823228 2.243540 -5.255032 -3.180155 14.282877 -0.826593 6.952496 -0.000003 -12.690587 0.000001 16.096733 -17.962601 2.830578 1.665665 -1.955919 -2.878296 4.727794 -4.170582 4.993919 11.020512 0.000004 -0.000001 12.109031 -3.735708 -2.866778 -0.000001 0.000000 0.000000 1.291984 -1.928547 -1.498088 14.800114 0.567467 3.865604 14.242554 -1.341733 -6.660648 19.631939 0.143926 -0.648243 50.851368 -0.635391 -6.091450 0.353029 -1.511149 -0.031940 20.222771 3.684306 2.316628 18.787247 0.000005 0.000000 10.751610 -0.479867 1.397905 -0.000001 -0.000001 0.000000 3.273804 0.305947 -0.580110 21.486792 11.830362 2.266131 8.162916 0.000002 0.000000 18.399054 -3.798978 -4.940566 0.000004 -0.000001 -0.000002 6.969489 12.033039 -12.830380 -0.027485 -0.146042 13.948226 -10.302101 2.366342 -7.625213 1.640429 -1.884223 0.408484 0.000000 -0.000000 0.000002 -5.390759 -1.612883 -15.833035 0.108902 0.455333 13.646678 8.136859 1.162877 -4.552183 -1.444238 0.912228 0.533704 0.000000 0.000000 -0.000001 
-36.397137 99.761475 68.533394 -1.340403 -26.242531 8.537952 -0.001256 0.112362 1.103662 -0.355924 -0.491973 -4.323199 -0.995839 -2.047703 9.179094 2.627474 1.807226 4.471609 -0.295869 1.601326 -3.731499 3.502399 0.170662 -16.825422 0.000077 -0.000023 0.000006 0.017291 0.073963 0.026948 0.685178 -3.619029 -10.497061 -0.654359 3.777628 -10.515821 -8.816083 -5.808945 12.495196 -55.970242 -11.912207 -2.025154 0.334778 -31.888939 0.140459 4.490777 -7.852495 -10.889977 -5.882102 9.861279 0.702588 -10.936858 -0.360575 7.156199 0.000000 8.774813 -0.000001 -15.978958 18.096361 6.042427 -1.844031 2.498501 -2.507276 -10.163590 4.678938 4.621104 -20.975996 -0.000002 0.000004 -21.226250 2.451695 -3.593993 0.000001 -0.000006 -0.000002 -1.362678 2.240795 -0.746325 -21.334890 0.584908 3.008321 -13.821197 -0.000002 0.000001 -23.887129 -0.249077 -0.839481 -59.835110 2.509228 -1.535889 -0.294023 1.679686 0.833255 -14.218194 0.093213 1.300583 -34.211998 -0.287561 0.967174 -20.033180 0.964535 1.212845 -0.000000 -0.000000 0.000000 -3.440385 0.788232 0.501655 -15.928169 -3.167305 2.999705 -6.338817 -0.000002 0.000003 -18.123415 3.648178 -4.905662 -0.000003 0.000002 -0.000002 5.263788 7.774346 12.996863 67.194435 3.343624 6.995573 0.585087 43.302784 0.095064 3.937960 -1.256513 -3.120420 2.243540 -5.255032 -3.180155 14.282875 -0.826593 6.952495 -0.000003 -12.690592 -0.000000 16.103460 -17.875046 2.858313 1.665664 -1.955921 -2.878296 4.727793 -4.170584 4.993918 11.020510 0.000003 -0.000001 12.109032 -3.735710 -2.866780 -0.000000 0.000000 0.000000 1.291985 -1.928549 -1.498088 14.800111 0.567469 3.865602 14.242553 -1.341735 -6.660648 19.631939 0.143927 -0.648243 50.870674 -0.625353 -6.022096 0.353028 -1.511150 -0.031940 20.222771 3.684308 2.316627 18.787245 0.000005 -0.000000 10.751609 -0.479866 1.397904 -0.000001 -0.000001 0.000000 3.273804 0.305947 -0.580110 21.486790 11.830365 2.266130 8.162916 0.000003 -0.000000 18.399048 -3.798977 -4.940567 0.000004 -0.000001 -0.000002 6.933478 11.945025 -12.723299 -0.018887 -0.155236 13.937126 -10.166974 2.302536 -7.547780 1.640834 -1.890920 0.458691 0.000000 -0.000000 0.000002 -5.442995 -1.723550 -15.713209 0.108117 0.477825 13.754528 8.122334 1.166752 -4.521653 -1.444718 0.894406 0.479585 -0.000000 -0.000000 -0.000001 
-36.346684 99.745628 68.380562 -1.287343 -26.106369 8.262308 -0.089406 0.094078 1.050491 -0.382098 -0.515525 -4.357869 -1.024703 -2.106064 9.138331 2.681207 1.761021 4.412370 -0.343054 1.538385 -3.715571 3.407302 0.089131 -16.718822 0.000077 -0.000024 0.000006 0.017479 0.080088 0.029486 0.690296 -3.630319 -10.521153 -0.657976 3.788382 -10.541992 -8.734557 -6.038410 12.464703 -55.253536 -12.475064 -1.389908 0.353215 -31.688745 0.134448 4.913240 -8.279337 -10.237700 -5.882101 9.861279 0.702588 -10.936858 -0.360574 7.156198 -0.000000 8.774813 -0.000003 -15.971833 18.127382 6.053155 -1.844031 2.498502 -2.507276 -10.163589 4.678940 4.621105 -20.975992 -0.000003 0.000001 -21.226254 2.451692 -3.593994 0.000001 -0.000006 -0.000002 -1.362679 2.240796 -0.746323 -21.334888 0.584907 3.008321 -13.821194 -0.000003 0.000002 -23.887129 -0.249081 -0.839478 -59.889465 2.552304 -1.561183 -0.294025 1.679687 0.833255 -14.218192 0.093215 1.300576 -34.211998 -0.287564 0.967170 -20.033176 0.964534 1.212840 0.000001 -0.000000 0.000001 -3.440385 0.788233 0.501654 -15.928167 -3.167305 2.999704 -6.338817 -0.000002 0.000002 -18.123413 3.648177 -4.905660 -0.000003 0.000002 -0.000004 5.302965 7.694210 13.070546 67.274300 3.213657 6.759572 0.604950 43.260975 0.079538 3.927287 -1.138572 -3.563010 2.243540 -5.255032 -3.180155 14.282877 -0.826593 6.952495 -0.000003 -12.690592 0.000000 16.111691 -17.847399 2.874061 1.665665 -1.955920 -2.878296 4.727792 -4.170583 4.993918 11.020509 0.000004 -0.000002 12.109030 -3.735710 -2.866780 -0.000000 -0.000000 0.000000 1.291984 -1.928548 -1.498088 14.800114 0.567470 3.865602 14.242553 -1.341734 -6.660649 19.631939 0.143927 -0.648243 50.909836 -0.619483 -5.963782 0.353029 -1.511149 -0.031940 20.222767 3.684309 2.316626 18.787243 0.000007 -0.000001 10.751611 -0.479868 1.397904 -0.000001 -0.000001 0.000001 3.273804 0.305946 -0.580111 21.486792 11.830366 2.266130 8.162917 0.000003 -0.000001 18.399052 -3.798978 -4.940568 0.000003 0.000000 -0.000001 6.940294 11.864381 -12.623481 -0.019112 -0.149513 14.013185 -10.094140 2.239257 -7.490107 1.641971 -1.894478 0.506151 0.000000 -0.000000 0.000002 -5.485370 -1.749783 -15.663757 0.108822 0.445351 14.058777 8.101349 1.171822 -4.561758 -1.444812 0.900894 0.429445 -0.000000 -0.000000 -0.000001 
-36.249588 99.709877 68.104240 -1.219094 -25.985785 7.921237 -0.150391 0.096163 1.001131 -0.405232 -0.548948 -4.382049 -1.063710 -2.172786 9.141572 2.655074 1.758536 4.383986 -0.359619 1.467320 -3.714277 3.280789 0.008501 -16.675280 0.000077 -0.000024 0.000006 0.016431 0.073755 0.034650 0.689283 -3.645866 -10.533257 -0.659938 3.783650 -10.552042 -8.743629 -6.186084 12.450274 -54.682606 -12.786282 -0.686645 0.320804 -31.021143 0.193156 5.406994 -8.472638 -9.720539 -5.882102 9.861279 0.702588 -10.936861 -0.360575 7.156198 0.000001 8.774814 0.000000 -15.987119 18.203966 6.073103 -1.844032 2.498503 -2.507278 -10.163592 4.678941 4.621103 -20.976000 -0.000004 0.000004 -21.226257 2.451691 -3.593994 0.000000 -0.000006 -0.000002 -1.362680 2.240795 -0.746322 -21.334890 0.584907 3.008319 -13.821197 -0.000004 0.000001 -23.887133 -0.249079 -0.839480 -59.943764 2.597715 -1.578934 -0.294024 1.679686 0.833255 -14.218194 0.093214 1.300578 -34.212006 -0.287567 0.967168 -20.033180 0.964533 1.212840 0.000001 -0.000000 -0.000000 -3.440385 0.788232 0.501654 -15.928169 -3.167306 2.999701 -6.338817 -0.000001 0.000001 -18.123413 3.648175 -4.905660 -0.000004 0.000001 -0.000003 5.349658 7.612812 13.111957 67.340736 3.137097 6.602616 0.665183 43.280231 0.119501 3.874776 -0.990314 -4.004560 2.243540 -5.255033 -3.180155 14.282878 -0.826592 6.952496 -0.000003 -12.690590 0.000000 16.142204 -17.835484 2.882704 1.665666 -1.955919 -2.878296 4.727793 -4.170583 4.993917 11.020513 0.000003 -0.000001 12.109034 -3.735709 -2.866780 -0.000000 0.000000 0.000000 1.291985 -1.928548 -1.498088 14.800113 0.567468 3.865602 14.242553 -1.341733 -6.660648 19.631941 0.143926 -0.648243 50.924786 -0.590100 -5.914145 0.353028 -1.511150 -0.031941 20.222771 3.684307 2.316627 18.787247 0.000006 -0.000001 10.751612 -0.479867 1.397904 -0.000001 -0.000001 0.000000 3.273804 0.305947 -0.580110 21.486794 11.830364 2.266129 8.162916 0.000002 -0.000000 18.399054 -3.798977 -4.940568 0.000003 -0.000001 -0.000001 6.940779 11.826556 -12.659698 -0.031521 -0.138142 14.325558 -10.031091 2.135123 -7.451014 1.641785 -1.904693 0.562993 0.000000 -0.000000 0.000002 -5.542933 -1.663195 -15.714970 0.106816 0.431517 14.512005 8.087624 1.090863 -4.639574 -1.445685 0.913542 0.391661 0.000000 -0.000001 -0.000001 
-36.154442 99.671791 67.780617 -1.124248 -25.870182 7.542531 -0.182619 0.087235 0.951352 -0.425426 -0.586162 -4.422671 -1.108567 -2.185363 9.181262 2.571850 1.775358 4.390505 -0.387374 1.387416 -3.703382 3.106189 -0.123616 -16.624693 0.000077 -0.000022 0.000006 0.016483 0.067390 0.040044 0.686037 -3.653856 -10.546884 -0.655366 3.779479 -10.560549 -8.856022 -6.271153 12.458329 -54.243870 -12.908916 0.029985 0.236069 -29.996004 0.200427 5.864254 -8.430799 -9.309126 -5.882101 9.861279 0.702590 -10.936858 -0.360573 7.156196 -0.000000 8.774815 -0.000001 -15.981612 18.229048 6.081266 -1.844030 2.498503 -2.507278 -10.163589 4.678938 4.621105 -20.975992 -0.000002 0.000003 -21.226248 2.451695 -3.593995 -0.000000 -0.000006 -0.000003 -1.362679 2.240797 -0.746323 -21.334887 0.584909 3.008320 -13.821192 -0.000001 0.000001 -23.887131 -0.249076 -0.839480 -60.004635 2.594792 -1.561492 -0.294026 1.679689 0.833255 -14.218190 0.093214 1.300581 -34.211998 -0.287561 0.967169 -20.033175 0.964535 1.212840 0.000003 -0.000000 0.000001 -3.440384 0.788233 0.501654 -15.928165 -3.167305 2.999705 -6.338817 0.000000 0.000001 -18.123411 3.648180 -4.905663 -0.000003 0.000002 -0.000003 5.388708 7.503487 13.124715 67.368027 3.058521 6.514648 0.764687 43.359596 0.177014 3.781765 -0.752841 -4.348349 2.243540 -5.255032 -3.180154 14.282878 -0.826594 6.952496 -0.000002 -12.690591 -0.000000 16.175627 -17.835714 2.858137 1.665665 -1.955920 -2.878297 4.727794 -4.170583 4.993918 11.020513 0.000002 -0.000001 12.109034 -3.735710 -2.866779 -0.000001 0.000000 0.000000 1.291985 -1.928549 -1.498088 14.800114 0.567467 3.865603 14.242554 -1.341735 -6.660648 19.631939 0.143925 -0.648243 50.859650 -0.588600 -5.924179 0.353028 -1.511149 -0.031940 20.222771 3.684306 2.316628 18.787245 0.000003 -0.000000 10.751609 -0.479868 1.397903 -0.000002 -0.000002 0.000000 3.273804 0.305946 -0.580110 21.486795 11.830361 2.266131 8.162917 0.000001 -0.000001 18.399054 -3.798979 -4.940568 0.000003 0.000001 -0.000001 6.926167 11.822373 -12.759458 -0.044316 -0.142478 14.768772 -10.006321 2.002905 -7.364907 1.641138 -1.897213 0.618004 0.000000 -0.000000 0.000002 -5.624922 -1.482393 -15.829759 0.105937 0.404551 15.093879 8.086234 0.936166 -4.728468 -1.448067 0.938392 0.395758 0.000000 -0.000001 -0.000001 
-36.026936 99.615746 67.319122 -1.013033 -25.745043 7.139476 -0.177766 0.055559 0.909801 -0.441120 -0.576547 -4.436621 -1.160416 -2.209528 9.191910 2.403113 1.848048 4.416913 -0.407449 1.276306 -3.700460 2.893203 -0.223951 -16.532164 0.000077 -0.000023 0.000006 0.015001 0.067351 0.047623 0.675124 -3.653215 -10.541989 -0.649093 3.777779 -10.556682 -9.052913 -6.226408 12.475231 -53.948029 -12.862877 0.727015 0.116108 -28.746117 0.230881 6.134817 -8.175409 -9.151981 -5.882102 9.861280 0.702590 -10.936858 -0.360573 7.156199 0.000000 8.774815 0.000000 -15.996198 18.254066 6.089354 -1.844032 2.498504 -2.507275 -10.163589 4.678938 4.621103 -20.975992 -0.000003 0.000000 -21.226254 2.451692 -3.593997 0.000000 -0.000005 -0.000001 -1.362681 2.240798 -0.746323 -21.334894 0.584908 3.008319 -13.821195 -0.000002 0.000000 -23.887129 -0.249077 -0.839483 -60.060070 2.536791 -1.523498 -0.294025 1.679688 0.833254 -14.218190 0.093214 1.300580 -34.212002 -0.287562 0.967168 -20.033176 0.964534 1.212841 0.000002 -0.000000 0.000002 -3.440384 0.788232 0.501654 -15.928169 -3.167307 2.999703 -6.338817 -0.000001 0.000001 -18.123415 3.648176 -4.905663 -0.000003 0.000000 -0.000003 5.399796 7.413675 13.099375 67.405136 2.963190 6.456689 0.816561 43.458382 0.225708 3.648701 -0.508487 -4.633977 2.243539 -5.255033 -3.180156 14.282875 -0.826594 6.952495 -0.000002 -12.690591 -0.000000 16.207357 -17.779783 2.820559 1.665665 -1.955919 -2.878297 4.727793 -4.170584 4.993918 11.020509 0.000002 -0.000001 12.109028 -3.735710 -2.866780 -0.000001 -0.000000 0.000000 1.291984 -1.928549 -1.498088 14.800107 0.567468 3.865603 14.242553 -1.341736 -6.660649 19.631937 0.143926 -0.648243 50.753963 -0.567283 -5.908828 0.353028 -1.511149 -0.031940 20.222765 3.684304 2.316628 18.787245 0.000003 0.000000 10.751610 -0.479870 1.397903 -0.000001 0.000000 0.000000 3.273804 0.305947 -0.580110 21.486790 11.830365 2.266131 8.162915 0.000003 0.000000 18.399052 -3.798977 -4.940567 0.000004 0.000001 -0.000001 6.901236 11.828469 -12.942379 -0.056940 -0.137814 15.220698 -10.009493 1.880246 -7.264306 1.637969 -1.896298 0.628455 0.000000 -0.000000 0.000002 -5.697961 -1.297243 -16.048700 0.110304 0.415756 15.738905 8.067288 0.697387 -4.832678 -1.448600 0.950828 0.408762 -0.000000 0.000001 -0.000001 
-35.879238 99.545845 66.824051 -0.885323 -25.648293 6.741041 -0.147094 0.050074 0.872768 -0.441079 -0.569229 -4.440937 -1.214972 -2.207294 9.159279 2.160825 1.940177 4.434007 -0.436464 1.150234 -3.694804 2.642693 -0.285968 -16.333273 0.000077 -0.000024 0.000006 0.013162 0.067569 0.048391 0.670660 -3.647916 -10.534804 -0.647039 3.778893 -10.555078 -9.335283 -6.070566 12.490638 -53.819588 -12.656862 1.352524 -0.015837 -27.316477 0.278579 6.175272 -7.700243 -9.208467 -5.882100 9.861278 0.702590 -10.936859 -0.360575 7.156199 0.000001 8.774815 -0.000002 -15.972315 18.296137 6.077605 -1.844033 2.498503 -2.507275 -10.163589 4.678938 4.621105 -20.975994 -0.000004 0.000003 -21.226248 2.451692 -3.593992 0.000002 -0.000005 -0.000001 -1.362682 2.240796 -0.746322 -21.334890 0.584908 3.008319 -13.821194 -0.000003 0.000001 -23.887129 -0.249079 -0.839481 -60.066635 2.523726 -1.496473 -0.294026 1.679686 0.833257 -14.218194 0.093214 1.300582 -34.212002 -0.287565 0.967172 -20.033180 0.964534 1.212842 -0.000001 -0.000001 0.000001 -3.440383 0.788231 0.501655 -15.928167 -3.167306 2.999705 -6.338816 -0.000001 0.000000 -18.123415 3.648174 -4.905660 -0.000003 0.000000 -0.000003 5.390250 7.371879 13.022542 67.429169 2.785560 6.378485 0.809047 43.638596 0.260779 3.435114 -0.262827 -4.908542 2.243539 -5.255032 -3.180155 14.282877 -0.826593 6.952495 -0.000003 -12.690591 0.000001 16.197643 -17.714289 2.775911 1.665665 -1.955919 -2.878298 4.727793 -4.170583 4.993918 11.020512 0.000004 -0.000001 12.109031 -3.735708 -2.866779 -0.000001 -0.000000 0.000000 1.291984 -1.928548 -1.498088 14.800111 0.567467 3.865602 14.242554 -1.341734 -6.660649 19.631939 0.143927 -0.648244 50.644848 -0.532039 -5.919579 0.353028 -1.511150 -0.031940 20.222767 3.684305 2.316627 18.787249 0.000006 -0.000001 10.751613 -0.479867 1.397903 0.000000 0.000000 0.000000 3.273804 0.305948 -0.580111 21.486794 11.830363 2.266130 8.162916 0.000003 -0.000000 18.399054 -3.798977 -4.940568 0.000003 0.000001 -0.000001 6.836219 11.864779 -13.146899 -0.062319 -0.167997 15.643752 -10.042060 1.783803 -7.193142 1.635511 -1.896371 0.631414 -0.000000 0.000000 0.000002 -5.793941 -1.077805 -16.327513 0.110723 0.417116 16.412651 8.052513 0.437012 -4.956529 -1.449612 0.956767 0.446925 0.000000 0.000000 -0.000001 
-35.795940 99.489532 66.295807 -0.763494 -25.542715 6.381155 -0.086374 0.052006 0.844459 -0.428277 -0.553681 -4.449802 -1.260920 -2.196855 9.081564 1.872017 2.054378 4.461958 -0.442462 0.996676 -3.680951 2.377337 -0.289113 -16.043329 0.000077 -0.000023 0.000006 0.011496 0.067882 0.044215 0.669314 -3.658349 -10.537910 -0.648292 3.775274 -10.555558 -9.634050 -5.869395 12.519010 -53.871136 -12.302456 1.832333 -0.140011 -25.867384 0.291804 5.955896 -7.091022 -9.331095 -5.882099 9.861278 0.702591 -10.936857 -0.360576 7.156198 0.000001 8.774814 -0.000002 -15.948462 18.338894 6.089023 -1.844030 2.498503 -2.507278 -10.163589 4.678940 4.621104 -20.975994 -0.000002 0.000002 -21.226254 2.451693 -3.593993 0.000001 -0.000005 -0.000000 -1.362681 2.240797 -0.746321 -21.334892 0.584908 3.008322 -13.821197 -0.000004 0.000002 -23.887131 -0.249079 -0.839480 -60.102348 2.501502 -1.473576 -0.294024 1.679686 0.833255 -14.218190 0.093213 1.300579 -34.211998 -0.287560 0.967172 -20.033175 0.964534 1.212840 0.000000 -0.000001 -0.000001 -3.440384 0.788232 0.501657 -15.928165 -3.167306 2.999704 -6.338815 -0.000002 0.000002 -18.123413 3.648178 -4.905662 -0.000004 0.000000 -0.000002 5.377303 7.364687 12.934149 67.364876 2.589498 6.212078 0.761580 43.895302 0.288526 3.156677 -0.082480 -5.230423 2.243540 -5.255031 -3.180156 14.282875 -0.826593 6.952497 -0.000003 -12.690590 0.000001 16.174894 -17.670887 2.745824 1.665665 -1.955920 -2.878297 4.727793 -4.170583 4.993919 11.020511 0.000003 -0.000001 12.109033 -3.735709 -2.866780 -0.000001 0.000000 0.000000 1.291984 -1.928547 -1.498088 14.800111 0.567469 3.865603 14.242553 -1.341732 -6.660648 19.631937 0.143925 -0.648244 50.628170 -0.525299 -5.924431 0.353029 -1.511150 -0.031940 20.222765 3.684304 2.316628 18.787245 0.000004 0.000000 10.751610 -0.479869 1.397904 0.000000 -0.000002 -0.000001 3.273804 0.305948 -0.580110 21.486790 11.830365 2.266131 8.162916 0.000002 0.000001 18.399052 -3.798979 -4.940565 0.000003 0.000001 -0.000001 6.817837 11.911074 -13.297796 -0.073283 -0.194869 15.870075 -10.129105 1.712550 -7.012279 1.633596 -1.893373 0.624081 0.000000 -0.000000 0.000002 -5.824123 -0.968273 -16.641251 0.115322 0.432607 17.075529 7.962024 0.243985 -5.019235 -1.448878 0.969184 0.503165 -0.000000 -0.000001 -0.000001 
-35.755859 99.433098 65.807739 -0.639692 -25.433451 6.027956 -0.009303 0.061039 0.821283 -0.410904 -0.499830 -4.455472 -1.289505 -2.202594 8.966618 1.554122 2.161291 4.502692 -0.457069 0.880357 -3.669595 2.088682 -0.261172 -15.680541 0.000077 -0.000022 0.000006 0.008610 0.074222 0.046038 0.665711 -3.653851 -10.534346 -0.653801 3.791151 -10.559322 -9.961335 -5.620432 12.594999 -54.025257 -11.888602 2.186790 -0.222856 -24.407536 0.281761 5.568185 -6.366459 -9.492308 -5.882102 9.861278 0.702590 -10.936860 -0.360574 7.156196 0.000000 8.774815 -0.000001 -15.888411 18.377005 6.113713 -1.844031 2.498502 -2.507278 -10.163590 4.678941 4.621103 -20.975996 -0.000003 0.000001 -21.226255 2.451694 -3.593994 0.000002 -0.000005 -0.000000 -1.362680 2.240795 -0.746323 -21.334892 0.584909 3.008319 -13.821197 -0.000003 0.000001 -23.887131 -0.249078 -0.839481 -60.098423 2.499642 -1.464358 -0.294024 1.679685 0.833254 -14.218195 0.093217 1.300579 -34.212002 -0.287561 0.967164 -20.033182 0.964534 1.212839 0.000001 0.000000 -0.000001 -3.440386 0.788232 0.501655 -15.928167 -3.167307 2.999704 -6.338816 -0.000002 0.000000 -18.123415 3.648175 -4.905663 -0.000004 -0.000001 -0.000001 5.417355 7.395281 12.896639 67.226234 2.387232 5.927698 0.630450 44.210995 0.293228 2.859208 0.049009 -5.551989 2.243540 -5.255030 -3.180155 14.282877 -0.826592 6.952497 -0.000003 -12.690588 0.000000 16.141493 -17.650133 2.732356 1.665665 -1.955920 -2.878296 4.727793 -4.170584 4.993918 11.020510 0.000004 -0.000001 12.109031 -3.735709 -2.866779 0.000001 -0.000000 -0.000000 1.291985 -1.928550 -1.498088 14.800113 0.567469 3.865604 14.242551 -1.341733 -6.660648 19.631937 0.143925 -0.648243 50.554638 -0.546420 -5.933290 0.353029 -1.511149 -0.031940 20.222767 3.684305 2.316629 18.787241 0.000003 0.000001 10.751608 -0.479869 1.397904 0.000000 -0.000002 -0.000001 3.273804 0.305948 -0.580111 21.486790 11.830360 2.266131 8.162916 0.000002 0.000001 18.399052 -3.798978 -4.940566 0.000004 -0.000001 -0.000001 6.815873 11.938357 -13.332440 -0.078720 -0.207383 15.918407 -10.247601 1.682701 -6.835498 1.632924 -1.917484 0.614490 0.000000 0.000000 0.000002 -5.837806 -0.911141 -16.866535 0.113237 0.428332 17.617805 7.830608 0.086315 -5.108303 -1.448968 0.981649 0.565073 0.000000 0.000000 -0.000001 
-35.735149 99.386253 65.267265 -0.517026 -25.323458 5.705053 0.071549 0.069799 0.781290 -0.386015 -0.469765 -4.470679 -1.297558 -2.203518 8.864491 1.222011 2.293874 4.562017 -0.473354 0.815728 -3.666174 1.780415 -0.209995 -15.325541 0.000077 -0.000022 0.000006 0.005648 0.074693 0.047451 0.666611 -3.660495 -10.544567 -0.660256 3.804039 -10.569062 -10.300260 -5.337972 12.672717 -54.168980 -11.438616 2.255658 -0.333804 -23.039946 0.303263 5.153937 -5.626738 -9.619401 -5.882100 9.861279 0.702590 -10.936858 -0.360576 7.156197 0.000000 8.774813 0.000000 -15.876837 18.391943 6.135997 -1.844031 2.498502 -2.507275 -10.163589 4.678939 4.621104 -20.975992 -0.000003 0.000003 -21.226250 2.451695 -3.593995 0.000003 -0.000004 -0.000002 -1.362681 2.240797 -0.746323 -21.334892 0.584908 3.008318 -13.821194 -0.000001 0.000000 -23.887129 -0.249080 -0.839481 -60.132988 2.488673 -1.413239 -0.294026 1.679687 0.833255 -14.218192 0.093214 1.300581 -34.212006 -0.287562 0.967170 -20.033178 0.964535 1.212841 -0.000001 0.000000 0.000001 -3.440385 0.788231 0.501654 -15.928165 -3.167306 2.999704 -6.338815 -0.000001 0.000000 -18.123413 3.648178 -4.905660 -0.000005 0.000000 -0.000002 5.502987 7.441415 12.854321 66.962708 2.188858 5.579438 0.491100 44.615833 0.260553 2.557548 0.161606 -5.914047 2.243539 -5.255033 -3.180155 14.282875 -0.826593 6.952496 -0.000002 -12.690593 -0.000001 16.118450 -17.650803 2.726698 1.665664 -1.955919 -2.878297 4.727793 -4.170585 4.993918 11.020512 0.000004 -0.000001 12.109030 -3.735710 -2.866779 -0.000001 0.000000 -0.000000 1.291984 -1.928548 -1.498088 14.800111 0.567468 3.865603 14.242553 -1.341735 -6.660648 19.631939 0.143926 -0.648243 50.534653 -0.580144 -5.949157 0.353029 -1.511151 -0.031940 20.222765 3.684306 2.316628 18.787245 0.000004 -0.000000 10.751610 -0.479869 1.397904 -0.000000 -0.000002 -0.000001 3.273805 0.305947 -0.580110 21.486790 11.830362 2.266132 8.162916 0.000001 -0.000000 18.399052 -3.798980 -4.940567 0.000004 0.000001 -0.000001 6.823214 11.981491 -13.356892 -0.080261 -0.228633 15.821056 -10.386493 1.623452 -6.568635 1.632652 -1.921940 0.603673 -0.000000 0.000000 0.000002 -5.818690 -0.919553 -17.105461 0.111268 0.416402 18.066088 7.630175 -0.016188 -5.131604 -1.447976 0.969904 0.632368 0.000000 0.000000 -0.000001 
-35.788918 99.355217 64.613235 -0.398888 -25.201752 5.430326 0.148486 0.077878 0.714897 -0.356189 -0.446613 -4.510012 -1.266346 -2.193746 8.775143 0.880816 2.421008 4.614657 -0.501494 0.833338 -3.680981 1.461906 -0.139988 -14.939541 0.000077 -0.000022 0.000006 0.002608 0.081345 0.047377 0.665490 -3.662869 -10.567980 -0.663737 3.803269 -10.593906 -10.642069 -5.043798 12.801724 -54.295517 -11.030420 1.967551 -0.408592 -21.808399 0.286061 4.726359 -4.898210 -9.791448 -5.882100 9.861278 0.702591 -10.936857 -0.360574 7.156197 0.000000 8.774813 -0.000001 -15.877703 18.390099 6.158113 -1.844030 2.498501 -2.507275 -10.163589 4.678940 4.621106 -20.975994 -0.000004 0.000003 -21.226254 2.451693 -3.593993 0.000001 -0.000005 -0.000000 -1.362680 2.240797 -0.746322 -21.334892 0.584908 3.008321 -13.821194 -0.000002 0.000003 -23.887123 -0.249077 -0.839480 -60.182304 2.473010 -1.366110 -0.294025 1.679686 0.833255 -14.218190 0.093215 1.300581 -34.211998 -0.287564 0.967169 -20.033178 0.964535 1.212845 0.000000 0.000000 -0.000001 -3.440384 0.788231 0.501656 -15.928167 -3.167307 2.999704 -6.338816 -0.000002 0.000002 -18.123413 3.648176 -4.905661 -0.000006 0.000001 -0.000000 5.646025 7.470563 12.822631 66.620567 1.970880 5.134058 0.387649 45.095230 0.212267 2.205970 0.269196 -6.277800 2.243540 -5.255033 -3.180156 14.282878 -0.826594 6.952495 -0.000003 -12.690590 0.000000 16.103621 -17.650064 2.734208 1.665666 -1.955920 -2.878297 4.727794 -4.170586 4.993919 11.020514 0.000002 -0.000002 12.109034 -3.735709 -2.866780 0.000000 -0.000000 0.000000 1.291985 -1.928548 -1.498088 14.800114 0.567467 3.865602 14.242553 -1.341735 -6.660648 19.631941 0.143925 -0.648244 50.500721 -0.638245 -5.954379 0.353030 -1.511148 -0.031939 20.222771 3.684305 2.316627 18.787245 0.000004 -0.000001 10.751610 -0.479867 1.397904 0.000000 -0.000001 -0.000001 3.273804 0.305947 -0.580111 21.486794 11.830362 2.266130 8.162916 0.000000 -0.000000 18.399052 -3.798979 -4.940566 0.000004 0.000001 -0.000002 6.893318 12.027534 -13.424889 -0.085036 -0.245316 15.603490 -10.591206 1.582545 -6.115903 1.633269 -1.923358 0.593430 -0.000000 0.000001 0.000002 -5.715315 -0.945637 -17.411131 0.104195 0.387520 18.451239 7.330097 -0.147409 -5.079049 -1.446712 0.983587 0.679195 0.000000 -0.000001 -0.000001 
-35.760273 99.345917 63.928402 -0.289154 -25.048023 5.210475 0.221352 0.079876 0.608202 -0.320041 -0.429714 -4.546328 -1.186249 -2.192830 8.676802 0.519902 2.567226 4.649737 -0.512780 0.897969 -3.709970 1.138106 -0.021902 -14.536284 0.000077 -0.000022 0.000006 -0.001412 0.075314 0.041656 0.666924 -3.677561 -10.592527 -0.671500 3.801798 -10.619648 -10.992373 -4.703426 12.910334 -54.390213 -10.639126 1.469582 -0.381731 -20.716639 0.243560 4.273675 -4.178057 -10.175505 -5.882100 9.861278 0.702591 -10.936858 -0.360574 7.156191 0.000000 8.774813 0.000000 -15.909245 18.367720 6.149080 -1.844030 2.498503 -2.507275 -10.163589 4.678941 4.621105 -20.975992 -0.000002 0.000003 -21.226250 2.451695 -3.593995 0.000003 -0.000006 -0.000000 -1.362680 2.240796 -0.746323 -21.334888 0.584908 3.008320 -13.821192 -0.000003 0.000000 -23.887125 -0.249080 -0.839483 -60.240974 2.433525 -1.332104 -0.294024 1.679687 0.833255 -14.218190 0.093216 1.300580 -34.211998 -0.287563 0.967167 -20.033178 0.964533 1.212839 -0.000001 0.000001 -0.000000 -3.440385 0.788232 0.501654 -15.928165 -3.167305 2.999704 -6.338815 -0.000002 0.000000 -18.123413 3.648177 -4.905661 -0.000003 -0.000001 -0.000002 5.850393 7.496055 12.767748 66.241898 1.660876 4.569901 0.321570 45.676689 0.162797 1.800561 0.378425 -6.661364 2.243539 -5.255033 -3.180156 14.282877 -0.826592 6.952494 -0.000003 -12.690590 -0.000000 16.061007 -17.649107 2.758424 1.665665 -1.955921 -2.878296 4.727794 -4.170585 4.993917 11.020512 0.000004 -0.000002 12.109034 -3.735710 -2.866780 0.000000 -0.000000 0.000001 1.291986 -1.928549 -1.498088 14.800114 0.567467 3.865602 14.242553 -1.341733 -6.660648 19.631941 0.143927 -0.648244 50.466202 -0.702581 -5.972389 0.353030 -1.511149 -0.031939 20.222769 3.684306 2.316627 18.787245 0.000006 -0.000002 10.751611 -0.479866 1.397904 0.000001 -0.000002 -0.000001 3.273804 0.305946 -0.580111 21.486790 11.830363 2.266129 8.162916 0.000000 -0.000001 18.399052 -3.798978 -4.940570 0.000002 0.000000 -0.000000 6.901081 12.095501 -13.633523 -0.081279 -0.260720 15.446161 -10.748788 1.539665 -5.553073 1.632991 -1.916700 0.576349 0.000000 -0.000000 0.000002 -5.639580 -1.036334 -17.700499 0.103534 0.376220 18.615791 7.112742 -0.258756 -4.860949 -1.446314 0.997277 0.678502 -0.000000 0.000001 -0.000001 
-35.846111 99.368675 63.312935 -0.206564 -24.871922 5.031992 0.304818 0.082129 0.469852 -0.282273 -0.412884 -4.556434 -1.039400 -2.215266 8.564756 0.127904 2.717758 4.601804 -0.506087 0.992907 -3.719265 0.810760 0.164181 -14.126320 0.000077 -0.000020 0.000006 -0.005220 0.062757 0.036318 0.666876 -3.681689 -10.602473 -0.680600 3.802973 -10.636609 -11.320599 -4.371315 13.001473 -54.459499 -10.304896 0.819472 -0.199140 -19.791555 0.148665 3.821151 -3.519210 -11.006827 -5.882102 9.861279 0.702590 -10.936860 -0.360574 7.156196 0.000000 8.774815 0.000000 -15.974741 18.403112 6.144469 -1.844031 2.498503 -2.507276 -10.163589 4.678939 4.621102 -20.975996 -0.000004 -0.000000 -21.226255 2.451693 -3.593992 0.000001 -0.000006 -0.000000 -1.362681 2.240797 -0.746323 -21.334890 0.584909 3.008319 -13.821198 -0.000004 -0.000000 -23.887133 -0.249080 -0.839484 -60.294735 2.386221 -1.372413 -0.294024 1.679688 0.833255 -14.218194 0.093215 1.300576 -34.212006 -0.287564 0.967168 -20.033180 0.964534 1.212840 -0.000001 0.000001 0.000002 -3.440387 0.788234 0.501653 -15.928169 -3.167306 2.999701 -6.338818 -0.000001 0.000001 -18.123415 3.648175 -4.905663 -0.000005 -0.000001 -0.000003 6.074203 7.526968 12.726523 65.890480 1.301902 3.934797 0.255251 46.361954 0.119491 1.409939 0.455325 -7.087226 2.243541 -5.255034 -3.180155 14.282877 -0.826595 6.952495 -0.000002 -12.690588 -0.000000 16.024162 -17.633175 2.787403 1.665665 -1.955921 -2.878297 4.727793 -4.170584 4.993917 11.020513 0.000004 -0.000002 12.109032 -3.735712 -2.866780 -0.000001 0.000000 0.000001 1.291986 -1.928548 -1.498088 14.800113 0.567467 3.865602 14.242556 -1.341734 -6.660650 19.631939 0.143925 -0.648245 50.435551 -0.757627 -5.967886 0.353029 -1.511149 -0.031941 20.222771 3.684305 2.316627 18.787247 0.000004 -0.000001 10.751611 -0.479868 1.397903 0.000001 -0.000001 -0.000001 3.273804 0.305948 -0.580111 21.486790 11.830363 2.266131 8.162916 0.000000 -0.000001 18.399052 -3.798979 -4.940567 0.000003 0.000001 -0.000001 6.988915 12.165933 -13.620291 -0.075928 -0.270336 14.916735 -10.976042 1.515427 -4.858268 1.634495 -1.906925 0.528300 0.000000 0.000000 0.000002 -5.472025 -1.232998 -17.919943 0.094486 0.371275 18.732431 6.853146 -0.306747 -4.581031 -1.446589 1.010690 0.597759 -0.000000 0.000001 -0.000001 
-35.926208 99.393616 62.743614 -0.131752 -24.692356 4.864243 0.396537 0.066711 0.368414 -0.246660 -0.378203 -4.543633 -0.843069 -2.254167 8.435243 -0.306502 2.878965 4.494209 -0.450668 1.095975 -3.712912 0.494877 0.407189 -13.752180 0.000077 -0.000022 0.000006 -0.006786 0.056380 0.035043 0.671475 -3.697918 -10.605218 -0.688412 3.774517 -10.636909 -11.568984 -4.065639 13.047986 -54.520363 -10.033723 0.128205 0.055066 -19.062119 0.056424 3.487401 -2.907618 -12.355220 -5.882101 9.861278 0.702589 -10.936860 -0.360575 7.156196 0.000000 8.774813 0.000000 -16.059086 18.468351 6.147027 -1.844030 2.498502 -2.507274 -10.163589 4.678939 4.621106 -20.975996 -0.000005 0.000002 -21.226255 2.451692 -3.593992 0.000000 -0.000006 -0.000000 -1.362679 2.240798 -0.746321 -21.334892 0.584907 3.008320 -13.821197 -0.000004 0.000000 -23.887131 -0.249078 -0.839481 -60.346111 2.340813 -1.382905 -0.294025 1.679687 0.833254 -14.218192 0.093214 1.300582 -34.212002 -0.287564 0.967172 -20.033178 0.964536 1.212843 0.000000 0.000000 0.000000 -3.440385 0.788232 0.501655 -15.928171 -3.167307 2.999703 -6.338817 -0.000001 0.000002 -18.123411 3.648176 -4.905660 -0.000005 -0.000000 -0.000003 6.284335 7.566587 12.724595 65.553421 0.953635 3.412351 0.202687 47.146385 0.077469 1.065735 0.531312 -7.511488 2.243541 -5.255032 -3.180156 14.282877 -0.826594 6.952497 -0.000003 -12.690588 0.000000 16.019543 -17.635393 2.799020 1.665666 -1.955921 -2.878297 4.727794 -4.170584 4.993918 11.020513 0.000004 -0.000001 12.109034 -3.735708 -2.866780 -0.000000 -0.000001 0.000000 1.291984 -1.928548 -1.498089 14.800113 0.567469 3.865604 14.242551 -1.341735 -6.660648 19.631939 0.143925 -0.648242 50.426514 -0.814146 -5.978355 0.353028 -1.511149 -0.031941 20.222771 3.684306 2.316628 18.787245 0.000005 0.000000 10.751613 -0.479866 1.397905 0.000001 0.000001 -0.000000 3.273804 0.305947 -0.580110 21.486794 11.830362 2.266131 8.162916 0.000001 0.000000 18.399057 -3.798977 -4.940567 0.000004 -0.000001 -0.000001 7.066733 12.266912 -13.569548 -0.071864 -0.279559 14.346418 -11.173561 1.449303 -4.163376 1.637381 -1.913392 0.465358 0.000000 -0.000000 0.000002 -5.315029 -1.484919 -18.135878 0.091264 0.352747 18.879324 6.622451 -0.263509 -4.277634 -1.446917 1.005070 0.505555 -0.000000 -0.000000 -0.000001 
-36.076492 99.379471 62.184692 -0.038687 -24.519575 4.679580 0.497717 0.069295 0.336886 -0.206177 -0.391860 -4.532528 -0.645122 -2.257833 8.348911 -0.777582 3.013951 4.319656 -0.369541 1.257909 -3.724328 0.206077 0.633840 -13.457454 0.000077 -0.000020 0.000006 -0.006525 0.062795 0.031120 0.680206 -3.679316 -10.602743 -0.696502 3.781964 -10.644203 -11.715396 -3.915922 13.072981 -54.553539 -9.830672 -0.434626 0.305442 -18.585066 -0.004196 3.341863 -2.340677 -13.873797 -5.882102 9.861278 0.702588 -10.936860 -0.360575 7.156196 0.000000 8.774812 -0.000002 -16.109402 18.581558 6.158930 -1.844032 2.498503 -2.507278 -10.163590 4.678938 4.621103 -20.975996 -0.000005 0.000001 -21.226255 2.451692 -3.593993 0.000001 -0.000006 -0.000000 -1.362680 2.240796 -0.746325 -21.334892 0.584907 3.008319 -13.821197 -0.000003 0.000003 -23.887133 -0.249078 -0.839478 -60.391567 2.307593 -1.413418 -0.294024 1.679686 0.833255 -14.218195 0.093214 1.300578 -34.212006 -0.287564 0.967169 -20.033178 0.964536 1.212844 0.000000 0.000001 0.000000 -3.440386 0.788232 0.501655 -15.928167 -3.167305 2.999703 -6.338817 -0.000002 -0.000001 -18.123415 3.648175 -4.905659 -0.000005 -0.000000 -0.000002 6.436355 7.620780 12.765017 65.261765 0.725996 3.231358 0.076462 47.906662 0.021011 0.917349 0.566778 -7.844135 2.243539 -5.255033 -3.180156 14.282877 -0.826595 6.952496 -0.000003 -12.690592 0.000001 16.018757 -17.629576 2.791764 1.665663 -1.955919 -2.878296 4.727794 -4.170582 4.993919 11.020512 0.000004 -0.000000 12.109031 -3.735709 -2.866780 -0.000000 0.000000 0.000000 1.291984 -1.928548 -1.498089 14.800111 0.567468 3.865605 14.242550 -1.341734 -6.660648 19.631933 0.143927 -0.648242 50.430660 -0.841236 -5.989764 0.353029 -1.511149 -0.031940 20.222769 3.684308 2.316628 18.787245 0.000005 0.000001 10.751610 -0.479867 1.397905 0.000001 0.000002 -0.000001 3.273806 0.305947 -0.580110 21.486792 11.830363 2.266131 8.162916 -0.000000 0.000000 18.399052 -3.798977 -4.940566 0.000003 0.000000 -0.000002 7.176033 12.389277 -13.570352 -0.069777 -0.270886 13.960115 -11.387275 1.284500 -3.568513 1.639108 -1.930651 0.408069 0.000000 -0.000000 0.000002 -5.143704 -1.708632 -18.419891 0.088476 0.321783 19.232239 6.342265 -0.145886 -4.165886 -1.446074 0.992042 0.433895 -0.000000 -0.000000 -0.000001 
-36.283695 99.309219 61.535027 0.083911 -24.348648 4.467750 0.600519 0.028275 0.389351 -0.171175 -0.387177 -4.497995 -0.463011 -2.255949 8.288920 -1.229740 3.112008 4.110895 -0.267971 1.423893 -3.746496 -0.061192 0.922133 -13.280113 0.000077 -0.000021 0.000006 -0.006236 0.049709 0.031392 0.691917 -3.697287 -10.609886 -0.707422 3.773653 -10.656290 -11.700911 -3.892524 13.051343 -54.559624 -9.729763 -0.665175 0.482436 -18.348612 -0.041447 3.281559 -1.831713 -15.031214 -5.882101 9.861279 0.702589 -10.936858 -0.360575 7.156199 0.000000 8.774814 0.000000 -16.113579 18.663332 6.212535 -1.844031 2.498501 -2.507275 -10.163590 4.678939 4.621106 -20.975996 -0.000004 0.000002 -21.226254 2.451692 -3.593994 0.000001 -0.000006 -0.000000 -1.362680 2.240795 -0.746322 -21.334887 0.584908 3.008320 -13.821197 -0.000003 0.000004 -23.887129 -0.249077 -0.839481 -60.409275 2.302694 -1.377643 -0.294024 1.679687 0.833255 -14.218194 0.093214 1.300578 -34.212002 -0.287565 0.967168 -20.033180 0.964535 1.212842 0.000000 0.000001 0.000001 -3.440384 0.788232 0.501655 -15.928169 -3.167306 2.999704 -6.338817 -0.000001 0.000000 -18.123415 3.648177 -4.905661 -0.000005 -0.000000 0.000000 6.527368 7.646129 12.838578 65.085091 0.668282 3.406837 -0.158466 48.637596 -0.098779 0.994294 0.510983 -7.912793 2.243540 -5.255032 -3.180156 14.282877 -0.826594 6.952495 -0.000003 -12.690591 0.000000 16.043610 -17.654919 2.770718 1.665665 -1.955921 -2.878297 4.727793 -4.170584 4.993918 11.020513 0.000004 -0.000001 12.109032 -3.735710 -2.866781 -0.000001 0.000000 0.000001 1.291985 -1.928548 -1.498088 14.800113 0.567468 3.865602 14.242554 -1.341732 -6.660650 19.631937 0.143928 -0.648244 50.473820 -0.851724 -6.000825 0.353029 -1.511151 -0.031940 20.222769 3.684307 2.316627 18.787245 0.000005 -0.000001 10.751610 -0.479867 1.397904 0.000002 0.000002 0.000000 3.273805 0.305947 -0.580110 21.486790 11.830361 2.266129 8.162917 0.000002 -0.000001 18.399055 -3.798978 -4.940569 0.000002 -0.000001 -0.000000 7.315851 12.493659 -13.742343 -0.070836 -0.252763 13.873003 -11.673212 1.083594 -3.071529 1.641861 -1.924876 0.344864 -0.000000 0.000000 0.000002 -4.947838 -1.892395 -18.823168 0.086448 0.286353 19.773659 5.978103 -0.020036 -4.259860 -1.444607 0.978706 0.413065 0.000000 0.000000 -0.000001 
-36.475700 99.211533 60.705738 0.223225 -24.219067 4.244898 0.693439 -0.001462 0.517767 -0.146386 -0.420942 -4.478343 -0.298284 -2.253253 8.309670 -1.618071 3.193554 3.864882 -0.188853 1.621486 -3.759848 -0.263854 1.188302 -13.238789 0.000077 -0.000023 0.000006 -0.004378 0.044581 0.024709 0.696448 -3.696614 -10.627429 -0.709153 3.774353 -10.675543 -11.546286 -3.957668 12.990598 -54.526199 -9.710447 -0.561565 0.561966 -18.413370 -0.057260 3.241341 -1.383106 -15.660329 -5.882103 9.861278 0.702590 -10.936858 -0.360573 7.156199 -0.000001 8.774811 -0.000000 -16.074673 18.692101 6.269228 -1.844030 2.498502 -2.507274 -10.163589 4.678941 4.621106 -20.975996 -0.000002 0.000003 -21.226250 2.451694 -3.593995 0.000001 -0.000006 -0.000001 -1.362681 2.240796 -0.746321 -21.334892 0.584911 3.008320 -13.821197 -0.000002 0.000002 -23.887131 -0.249076 -0.839482 -60.439125 2.340515 -1.359994 -0.294024 1.679685 0.833255 -14.218194 0.093215 1.300579 -34.212006 -0.287562 0.967168 -20.033180 0.964537 1.212843 0.000000 0.000001 0.000001 -3.440386 0.788232 0.501656 -15.928167 -3.167304 2.999704 -6.338817 -0.000001 0.000000 -18.123415 3.648176 -4.905662 -0.000005 -0.000001 -0.000001 6.579531 7.654697 12.938693 64.976585 0.806829 3.787022 -0.285654 49.299099 -0.135636 1.201908 0.410813 -7.753652 2.243540 -5.255032 -3.180155 14.282877 -0.826594 6.952495 -0.000003 -12.690591 -0.000000 16.076860 -17.700405 2.748288 1.665665 -1.955920 -2.878296 4.727793 -4.170582 4.993918 11.020513 0.000004 -0.000002 12.109034 -3.735708 -2.866780 -0.000001 0.000000 0.000000 1.291984 -1.928549 -1.498088 14.800114 0.567469 3.865602 14.242553 -1.341734 -6.660649 19.631939 0.143925 -0.648244 50.542538 -0.878015 -6.010390 0.353028 -1.511151 -0.031940 20.222773 3.684306 2.316627 18.787247 0.000007 -0.000001 10.751612 -0.479867 1.397903 0.000002 0.000001 0.000000 3.273804 0.305948 -0.580111 21.486794 11.830361 2.266130 8.162917 0.000002 -0.000001 18.399052 -3.798978 -4.940567 0.000002 -0.000001 -0.000002 7.465953 12.597617 -14.060845 -0.088872 -0.231743 13.877114 -11.990602 0.985562 -2.515010 1.643374 -1.918397 0.345808 -0.000000 0.000000 0.000002 -4.729790 -1.971803 -19.418798 0.072369 0.252971 20.456429 5.573153 0.039379 -4.310465 -1.442446 0.990582 0.455311 0.000000 -0.000001 -0.000001 
-36.703007 99.068153 59.834492 0.366370 -24.058229 4.015882 0.769288 -0.032796 0.688748 -0.131804 -0.482021 -4.439468 -0.129848 -2.280147 8.364312 -1.974053 3.294159 3.616432 -0.123725 1.808442 -3.779271 -0.381998 1.422755 -13.256826 0.000077 -0.000023 0.000006 -0.000441 0.062356 0.021458 0.701280 -3.684044 -10.646446 -0.705769 3.786521 -10.697663 -11.307364 -4.075977 12.936677 -54.441288 -9.785710 -0.221091 0.555963 -18.825708 -0.025215 3.199141 -0.946749 -15.872309 -5.882102 9.861278 0.702588 -10.936859 -0.360575 7.156198 0.000001 8.774813 0.000000 -16.054382 18.697231 6.309664 -1.844031 2.498502 -2.507274 -10.163589 4.678938 4.621103 -20.975998 -0.000005 0.000002 -21.226257 2.451692 -3.593992 0.000002 -0.000006 0.000001 -1.362682 2.240797 -0.746322 -21.334892 0.584908 3.008319 -13.821197 -0.000003 0.000001 -23.887135 -0.249079 -0.839481 -60.442295 2.369353 -1.341638 -0.294025 1.679686 0.833255 -14.218195 0.093215 1.300581 -34.212006 -0.287564 0.967169 -20.033184 0.964535 1.212843 0.000000 0.000001 0.000001 -3.440387 0.788231 0.501656 -15.928173 -3.167306 2.999703 -6.338817 -0.000002 -0.000001 -18.123415 3.648175 -4.905659 -0.000005 -0.000001 -0.000002 6.630698 7.635467 13.066751 64.997719 1.035500 4.309895 -0.404879 50.088791 -0.148762 1.489016 0.259115 -7.510874 2.243540 -5.255033 -3.180156 14.282875 -0.826593 6.952495 -0.000003 -12.690588 0.000000 16.108526 -17.747274 2.733909 1.665665 -1.955918 -2.878297 4.727793 -4.170582 4.993918 11.020513 0.000002 -0.000002 12.109031 -3.735711 -2.866780 -0.000001 0.000000 0.000000 1.291984 -1.928548 -1.498088 14.800114 0.567467 3.865602 14.242554 -1.341732 -6.660649 19.631939 0.143926 -0.648244 50.592445 -0.902501 -6.002338 0.353028 -1.511148 -0.031940 20.222769 3.684305 2.316626 18.787245 0.000006 -0.000002 10.751611 -0.479868 1.397903 0.000001 0.000002 0.000000 3.273804 0.305947 -0.580110 21.486790 11.830364 2.266128 8.162916 0.000002 -0.000001 18.399054 -3.798977 -4.940570 0.000002 -0.000002 -0.000001 7.644163 12.692555 -14.521630 -0.111233 -0.204776 14.127594 -12.364937 0.897076 -2.049480 1.645751 -1.898692 0.360632 0.000000 0.000000 0.000002 -4.491606 -2.007260 -20.071712 0.061484 0.222138 21.240084 5.135765 0.053371 -4.500998 -1.441311 1.010295 0.541151 0.000000 -0.000001 -0.000001 
-37.036983 98.913063 58.913857 0.504589 -23.848032 3.830841 0.824825 -0.097831 0.859195 -0.114835 -0.593017 -4.387959 0.028202 -2.267533 8.434714 -2.290191 3.402925 3.376674 -0.083896 1.961541 -3.787846 -0.413091 1.603477 -13.292101 0.000077 -0.000023 0.000006 0.002994 0.081914 0.016285 0.704522 -3.660108 -10.652641 -0.703463 3.807583 -10.698463 -11.050695 -4.206749 12.858242 -54.321892 -9.903038 0.233656 0.544179 -19.592623 0.017904 3.173151 -0.588389 -15.850827 -5.882101 9.861279 0.702591 -10.936857 -0.360574 7.156199 0.000000 8.774814 0.000000 -15.973791 18.631889 6.327896 -1.844031 2.498503 -2.507277 -10.163589 4.678939 4.621104 -20.975994 -0.000006 0.000003 -21.226254 2.451692 -3.593994 0.000001 -0.000006 -0.000000 -1.362681 2.240796 -0.746323 -21.334887 0.584909 3.008320 -13.821197 -0.000003 0.000002 -23.887129 -0.249079 -0.839479 -60.347336 2.407699 -1.344746 -0.294024 1.679687 0.833255 -14.218192 0.093214 1.300580 -34.211998 -0.287566 0.967170 -20.033178 0.964534 1.212842 0.000001 0.000002 0.000000 -3.440385 0.788232 0.501655 -15.928167 -3.167306 2.999705 -6.338816 -0.000002 0.000000 -18.123413 3.648177 -4.905661 -0.000005 0.000001 -0.000002 6.720382 7.590260 13.132496 65.101860 1.268944 4.944825 -0.466516 51.005028 -0.124968 1.773404 0.135379 -7.443013 2.243540 -5.255031 -3.180156 14.282875 -0.826594 6.952497 -0.000002 -12.690590 -0.000000 16.113892 -17.788368 2.741519 1.665665 -1.955921 -2.878296 4.727793 -4.170584 4.993919 11.020511 0.000002 -0.000000 12.109032 -3.735713 -2.866779 -0.000001 -0.000002 0.000000 1.291984 -1.928548 -1.498088 14.800109 0.567468 3.865603 14.242551 -1.341738 -6.660648 19.631939 0.143925 -0.648244 50.631779 -0.942111 -6.014307 0.353029 -1.511151 -0.031940 20.222767 3.684303 2.316629 18.787245 0.000004 -0.000001 10.751610 -0.479870 1.397903 0.000001 0.000001 -0.000001 3.273804 0.305947 -0.580111 21.486790 11.830361 2.266132 8.162916 0.000003 -0.000001 18.399054 -3.798981 -4.940568 0.000002 -0.000001 -0.000000 7.879340 12.780168 -14.981597 -0.121826 -0.202384 14.244720 -12.802569 0.821012 -1.485327 1.646646 -1.886239 0.354666 0.000000 0.000000 0.000002 -4.169416 -2.037155 -20.811245 0.042969 0.193057 22.115025 4.635697 0.017807 -4.781797 -1.441443 1.043361 0.600706 0.000000 0.000000 -0.000001 
-37.389282 98.755577 57.914291 0.640595 -23.651766 3.687095 0.852956 -0.138133 1.010507 -0.095003 -0.687440 -4.305272 0.185993 -2.296456 8.475799 -2.626325 3.553774 3.159636 -0.048830 2.056347 -3.786980 -0.386182 1.754682 -13.309308 0.000077 -0.000023 0.000006 0.005808 0.110799 0.010495 0.705836 -3.639482 -10.669356 -0.700510 3.832526 -10.700629 -10.765542 -4.327162 12.813435 -54.203846 -10.051594 0.699090 0.507917 -20.690716 0.060807 3.260343 -0.335467 -15.824113 -5.882100 9.861278 0.702592 -10.936859 -0.360575 7.156194 -0.000000 8.774813 -0.000000 -15.919213 18.575686 6.320678 -1.844031 2.498503 -2.507276 -10.163589 4.678940 4.621103 -20.975996 -0.000003 0.000002 -21.226255 2.451694 -3.593993 0.000001 -0.000006 -0.000001 -1.362680 2.240796 -0.746321 -21.334892 0.584908 3.008321 -13.821197 -0.000002 0.000001 -23.887135 -0.249080 -0.839481 -60.158596 2.398365 -1.401183 -0.294025 1.679686 0.833256 -14.218194 0.093216 1.300578 -34.212002 -0.287562 0.967170 -20.033176 0.964535 1.212842 -0.000001 0.000001 -0.000000 -3.440387 0.788232 0.501655 -15.928165 -3.167305 2.999704 -6.338817 -0.000000 -0.000001 -18.123413 3.648176 -4.905661 -0.000004 0.000000 -0.000003 6.826397 7.514312 13.207544 65.293777 1.426921 5.650857 -0.539909 52.209084 -0.100085 1.964973 -0.044402 -7.821221 2.243540 -5.255030 -3.180155 14.282877 -0.826594 6.952495 -0.000002 -12.690587 0.000000 16.093735 -17.795347 2.751278 1.665665 -1.955920 -2.878295 4.727794 -4.170584 4.993917 11.020511 0.000004 -0.000001 12.109033 -3.735709 -2.866779 -0.000001 -0.000001 0.000000 1.291985 -1.928549 -1.498088 14.800113 0.567468 3.865603 14.242554 -1.341732 -6.660648 19.631939 0.143926 -0.648243 50.667229 -0.965342 -6.031367 0.353029 -1.511147 -0.031939 20.222767 3.684304 2.316626 18.787245 0.000005 -0.000001 10.751610 -0.479868 1.397903 0.000000 0.000001 0.000000 3.273803 0.305947 -0.580111 21.486790 11.830362 2.266129 8.162916 0.000001 -0.000001 18.399054 -3.798979 -4.940570 0.000002 -0.000002 -0.000000 8.120471 12.835980 -15.455871 -0.118449 -0.215968 14.208772 -13.216043 0.719923 -0.798794 1.648928 -1.859862 0.293273 -0.000000 -0.000000 0.000002 -3.794685 -2.163105 -21.656824 0.034297 0.194901 23.008680 4.071134 0.008535 -4.818720 -1.441743 1.069598 0.594013 -0.000000 0.000001 -0.000001 
-37.854240 98.584007 56.783508 0.761403 -23.540928 3.587211 0.872038 -0.147055 1.190865 -0.084514 -0.759374 -4.220119 0.333712 -2.327432 8.464232 -2.971179 3.673046 2.949896 -0.015231 2.166827 -3.769089 -0.381907 1.935565 -13.300588 0.000077 -0.000022 0.000006 0.004628 0.108374 0.007485 0.703495 -3.640059 -10.660254 -0.699696 3.831543 -10.694376 -10.449753 -4.456209 12.790511 -54.240768 -10.222112 0.999827 0.522192 -22.089432 0.071377 3.500518 -0.206656 -15.884669 -5.882102 9.861278 0.702587 -10.936861 -0.360574 7.156197 0.000001 8.774813 -0.000002 -15.860128 18.592213 6.286681 -1.844031 2.498503 -2.507277 -10.163591 4.678940 4.621104 -20.975998 -0.000004 -0.000000 -21.226255 2.451691 -3.593997 0.000001 -0.000006 -0.000000 -1.362681 2.240798 -0.746325 -21.334894 0.584910 3.008319 -13.821198 -0.000002 0.000000 -23.887133 -0.249079 -0.839481 -59.973129 2.399168 -1.473164 -0.294025 1.679687 0.833255 -14.218194 0.093215 1.300578 -34.212013 -0.287565 0.967165 -20.033182 0.964535 1.212841 0.000000 0.000001 0.000000 -3.440384 0.788232 0.501657 -15.928167 -3.167306 2.999707 -6.338817 -0.000001 -0.000001 -18.123415 3.648175 -4.905662 -0.000004 0.000000 -0.000002 6.944234 7.464314 13.351263 65.604630 1.572282 6.475133 -0.688808 53.592979 -0.142805 2.015174 -0.213407 -8.694499 2.243539 -5.255030 -3.180155 14.282877 -0.826591 6.952494 -0.000003 -12.690592 0.000000 16.078587 -17.777351 2.748438 1.665665 -1.955922 -2.878297 4.727793 -4.170583 4.993917 11.020513 0.000004 -0.000002 12.109032 -3.735709 -2.866781 -0.000001 -0.000000 -0.000000 1.291985 -1.928547 -1.498088 14.800111 0.567467 3.865600 14.242553 -1.341734 -6.660650 19.631939 0.143927 -0.648244 50.696564 -0.940241 -6.062535 0.353029 -1.511151 -0.031940 20.222771 3.684309 2.316625 18.787245 0.000007 -0.000003 10.751608 -0.479864 1.397903 0.000001 0.000001 0.000000 3.273804 0.305948 -0.580110 21.486788 11.830362 2.266128 8.162915 0.000001 -0.000001 18.399052 -3.798978 -4.940569 0.000001 -0.000001 -0.000000 8.464520 12.928636 -15.883345 -0.114196 -0.235242 13.934146 -13.717904 0.662843 0.060947 1.652745 -1.837489 0.191142 -0.000000 0.000000 0.000002 -3.290183 -2.263141 -22.633533 0.023063 0.181939 23.935518 3.413271 0.037530 -4.777953 -1.444958 1.095387 0.535837 0.000000 0.000000 -0.000001 
-38.266197 98.390915 55.300819 0.855959 -23.512173 3.506137 0.897829 -0.150186 1.419482 -0.082962 -0.788708 -4.132116 0.454049 -2.366070 8.429502 -3.308411 3.766573 2.758767 0.019676 2.290174 -3.756384 -0.444496 2.134367 -13.265247 0.000077 -0.000023 0.000006 0.006747 0.139321 0.001928 0.700959 -3.603881 -10.656680 -0.692588 3.867562 -10.689779 -10.115487 -4.604683 12.757094 -54.349644 -10.350834 1.171100 0.537019 -23.778109 0.079564 3.751780 -0.166480 -15.799310 -5.882100 9.861278 0.702590 -10.936857 -0.360575 7.156199 0.000001 8.774811 -0.000001 -15.851268 18.638906 6.228388 -1.844031 2.498503 -2.507277 -10.163589 4.678939 4.621105 -20.975996 -0.000005 0.000002 -21.226255 2.451691 -3.593991 0.000002 -0.000007 -0.000001 -1.362680 2.240796 -0.746323 -21.334894 0.584908 3.008320 -13.821197 -0.000004 0.000001 -23.887129 -0.249079 -0.839481 -59.894302 2.420841 -1.505183 -0.294024 1.679685 0.833256 -14.218190 0.093215 1.300580 -34.211998 -0.287564 0.967171 -20.033180 0.964535 1.212842 -0.000001 0.000001 -0.000000 -3.440384 0.788232 0.501655 -15.928169 -3.167306 2.999703 -6.338817 -0.000002 0.000002 -18.123415 3.648174 -4.905660 -0.000004 -0.000000 -0.000003 7.054226 7.484404 13.621926 65.875076 1.781085 7.362240 -0.969863 54.987907 -0.276649 2.053064 -0.357014 -9.792885 2.243540 -5.255034 -3.180155 14.282877 -0.826594 6.952495 -0.000003 -12.690590 0.000000 16.112946 -17.734966 2.683665 1.665665 -1.955918 -2.878298 4.727794 -4.170584 4.993918 11.020513 0.000004 -0.000001 12.109035 -3.735710 -2.866780 -0.000001 0.000001 0.000000 1.291985 -1.928549 -1.498088 14.800113 0.567466 3.865602 14.242553 -1.341737 -6.660649 19.631941 0.143926 -0.648244 50.672787 -0.897954 -6.126358 0.353029 -1.511149 -0.031940 20.222771 3.684306 2.316627 18.787247 0.000005 -0.000002 10.751613 -0.479867 1.397905 0.000000 0.000000 0.000000 3.273804 0.305946 -0.580110 21.486792 11.830361 2.266130 8.162916 0.000000 -0.000001 18.399052 -3.798978 -4.940568 0.000003 -0.000001 -0.000000 8.843671 13.115695 -16.413103 -0.111102 -0.252823 13.409475 -14.216578 0.720099 1.269511 1.659596 -1.822217 0.067555 0.000000 -0.000000 0.000002 -2.681316 -2.346575 -23.807907 0.017209 0.157655 24.725460 2.691091 0.140932 -4.461431 -1.446151 1.083686 0.491455 0.000000 0.000000 -0.000001 
-38.655109 98.091827 53.571861 0.874476 -23.464615 3.470714 0.973354 -0.159162 1.714936 -0.100024 -0.794471 -4.038579 0.577030 -2.388368 8.385580 -3.625369 3.820519 2.552867 0.052810 2.482529 -3.760316 -0.590814 2.341660 -13.206358 0.000077 -0.000023 0.000006 0.007889 0.176882 0.005904 0.689847 -3.571943 -10.635679 -0.677843 3.901388 -10.683219 -9.769965 -4.801451 12.758747 -54.361973 -10.615835 1.262557 0.484861 -25.788609 0.051711 3.965101 -0.116053 -15.468929 -5.882100 9.861278 0.702590 -10.936859 -0.360576 7.156196 0.000001 8.774813 -0.000001 -15.879731 18.710228 6.203605 -1.844030 2.498502 -2.507275 -10.163589 4.678939 4.621104 -20.975996 -0.000005 0.000002 -21.226250 2.451691 -3.593992 0.000001 -0.000006 -0.000000 -1.362680 2.240796 -0.746323 -21.334887 0.584906 3.008321 -13.821197 -0.000004 0.000001 -23.887129 -0.249079 -0.839478 -59.934341 2.455643 -1.454479 -0.294026 1.679687 0.833255 -14.218190 0.093213 1.300581 -34.212006 -0.287567 0.967172 -20.033178 0.964534 1.212844 -0.000001 0.000003 -0.000001 -3.440385 0.788232 0.501657 -15.928169 -3.167309 2.999705 -6.338818 -0.000002 0.000001 -18.123415 3.648174 -4.905657 -0.000004 -0.000000 -0.000001 7.190928 7.519530 14.019516 66.115143 2.108626 8.157974 -1.248281 56.438396 -0.373705 2.037354 -0.453023 -10.758155 2.243540 -5.255032 -3.180155 14.282878 -0.826594 6.952496 -0.000002 -12.690591 -0.000000 16.212910 -17.676991 2.577856 1.665665 -1.955922 -2.878296 4.727794 -4.170584 4.993918 11.020513 0.000003 -0.000002 12.109034 -3.735711 -2.866781 0.000000 -0.000000 0.000000 1.291985 -1.928547 -1.498088 14.800111 0.567469 3.865603 14.242553 -1.341734 -6.660649 19.631939 0.143927 -0.648244 50.658302 -0.810871 -6.219238 0.353028 -1.511149 -0.031940 20.222767 3.684304 2.316627 18.787247 0.000006 -0.000002 10.751608 -0.479867 1.397904 0.000000 0.000000 -0.000001 3.273804 0.305946 -0.580111 21.486790 11.830362 2.266131 8.162915 0.000001 -0.000001 18.399054 -3.798979 -4.940567 0.000002 0.000000 0.000000 9.290659 13.493048 -17.376671 -0.110629 -0.276443 13.366789 -14.762046 0.686913 2.455849 1.666677 -1.836644 -0.113881 -0.000000 0.000000 0.000002 -1.941376 -2.359826 -25.163740 0.017540 0.150640 25.515232 1.983325 0.223754 -4.110967 -1.442666 1.067450 0.529284 -0.000000 -0.000000 -0.000001 
-38.985069 97.756310 52.241730 0.765246 -23.251299 3.506232 1.111005 -0.216127 2.035759 -0.125236 -0.835688 -3.970130 0.730502 -2.430854 8.379696 -3.845891 3.845418 2.288534 0.109913 2.643276 -3.770916 -0.824611 2.681375 -13.261494 0.000077 -0.000024 0.000006 0.007545 0.163560 0.023781 0.670303 -3.580141 -10.619205 -0.661499 3.890193 -10.661993 -9.442029 -4.920102 12.824212 -54.316513 -11.101223 1.221196 0.341845 -27.909521 0.108191 4.217504 0.061740 -14.832312 -5.882101 9.861278 0.702590 -10.936860 -0.360575 7.156199 0.000001 8.774813 -0.000002 -15.886418 18.779858 6.188298 -1.844031 2.498503 -2.507276 -10.163590 4.678940 4.621105 -20.975996 -0.000006 0.000002 -21.226255 2.451692 -3.593992 0.000001 -0.000006 -0.000001 -1.362680 2.240797 -0.746323 -21.334892 0.584907 3.008322 -13.821197 -0.000002 0.000001 -23.887133 -0.249078 -0.839478 -60.109615 2.549691 -1.400370 -0.294025 1.679686 0.833255 -14.218194 0.093214 1.300580 -34.212002 -0.287566 0.967171 -20.033180 0.964533 1.212841 0.000000 0.000002 0.000001 -3.440386 0.788230 0.501655 -15.928167 -3.167307 2.999705 -6.338816 -0.000000 0.000000 -18.123413 3.648175 -4.905660 -0.000004 0.000000 -0.000002 7.345842 7.587421 14.456114 66.318153 2.424397 8.456055 -1.239014 57.732971 -0.212515 2.119547 -0.478516 -11.276306 2.243539 -5.255033 -3.180154 14.282877 -0.826591 6.952497 -0.000002 -12.690588 0.000000 16.376667 -17.671846 2.440774 1.665664 -1.955919 -2.878296 4.727794 -4.170583 4.993919 11.020509 0.000003 -0.000000 12.109031 -3.735710 -2.866779 0.000000 -0.000000 0.000000 1.291984 -1.928547 -1.498088 14.800114 0.567468 3.865604 14.242553 -1.341735 -6.660649 19.631937 0.143924 -0.648244 50.681587 -0.663732 -6.343995 0.353028 -1.511149 -0.031940 20.222769 3.684306 2.316629 18.787243 0.000003 0.000000 10.751610 -0.479867 1.397904 -0.000001 -0.000000 -0.000002 3.273804 0.305947 -0.580110 21.486790 11.830361 2.266131 8.162916 -0.000000 0.000001 18.399052 -3.798980 -4.940567 0.000003 0.000001 -0.000001 9.749885 13.810225 -18.570101 -0.114553 -0.285063 14.100674 -15.259386 0.378479 3.078603 1.676073 -1.884098 -0.361148 -0.000000 0.000000 0.000002 -1.236918 -2.400366 -26.465899 -0.012704 0.122365 26.662243 1.492788 0.278439 -3.974962 -1.440580 1.041793 0.672678 -0.000000 -0.000000 -0.000001 
