HIERARCHY
ROOT Hips
{
	OFFSET 0.000000 0.000000 0.000000
	CHANNELS 6 Xposition Yposition Zposition Zrotation Yrotation Xrotation 
	JOINT Spine1
	{
		OFFSET -0.013727 5.003763 -0.053727
		CHANNELS 3 Zrotation Yrotation Xrotation
		JOINT Spine2
		{
			OFFSET -0.000000 7.125302 -0.029825
			CHANNELS 3 Zrotation Yrotation Xrotation
			JOINT Chest
			{
				OFFSET -0.000001 7.550064 -0.815971
				CHANNELS 3 Zrotation Yrotation Xrotation
				JOINT Neck1
				{
					OFFSET -0.181676 26.311296 -0.553348
					CHANNELS 3 Zrotation Yrotation Xrotation
					JOINT Neck2
					{
						OFFSET -0.000003 7.709400 2.302586
						CHANNELS 3 Zrotation Yrotation Xrotation
						JOINT Head
						{
							OFFSET -0.000005 6.128912 1.953709
							CHANNELS 3 Zrotation Yrotation Xrotation
							JOINT HeadEnd
							{
								OFFSET 0.003598 16.065403 -1.835379
								CHANNELS 3 Zrotation Yrotation Xrotation
								End Site
								{
									OFFSET 0.000000 0.000000 0.000000
								}
							}
							JOINT Jaw
							{
								OFFSET 0.002637 0.475591 3.094941
								CHANNELS 3 Zrotation Yrotation Xrotation
								End Site
								{
									OFFSET 0.000000 0.000000 0.000000
								}
							}
							JOINT LeftEye
							{
								OFFSET 3.206381 5.380207 7.586883
								CHANNELS 3 Zrotation Yrotation Xrotation
								End Site
								{
									OFFSET 0.000000 0.000000 0.000000
								}
							}
							JOINT RightEye
							{
								OFFSET -3.222440 5.361868 7.558234
								CHANNELS 3 Zrotation Yrotation Xrotation
								End Site
								{
									OFFSET 0.000000 0.000000 0.000000
								}
							}
						}
					}
				}
				JOINT LeftShoulder
				{
					OFFSET 1.621652 23.237165 5.113413
					CHANNELS 3 Zrotation Yrotation Xrotation
					JOINT LeftArm
					{
						OFFSET 14.919845 -0.000000 -5.502326
						CHANNELS 3 Zrotation Yrotation Xrotation
						JOINT LeftForeArm
						{
							OFFSET 28.739309 0.000002 -0.002588
							CHANNELS 3 Zrotation Yrotation Xrotation
							JOINT LeftHand
							{
								OFFSET 27.093983 -0.000003 0.002609
								CHANNELS 3 Zrotation Yrotation Xrotation
								JOINT LeftHandThumb1
								{
									OFFSET 2.276481 -1.392046 3.191413
									CHANNELS 3 Zrotation Yrotation Xrotation
									JOINT LeftHandThumb2
									{
										OFFSET 4.012841 -1.828126 1.641655
										CHANNELS 3 Zrotation Yrotation Xrotation
										JOINT LeftHandThumb3
										{
											OFFSET 2.798517 0.000001 -0.000003
											CHANNELS 3 Zrotation Yrotation Xrotation
											JOINT LeftHandThumbEnd
											{
												OFFSET 3.180791 -0.000002 0.000002
												CHANNELS 3 Zrotation Yrotation Xrotation
												End Site
												{
													OFFSET 0.000000 0.000000 0.000000
												}
											}
										}
									}
								}
								JOINT LeftHandIndex1
								{
									OFFSET 3.247554 -0.531998 2.296169
									CHANNELS 3 Zrotation Yrotation Xrotation
									JOINT LeftHandIndex2
									{
										OFFSET 6.364580 0.012063 0.178600
										CHANNELS 3 Zrotation Yrotation Xrotation
										JOINT LeftHandIndex3
										{
											OFFSET 3.662367 0.000001 0.000000
											CHANNELS 3 Zrotation Yrotation Xrotation
											JOINT LeftHandIndex4
											{
												OFFSET 2.329242 0.000001 0.000003
												CHANNELS 3 Zrotation Yrotation Xrotation
												JOINT LeftHandIndexEnd
												{
													OFFSET 2.759619 -0.180539 -0.113023
													CHANNELS 3 Zrotation Yrotation Xrotation
													End Site
													{
														OFFSET 0.000000 0.000000 0.000000
													}
												}
											}
										}
									}
								}
								JOINT LeftHandMiddle1
								{
									OFFSET 3.163498 0.240982 1.000332
									CHANNELS 3 Zrotation Yrotation Xrotation
									JOINT LeftHandMiddle2
									{
										OFFSET 6.190778 -0.259276 -1.002548
										CHANNELS 3 Zrotation Yrotation Xrotation
										JOINT LeftHandMiddle3
										{
											OFFSET 4.356522 -0.000007 0.000000
											CHANNELS 3 Zrotation Yrotation Xrotation
											JOINT LeftHandMiddle4
											{
												OFFSET 2.996875 -0.000006 0.000001
												CHANNELS 3 Zrotation Yrotation Xrotation
												JOINT LeftHandMiddleEnd
												{
													OFFSET 2.304294 -0.294572 -0.031740
													CHANNELS 3 Zrotation Yrotation Xrotation
													End Site
													{
														OFFSET 0.000000 0.000000 0.000000
													}
												}
											}
										}
									}
								}
								JOINT LeftHandRing1
								{
									OFFSET 2.882642 -0.053650 -0.322543
									CHANNELS 3 Zrotation Yrotation Xrotation
									JOINT LeftHandRing2
									{
										OFFSET 5.854543 -0.486203 -1.373842
										CHANNELS 3 Zrotation Yrotation Xrotation
										JOINT LeftHandRing3
										{
											OFFSET 4.350580 0.000000 0.000003
											CHANNELS 3 Zrotation Yrotation Xrotation
											JOINT LeftHandRing4
											{
												OFFSET 2.651324 0.000007 0.000003
												CHANNELS 3 Zrotation Yrotation Xrotation
												JOINT LeftHandRingEnd
												{
													OFFSET 1.936110 0.077686 -0.000069
													CHANNELS 3 Zrotation Yrotation Xrotation
													End Site
													{
														OFFSET 0.000000 0.000000 0.000000
													}
												}
											}
										}
									}
								}
								JOINT LeftHandPinky1
								{
									OFFSET 2.865499 -0.310004 -1.600378
									CHANNELS 3 Zrotation Yrotation Xrotation
									JOINT LeftHandPinky2
									{
										OFFSET 5.087852 -1.331142 -1.771231
										CHANNELS 3 Zrotation Yrotation Xrotation
										JOINT LeftHandPinky3
										{
											OFFSET 3.070976 0.000004 0.000001
											CHANNELS 3 Zrotation Yrotation Xrotation
											JOINT LeftHandPinky4
											{
												OFFSET 1.549667 -0.000000 0.000000
												CHANNELS 3 Zrotation Yrotation Xrotation
												JOINT LeftHandPinkyEnd
												{
													OFFSET 1.944894 -0.157802 0.057219
													CHANNELS 3 Zrotation Yrotation Xrotation
													End Site
													{
														OFFSET 0.000000 0.000000 0.000000
													}
												}
											}
										}
									}
								}
							}
						}
					}
				}
				JOINT RightShoulder
				{
					OFFSET -1.380118 23.180309 5.214158
					CHANNELS 3 Zrotation Yrotation Xrotation
					JOINT RightArm
					{
						OFFSET -15.037197 0.000011 -5.545604
						CHANNELS 3 Zrotation Yrotation Xrotation
						JOINT RightForeArm
						{
							OFFSET -28.736639 0.000003 -0.002597
							CHANNELS 3 Zrotation Yrotation Xrotation
							JOINT RightHand
							{
								OFFSET -27.133614 -0.000000 0.002613
								CHANNELS 3 Zrotation Yrotation Xrotation
								JOINT RightHandThumb1
								{
									OFFSET -2.274037 -1.383990 3.163127
									CHANNELS 3 Zrotation Yrotation Xrotation
									JOINT RightHandThumb2
									{
										OFFSET -4.011428 -1.827468 1.640914
										CHANNELS 3 Zrotation Yrotation Xrotation
										JOINT RightHandThumb3
										{
											OFFSET -2.794934 -0.000004 -0.000003
											CHANNELS 3 Zrotation Yrotation Xrotation
											JOINT RightHandThumbEnd
											{
												OFFSET -3.183856 0.000003 0.000000
												CHANNELS 3 Zrotation Yrotation Xrotation
												End Site
												{
													OFFSET 0.000000 0.000000 0.000000
												}
											}
										}
									}
								}
								JOINT RightHandIndex1
								{
									OFFSET -3.253269 -0.520060 2.282866
									CHANNELS 3 Zrotation Yrotation Xrotation
									JOINT RightHandIndex2
									{
										OFFSET -6.341918 0.012472 0.178266
										CHANNELS 3 Zrotation Yrotation Xrotation
										JOINT RightHandIndex3
										{
											OFFSET -3.654872 -0.000009 -0.000001
											CHANNELS 3 Zrotation Yrotation Xrotation
											JOINT RightHandIndex4
											{
												OFFSET -2.327587 0.000000 0.000000
												CHANNELS 3 Zrotation Yrotation Xrotation
												JOINT RightHandIndexEnd
												{
													OFFSET -2.761789 -0.180657 -0.113079
													CHANNELS 3 Zrotation Yrotation Xrotation
													End Site
													{
														OFFSET 0.000000 0.000000 0.000000
													}
												}
											}
										}
									}
								}
								JOINT RightHandMiddle1
								{
									OFFSET -3.168106 0.246593 1.001030
									CHANNELS 3 Zrotation Yrotation Xrotation
									JOINT RightHandMiddle2
									{
										OFFSET -6.180830 -0.258836 -1.000896
										CHANNELS 3 Zrotation Yrotation Xrotation
										JOINT RightHandMiddle3
										{
											OFFSET -4.348906 -0.000000 -0.000000
											CHANNELS 3 Zrotation Yrotation Xrotation
											JOINT RightHandMiddle4
											{
												OFFSET -3.000243 -0.000003 -0.000002
												CHANNELS 3 Zrotation Yrotation Xrotation
												JOINT RightHandMiddleEnd
												{
													OFFSET -2.302517 -0.294372 -0.031706
													CHANNELS 3 Zrotation Yrotation Xrotation
													End Site
													{
														OFFSET 0.000000 0.000000 0.000000
													}
												}
											}
										}
									}
								}
								JOINT RightHandRing1
								{
									OFFSET -2.885694 -0.067952 -0.308858
									CHANNELS 3 Zrotation Yrotation Xrotation
									JOINT RightHandRing2
									{
										OFFSET -5.854196 -0.486132 -1.373732
										CHANNELS 3 Zrotation Yrotation Xrotation
										JOINT RightHandRing3
										{
											OFFSET -4.338814 -0.000004 -0.000000
											CHANNELS 3 Zrotation Yrotation Xrotation
											JOINT RightHandRing4
											{
												OFFSET -2.654906 -0.000004 0.000004
												CHANNELS 3 Zrotation Yrotation Xrotation
												JOINT RightHandRingEnd
												{
													OFFSET -1.933570 0.077523 -0.000052
													CHANNELS 3 Zrotation Yrotation Xrotation
													End Site
													{
														OFFSET 0.000000 0.000000 0.000000
													}
												}
											}
										}
									}
								}
								JOINT RightHandPinky1
								{
									OFFSET -2.866429 -0.342798 -1.584145
									CHANNELS 3 Zrotation Yrotation Xrotation
									JOINT RightHandPinky2
									{
										OFFSET -5.091369 -1.332054 -1.772385
										CHANNELS 3 Zrotation Yrotation Xrotation
										JOINT RightHandPinky3
										{
											OFFSET -3.062664 -0.000007 0.000001
											CHANNELS 3 Zrotation Yrotation Xrotation
											JOINT RightHandPinky4
											{
												OFFSET -1.546527 0.000006 -0.000002
												CHANNELS 3 Zrotation Yrotation Xrotation
												JOINT RightHandPinkyEnd
												{
													OFFSET -1.945122 -0.157722 0.057211
													CHANNELS 3 Zrotation Yrotation Xrotation
													End Site
													{
														OFFSET 0.000000 0.000000 0.000000
													}
												}
											}
										}
									}
								}
							}
						}
					}
				}
			}
		}
	}
	JOINT LeftLeg
	{
		OFFSET 10.043214 -8.434526 2.595655
		CHANNELS 3 Zrotation Yrotation Xrotation
		JOINT LeftShin
		{
			OFFSET -0.000002 -43.221752 -0.802913
			CHANNELS 3 Zrotation Yrotation Xrotation
			JOINT LeftFoot
			{
				OFFSET 0.000001 -42.155094 -3.481523
				CHANNELS 3 Zrotation Yrotation Xrotation
				JOINT LeftToeBase
				{
					OFFSET 0.000000 -5.059474 13.231529
					CHANNELS 3 Zrotation Yrotation Xrotation
					JOINT LeftToeEnd
					{
						OFFSET -0.009607 -1.647615 6.513017
						CHANNELS 3 Zrotation Yrotation Xrotation
						End Site
						{
							OFFSET 0.000000 0.000000 0.000000
						}
					}
				}
			}
		}
	}
	JOINT RightLeg
	{
		OFFSET -10.047277 -8.295259 2.620317
		CHANNELS 3 Zrotation Yrotation Xrotation
		JOINT RightShin
		{
			OFFSET 0.000001 -43.362209 -0.805556
			CHANNELS 3 Zrotation Yrotation Xrotation
			JOINT RightFoot
			{
				OFFSET 0.000003 -42.117393 -3.478399
				CHANNELS 3 Zrotation Yrotation Xrotation
				JOINT RightToeBase
				{
					OFFSET -0.000001 -5.079608 13.284196
					CHANNELS 3 Zrotation Yrotation Xrotation
					JOINT RightToeEnd
					{
						OFFSET 0.009532 -1.634383 6.460591
						CHANNELS 3 Zrotation Yrotation Xrotation
						End Site
						{
							OFFSET 0.000000 0.000000 0.000000
						}
					}
				}
			}
		}
	}
}
MOTION
Frames: 90
Frame Time: 0.033333
-1.338859 94.921616 -0.965257 -1.569818 -0.396075 -4.032673 1.783576 0.574825 1.343150 0.165143 1.838745 -4.181754 2.721405 0.385042 7.062273 -3.930575 5.388754 12.929178 -0.480694 0.736152 -3.559318 -2.064032 1.413146 -7.272805 0.000077 -0.000023 0.000006 0.016715 -0.051472 -0.008596 0.780729 -3.791525 -10.732980 -0.757764 3.693489 -10.655659 -9.887015 -12.467333 4.664626 -45.921028 -44.688675 -17.323465 176.883347 -59.732693 -176.782196 -0.912895 4.712428 -14.137796 -5.882102 9.861278 0.702591 -10.936861 -0.360575 7.156198 0.000000 8.774811 0.000000 -16.357431 18.865503 6.483267 -1.844029 2.498503 -2.507276 -10.163591 4.678940 4.621105 -20.976000 -0.000002 0.000004 -21.226259 2.451694 -3.593992 0.000000 -0.000006 -0.000002 -1.362681 2.240794 -0.746322 -21.334892 0.584910 3.008320 -13.821200 -0.000002 0.000002 -23.887136 -0.249078 -0.839481 -61.898830 3.011828 -1.539235 -0.294025 1.679687 0.833255 -14.218192 0.093214 1.300579 -34.212006 -0.287562 0.967171 -20.033180 0.964536 1.212842 0.000000 0.000000 0.000000 -3.440386 0.788231 0.501656 -15.928171 -3.167305 2.999704 -6.338818 -0.000001 0.000002 -18.123415 3.648176 -4.905659 -0.000004 -0.000000 -0.000003 3.277591 24.244677 6.644467 53.008675 41.461365 -5.950716 -176.159286 54.335148 -177.221573 -20.023458 7.139359 -25.573843 2.243540 -5.255033 -3.180154 14.282877 -0.826596 6.952497 0.000001 -12.690590 -0.000001 15.602160 -17.945213 3.182739 1.665665 -1.955920 -2.878295 4.727794 -4.170584 4.993916 11.020513 0.000000 -0.000003 12.109033 -3.735710 -2.866780 0.000000 -0.000001 -0.000001 1.291985 -1.928548 -1.498088 14.800111 0.567466 3.865604 14.242554 -1.341737 -6.660648 19.631939 0.143925 -0.648246 49.077518 -0.681229 -6.097525 0.353029 -1.511150 -0.031941 20.222765 3.684303 2.316629 18.787245 0.000003 -0.000001 10.751611 -0.479868 1.397903 -0.000000 0.000002 -0.000001 3.273804 0.305946 -0.580110 21.486790 11.830360 2.266129 8.162916 0.000001 -0.000003 18.399055 -3.798980 -4.940569 0.000003 -0.000001 -0.000000 8.515388 2.625950 -22.716852 -0.088452 -0.310899 37.669144 -10.857409 9.041220 -9.872252 1.621030 -1.954649 -0.010978 -0.000000 -0.000000 0.000002 -6.475151 -1.111847 5.985763 -0.000986 0.405273 22.810192 11.222433 -4.701510 -21.763384 -1.443480 1.053603 -1.190284 -0.000000 0.000000 -0.000001 
-1.406292 95.019386 -1.041571 -1.508693 -0.888384 -3.842285 1.733103 0.603094 1.319127 0.177842 1.901607 -4.151435 2.767334 0.524620 6.939356 -4.102498 5.291455 12.543252 -0.481694 0.817339 -3.546230 -1.953440 1.587369 -7.165587 0.000077 -0.000023 0.000006 0.019834 -0.040908 -0.000212 0.778793 -3.779499 -10.689871 -0.750962 3.700840 -10.632215 -10.227987 -12.201424 4.472753 -45.662060 -44.593483 -17.542978 177.026520 -59.825233 -177.132492 -0.951684 4.276737 -13.783887 -5.882099 9.861279 0.702589 -10.936859 -0.360575 7.156196 0.000001 8.774817 -0.000002 -16.338377 18.767153 6.426823 -1.844031 2.498502 -2.507275 -10.163587 4.678939 4.621103 -20.975994 -0.000006 0.000002 -21.226248 2.451690 -3.593994 0.000000 -0.000006 -0.000001 -1.362679 2.240795 -0.746322 -21.334892 0.584905 3.008320 -13.821197 -0.000004 0.000001 -23.887129 -0.249082 -0.839482 -61.740028 2.890341 -1.527001 -0.294024 1.679687 0.833256 -14.218194 0.093213 1.300577 -34.212002 -0.287568 0.967170 -20.033178 0.964533 1.212842 -0.000000 -0.000000 0.000001 -3.440384 0.788232 0.501655 -15.928167 -3.167307 2.999701 -6.338817 -0.000002 0.000001 -18.123411 3.648174 -4.905662 -0.000004 -0.000001 -0.000002 3.374518 24.499195 6.721665 52.728085 41.227974 -6.080627 -176.611710 54.352226 -177.493027 -20.486559 7.790431 -26.638828 2.243540 -5.255033 -3.180154 14.282875 -0.826592 6.952495 -0.000004 -12.690591 0.000001 15.504003 -17.914745 3.209874 1.665665 -1.955920 -2.878297 4.727793 -4.170582 4.993919 11.020511 0.000004 -0.000001 12.109028 -3.735709 -2.866778 0.000000 0.000000 -0.000001 1.291985 -1.928548 -1.498087 14.800114 0.567468 3.865602 14.242553 -1.341733 -6.660650 19.631939 0.143927 -0.648241 49.075317 -0.726443 -6.168708 0.353029 -1.511149 -0.031941 20.222771 3.684307 2.316625 18.787245 0.000006 0.000001 10.751607 -0.479867 1.397904 -0.000001 0.000001 -0.000002 3.273804 0.305947 -0.580110 21.486790 11.830363 2.266129 8.162917 0.000003 -0.000001 18.399054 -3.798980 -4.940568 0.000003 0.000000 0.000000 8.549932 3.083830 -22.739630 -0.113842 -0.315736 37.463852 -11.050169 9.313560 -9.553052 1.625362 -1.978939 -0.170746 0.000000 -0.000000 0.000002 -6.598384 -1.146151 5.610897 -0.017058 0.406441 22.802694 10.991751 -4.337626 -21.485861 -1.443180 1.010917 -1.339442 0.000000 0.000000 -0.000001 
-1.480104 94.976074 -1.118478 -1.448109 -1.520178 -3.710593 1.670028 0.622445 1.296331 0.167701 2.005427 -4.121346 2.773986 0.690990 6.855152 -4.240843 5.222424 12.223245 -0.412719 0.984610 -3.572696 -1.852129 1.822005 -7.078580 0.000077 -0.000022 0.000006 0.021916 -0.066675 -0.000049 0.774273 -3.801750 -10.671464 -0.742803 3.667352 -10.629205 -10.422636 -11.917446 4.298368 -45.242939 -44.433121 -18.166719 177.488174 -59.915878 -177.647400 -0.973966 3.915248 -13.303707 -5.882100 9.861278 0.702590 -10.936858 -0.360574 7.156196 0.000001 8.774815 -0.000002 -16.215868 18.655680 6.433537 -1.844030 2.498502 -2.507276 -10.163588 4.678939 4.621103 -20.975998 -0.000001 0.000002 -21.226254 2.451693 -3.593994 0.000000 -0.000006 -0.000002 -1.362680 2.240797 -0.746324 -21.334892 0.584908 3.008318 -13.821197 -0.000002 0.000001 -23.887133 -0.249078 -0.839481 -61.551086 2.844182 -1.487070 -0.294023 1.679685 0.833255 -14.218194 0.093213 1.300578 -34.212006 -0.287565 0.967168 -20.033180 0.964534 1.212840 0.000000 0.000000 0.000001 -3.440385 0.788232 0.501655 -15.928167 -3.167306 2.999703 -6.338815 -0.000001 0.000001 -18.123413 3.648175 -4.905663 -0.000003 -0.000001 -0.000001 3.510398 24.685673 6.786483 52.602005 41.135120 -5.962030 -176.995865 54.438251 -177.618820 -21.103668 8.370159 -28.056982 2.243540 -5.255033 -3.180155 14.282875 -0.826594 6.952493 -0.000001 -12.690588 -0.000002 15.449390 -17.902117 3.263906 1.665665 -1.955920 -2.878298 4.727794 -4.170584 4.993919 11.020512 0.000002 -0.000002 12.109030 -3.735708 -2.866779 0.000001 -0.000000 -0.000002 1.291985 -1.928548 -1.498088 14.800113 0.567466 3.865604 14.242554 -1.341737 -6.660651 19.631939 0.143924 -0.648244 49.124496 -0.747548 -6.204276 0.353029 -1.511149 -0.031940 20.222767 3.684304 2.316628 18.787245 0.000002 -0.000001 10.751610 -0.479868 1.397904 -0.000000 0.000002 -0.000000 3.273804 0.305946 -0.580111 21.486788 11.830360 2.266132 8.162916 0.000002 -0.000002 18.399052 -3.798980 -4.940570 0.000003 -0.000001 -0.000001 8.607327 3.773737 -22.878981 -0.127117 -0.326622 37.685749 -11.409730 9.356046 -9.570036 1.630083 -2.001656 -0.311016 0.000000 -0.000000 0.000002 -6.768195 -1.192800 4.977087 -0.018499 0.419319 23.423513 10.729824 -3.641076 -21.634293 -1.443414 0.956524 -1.433323 0.000000 0.000000 -0.000001 
-1.571029 94.773872 -1.134087 -1.455785 -2.343804 -3.653700 1.613949 0.667166 1.284193 0.145231 2.061428 -4.091835 2.770868 0.854105 6.817190 -4.323821 5.119060 11.902843 -0.307029 1.252063 -3.591891 -1.775612 2.099942 -7.051589 0.000077 -0.000022 0.000006 0.024184 -0.081432 -0.003359 0.771155 -3.813458 -10.669024 -0.733008 3.649610 -10.631740 -10.462153 -11.621208 4.169763 -44.718048 -44.155903 -19.123638 178.191879 -59.991188 -178.365509 -0.922285 3.621759 -12.653893 -5.882102 9.861278 0.702590 -10.936862 -0.360573 7.156198 0.000000 8.774814 -0.000002 -16.071575 18.501516 6.475057 -1.844029 2.498503 -2.507276 -10.163592 4.678940 4.621104 -20.975996 -0.000004 0.000004 -21.226255 2.451693 -3.593992 0.000000 -0.000006 0.000000 -1.362679 2.240796 -0.746322 -21.334887 0.584906 3.008323 -13.821197 -0.000002 0.000002 -23.887131 -0.249077 -0.839478 -61.327301 2.865382 -1.438801 -0.294025 1.679686 0.833255 -14.218195 0.093215 1.300581 -34.212006 -0.287562 0.967173 -20.033180 0.964536 1.212841 0.000000 0.000000 0.000001 -3.440385 0.788231 0.501655 -15.928167 -3.167306 2.999705 -6.338817 -0.000002 0.000002 -18.123413 3.648177 -4.905659 -0.000003 -0.000000 -0.000003 3.556925 24.835411 6.763749 52.624866 41.123032 -5.879421 -177.616577 54.485859 -177.964142 -21.831482 8.775176 -29.786720 2.243540 -5.255033 -3.180156 14.282878 -0.826593 6.952496 -0.000002 -12.690590 -0.000001 15.457347 -17.861780 3.257820 1.665665 -1.955920 -2.878298 4.727795 -4.170582 4.993916 11.020513 0.000003 0.000000 12.109033 -3.735710 -2.866779 0.000000 -0.000000 0.000000 1.291984 -1.928548 -1.498089 14.800117 0.567468 3.865605 14.242553 -1.341737 -6.660645 19.631941 0.143922 -0.648241 49.207569 -0.715902 -6.248718 0.353029 -1.511149 -0.031939 20.222773 3.684307 2.316628 18.787247 0.000004 0.000002 10.751610 -0.479867 1.397904 -0.000002 0.000003 -0.000000 3.273805 0.305947 -0.580111 21.486794 11.830361 2.266134 8.162917 0.000003 -0.000001 18.399059 -3.798977 -4.940568 0.000003 -0.000001 -0.000001 8.797083 4.503284 -23.165846 -0.129531 -0.332846 38.554344 -11.901223 9.312844 -9.966990 1.631757 -2.028359 -0.469786 0.000000 0.000001 0.000002 -6.891427 -1.159098 4.096880 -0.008665 0.422660 24.759392 10.612321 -2.702703 -22.170288 -1.448910 0.929151 -1.507720 0.000000 0.000001 -0.000001 
-1.656023 94.369484 -1.096130 -1.533615 -3.284263 -3.721829 1.553474 0.682580 1.312283 0.117248 2.131927 -4.027269 2.772063 0.963967 6.795286 -4.375071 4.985545 11.654576 -0.175063 1.620712 -3.626230 -1.714996 2.496949 -7.069304 0.000077 -0.000022 0.000006 0.023838 -0.095380 -0.008204 0.765501 -3.819471 -10.652320 -0.729117 3.631484 -10.620925 -10.354474 -11.367696 4.148388 -43.987080 -43.761608 -20.453985 178.769821 -60.241596 -178.957306 -0.861707 3.196709 -11.899724 -5.882100 9.861277 0.702590 -10.936858 -0.360576 7.156196 -0.000001 8.774814 -0.000001 -15.928232 18.327293 6.495089 -1.844030 2.498501 -2.507277 -10.163587 4.678939 4.621104 -20.975994 -0.000004 0.000002 -21.226254 2.451690 -3.593992 -0.000000 -0.000006 0.000000 -1.362680 2.240797 -0.746323 -21.334896 0.584908 3.008321 -13.821197 -0.000004 0.000001 -23.887129 -0.249079 -0.839482 -60.979584 2.887930 -1.352307 -0.294024 1.679687 0.833255 -14.218190 0.093213 1.300579 -34.211998 -0.287566 0.967171 -20.033176 0.964534 1.212842 0.000000 0.000000 0.000000 -3.440386 0.788232 0.501655 -15.928169 -3.167307 2.999703 -6.338819 -0.000002 0.000001 -18.123413 3.648173 -4.905660 -0.000003 -0.000000 -0.000002 3.414961 24.914803 6.628836 52.856056 41.282574 -5.629562 -178.141693 54.570305 -178.268356 -22.594734 9.059447 -31.761683 2.243540 -5.255033 -3.180156 14.282873 -0.826595 6.952495 -0.000001 -12.690590 -0.000002 15.499142 -17.844810 3.275527 1.665665 -1.955920 -2.878299 4.727793 -4.170584 4.993918 11.020508 0.000003 -0.000001 12.109031 -3.735710 -2.866780 0.000000 -0.000001 0.000000 1.291984 -1.928547 -1.498089 14.800109 0.567467 3.865603 14.242551 -1.341733 -6.660653 19.631935 0.143927 -0.648245 49.321804 -0.714692 -6.260724 0.353029 -1.511149 -0.031940 20.222763 3.684306 2.316628 18.787243 0.000005 -0.000001 10.751606 -0.479869 1.397903 -0.000001 0.000002 -0.000000 3.273803 0.305947 -0.580112 21.486778 11.830361 2.266127 8.162914 0.000002 -0.000002 18.399044 -3.798981 -4.940568 0.000002 0.000000 0.000000 9.107026 5.091393 -23.571825 -0.127533 -0.342285 40.081768 -12.431781 9.287042 -10.871727 1.636718 -2.057301 -0.645350 0.000000 0.000000 0.000002 -6.947306 -1.003025 2.999164 0.006782 0.452017 26.904194 10.639056 -1.606989 -23.150829 -1.456060 0.908745 -1.587369 -0.000000 0.000000 -0.000001 
-1.735711 93.716423 -1.041677 -1.668871 -4.295491 -3.927139 1.464763 0.680922 1.400978 0.088524 2.165692 -3.965389 2.786222 1.020839 6.842653 -4.374157 4.801882 11.501080 -0.034458 2.206977 -3.650974 -1.710104 2.947861 -7.105574 0.000077 -0.000022 0.000006 0.025058 -0.082697 -0.011786 0.762713 -3.806045 -10.670738 -0.725999 3.636300 -10.638559 -10.128592 -11.207168 4.310651 -42.812950 -43.318165 -22.356537 179.222702 -61.073307 -179.433563 -0.753862 2.491192 -11.174073 -5.882099 9.861279 0.702589 -10.936857 -0.360575 7.156197 0.000001 8.774812 -0.000001 -15.807266 18.142519 6.423589 -1.844032 2.498502 -2.507275 -10.163587 4.678937 4.621104 -20.975992 -0.000004 0.000002 -21.226250 2.451691 -3.593995 0.000001 -0.000006 -0.000000 -1.362680 2.240797 -0.746323 -21.334887 0.584907 3.008320 -13.821197 -0.000003 0.000002 -23.887123 -0.249080 -0.839481 -60.594948 2.900773 -1.355136 -0.294025 1.679686 0.833256 -14.218190 0.093214 1.300579 -34.211998 -0.287565 0.967170 -20.033176 0.964534 1.212842 0.000000 -0.000000 0.000001 -3.440386 0.788231 0.501655 -15.928169 -3.167307 2.999704 -6.338818 -0.000001 0.000002 -18.123413 3.648177 -4.905662 -0.000004 -0.000000 -0.000001 3.163607 24.929085 6.471398 53.018265 41.805016 -5.341459 -178.542084 54.921310 -178.574341 -23.422840 9.291490 -33.624283 2.243540 -5.255032 -3.180157 14.282877 -0.826592 6.952496 -0.000003 -12.690592 -0.000001 15.639229 -17.836222 3.220305 1.665664 -1.955920 -2.878298 4.727793 -4.170582 4.993917 11.020511 0.000004 -0.000000 12.109032 -3.735708 -2.866780 0.000000 -0.000000 0.000000 1.291984 -1.928547 -1.498088 14.800109 0.567469 3.865602 14.242551 -1.341733 -6.660646 19.631939 0.143928 -0.648243 49.574013 -0.748637 -6.288785 0.353028 -1.511150 -0.031939 20.222771 3.684308 2.316626 18.787247 0.000005 -0.000000 10.751610 -0.479866 1.397904 0.000000 0.000001 0.000000 3.273805 0.305947 -0.580111 21.486792 11.830361 2.266132 8.162917 0.000003 -0.000001 18.399055 -3.798976 -4.940567 0.000002 0.000000 0.000000 9.534119 5.380803 -24.191910 -0.110774 -0.327037 42.414207 -12.976635 9.349609 -12.232828 1.638448 -2.060654 -0.774985 0.000000 0.000000 0.000002 -6.929093 -0.666602 1.575554 0.028769 0.494279 30.111303 10.684287 -0.422559 -24.546494 -1.462154 0.895676 -1.697703 -0.000000 0.000000 -0.000001 
-1.726244 92.797073 -0.965590 -1.886518 -5.228456 -4.266340 1.369702 0.640134 1.524438 0.076429 2.149762 -3.863101 2.831479 0.991254 6.943707 -4.301724 4.642504 11.494423 0.092874 2.951871 -3.656502 -1.813537 3.483891 -7.232617 0.000077 -0.000022 0.000006 0.026183 -0.066781 -0.005028 0.759388 -3.791644 -10.683505 -0.722819 3.660942 -10.657747 -9.730131 -11.301102 4.570790 -41.165382 -42.655029 -24.724880 179.368073 -63.049324 -179.490387 -0.624413 1.560768 -10.641387 -5.882101 9.861278 0.702589 -10.936859 -0.360576 7.156198 0.000000 8.774811 -0.000002 -15.798635 18.046003 6.271334 -1.844029 2.498504 -2.507275 -10.163591 4.678939 4.621103 -20.975996 -0.000003 0.000003 -21.226255 2.451694 -3.593992 -0.000000 -0.000006 0.000001 -1.362680 2.240796 -0.746323 -21.334892 0.584907 3.008321 -13.821198 -0.000002 0.000002 -23.887131 -0.249076 -0.839480 -60.280651 2.894878 -1.362258 -0.294024 1.679686 0.833255 -14.218195 0.093215 1.300580 -34.212006 -0.287562 0.967170 -20.033178 0.964535 1.212840 -0.000000 -0.000000 0.000000 -3.440384 0.788233 0.501655 -15.928169 -3.167306 2.999705 -6.338819 -0.000001 0.000001 -18.123415 3.648177 -4.905662 -0.000004 -0.000000 -0.000002 2.806459 24.795538 6.200938 53.006378 42.849335 -5.186551 -178.951263 55.778084 -178.952057 -24.287407 9.282015 -34.947014 2.243539 -5.255033 -3.180154 14.282877 -0.826592 6.952494 -0.000004 -12.690593 -0.000000 15.805132 -17.837685 3.186447 1.665665 -1.955920 -2.878296 4.727793 -4.170583 4.993919 11.020512 0.000004 -0.000000 12.109031 -3.735709 -2.866781 0.000000 -0.000001 -0.000000 1.291985 -1.928548 -1.498089 14.800113 0.567471 3.865603 14.242553 -1.341734 -6.660649 19.631939 0.143930 -0.648242 49.860874 -0.826696 -6.354383 0.353028 -1.511149 -0.031940 20.222771 3.684309 2.316629 18.787245 0.000006 0.000003 10.751611 -0.479865 1.397905 0.000000 0.000002 0.000001 3.273804 0.305947 -0.580109 21.486795 11.830370 2.266130 8.162917 0.000004 -0.000001 18.399054 -3.798977 -4.940567 0.000003 0.000001 -0.000002 10.021246 5.255099 -25.014799 -0.069424 -0.279692 45.446201 -13.409784 9.484503 -14.107463 1.638952 -2.048550 -0.720779 0.000000 -0.000000 0.000002 -6.869374 -0.260134 -0.011597 0.066137 0.577952 34.130558 10.768887 0.684632 -26.214657 -1.467941 0.906801 -1.803629 -0.000000 0.000000 -0.000001 
-1.620506 91.675514 -0.875234 -2.146889 -5.835779 -4.690505 1.270499 0.610147 1.638129 0.074197 2.001174 -3.764233 2.939805 0.843879 7.145626 -4.150764 4.532350 11.746035 0.213381 3.703258 -3.656230 -2.116329 4.014849 -7.489567 0.000077 -0.000023 0.000006 0.024960 -0.043505 0.002243 0.752714 -3.773285 -10.696371 -0.717693 3.684312 -10.684143 -9.168461 -11.674185 4.877309 -39.340855 -41.978832 -27.212685 179.380722 -66.687904 -179.309296 -0.276588 0.879722 -10.249524 -5.882102 9.861276 0.702591 -10.936862 -0.360573 7.156197 0.000002 8.774811 -0.000000 -15.865275 18.027796 6.177951 -1.844032 2.498502 -2.507276 -10.163591 4.678941 4.621105 -20.975998 -0.000002 0.000004 -21.226255 2.451693 -3.593991 0.000000 -0.000006 -0.000002 -1.362681 2.240797 -0.746322 -21.334887 0.584910 3.008320 -13.821198 -0.000002 0.000002 -23.887133 -0.249077 -0.839480 -60.192493 2.860588 -1.360813 -0.294025 1.679687 0.833255 -14.218194 0.093215 1.300580 -34.212006 -0.287562 0.967170 -20.033180 0.964536 1.212842 0.000000 0.000000 0.000001 -3.440386 0.788232 0.501655 -15.928171 -3.167306 2.999703 -6.338819 -0.000001 0.000002 -18.123415 3.648176 -4.905659 -0.000005 -0.000000 -0.000002 2.467638 24.510790 5.918597 52.530567 44.467133 -5.447613 -179.469498 57.125175 -179.519287 -25.201880 8.800238 -35.416348 2.243540 -5.255033 -3.180157 14.282877 -0.826594 6.952496 0.000001 -12.690590 -0.000003 15.894022 -17.733717 3.142808 1.665665 -1.955919 -2.878296 4.727794 -4.170584 4.993920 11.020510 0.000002 0.000001 12.109031 -3.735710 -2.866778 0.000000 -0.000001 -0.000001 1.291984 -1.928548 -1.498088 14.800111 0.567466 3.865604 14.242553 -1.341737 -6.660649 19.631935 0.143924 -0.648245 49.952515 -0.834490 -6.357688 0.353029 -1.511149 -0.031941 20.222769 3.684303 2.316629 18.787245 0.000002 0.000002 10.751611 -0.479868 1.397904 0.000000 0.000003 0.000001 3.273804 0.305946 -0.580110 21.486788 11.830359 2.266132 8.162916 0.000001 -0.000002 18.399050 -3.798981 -4.940567 0.000003 0.000000 0.000000 10.473997 4.591279 -26.040493 -0.016245 -0.190253 48.901394 -13.706047 9.765156 -16.258163 1.633159 -2.018375 -0.387791 0.000000 -0.000000 0.000002 -6.859579 -0.012392 -1.590889 0.120413 0.638047 38.603523 10.916086 1.665411 -27.858578 -1.473166 0.920403 -1.851007 0.000000 0.000000 -0.000001 
-1.413457 90.490799 -0.728325 -2.406173 -5.627254 -5.092114 1.172068 0.556175 1.671868 0.093968 1.764442 -3.662937 3.048951 0.464179 7.392989 -3.846432 4.467503 12.284754 0.289675 4.176777 -3.683487 -2.495322 4.432584 -7.701628 0.000077 -0.000022 0.000006 0.023397 -0.027131 0.002452 0.745346 -3.762427 -10.682013 -0.710836 3.698791 -10.685205 -8.717761 -12.211705 5.231042 -37.711910 -41.766136 -29.361557 -179.844498 -71.914726 -179.631134 0.328703 0.764300 -9.309980 -5.882102 9.861277 0.702590 -10.936861 -0.360575 7.156198 0.000001 8.774814 0.000000 -15.933546 18.061203 6.133815 -1.844032 2.498503 -2.507276 -10.163589 4.678938 4.621104 -20.975994 -0.000003 0.000003 -21.226254 2.451693 -3.593992 0.000001 -0.000006 -0.000000 -1.362680 2.240795 -0.746323 -21.334890 0.584908 3.008321 -13.821198 -0.000003 0.000003 -23.887133 -0.249078 -0.839479 -60.241650 2.805670 -1.351835 -0.294025 1.679685 0.833255 -14.218195 0.093213 1.300580 -34.211998 -0.287562 0.967171 -20.033176 0.964535 1.212842 0.000000 0.000000 0.000002 -3.440386 0.788231 0.501655 -15.928169 -3.167306 2.999703 -6.338820 -0.000002 0.000001 -18.123415 3.648175 -4.905661 -0.000003 -0.000001 -0.000003 2.371473 24.080956 5.764179 51.415855 46.381290 -6.358830 179.829865 58.499561 179.817947 -25.875092 7.723612 -35.099083 2.243538 -5.255032 -3.180154 14.282875 -0.826593 6.952500 -0.000002 -12.690590 0.000000 15.955992 -17.517868 3.129154 1.665664 -1.955919 -2.878297 4.727794 -4.170584 4.993921 11.020511 0.000003 0.000000 12.109028 -3.735710 -2.866779 0.000001 -0.000000 -0.000000 1.291984 -1.928547 -1.498088 14.800111 0.567468 3.865606 14.242550 -1.341735 -6.660646 19.631937 0.143928 -0.648240 49.794537 -0.824127 -6.205080 0.353028 -1.511149 -0.031941 20.222765 3.684307 2.316631 18.787243 0.000005 0.000004 10.751612 -0.479869 1.397907 -0.000001 0.000002 -0.000001 3.273804 0.305947 -0.580109 21.486788 11.830362 2.266133 8.162914 0.000002 -0.000002 18.399050 -3.798982 -4.940565 0.000001 0.000001 -0.000001 10.726840 3.354376 -27.248404 0.016745 -0.101884 52.237099 -13.752899 9.905205 -18.469658 1.624888 -1.963816 0.212641 0.000000 -0.000000 0.000002 -6.968082 -0.317436 -2.726475 0.203062 0.696984 42.624180 11.306762 2.351522 -29.432560 -1.478171 0.939307 -1.899428 0.000000 0.000000 -0.000001 
-1.102044 89.603790 -0.432679 -2.570666 -3.829216 -5.339401 1.022481 0.517476 1.575082 0.096864 1.436221 -3.667870 3.065687 -0.034907 7.680548 -3.237012 4.297864 13.004724 0.261299 4.209908 -3.706281 -2.765184 4.387039 -7.893258 0.000077 -0.000023 0.000006 0.024398 -0.013188 0.004082 0.731669 -3.746431 -10.654650 -0.695173 3.702105 -10.664067 -8.604403 -12.847576 5.796502 -36.500011 -42.684338 -30.327076 -176.695984 -77.696007 177.793701 0.739524 1.041972 -7.426585 -5.882102 9.861277 0.702590 -10.936861 -0.360573 7.156195 0.000002 8.774817 -0.000001 -15.934738 17.986008 6.094053 -1.844031 2.498503 -2.507275 -10.163590 4.678939 4.621104 -20.976000 -0.000003 0.000002 -21.226255 2.451692 -3.593992 0.000000 -0.000007 0.000000 -1.362680 2.240796 -0.746323 -21.334894 0.584908 3.008320 -13.821200 -0.000002 0.000001 -23.887133 -0.249079 -0.839481 -60.119205 2.717385 -1.331937 -0.294024 1.679687 0.833255 -14.218194 0.093214 1.300577 -34.212006 -0.287567 0.967169 -20.033180 0.964532 1.212841 0.000000 0.000000 -0.000002 -3.440386 0.788234 0.501655 -15.928169 -3.167308 2.999704 -6.338818 -0.000001 0.000000 -18.123415 3.648176 -4.905661 -0.000003 0.000001 -0.000003 2.547585 23.347395 5.714834 49.627285 48.056950 -8.145967 179.257492 58.980553 179.202118 -25.465235 6.424711 -34.375847 2.243540 -5.255032 -3.180155 14.282877 -0.826593 6.952495 -0.000002 -12.690588 0.000003 16.040236 -17.238079 3.054754 1.665665 -1.955920 -2.878298 4.727794 -4.170584 4.993921 11.020513 0.000003 -0.000001 12.109035 -3.735709 -2.866780 0.000001 0.000000 0.000000 1.291984 -1.928548 -1.498088 14.800113 0.567467 3.865603 14.242554 -1.341735 -6.660651 19.631939 0.143926 -0.648244 49.430763 -0.775137 -6.028366 0.353029 -1.511149 -0.031941 20.222771 3.684306 2.316628 18.787247 0.000005 -0.000001 10.751610 -0.479868 1.397902 -0.000000 0.000002 -0.000002 3.273804 0.305946 -0.580110 21.486794 11.830362 2.266129 8.162916 0.000002 -0.000002 18.399057 -3.798979 -4.940569 0.000003 -0.000001 -0.000000 10.526011 1.482900 -28.667389 -0.001502 -0.058033 54.855713 -13.356482 9.627574 -19.764544 1.612304 -1.948611 0.920756 -0.000000 0.000000 0.000002 -7.272010 -1.642605 -2.823808 0.282983 0.739888 45.070911 12.106496 2.421516 -30.470648 -1.479268 0.945274 -1.803440 0.000000 0.000000 -0.000001 
-0.767190 89.331253 0.062852 -2.684235 0.066566 -5.416780 0.870987 0.561783 1.435600 0.080919 1.172737 -3.782389 2.986650 -0.571247 7.849876 -2.385877 3.879121 13.752532 0.115761 3.671920 -3.691171 -2.873561 3.610233 -7.917550 0.000077 -0.000022 0.000006 0.027251 0.028005 0.016998 0.721578 -3.690037 -10.584895 -0.681882 3.733222 -10.610598 -8.969603 -13.526583 6.601224 -36.462212 -44.706543 -28.790131 -168.424179 -82.110756 170.086929 0.146458 1.007765 -4.487043 -5.882100 9.861279 0.702590 -10.936858 -0.360575 7.156199 -0.000001 8.774815 -0.000003 -15.970492 17.835119 5.852345 -1.844031 2.498503 -2.507276 -10.163589 4.678940 4.621103 -20.975994 -0.000002 0.000002 -21.226254 2.451693 -3.593994 -0.000000 -0.000007 0.000000 -1.362680 2.240798 -0.746321 -21.334888 0.584909 3.008321 -13.821198 -0.000003 0.000003 -23.887131 -0.249077 -0.839480 -59.712749 2.695269 -1.428632 -0.294025 1.679685 0.833256 -14.218189 0.093213 1.300580 -34.211998 -0.287561 0.967169 -20.033176 0.964537 1.212841 0.000000 -0.000002 0.000001 -3.440386 0.788235 0.501656 -15.928167 -3.167305 2.999704 -6.338819 0.000001 0.000002 -18.123413 3.648176 -4.905663 -0.000004 -0.000000 -0.000002 2.781661 22.393337 5.575167 47.650696 48.696308 -10.514525 179.965714 57.526028 179.703842 -23.925472 5.428133 -33.551830 2.243540 -5.255033 -3.180154 14.282875 -0.826594 6.952495 -0.000001 -12.690591 0.000000 15.967897 -17.028311 3.001249 1.665664 -1.955920 -2.878295 4.727794 -4.170583 4.993919 11.020512 0.000002 0.000001 12.109031 -3.735709 -2.866777 0.000003 -0.000001 -0.000001 1.291984 -1.928548 -1.498087 14.800114 0.567467 3.865604 14.242553 -1.341734 -6.660647 19.631937 0.143925 -0.648242 49.429420 -0.785685 -6.033655 0.353029 -1.511149 -0.031941 20.222769 3.684305 2.316628 18.787247 0.000004 0.000001 10.751614 -0.479869 1.397904 -0.000001 0.000002 -0.000000 3.273804 0.305947 -0.580110 21.486790 11.830360 2.266132 8.162916 0.000004 -0.000001 18.399054 -3.798981 -4.940567 0.000003 -0.000002 -0.000002 9.879196 -1.134815 -29.901819 -0.023057 -0.087567 55.802036 -12.509216 8.655503 -19.913193 1.596278 -1.945779 1.482469 0.000000 -0.000000 0.000002 -7.483740 -4.030632 -1.220396 0.299651 0.758917 44.728138 13.466123 1.333685 -30.956270 -1.474184 0.965262 -1.637959 -0.000000 -0.000000 -0.000001 
-0.480328 89.939766 0.711894 -2.744569 5.891565 -5.283878 0.799131 0.661636 1.318450 0.106977 1.080018 -3.937187 2.908690 -0.906696 7.751231 -1.596127 3.378915 14.448061 -0.197987 2.554514 -3.679865 -2.639188 2.124507 -7.544654 0.000077 -0.000022 0.000006 0.021636 0.103296 0.032356 0.691789 -3.603080 -10.503242 -0.658890 3.799963 -10.533928 -9.860486 -14.003259 7.293734 -38.152790 -47.029255 -23.562984 -160.670670 -83.402039 162.380203 -1.592380 0.784701 -0.892645 -5.882102 9.861279 0.702590 -10.936856 -0.360575 7.156198 0.000000 8.774813 -0.000001 -15.914939 17.682369 5.707411 -1.844032 2.498505 -2.507277 -10.163589 4.678940 4.621102 -20.976000 -0.000003 0.000001 -21.226255 2.451692 -3.593996 -0.000001 -0.000006 -0.000001 -1.362680 2.240798 -0.746325 -21.334896 0.584907 3.008320 -13.821197 -0.000002 0.000001 -23.887131 -0.249078 -0.839480 -59.381321 2.728606 -1.532202 -0.294026 1.679687 0.833255 -14.218192 0.093214 1.300579 -34.211998 -0.287566 0.967166 -20.033180 0.964534 1.212839 0.000000 0.000000 0.000000 -3.440387 0.788234 0.501656 -15.928169 -3.167307 2.999705 -6.338817 -0.000003 0.000000 -18.123411 3.648175 -4.905663 -0.000005 -0.000000 -0.000003 2.389564 22.058809 5.139155 46.996799 47.897762 -13.190206 -179.015335 53.610794 -179.499680 -22.938147 4.973679 -34.084892 2.243540 -5.255033 -3.180152 14.282879 -0.826594 6.952497 -0.000002 -12.690593 -0.000001 16.076286 -16.940678 3.097543 1.665665 -1.955919 -2.878297 4.727794 -4.170584 4.993920 11.020513 0.000004 -0.000002 12.109034 -3.735711 -2.866779 0.000001 -0.000000 -0.000000 1.291985 -1.928547 -1.498089 14.800117 0.567467 3.865603 14.242554 -1.341734 -6.660647 19.631941 0.143926 -0.648242 50.010429 -0.927159 -6.066206 0.353029 -1.511150 -0.031938 20.222773 3.684307 2.316626 18.787251 0.000006 -0.000002 10.751612 -0.479870 1.397904 0.000000 0.000002 0.000000 3.273805 0.305947 -0.580109 21.486792 11.830364 2.266131 8.162916 0.000002 -0.000002 18.399050 -3.798978 -4.940567 0.000004 0.000000 -0.000002 8.932892 -4.371397 -30.548473 -0.064084 -0.155222 54.410980 -11.174382 6.675698 -18.458996 1.596979 -1.933764 1.423959 -0.000000 0.000000 0.000002 -7.241497 -6.956507 2.260587 0.242814 0.793061 40.667927 15.537227 -1.500142 -30.629808 -1.474940 0.971862 -1.722933 -0.000000 0.000000 -0.000001 
-0.220829 91.227943 1.393799 -2.391423 13.271571 -4.833872 0.848537 0.946956 1.517602 0.187184 1.355744 -4.056028 2.750534 -0.561527 7.317590 -1.054884 2.905929 14.908518 -0.751671 0.861135 -3.683218 -1.984201 -0.392561 -7.103230 0.000077 -0.000022 0.000006 0.011625 0.160426 0.029215 0.668954 -3.534892 -10.466817 -0.658632 3.862626 -10.508714 -10.527201 -13.923769 7.495234 -42.337978 -49.281712 -14.618254 -161.128799 -81.604279 162.481201 -3.940562 0.542223 2.660630 -5.882102 9.861281 0.702590 -10.936858 -0.360575 7.156196 -0.000000 8.774813 0.000001 -15.876117 17.644096 5.835386 -1.844030 2.498503 -2.507276 -10.163589 4.678940 4.621103 -20.975994 -0.000005 0.000003 -21.226254 2.451691 -3.593993 -0.000000 -0.000006 0.000001 -1.362680 2.240795 -0.746323 -21.334887 0.584908 3.008321 -13.821197 -0.000005 0.000003 -23.887129 -0.249077 -0.839480 -59.501961 2.752667 -1.473708 -0.294025 1.679686 0.833256 -14.218192 0.093215 1.300580 -34.212006 -0.287562 0.967171 -20.033176 0.964536 1.212843 -0.000001 -0.000001 -0.000001 -3.440386 0.788233 0.501655 -15.928169 -3.167305 2.999704 -6.338817 -0.000003 0.000002 -18.123411 3.648176 -4.905662 -0.000003 -0.000000 -0.000003 0.388924 22.883492 4.295846 47.445240 46.330727 -16.474703 -178.397751 48.019093 -178.917679 -23.296509 5.413725 -37.038666 2.243539 -5.255032 -3.180156 14.282875 -0.826591 6.952496 -0.000004 -12.690590 -0.000000 16.187473 -16.772020 3.206645 1.665665 -1.955920 -2.878296 4.727792 -4.170582 4.993919 11.020510 0.000004 -0.000001 12.109030 -3.735710 -2.866779 0.000000 -0.000000 -0.000002 1.291984 -1.928548 -1.498087 14.800111 0.567470 3.865601 14.242554 -1.341731 -6.660648 19.631939 0.143929 -0.648243 50.324772 -0.987240 -6.007772 0.353028 -1.511149 -0.031940 20.222769 3.684309 2.316627 18.787247 0.000007 -0.000001 10.751610 -0.479867 1.397904 0.000000 0.000002 0.000000 3.273804 0.305947 -0.580112 21.486790 11.830365 2.266131 8.162916 0.000002 0.000001 18.399050 -3.798980 -4.940566 0.000003 0.000001 -0.000001 7.451697 -8.471022 -30.751293 -0.059305 -0.230935 51.148453 -9.647079 4.035520 -15.231830 1.590313 -1.913824 1.046484 0.000000 -0.000000 0.000002 -6.564293 -9.546171 6.578078 0.154420 0.930747 34.421463 17.775419 -6.164289 -28.902155 -1.486400 1.008315 -2.194397 -0.000000 0.000000 -0.000001 
-0.108068 92.683891 1.843715 -1.509654 20.810461 -3.859765 1.069837 1.185823 1.856543 0.317790 2.067118 -4.084422 2.694484 0.537842 6.923027 -0.973494 2.881149 15.272012 -1.452722 -1.639610 -3.689211 -1.208631 -3.139933 -7.132744 0.000077 -0.000022 0.000006 0.012296 0.082416 0.033534 0.678301 -3.643963 -10.533479 -0.663557 3.794791 -10.562137 -10.087405 -13.008009 7.247632 -48.755024 -50.681492 -4.101233 -167.251236 -77.287735 167.935593 -5.879053 0.082395 6.349425 -5.882099 9.861278 0.702588 -10.936859 -0.360575 7.156197 0.000002 8.774815 -0.000002 -16.037376 17.730324 5.917552 -1.844033 2.498503 -2.507275 -10.163588 4.678937 4.621102 -20.975996 -0.000006 0.000003 -21.226250 2.451693 -3.593993 0.000000 -0.000005 0.000000 -1.362679 2.240794 -0.746324 -21.334892 0.584907 3.008320 -13.821197 -0.000001 0.000003 -23.887131 -0.249078 -0.839481 -59.939011 2.859014 -1.258901 -0.294025 1.679686 0.833255 -14.218194 0.093215 1.300580 -34.212002 -0.287562 0.967169 -20.033180 0.964535 1.212843 -0.000000 0.000002 -0.000000 -3.440386 0.788234 0.501654 -15.928167 -3.167307 2.999705 -6.338815 -0.000003 0.000001 -18.123411 3.648175 -4.905663 -0.000004 -0.000000 -0.000001 -2.947971 24.935064 3.112551 47.170010 44.807667 -19.587090 -178.102631 43.365772 -178.306229 -23.555803 6.723594 -41.255733 2.243540 -5.255032 -3.180155 14.282875 -0.826594 6.952496 -0.000000 -12.690590 0.000001 16.046520 -16.673647 3.285978 1.665664 -1.955920 -2.878297 4.727793 -4.170583 4.993918 11.020513 0.000003 -0.000001 12.109034 -3.735711 -2.866779 0.000001 0.000000 0.000000 1.291984 -1.928548 -1.498088 14.800113 0.567467 3.865602 14.242553 -1.341735 -6.660648 19.631939 0.143925 -0.648244 50.282330 -0.872683 -6.073618 0.353028 -1.511150 -0.031941 20.222767 3.684305 2.316628 18.787245 0.000004 -0.000000 10.751609 -0.479868 1.397904 0.000002 -0.000000 0.000000 3.273804 0.305946 -0.580109 21.486788 11.830362 2.266131 8.162916 0.000001 -0.000000 18.399054 -3.798980 -4.940567 0.000003 0.000000 -0.000001 5.738021 -12.594202 -30.690245 -0.055417 -0.284131 46.683662 -8.334116 1.335218 -11.222876 1.592190 -1.917945 0.407207 0.000000 0.000000 0.000002 -5.206153 -10.386653 9.593385 0.015428 0.793641 29.227776 19.425213 -11.455956 -26.009899 -1.485105 1.037172 -3.781923 0.000000 0.000000 -0.000001 
-0.055397 93.916580 2.183018 -0.283620 27.982857 -2.599708 1.537593 1.494355 2.374088 0.485601 3.200215 -4.024240 2.987599 2.206095 6.711748 -1.265111 3.272153 15.965196 -1.992632 -4.667088 -3.544889 -0.458033 -5.896439 -7.388264 0.000077 -0.000021 0.000006 0.013777 -0.029791 0.046292 0.688969 -3.764907 -10.591207 -0.668703 3.716614 -10.600004 -8.109799 -10.623857 7.005282 -57.186646 -50.550472 7.294251 -174.284317 -70.510651 174.243042 -6.987251 -0.586078 10.112568 -5.882099 9.861279 0.702590 -10.936858 -0.360576 7.156198 -0.000001 8.774811 -0.000003 -16.019848 17.754005 5.996913 -1.844030 2.498502 -2.507277 -10.163589 4.678941 4.621102 -20.975992 -0.000003 0.000005 -21.226254 2.451693 -3.593994 0.000000 -0.000006 -0.000001 -1.362678 2.240796 -0.746324 -21.334892 0.584908 3.008320 -13.821197 -0.000001 0.000002 -23.887129 -0.249078 -0.839481 -60.331326 2.950034 -1.008235 -0.294026 1.679685 0.833256 -14.218192 0.093216 1.300581 -34.212002 -0.287562 0.967170 -20.033180 0.964535 1.212842 -0.000001 0.000003 -0.000001 -3.440387 0.788231 0.501655 -15.928165 -3.167304 2.999704 -6.338817 -0.000003 0.000001 -18.123413 3.648174 -4.905661 -0.000004 -0.000000 -0.000001 -6.418494 28.005516 2.645184 43.866276 43.458443 -23.428490 -176.112366 41.154209 -177.068787 -22.101475 8.042176 -45.340172 2.243539 -5.255032 -3.180155 14.282875 -0.826592 6.952497 -0.000003 -12.690592 0.000001 15.549661 -16.471312 3.284574 1.665665 -1.955920 -2.878297 4.727793 -4.170583 4.993919 11.020512 0.000004 -0.000001 12.109029 -3.735709 -2.866779 0.000001 -0.000000 -0.000000 1.291985 -1.928548 -1.498088 14.800111 0.567469 3.865604 14.242553 -1.341733 -6.660648 19.631935 0.143927 -0.648241 50.197346 -0.615470 -6.193023 0.353028 -1.511149 -0.031940 20.222765 3.684308 2.316629 18.787241 0.000005 0.000002 10.751610 -0.479867 1.397905 -0.000000 -0.000000 0.000000 3.273802 0.305947 -0.580110 21.486790 11.830365 2.266132 8.162916 0.000002 0.000001 18.399052 -3.798977 -4.940565 0.000003 -0.000000 -0.000001 4.015950 -16.399000 -30.403561 -0.072425 -0.321311 42.141834 -7.283808 -1.097891 -7.312884 1.584162 -1.975496 -0.221895 0.000000 0.000000 0.000002 -3.696681 -10.510268 11.341364 -0.069100 0.483226 25.925161 19.958887 -16.411633 -22.706608 -1.482663 1.056490 -5.641555 0.000000 0.000000 -0.000001 
-0.036292 94.736572 2.462184 1.034375 34.248806 -1.192115 2.030286 1.863153 2.867843 0.602550 4.456080 -3.982610 3.741932 4.069520 6.833043 -1.541099 3.407859 16.892393 -2.230510 -7.182283 -3.271884 0.182767 -8.252809 -7.459010 0.000077 -0.000022 0.000006 0.014980 -0.068423 0.072875 0.657412 -3.830141 -10.627058 -0.632588 3.683562 -10.609652 -5.797457 -7.042636 7.316432 -63.337357 -48.205391 15.565408 -178.825836 -62.014912 178.742508 -7.658324 -2.260286 12.377703 -5.882101 9.861278 0.702592 -10.936860 -0.360573 7.156198 0.000000 8.774813 -0.000001 -16.106730 17.562506 6.034231 -1.844030 2.498502 -2.507276 -10.163589 4.678939 4.621104 -20.975996 -0.000003 0.000004 -21.226255 2.451692 -3.593992 0.000000 -0.000006 -0.000000 -1.362682 2.240795 -0.746323 -21.334887 0.584908 3.008321 -13.821197 -0.000002 0.000004 -23.887129 -0.249077 -0.839479 -60.575203 2.880984 -0.768270 -0.294025 1.679686 0.833255 -14.218192 0.093215 1.300580 -34.211998 -0.287564 0.967171 -20.033180 0.964536 1.212840 -0.000001 0.000001 -0.000001 -3.440384 0.788233 0.501655 -15.928171 -3.167307 2.999706 -6.338817 0.000000 0.000002 -18.123413 3.648178 -4.905659 -0.000004 -0.000000 -0.000001 -7.582630 30.860228 3.344070 37.393234 42.839645 -29.545313 -170.238129 41.082943 -173.942047 -21.036472 6.214568 -50.778709 2.243540 -5.255033 -3.180156 14.282873 -0.826594 6.952496 -0.000003 -12.690590 0.000000 15.201471 -16.502151 3.315861 1.665665 -1.955920 -2.878297 4.727794 -4.170584 4.993918 11.020510 0.000002 -0.000002 12.109030 -3.735709 -2.866779 0.000000 -0.000000 -0.000000 1.291985 -1.928548 -1.498087 14.800107 0.567468 3.865602 14.242553 -1.341734 -6.660649 19.631937 0.143925 -0.648244 50.430882 -0.436490 -6.493017 0.353028 -1.511149 -0.031940 20.222769 3.684308 2.316627 18.787245 0.000005 0.000001 10.751607 -0.479867 1.397904 0.000001 -0.000001 0.000000 3.273804 0.305948 -0.580109 21.486790 11.830361 2.266129 8.162914 0.000000 0.000001 18.399052 -3.798978 -4.940568 0.000002 -0.000002 -0.000000 2.486130 -19.416111 -30.088051 -0.053840 -0.384601 38.267014 -6.414876 -3.354720 -4.257345 1.565186 -2.035091 -0.781363 -0.000000 -0.000000 0.000002 -2.594596 -11.163214 12.230279 -0.128778 0.127724 24.010408 19.125513 -20.401840 -19.690348 -1.484519 1.036547 -7.163066 0.000000 0.000000 -0.000001 
-0.009968 94.985863 2.914985 2.309318 39.444473 0.140743 2.345715 2.062199 3.127351 0.636501 5.758734 -3.959199 4.678574 5.837078 7.347323 -1.251660 2.780741 17.773342 -2.474766 -8.395583 -3.047306 1.017614 -10.435231 -7.273379 0.000077 -0.000023 0.000006 0.011955 0.031808 0.100489 0.647155 -3.734176 -10.680663 -0.632069 3.812592 -10.627354 -4.794040 -2.999970 7.700027 -63.007076 -43.051140 17.021656 179.354034 -54.592430 -179.050583 -8.710331 -5.661814 11.249337 -5.882100 9.861278 0.702589 -10.936858 -0.360574 7.156197 0.000000 8.774813 -0.000002 -17.089220 17.946838 5.835943 -1.844031 2.498501 -2.507277 -10.163589 4.678938 4.621103 -20.975996 -0.000003 0.000002 -21.226254 2.451692 -3.593995 0.000001 -0.000007 0.000001 -1.362681 2.240798 -0.746324 -21.334887 0.584909 3.008319 -13.821197 -0.000003 0.000001 -23.887131 -0.249077 -0.839483 -62.113708 2.863364 -0.925734 -0.294021 1.679685 0.833254 -14.218195 0.093213 1.300578 -34.212006 -0.287566 0.967168 -20.033178 0.964533 1.212840 -0.000001 0.000001 -0.000002 -3.440384 0.788231 0.501653 -15.928167 -3.167308 2.999703 -6.338816 -0.000001 0.000001 -18.123413 3.648176 -4.905662 -0.000004 0.000001 -0.000002 -5.911540 32.984726 4.730210 29.849394 43.757217 -37.484829 -159.518204 38.696667 -167.968094 -22.395311 1.248005 -56.895939 2.243539 -5.255032 -3.180157 14.282875 -0.826593 6.952495 -0.000002 -12.690588 0.000000 15.112961 -17.319796 2.979963 1.665665 -1.955919 -2.878297 4.727793 -4.170583 4.993917 11.020511 0.000003 -0.000001 12.109030 -3.735709 -2.866779 0.000001 0.000001 0.000002 1.291985 -1.928548 -1.498089 14.800113 0.567467 3.865603 14.242554 -1.341735 -6.660648 19.631937 0.143924 -0.648244 50.214909 -0.520872 -6.984694 0.353029 -1.511150 -0.031940 20.222767 3.684306 2.316628 18.787245 0.000004 -0.000000 10.751610 -0.479869 1.397903 0.000000 0.000002 0.000001 3.273804 0.305947 -0.580110 21.486790 11.830360 2.266129 8.162915 -0.000000 -0.000000 18.399054 -3.798980 -4.940570 0.000003 -0.000001 -0.000002 1.151456 -21.112415 -29.796268 -0.066521 -0.426229 35.693741 -5.606575 -6.229406 -3.032516 1.566248 -1.997295 -0.851511 -0.000000 0.000000 0.000002 -2.318970 -13.253878 12.744205 -0.145479 -0.041647 23.431145 18.097971 -22.149647 -17.731401 -1.495790 1.075250 -7.689278 -0.000000 0.000000 -0.000001 
-0.081019 94.839935 3.593835 2.938854 43.828804 0.806198 2.701687 2.016130 3.205514 0.686330 6.821898 -3.855489 5.269057 7.184431 7.889349 0.376153 1.560443 18.669369 -3.212147 -9.870472 -3.083372 1.796592 -12.670457 -7.459430 0.000077 -0.000021 0.000006 0.034325 0.063044 0.072193 0.629147 -3.734092 -10.806421 -0.563723 3.841749 -10.741579 -5.521784 0.120669 7.889753 -57.608627 -37.111744 13.435534 178.621857 -53.326275 -178.633987 -7.754628 -8.211000 11.066708 -5.882102 9.861278 0.702588 -10.936858 -0.360576 7.156198 0.000001 8.774813 -0.000001 -18.566435 19.409313 5.386247 -1.844030 2.498502 -2.507276 -10.163589 4.678938 4.621104 -20.975996 -0.000005 0.000003 -21.226250 2.451691 -3.593994 0.000001 -0.000005 -0.000000 -1.362679 2.240795 -0.746321 -21.334888 0.584907 3.008321 -13.821194 -0.000003 0.000003 -23.887129 -0.249081 -0.839481 -64.930542 2.813187 -1.649814 -0.294023 1.679686 0.833255 -14.218190 0.093214 1.300578 -34.212002 -0.287567 0.967170 -20.033178 0.964533 1.212842 0.000002 -0.000000 0.000000 -3.440383 0.788231 0.501655 -15.928167 -3.167308 2.999704 -6.338816 -0.000001 0.000001 -18.123411 3.648176 -4.905662 -0.000004 -0.000000 -0.000003 -4.207164 34.397488 5.203493 24.106754 44.915737 -44.209915 -149.814957 31.159204 -166.742752 -22.707546 -3.139136 -49.911686 2.243540 -5.255033 -3.180155 14.282877 -0.826595 6.952495 -0.000001 -12.690590 -0.000002 14.878436 -18.293472 2.739351 1.665665 -1.955921 -2.878297 4.727795 -4.170585 4.993919 11.020512 0.000003 -0.000002 12.109034 -3.735711 -2.866778 0.000000 0.000000 -0.000001 1.291984 -1.928547 -1.498089 14.800113 0.567465 3.865601 14.242554 -1.341735 -6.660648 19.631941 0.143926 -0.648246 49.788048 -0.525008 -7.059962 0.353028 -1.511149 -0.031941 20.222773 3.684304 2.316629 18.787247 0.000004 -0.000000 10.751611 -0.479870 1.397903 0.000002 -0.000001 -0.000000 3.273803 0.305945 -0.580110 21.486795 11.830363 2.266130 8.162917 0.000000 0.000000 18.399057 -3.798980 -4.940572 0.000002 0.000001 -0.000001 0.363387 -21.245272 -29.854372 -0.098482 -0.421256 35.166142 -5.530403 -9.237927 -2.880803 1.575191 -1.918931 -0.578085 -0.000000 0.000000 0.000002 -2.049691 -16.261330 13.190515 -0.183839 -0.130865 23.969961 17.235237 -21.913702 -16.027735 -1.509589 1.149039 -7.397386 0.000000 -0.000000 -0.000001 
0.017256 94.421837 4.267229 2.281754 47.075790 0.346147 3.263423 2.038327 3.175083 0.784528 7.255626 -3.890041 4.957392 7.391432 8.156737 2.047650 0.297009 18.800220 -3.485556 -10.718996 -3.141068 2.478353 -14.115531 -8.008361 0.000076 -0.000022 0.000006 0.052529 0.036690 -0.003543 0.660907 -3.769562 -10.905503 -0.561181 3.829932 -10.841345 -7.285260 1.333784 8.669262 -52.866611 -35.099663 9.142281 177.627808 -58.416126 -178.484818 -5.577371 -6.802815 12.502687 -5.882100 9.861278 0.702590 -10.936860 -0.360574 7.156196 0.000000 8.774813 -0.000001 -18.273005 19.680679 5.322904 -1.844031 2.498503 -2.507276 -10.163589 4.678941 4.621104 -20.975996 -0.000003 0.000003 -21.226254 2.451694 -3.593993 0.000002 -0.000006 -0.000000 -1.362681 2.240797 -0.746322 -21.334892 0.584909 3.008321 -13.821197 -0.000003 0.000002 -23.887131 -0.249077 -0.839480 -64.571289 2.777305 -1.480912 -0.294024 1.679686 0.833256 -14.218194 0.093215 1.300580 -34.211998 -0.287563 0.967170 -20.033176 0.964535 1.212841 0.000001 0.000000 0.000001 -3.440387 0.788233 0.501656 -15.928167 -3.167306 2.999703 -6.338817 -0.000001 0.000001 -18.123413 3.648178 -4.905660 -0.000004 0.000000 -0.000002 -6.706902 33.834942 4.195205 25.893801 43.159027 -43.998981 -152.008865 27.387009 -169.633835 -22.167067 -2.433598 -42.114647 2.243540 -5.255032 -3.180156 14.282875 -0.826594 6.952497 -0.000003 -12.690591 0.000000 14.903550 -18.260832 2.815341 1.665665 -1.955918 -2.878296 4.727793 -4.170584 4.993917 11.020513 0.000004 -0.000000 12.109034 -3.735711 -2.866779 0.000000 0.000000 0.000000 1.291985 -1.928547 -1.498087 14.800113 0.567467 3.865604 14.242553 -1.341736 -6.660649 19.631935 0.143925 -0.648245 49.454357 -0.349719 -6.790099 0.353030 -1.511149 -0.031938 20.222765 3.684304 2.316628 18.787245 0.000004 -0.000001 10.751608 -0.479868 1.397903 0.000002 -0.000002 -0.000000 3.273805 0.305948 -0.580108 21.486788 11.830360 2.266130 8.162918 0.000001 0.000001 18.399050 -3.798980 -4.940566 0.000003 0.000001 -0.000002 0.580570 -21.427135 -30.603971 -0.177431 -0.494002 36.847229 -5.258587 -10.937228 -3.850263 1.563131 -1.867435 -0.084643 0.000000 -0.000000 0.000002 -0.656459 -17.907923 13.363429 -0.214321 -0.125320 25.202507 16.431524 -21.672361 -14.444569 -1.539967 1.193882 -8.104320 0.000000 0.000000 -0.000002 
0.266248 94.115509 4.884694 0.635712 46.917416 -0.949346 3.798670 2.011932 3.212554 0.869320 7.356592 -3.942850 4.087227 6.884467 8.076853 2.607148 0.058743 18.580086 -3.401944 -10.761341 -3.180735 2.949038 -14.163864 -8.011690 0.000077 -0.000020 0.000006 0.075759 -0.059807 -0.051216 0.723440 -3.885382 -10.980109 -0.581403 3.759677 -10.913896 -10.547887 1.389279 9.306399 -49.297184 -35.288349 4.041006 178.247360 -64.238411 -179.155273 -3.948419 -5.130832 12.011700 -5.882100 9.861278 0.702590 -10.936859 -0.360575 7.156197 0.000001 8.774812 -0.000001 -17.736250 19.052185 5.259025 -1.844030 2.498501 -2.507275 -10.163589 4.678939 4.621102 -20.975998 -0.000005 0.000004 -21.226255 2.451692 -3.593992 0.000000 -0.000006 -0.000002 -1.362682 2.240797 -0.746324 -21.334894 0.584909 3.008319 -13.821197 -0.000003 0.000003 -23.887131 -0.249079 -0.839481 -62.516884 2.691051 -1.332907 -0.294024 1.679685 0.833255 -14.218194 0.093213 1.300580 -34.211998 -0.287565 0.967172 -20.033175 0.964534 1.212841 0.000002 -0.000000 0.000001 -3.440386 0.788233 0.501655 -15.928169 -3.167306 2.999702 -6.338817 -0.000001 0.000001 -18.123415 3.648175 -4.905659 -0.000004 -0.000000 -0.000003 -9.711328 32.266075 3.020807 32.363125 39.825470 -38.230762 -159.443954 28.511940 -171.853348 -21.427204 0.002949 -39.657875 2.243539 -5.255033 -3.180156 14.282877 -0.826594 6.952498 -0.000002 -12.690586 0.000001 15.706257 -17.961283 3.031181 1.665664 -1.955920 -2.878295 4.727793 -4.170582 4.993917 11.020512 0.000003 -0.000001 12.109031 -3.735710 -2.866779 0.000002 0.000001 0.000001 1.291985 -1.928547 -1.498088 14.800113 0.567466 3.865604 14.242551 -1.341735 -6.660648 19.631939 0.143924 -0.648245 50.663597 -0.189770 -6.051903 0.353030 -1.511149 -0.031939 20.222763 3.684303 2.316630 18.787243 0.000004 -0.000000 10.751611 -0.479871 1.397903 0.000002 0.000001 0.000001 3.273804 0.305947 -0.580110 21.486786 11.830359 2.266130 8.162917 -0.000001 -0.000000 18.399052 -3.798980 -4.940567 0.000003 0.000000 0.000000 1.799476 -21.200794 -31.066933 -0.227528 -0.553537 38.889194 -4.882658 -10.138204 -5.829712 1.559155 -1.828893 0.279221 0.000000 -0.000000 0.000002 0.775993 -17.635468 13.890359 -0.256881 -0.036059 25.227722 15.462952 -20.967932 -13.086219 -1.560879 1.208411 -8.766406 -0.000000 -0.000000 -0.000001 
0.687050 94.088867 5.198156 -0.815911 43.245235 -2.120090 3.956600 1.863495 3.169096 0.856336 7.183352 -3.847588 3.183729 6.188610 7.966444 2.139605 0.684850 18.243212 -3.208841 -9.999775 -3.239987 3.060296 -12.948668 -7.547718 0.000077 -0.000025 0.000006 0.079497 -0.121169 -0.036963 0.739806 -3.925576 -10.942279 -0.587894 3.694887 -10.870039 -13.830303 0.509533 8.891317 -47.986214 -34.843998 -0.264262 178.800507 -66.831367 -179.609436 -3.086118 -4.373120 10.158988 -5.882102 9.861279 0.702589 -10.936858 -0.360574 7.156196 0.000002 8.774816 0.000000 -17.611628 18.582741 5.270282 -1.844031 2.498502 -2.507275 -10.163587 4.678939 4.621103 -20.975992 -0.000005 0.000003 -21.226254 2.451691 -3.593996 -0.000001 -0.000006 -0.000001 -1.362682 2.240796 -0.746323 -21.334887 0.584908 3.008320 -13.821197 -0.000003 0.000003 -23.887129 -0.249079 -0.839480 -61.618393 2.622468 -1.505854 -0.294021 1.679685 0.833255 -14.218192 0.093214 1.300579 -34.212006 -0.287565 0.967170 -20.033176 0.964534 1.212842 0.000001 0.000000 -0.000001 -3.440384 0.788234 0.501655 -15.928165 -3.167306 2.999702 -6.338816 -0.000001 0.000001 -18.123413 3.648175 -4.905662 -0.000004 -0.000000 -0.000003 -10.419199 30.668217 2.721165 38.451382 37.041710 -32.145103 -166.168198 31.770504 -173.926712 -20.976133 1.958206 -39.600033 2.243538 -5.255033 -3.180153 14.282877 -0.826592 6.952495 -0.000003 -12.690590 -0.000000 15.767613 -17.573896 3.419073 1.665665 -1.955919 -2.878296 4.727792 -4.170582 4.993919 11.020513 0.000005 -0.000000 12.109031 -3.735708 -2.866779 0.000000 -0.000000 -0.000001 1.291984 -1.928548 -1.498088 14.800117 0.567471 3.865605 14.242553 -1.341732 -6.660646 19.631939 0.143928 -0.648242 51.042847 -0.196340 -5.637832 0.353028 -1.511149 -0.031941 20.222773 3.684309 2.316630 18.787245 0.000007 0.000001 10.751610 -0.479866 1.397904 -0.000001 -0.000001 0.000001 3.273804 0.305947 -0.580111 21.486795 11.830367 2.266132 8.162917 0.000002 0.000001 18.399054 -3.798976 -4.940566 0.000003 0.000000 -0.000001 3.101269 -20.471960 -30.669952 -0.192098 -0.586725 40.219475 -4.889102 -6.898514 -7.825955 1.564294 -1.804473 0.640533 0.000000 0.000000 0.000002 0.971647 -15.918358 14.533038 -0.251295 0.105737 24.731209 14.346989 -19.076740 -11.859184 -1.575706 1.244651 -8.982666 0.000000 0.000000 -0.000001 
1.162499 94.214432 5.281596 -1.954186 37.015675 -3.005534 3.778063 1.659382 3.059849 0.791148 6.680854 -3.725165 2.497123 5.406297 7.841614 1.258525 1.506572 18.039486 -2.896981 -8.385825 -3.352239 2.744116 -10.933572 -7.323229 0.000077 -0.000022 0.000006 0.066208 -0.134237 -0.027745 0.727905 -3.924928 -10.877666 -0.598473 3.667739 -10.800035 -15.226458 -1.136387 7.947038 -48.986595 -33.737251 -3.701696 178.583038 -66.088150 -179.193588 -2.829118 -3.749827 7.990280 -5.882099 9.861279 0.702590 -10.936859 -0.360575 7.156197 0.000001 8.774815 -0.000002 -17.500504 18.266418 5.542386 -1.844032 2.498503 -2.507277 -10.163589 4.678940 4.621104 -20.975994 -0.000005 0.000003 -21.226248 2.451692 -3.593992 0.000000 -0.000006 -0.000001 -1.362679 2.240796 -0.746323 -21.334887 0.584905 3.008321 -13.821197 -0.000004 0.000001 -23.887133 -0.249079 -0.839480 -61.496685 2.602540 -1.668134 -0.294026 1.679687 0.833255 -14.218190 0.093213 1.300579 -34.211998 -0.287565 0.967173 -20.033175 0.964534 1.212844 0.000002 0.000001 0.000001 -3.440387 0.788233 0.501654 -15.928167 -3.167308 2.999705 -6.338816 -0.000002 0.000002 -18.123415 3.648176 -4.905661 -0.000004 0.000001 -0.000003 -9.961854 28.954765 2.711388 43.086964 35.307072 -26.883430 -170.649536 35.593945 -175.480240 -20.865902 3.035241 -38.966633 2.243540 -5.255033 -3.180155 14.282875 -0.826592 6.952495 -0.000002 -12.690593 -0.000000 15.779206 -17.530430 3.815226 1.665665 -1.955920 -2.878297 4.727793 -4.170584 4.993918 11.020509 0.000004 -0.000001 12.109030 -3.735709 -2.866779 -0.000001 -0.000000 0.000000 1.291985 -1.928548 -1.498088 14.800109 0.567469 3.865605 14.242551 -1.341734 -6.660648 19.631937 0.143927 -0.648241 50.793476 -0.401344 -5.630001 0.353029 -1.511150 -0.031939 20.222769 3.684308 2.316629 18.787243 0.000005 0.000000 10.751608 -0.479867 1.397905 0.000000 -0.000001 0.000000 3.273804 0.305947 -0.580109 21.486790 11.830369 2.266133 8.162916 0.000002 0.000001 18.399050 -3.798980 -4.940566 0.000002 -0.000001 -0.000000 4.397200 -19.167917 -29.628338 -0.099379 -0.536767 41.174278 -5.482812 -2.111826 -9.710945 1.574098 -1.823955 0.960952 0.000000 -0.000000 0.000002 0.181355 -13.491077 14.814980 -0.215645 0.435201 24.503622 13.193557 -15.862366 -10.813166 -1.579848 1.262840 -8.740607 -0.000000 -0.000000 -0.000001 
1.564949 94.358734 5.218107 -2.852104 29.659870 -3.602265 3.413964 1.559446 2.894873 0.709745 5.964168 -3.672635 2.151345 4.442300 7.674865 0.395833 2.375801 18.019070 -2.482934 -6.589899 -3.464723 2.104186 -8.649332 -7.509858 0.000077 -0.000021 0.000006 0.051554 -0.128097 -0.010639 0.711482 -3.898915 -10.791270 -0.615022 3.659318 -10.725872 -14.686047 -3.071526 6.849031 -50.573608 -32.829849 -6.306266 178.193359 -63.569099 -178.711029 -2.943454 -2.605109 6.309103 -5.882100 9.861278 0.702588 -10.936858 -0.360575 7.156198 0.000001 8.774815 -0.000000 -17.055925 18.125738 6.004753 -1.844032 2.498503 -2.507275 -10.163589 4.678940 4.621103 -20.975996 -0.000003 -0.000000 -21.226255 2.451691 -3.593995 0.000000 -0.000006 0.000000 -1.362681 2.240797 -0.746323 -21.334894 0.584909 3.008319 -13.821197 -0.000001 -0.000000 -23.887131 -0.249079 -0.839483 -61.348217 2.698786 -1.621784 -0.294025 1.679685 0.833255 -14.218194 0.093214 1.300579 -34.212002 -0.287564 0.967166 -20.033180 0.964534 1.212839 0.000001 0.000002 0.000001 -3.440385 0.788233 0.501655 -15.928167 -3.167307 2.999703 -6.338818 0.000000 0.000001 -18.123411 3.648178 -4.905664 -0.000004 0.000001 -0.000000 -8.886721 27.238659 2.941359 45.347141 35.455959 -22.565502 -173.593735 39.538521 -176.695984 -20.451651 3.097517 -37.339149 2.243540 -5.255032 -3.180155 14.282878 -0.826593 6.952497 -0.000003 -12.690588 0.000001 15.947062 -17.376646 3.837777 1.665664 -1.955919 -2.878296 4.727795 -4.170582 4.993919 11.020512 0.000002 0.000000 12.109030 -3.735708 -2.866778 0.000001 -0.000000 -0.000000 1.291984 -1.928548 -1.498088 14.800113 0.567468 3.865604 14.242553 -1.341734 -6.660647 19.631939 0.143925 -0.648241 50.752415 -0.483783 -5.614779 0.353029 -1.511149 -0.031940 20.222771 3.684306 2.316629 18.787247 0.000004 0.000001 10.751612 -0.479868 1.397905 0.000000 0.000000 0.000000 3.273805 0.305947 -0.580110 21.486797 11.830361 2.266131 8.162917 0.000002 0.000001 18.399057 -3.798979 -4.940566 0.000003 0.000000 -0.000001 5.621482 -17.085188 -28.276546 0.002790 -0.413419 41.951694 -6.533049 2.744289 -11.442819 1.583695 -1.905934 1.249633 0.000000 0.000000 0.000002 -0.891894 -10.690002 14.506246 -0.169709 0.796655 24.498297 12.488669 -12.326343 -10.511057 -1.572338 1.244996 -8.135999 0.000000 0.000000 -0.000001 
1.822077 94.542221 4.977833 -3.508911 22.130051 -3.895633 3.007799 1.486646 2.668470 0.642297 5.189061 -3.666987 2.111822 3.616390 7.522244 -0.354972 3.012678 17.982185 -2.012108 -4.863993 -3.550322 1.361193 -6.308259 -7.795386 0.000077 -0.000023 0.000006 0.044792 -0.140616 0.011541 0.706021 -3.905834 -10.730536 -0.624752 3.626718 -10.676750 -13.338675 -4.985189 5.844446 -51.411873 -32.771183 -8.543881 178.803940 -60.994255 -179.141693 -2.858361 -1.132139 5.438453 -5.882101 9.861279 0.702589 -10.936858 -0.360574 7.156198 -0.000000 8.774814 -0.000001 -16.557577 18.079170 6.295791 -1.844030 2.498503 -2.507275 -10.163589 4.678943 4.621104 -20.975992 -0.000003 0.000002 -21.226250 2.451694 -3.593995 0.000001 -0.000006 0.000000 -1.362680 2.240795 -0.746323 -21.334887 0.584911 3.008320 -13.821195 -0.000001 0.000002 -23.887131 -0.249077 -0.839481 -60.836681 2.805907 -1.448529 -0.294025 1.679687 0.833255 -14.218192 0.093216 1.300579 -34.211998 -0.287561 0.967168 -20.033180 0.964535 1.212841 -0.000001 -0.000000 -0.000001 -3.440385 0.788232 0.501656 -15.928165 -3.167306 2.999703 -6.338816 -0.000001 -0.000000 -18.123413 3.648176 -4.905661 -0.000005 -0.000000 -0.000002 -7.371425 25.662432 3.307096 45.998447 37.692841 -18.810854 -175.927933 43.216820 -177.815903 -19.922983 3.221094 -35.610641 2.243540 -5.255033 -3.180156 14.282877 -0.826595 6.952496 0.000000 -12.690590 -0.000000 16.096134 -17.295490 3.593990 1.665664 -1.955919 -2.878296 4.727794 -4.170584 4.993919 11.020513 0.000001 -0.000001 12.109030 -3.735710 -2.866780 0.000002 -0.000001 0.000000 1.291984 -1.928547 -1.498088 14.800111 0.567467 3.865603 14.242554 -1.341735 -6.660649 19.631941 0.143926 -0.648243 50.812519 -0.499655 -5.681303 0.353030 -1.511149 -0.031940 20.222771 3.684304 2.316629 18.787247 0.000004 -0.000001 10.751614 -0.479868 1.397904 0.000001 0.000000 0.000000 3.273805 0.305947 -0.580111 21.486792 11.830361 2.266132 8.162914 0.000001 -0.000000 18.399052 -3.798980 -4.940568 0.000003 0.000000 -0.000001 6.706048 -14.291757 -26.767071 0.069096 -0.279868 42.278606 -7.788810 6.842452 -12.798570 1.596844 -1.952902 1.383677 -0.000000 -0.000000 0.000002 -1.911800 -7.700799 13.702805 -0.120590 1.047774 24.226896 12.150269 -9.242084 -10.920272 -1.548623 1.183875 -7.312112 -0.000000 -0.000000 -0.000001 
1.909183 94.676659 4.590588 -3.917847 14.922448 -4.003643 2.609252 1.375779 2.465245 0.563238 4.502297 -3.671038 2.179451 2.901617 7.378347 -0.974193 3.492425 17.814436 -1.565086 -3.310980 -3.608716 0.744916 -4.075989 -8.080174 0.000077 -0.000022 0.000006 0.036849 -0.143214 0.020083 0.702069 -3.899999 -10.694953 -0.633397 3.609509 -10.645956 -11.970666 -6.706971 5.122073 -50.853458 -33.471653 -11.026095 179.772324 -59.002068 179.971252 -2.448271 0.149036 4.905457 -5.882102 9.861278 0.702591 -10.936858 -0.360575 7.156195 -0.000000 8.774814 -0.000001 -16.206419 18.054441 6.402739 -1.844031 2.498503 -2.507276 -10.163589 4.678939 4.621103 -20.975996 -0.000003 0.000005 -21.226254 2.451692 -3.593992 0.000000 -0.000006 0.000000 -1.362680 2.240798 -0.746322 -21.334887 0.584906 3.008322 -13.821197 -0.000003 0.000002 -23.887129 -0.249079 -0.839480 -60.296047 2.858594 -1.289839 -0.294025 1.679686 0.833255 -14.218194 0.093214 1.300579 -34.211998 -0.287568 0.967171 -20.033176 0.964534 1.212844 0.000000 -0.000002 -0.000002 -3.440385 0.788231 0.501654 -15.928164 -3.167305 2.999703 -6.338817 0.000000 0.000002 -18.123413 3.648176 -4.905661 -0.000003 0.000001 -0.000001 -5.669064 24.375519 3.698357 46.443970 40.846344 -14.910371 -177.710800 46.249115 -178.739792 -19.799469 3.884263 -34.307301 2.243540 -5.255032 -3.180156 14.282875 -0.826595 6.952496 -0.000001 -12.690591 0.000001 16.183788 -17.375122 3.269523 1.665664 -1.955920 -2.878298 4.727793 -4.170583 4.993920 11.020509 0.000003 -0.000001 12.109030 -3.735710 -2.866779 0.000001 0.000000 -0.000001 1.291984 -1.928548 -1.498087 14.800111 0.567468 3.865602 14.242553 -1.341736 -6.660648 19.631933 0.143926 -0.648243 50.863598 -0.527231 -5.806256 0.353028 -1.511149 -0.031940 20.222763 3.684306 2.316626 18.787243 0.000004 0.000000 10.751611 -0.479868 1.397904 0.000001 0.000000 -0.000000 3.273804 0.305947 -0.580110 21.486786 11.830361 2.266129 8.162913 0.000001 -0.000000 18.399050 -3.798979 -4.940567 0.000003 -0.000000 -0.000001 7.605102 -11.023553 -25.319435 0.087802 -0.215839 42.477699 -9.119645 10.034563 -13.830716 1.602679 -1.987854 1.238022 0.000000 0.000000 0.000002 -2.868634 -4.835044 12.563368 -0.086609 1.175819 23.787390 12.150146 -6.910138 -12.046760 -1.515646 1.093846 -6.518605 -0.000000 -0.000000 -0.000001 
1.848336 94.691345 4.136769 -4.105291 8.572986 -3.996382 2.237543 1.228899 2.332365 0.472446 3.904284 -3.721402 2.238481 2.339843 7.222328 -1.422394 3.800947 17.547462 -1.201652 -1.910841 -3.635283 0.288800 -2.233136 -8.355331 0.000077 -0.000023 0.000006 0.034362 -0.143999 0.020694 0.693766 -3.902630 -10.670933 -0.631041 3.606168 -10.623691 -10.898378 -8.141154 4.744370 -49.281315 -34.464981 -13.374393 -179.713104 -57.654655 179.513474 -2.145827 0.877448 4.332988 -5.882101 9.861283 0.702590 -10.936858 -0.360575 7.156195 0.000001 8.774813 -0.000004 -16.089743 18.085688 6.430075 -1.844031 2.498504 -2.507276 -10.163589 4.678941 4.621102 -20.975992 -0.000002 0.000002 -21.226250 2.451695 -3.593995 -0.000001 -0.000008 -0.000001 -1.362681 2.240796 -0.746324 -21.334887 0.584907 3.008318 -13.821197 0.000000 0.000003 -23.887129 -0.249078 -0.839482 -60.006172 2.883817 -1.182735 -0.294024 1.679687 0.833254 -14.218194 0.093214 1.300578 -34.211998 -0.287562 0.967169 -20.033176 0.964536 1.212841 0.000000 -0.000002 0.000002 -3.440384 0.788233 0.501654 -15.928167 -3.167305 2.999704 -6.338817 -0.000003 0.000001 -18.123415 3.648178 -4.905664 -0.000003 0.000001 -0.000002 -4.067451 23.428755 3.978359 47.484646 43.892704 -10.906092 -178.802063 48.608105 -179.234680 -20.012346 4.850890 -33.413342 2.243540 -5.255033 -3.180155 14.282877 -0.826592 6.952499 -0.000000 -12.690585 -0.000003 16.140774 -17.455711 3.049439 1.665664 -1.955920 -2.878298 4.727793 -4.170581 4.993918 11.020512 0.000003 0.000001 12.109030 -3.735708 -2.866778 -0.000002 -0.000001 -0.000001 1.291985 -1.928547 -1.498089 14.800111 0.567470 3.865605 14.242551 -1.341735 -6.660648 19.631935 0.143925 -0.648242 50.713917 -0.588267 -5.938465 0.353028 -1.511149 -0.031941 20.222771 3.684306 2.316631 18.787245 0.000006 0.000001 10.751609 -0.479869 1.397905 0.000000 0.000001 0.000000 3.273804 0.305947 -0.580110 21.486792 11.830361 2.266133 8.162916 0.000001 0.000001 18.399050 -3.798979 -4.940565 0.000003 0.000001 -0.000001 8.334138 -7.690159 -24.106344 0.063092 -0.196721 42.681496 -10.389349 12.304953 -14.763110 1.608238 -2.022813 0.900599 -0.000000 0.000000 0.000002 -3.682872 -2.265198 11.353246 -0.049972 1.181574 23.139080 12.271059 -5.492086 -13.825374 -1.487010 1.014714 -5.738573 -0.000000 0.000000 -0.000001 
1.592682 94.526611 3.585005 -4.061636 3.187129 -3.950851 1.915397 1.056088 2.234931 0.363658 3.464487 -3.800100 2.202497 1.913909 7.115998 -1.675230 3.997921 17.298588 -0.985037 -0.606049 -3.666667 -0.057338 -0.877702 -8.768317 0.000077 -0.000023 0.000006 0.028764 -0.120166 0.031459 0.685001 -3.881283 -10.653606 -0.636412 3.631498 -10.609885 -10.125375 -9.261244 4.608846 -47.466728 -35.516701 -15.017405 179.998993 -56.883049 179.829147 -2.121208 1.382123 3.625649 -5.882101 9.861278 0.702590 -10.936858 -0.360573 7.156196 -0.000000 8.774813 0.000001 -16.202295 18.202011 6.420409 -1.844031 2.498503 -2.507275 -10.163589 4.678941 4.621102 -20.975998 -0.000003 0.000000 -21.226255 2.451692 -3.593996 -0.000000 -0.000007 -0.000001 -1.362680 2.240797 -0.746321 -21.334894 0.584909 3.008319 -13.821197 -0.000002 0.000001 -23.887133 -0.249079 -0.839482 -60.226841 2.890759 -1.193368 -0.294024 1.679684 0.833256 -14.218197 0.093214 1.300580 -34.212002 -0.287566 0.967167 -20.033178 0.964534 1.212841 0.000000 0.000001 0.000001 -3.440386 0.788232 0.501654 -15.928167 -3.167307 2.999701 -6.338815 -0.000001 0.000001 -18.123413 3.648176 -4.905660 -0.000004 -0.000000 -0.000001 -3.013612 22.814379 4.062489 49.429993 46.232742 -7.164573 -179.278992 50.440662 -179.365784 -20.271622 5.545621 -32.583405 2.243539 -5.255032 -3.180156 14.282875 -0.826592 6.952496 -0.000002 -12.690588 0.000001 16.001949 -17.386070 2.937001 1.665665 -1.955920 -2.878296 4.727793 -4.170582 4.993918 11.020512 0.000004 0.000000 12.109033 -3.735710 -2.866779 0.000000 -0.000000 -0.000001 1.291984 -1.928548 -1.498088 14.800114 0.567469 3.865604 14.242554 -1.341734 -6.660647 19.631941 0.143926 -0.648242 50.291164 -0.625124 -5.988690 0.353029 -1.511149 -0.031937 20.222767 3.684306 2.316629 18.787245 0.000005 -0.000000 10.751611 -0.479868 1.397904 0.000000 0.000001 0.000000 3.273805 0.305946 -0.580110 21.486792 11.830362 2.266131 8.162916 0.000001 0.000000 18.399054 -3.798979 -4.940566 0.000003 0.000000 -0.000001 8.920430 -4.593407 -23.256140 0.038970 -0.180009 43.050518 -11.571333 13.789288 -15.687972 1.611830 -2.023712 0.629690 -0.000000 -0.000000 0.000002 -4.318883 0.054170 9.964089 -0.023230 1.106189 22.823853 12.356955 -4.783901 -16.334961 -1.472311 0.988301 -4.582166 0.000000 0.000000 -0.000001 
1.199657 94.229851 2.956774 -3.920342 -1.071962 -4.077639 1.762515 0.941587 2.211784 0.279082 3.083894 -3.836191 2.115871 1.623869 7.146050 -1.901710 4.303273 17.110386 -0.759299 0.166769 -3.725668 -0.459206 0.297497 -9.356885 0.000077 -0.000023 0.000006 0.029821 -0.147717 0.032604 0.696879 -3.906871 -10.667632 -0.644169 3.616594 -10.631020 -9.679835 -10.064672 4.651621 -45.941532 -36.600502 -16.349010 179.925949 -56.533630 179.839508 -2.159130 1.916465 2.981036 -5.882100 9.861276 0.702590 -10.936858 -0.360575 7.156196 0.000000 8.774810 0.000000 -16.299303 18.344589 6.422822 -1.844030 2.498503 -2.507276 -10.163589 4.678937 4.621105 -20.975994 -0.000001 0.000002 -21.226255 2.451692 -3.593993 0.000000 -0.000006 0.000000 -1.362679 2.240795 -0.746323 -21.334888 0.584908 3.008321 -13.821197 -0.000004 0.000003 -23.887133 -0.249080 -0.839480 -60.640095 2.864634 -1.183915 -0.294025 1.679686 0.833255 -14.218192 0.093214 1.300578 -34.211998 -0.287563 0.967170 -20.033176 0.964534 1.212841 0.000000 0.000000 0.000000 -3.440385 0.788234 0.501655 -15.928164 -3.167308 2.999703 -6.338815 -0.000002 0.000002 -18.123411 3.648176 -4.905659 -0.000004 0.000001 -0.000002 -2.614356 22.540895 3.952553 51.854733 47.678101 -4.279105 -179.588257 51.853115 -179.508209 -20.820814 5.899924 -32.478954 2.243540 -5.255031 -3.180156 14.282877 -0.826591 6.952495 -0.000004 -12.690587 -0.000000 15.894370 -17.408989 2.870469 1.665665 -1.955919 -2.878296 4.727794 -4.170582 4.993919 11.020512 0.000006 -0.000001 12.109031 -3.735708 -2.866779 -0.000002 -0.000001 0.000000 1.291983 -1.928547 -1.498089 14.800113 0.567469 3.865605 14.242551 -1.341731 -6.660649 19.631941 0.143928 -0.648241 50.021111 -0.649390 -6.044580 0.353028 -1.511149 -0.031940 20.222771 3.684309 2.316630 18.787247 0.000008 0.000001 10.751610 -0.479866 1.397905 0.000001 0.000001 -0.000001 3.273803 0.305948 -0.580111 21.486792 11.830366 2.266132 8.162916 0.000003 0.000001 18.399054 -3.798977 -4.940566 0.000003 0.000000 -0.000002 9.443656 -1.955752 -22.612085 0.026981 -0.175393 43.563789 -12.381521 14.694136 -16.476885 1.621130 -2.003187 0.402403 -0.000000 -0.000000 0.000002 -4.639116 2.246023 8.488438 0.000535 0.902534 23.377270 12.209496 -4.189848 -18.945751 -1.454017 0.994153 -3.641658 0.000000 -0.000000 -0.000001 
0.801287 93.976036 2.310402 -3.931940 -4.155254 -4.308477 1.835354 0.831750 2.259040 0.235562 2.734123 -3.839511 2.147281 1.323972 7.257433 -2.356526 4.602099 16.876312 -0.576695 0.829821 -3.724747 -0.801792 1.223395 -9.678907 0.000077 -0.000023 0.000006 0.024162 -0.139164 0.026184 0.701701 -3.905910 -10.665697 -0.663350 3.623273 -10.638470 -9.549765 -10.440162 4.832799 -45.317539 -37.725777 -17.006670 -179.925171 -56.359737 179.750961 -2.094281 2.189080 2.118245 -5.882098 9.861275 0.702591 -10.936858 -0.360574 7.156197 0.000001 8.774815 0.000001 -16.164692 18.369261 6.482461 -1.844029 2.498501 -2.507276 -10.163589 4.678937 4.621104 -20.975994 -0.000004 0.000003 -21.226246 2.451692 -3.593992 0.000000 -0.000006 -0.000000 -1.362680 2.240796 -0.746323 -21.334887 0.584909 3.008319 -13.821195 -0.000002 0.000003 -23.887129 -0.249079 -0.839480 -60.682613 2.812584 -1.204813 -0.294024 1.679687 0.833255 -14.218194 0.093214 1.300578 -34.211998 -0.287565 0.967170 -20.033178 0.964535 1.212843 -0.000000 -0.000000 -0.000000 -3.440384 0.788233 0.501655 -15.928169 -3.167307 2.999704 -6.338817 -0.000002 0.000001 -18.123411 3.648175 -4.905659 -0.000004 -0.000001 -0.000002 -2.312148 22.534880 3.987463 53.997719 48.398487 -2.037159 -179.474365 52.734062 -179.412964 -21.050861 5.940062 -32.738098 2.243539 -5.255031 -3.180154 14.282877 -0.826593 6.952496 -0.000003 -12.690591 -0.000001 15.912848 -17.372149 2.784563 1.665664 -1.955919 -2.878297 4.727795 -4.170582 4.993918 11.020510 0.000005 -0.000000 12.109029 -3.735708 -2.866778 0.000000 -0.000001 0.000000 1.291984 -1.928547 -1.498088 14.800117 0.567468 3.865605 14.242554 -1.341735 -6.660647 19.631939 0.143924 -0.648242 49.922707 -0.666527 -6.036869 0.353029 -1.511150 -0.031941 20.222771 3.684307 2.316628 18.787245 0.000008 0.000001 10.751610 -0.479866 1.397905 0.000001 0.000002 -0.000001 3.273804 0.305947 -0.580109 21.486792 11.830363 2.266131 8.162916 0.000003 -0.000001 18.399052 -3.798979 -4.940565 0.000003 -0.000001 -0.000001 10.081329 0.034151 -22.158377 0.023171 -0.185857 44.066418 -12.977379 15.154034 -16.852617 1.626883 -1.998656 0.194966 0.000000 0.000000 0.000002 -4.543079 4.014194 7.017101 0.011711 0.798646 24.698603 11.848409 -3.482289 -20.673557 -1.453398 1.018346 -2.849425 0.000000 0.000000 -0.000001 
0.385423 93.721619 1.633039 -3.975426 -6.287009 -4.607321 1.935913 0.737738 2.380609 0.226378 2.385572 -3.798414 2.250834 1.045432 7.377769 -2.755694 4.758199 16.616684 -0.434124 1.389960 -3.725438 -1.185458 2.052798 -9.863641 0.000077 -0.000023 0.000006 0.023770 -0.139258 0.021190 0.707371 -3.904591 -10.654248 -0.667937 3.622629 -10.628460 -9.326930 -10.703286 5.068833 -45.244392 -38.753700 -17.356256 -179.732513 -56.131699 179.593979 -1.809237 2.356185 0.978738 -5.882101 9.861278 0.702590 -10.936861 -0.360575 7.156198 -0.000000 8.774812 -0.000001 -15.969129 18.414120 6.516279 -1.844031 2.498503 -2.507276 -10.163588 4.678939 4.621104 -20.975996 -0.000002 0.000002 -21.226246 2.451695 -3.593993 0.000000 -0.000005 0.000000 -1.362681 2.240796 -0.746323 -21.334888 0.584910 3.008320 -13.821197 -0.000002 0.000002 -23.887131 -0.249077 -0.839481 -60.667191 2.822155 -1.267161 -0.294024 1.679686 0.833255 -14.218195 0.093214 1.300579 -34.211998 -0.287563 0.967170 -20.033180 0.964535 1.212841 0.000000 0.000000 0.000000 -3.440385 0.788233 0.501655 -15.928167 -3.167305 2.999704 -6.338817 -0.000001 0.000001 -18.123415 3.648175 -4.905661 -0.000004 -0.000001 -0.000001 -2.015215 22.562689 4.090242 55.806656 48.726837 -0.253882 -179.265030 53.221569 -179.263245 -21.168282 6.059286 -33.031792 2.243540 -5.255033 -3.180155 14.282875 -0.826592 6.952493 -0.000003 -12.690591 -0.000001 16.094624 -17.422079 2.745341 1.665664 -1.955919 -2.878296 4.727794 -4.170583 4.993918 11.020512 0.000004 -0.000001 12.109032 -3.735711 -2.866781 0.000000 -0.000001 -0.000002 1.291984 -1.928548 -1.498088 14.800113 0.567467 3.865602 14.242554 -1.341734 -6.660648 19.631939 0.143925 -0.648246 49.886898 -0.741689 -6.079578 0.353029 -1.511151 -0.031940 20.222771 3.684306 2.316624 18.787245 0.000005 -0.000003 10.751612 -0.479868 1.397902 0.000000 0.000001 0.000000 3.273804 0.305946 -0.580107 21.486788 11.830361 2.266129 8.162915 0.000003 -0.000002 18.399046 -3.798980 -4.940569 0.000003 0.000001 -0.000001 10.720799 1.472446 -21.880655 0.023317 -0.189553 44.536423 -13.415121 15.347024 -17.004671 1.631328 -2.019943 -0.068629 0.000000 -0.000000 0.000002 -4.350425 5.137599 5.715519 0.043870 0.742317 26.250427 11.470170 -2.780104 -22.060886 -1.449583 0.997357 -2.410672 -0.000000 -0.000000 -0.000001 
-0.192632 93.404549 0.890489 -4.026457 -7.723841 -4.905707 2.038454 0.663011 2.542462 0.208026 2.057384 -3.765986 2.407605 0.822574 7.521956 -3.032469 4.841591 16.354212 -0.322744 1.909990 -3.726322 -1.630642 2.693577 -10.057287 0.000077 -0.000022 0.000006 0.027284 -0.140823 0.017883 0.713599 -3.906078 -10.660535 -0.670931 3.625800 -10.632070 -9.010199 -10.987460 5.252985 -45.280342 -39.741169 -17.484737 -179.607605 -56.000256 179.392029 -1.620219 2.513592 -0.255413 -5.882100 9.861280 0.702589 -10.936860 -0.360576 7.156196 -0.000002 8.774813 -0.000002 -15.953431 18.402172 6.444263 -1.844032 2.498504 -2.507276 -10.163591 4.678939 4.621104 -20.975998 -0.000002 0.000003 -21.226255 2.451695 -3.593993 -0.000000 -0.000006 0.000001 -1.362679 2.240797 -0.746323 -21.334887 0.584910 3.008321 -13.821197 -0.000002 0.000002 -23.887133 -0.249076 -0.839483 -60.683002 2.828666 -1.401420 -0.294025 1.679685 0.833255 -14.218195 0.093216 1.300580 -34.212006 -0.287562 0.967170 -20.033180 0.964537 1.212842 -0.000000 0.000000 0.000000 -3.440384 0.788233 0.501655 -15.928167 -3.167306 2.999705 -6.338817 0.000000 0.000001 -18.123415 3.648176 -4.905662 -0.000004 -0.000000 -0.000001 -1.603879 22.523554 4.269391 57.003857 48.877934 1.178874 -179.007874 53.487465 -179.098831 -21.219635 6.147903 -32.805882 2.243540 -5.255033 -3.180154 14.282877 -0.826594 6.952496 -0.000001 -12.690592 -0.000002 16.175919 -17.502165 2.805704 1.665665 -1.955920 -2.878295 4.727793 -4.170582 4.993919 11.020512 0.000002 -0.000001 12.109032 -3.735709 -2.866779 -0.000000 -0.000001 -0.000001 1.291984 -1.928548 -1.498089 14.800111 0.567467 3.865603 14.242554 -1.341737 -6.660649 19.631939 0.143924 -0.648245 49.864964 -0.793900 -6.127034 0.353029 -1.511149 -0.031940 20.222769 3.684303 2.316628 18.787245 0.000003 -0.000000 10.751609 -0.479869 1.397904 0.000000 0.000001 0.000000 3.273804 0.305946 -0.580110 21.486794 11.830361 2.266131 8.162918 0.000004 -0.000001 18.399055 -3.798980 -4.940568 0.000003 -0.000001 -0.000001 11.457438 2.513162 -21.832035 0.015594 -0.181313 45.019924 -13.870989 15.247328 -17.110010 1.637080 -2.032286 -0.208900 0.000000 -0.000000 0.000002 -3.995239 5.746348 4.376425 0.045689 0.703144 28.182678 10.946409 -2.151577 -23.515362 -1.445892 0.973844 -2.007430 -0.000000 -0.000000 -0.000001 
-0.680494 93.076851 0.214970 -4.106139 -8.492146 -5.198359 2.157462 0.596931 2.676343 0.191697 1.776238 -3.736140 2.631501 0.595054 7.703181 -3.248848 4.901067 16.137159 -0.228422 2.317736 -3.721488 -2.105073 3.205640 -10.238511 0.000077 -0.000023 0.000006 0.033051 -0.135623 0.024500 0.719812 -3.903187 -10.659899 -0.668144 3.633239 -10.629660 -8.658751 -11.261629 5.463980 -45.264637 -40.731106 -17.412464 -179.673203 -56.141647 179.381638 -1.454252 2.486750 -1.439769 -5.882101 9.861278 0.702590 -10.936859 -0.360575 7.156196 -0.000001 8.774814 -0.000001 -16.060402 18.436607 6.340691 -1.844030 2.498503 -2.507276 -10.163589 4.678941 4.621102 -20.976000 -0.000004 0.000000 -21.226255 2.451691 -3.593994 0.000000 -0.000007 -0.000000 -1.362679 2.240796 -0.746323 -21.334890 0.584907 3.008318 -13.821198 -0.000003 0.000001 -23.887135 -0.249079 -0.839481 -60.791809 2.829134 -1.477415 -0.294025 1.679686 0.833256 -14.218194 0.093216 1.300577 -34.212006 -0.287566 0.967166 -20.033180 0.964533 1.212841 -0.000000 -0.000000 -0.000000 -3.440386 0.788232 0.501655 -15.928173 -3.167307 2.999703 -6.338818 -0.000002 0.000001 -18.123415 3.648174 -4.905662 -0.000003 -0.000000 -0.000001 -1.063431 22.358145 4.582283 57.681416 48.897213 2.277430 -178.772125 53.562824 -178.967117 -21.083677 6.186251 -31.960835 2.243540 -5.255033 -3.180157 14.282878 -0.826595 6.952497 -0.000003 -12.690591 0.000001 16.088934 -17.567108 2.891315 1.665664 -1.955920 -2.878295 4.727795 -4.170583 4.993918 11.020513 0.000004 -0.000000 12.109032 -3.735711 -2.866779 -0.000000 -0.000001 0.000000 1.291985 -1.928548 -1.498085 14.800114 0.567468 3.865603 14.242553 -1.341733 -6.660648 19.631939 0.143927 -0.648241 49.746922 -0.836368 -6.184445 0.353028 -1.511150 -0.031937 20.222773 3.684307 2.316626 18.787247 0.000006 0.000001 10.751613 -0.479869 1.397905 -0.000000 0.000001 -0.000001 3.273804 0.305947 -0.580109 21.486797 11.830367 2.266130 8.162918 0.000004 -0.000002 18.399054 -3.798977 -4.940568 0.000002 -0.000001 -0.000001 12.097522 3.183767 -21.937220 -0.002278 -0.178208 45.493431 -14.169139 14.971396 -17.237453 1.636893 -2.032817 -0.237218 0.000000 0.000000 0.000002 -3.644766 5.946429 3.296684 0.052281 0.658040 29.971865 10.438808 -1.696816 -24.754383 -1.443929 0.955401 -1.621931 0.000000 0.000000 -0.000001 
-1.091778 92.816986 -0.410374 -4.199377 -8.700038 -5.475317 2.272197 0.534575 2.757818 0.191791 1.533145 -3.718584 2.894213 0.375130 7.902402 -3.410274 4.917322 16.011478 -0.152974 2.610788 -3.728987 -2.549836 3.602958 -10.394811 0.000077 -0.000023 0.000006 0.030515 -0.112994 0.026751 0.717904 -3.881446 -10.661989 -0.670105 3.654391 -10.630423 -8.275549 -11.490149 5.640104 -45.175964 -41.671848 -17.178823 179.898239 -56.531212 179.661163 -1.300691 2.299821 -2.483039 -5.882102 9.861277 0.702590 -10.936858 -0.360573 7.156196 -0.000002 8.774811 -0.000000 -16.135849 18.497444 6.302520 -1.844030 2.498503 -2.507276 -10.163589 4.678940 4.621105 -20.975996 -0.000003 0.000001 -21.226250 2.451692 -3.593994 0.000000 -0.000006 0.000001 -1.362681 2.240797 -0.746323 -21.334887 0.584909 3.008321 -13.821197 -0.000003 0.000002 -23.887131 -0.249078 -0.839480 -60.891659 2.833119 -1.512887 -0.294026 1.679686 0.833256 -14.218194 0.093215 1.300579 -34.211998 -0.287563 0.967168 -20.033176 0.964535 1.212842 0.000000 -0.000000 0.000000 -3.440384 0.788232 0.501655 -15.928167 -3.167305 2.999703 -6.338817 -0.000001 0.000001 -18.123413 3.648175 -4.905661 -0.000004 -0.000000 -0.000002 -0.463901 22.159542 4.922442 57.761459 48.765980 2.807378 -178.550278 53.484211 -178.919876 -20.734653 6.019896 -30.753082 2.243540 -5.255033 -3.180156 14.282877 -0.826595 6.952496 -0.000002 -12.690590 -0.000001 15.923895 -17.598019 2.987907 1.665665 -1.955919 -2.878298 4.727793 -4.170584 4.993922 11.020511 0.000002 -0.000001 12.109031 -3.735713 -2.866778 0.000001 -0.000001 -0.000001 1.291985 -1.928548 -1.498087 14.800111 0.567466 3.865606 14.242553 -1.341735 -6.660647 19.631939 0.143927 -0.648244 49.587105 -0.824334 -6.179469 0.353028 -1.511149 -0.031938 20.222767 3.684305 2.316628 18.787245 0.000004 -0.000000 10.751611 -0.479868 1.397904 0.000002 0.000001 -0.000002 3.273804 0.305947 -0.580108 21.486790 11.830360 2.266132 8.162914 0.000001 -0.000002 18.399054 -3.798980 -4.940568 0.000002 0.000000 -0.000001 12.623279 3.481848 -22.180944 -0.017856 -0.172442 45.908569 -14.318713 14.642760 -17.094130 1.635565 -2.013390 -0.209315 -0.000000 0.000000 0.000002 -3.298674 5.830313 2.441625 0.058305 0.588136 31.463800 9.984137 -1.489762 -25.651289 -1.446101 0.958869 -1.308860 0.000000 0.000000 -0.000001 
-1.457275 92.636299 -0.926548 -4.262640 -8.547831 -5.740324 2.355577 0.470716 2.787527 0.194254 1.334053 -3.709751 3.184924 0.213069 8.095055 -3.524622 4.894347 15.951904 -0.085786 2.791927 -3.716737 -2.953001 3.847302 -10.519598 0.000077 -0.000023 0.000006 0.030740 -0.081859 0.030772 0.720313 -3.842447 -10.647819 -0.673096 3.678141 -10.621073 -7.906686 -11.668748 5.770207 -45.120266 -42.511047 -16.918051 179.443970 -57.033840 -179.979233 -1.129212 1.997738 -3.494064 -5.882101 9.861277 0.702590 -10.936860 -0.360574 7.156196 -0.000000 8.774814 -0.000001 -16.250288 18.591331 6.282989 -1.844032 2.498503 -2.507275 -10.163589 4.678939 4.621103 -20.975994 -0.000004 0.000002 -21.226254 2.451693 -3.593993 0.000000 -0.000006 0.000002 -1.362679 2.240796 -0.746322 -21.334892 0.584907 3.008320 -13.821197 -0.000003 0.000001 -23.887129 -0.249079 -0.839481 -61.047298 2.826698 -1.549103 -0.294023 1.679685 0.833255 -14.218192 0.093214 1.300579 -34.212006 -0.287565 0.967170 -20.033178 0.964534 1.212842 0.000000 -0.000000 0.000000 -3.440386 0.788233 0.501654 -15.928169 -3.167305 2.999703 -6.338815 -0.000001 0.000001 -18.123415 3.648176 -4.905662 -0.000004 -0.000000 -0.000002 0.128611 21.946875 5.302973 57.436104 48.558868 2.822919 -178.454697 53.259808 -178.881012 -20.426613 5.744404 -29.730644 2.243540 -5.255032 -3.180156 14.282877 -0.826593 6.952495 -0.000002 -12.690591 -0.000002 15.810990 -17.572725 3.042963 1.665665 -1.955920 -2.878294 4.727793 -4.170585 4.993920 11.020511 0.000004 -0.000002 12.109031 -3.735708 -2.866780 0.000000 0.000000 0.000000 1.291984 -1.928547 -1.498087 14.800111 0.567468 3.865602 14.242553 -1.341734 -6.660649 19.631939 0.143929 -0.648244 49.516140 -0.810862 -6.164889 0.353029 -1.511149 -0.031941 20.222767 3.684308 2.316627 18.787245 0.000008 -0.000001 10.751606 -0.479867 1.397904 0.000000 0.000001 0.000000 3.273804 0.305948 -0.580111 21.486790 11.830363 2.266130 8.162914 0.000004 -0.000001 18.399050 -3.798978 -4.940567 0.000001 -0.000002 -0.000002 13.006000 3.459428 -22.392782 -0.022204 -0.172981 46.125469 -14.371226 14.267488 -16.830786 1.632561 -2.003446 -0.138804 0.000000 0.000000 0.000002 -3.003712 5.590975 1.970862 0.055927 0.505530 32.518440 9.608871 -1.487632 -26.219870 -1.450209 0.980956 -1.045240 0.000000 0.000000 -0.000001 
-1.688749 92.575447 -1.314915 -4.257542 -8.112050 -5.980778 2.414387 0.421346 2.740678 0.203520 1.201280 -3.718146 3.421723 0.085509 8.244468 -3.590617 4.863157 15.915615 -0.054061 2.832029 -3.707409 -3.223632 3.974666 -10.545546 0.000077 -0.000022 0.000006 0.027591 -0.062809 0.029319 0.721175 -3.819092 -10.641553 -0.680238 3.692631 -10.615214 -7.630582 -11.791690 5.857271 -45.223114 -43.176952 -16.498249 179.150177 -57.408855 -179.664322 -1.067904 1.578095 -4.456223 -5.882101 9.861277 0.702590 -10.936861 -0.360574 7.156196 -0.000001 8.774812 -0.000000 -16.269907 18.631042 6.277551 -1.844031 2.498503 -2.507275 -10.163591 4.678940 4.621104 -20.975998 -0.000001 0.000003 -21.226255 2.451695 -3.593992 0.000000 -0.000006 0.000002 -1.362682 2.240796 -0.746323 -21.334896 0.584910 3.008322 -13.821198 -0.000001 0.000003 -23.887135 -0.249076 -0.839480 -61.064865 2.837044 -1.546056 -0.294026 1.679686 0.833255 -14.218194 0.093214 1.300580 -34.212006 -0.287560 0.967171 -20.033180 0.964537 1.212842 0.000000 -0.000000 0.000000 -3.440386 0.788233 0.501656 -15.928171 -3.167304 2.999704 -6.338817 -0.000001 0.000002 -18.123413 3.648177 -4.905659 -0.000005 -0.000000 -0.000002 0.661426 21.767696 5.690051 56.904263 48.221729 2.528740 -178.348648 52.863903 -178.850861 -20.211290 5.493434 -29.217344 2.243539 -5.255033 -3.180154 14.282877 -0.826592 6.952495 -0.000003 -12.690591 -0.000001 15.799026 -17.600302 3.063016 1.665665 -1.955920 -2.878299 4.727792 -4.170582 4.993919 11.020510 0.000004 -0.000001 12.109033 -3.735710 -2.866780 0.000002 0.000000 0.000000 1.291984 -1.928548 -1.498090 14.800114 0.567467 3.865606 14.242554 -1.341734 -6.660647 19.631937 0.143926 -0.648241 49.542290 -0.751975 -6.162485 0.353029 -1.511150 -0.031941 20.222767 3.684307 2.316627 18.787245 0.000005 -0.000000 10.751612 -0.479866 1.397903 0.000000 0.000002 0.000001 3.273803 0.305947 -0.580111 21.486792 11.830361 2.266129 8.162915 0.000002 -0.000002 18.399052 -3.798979 -4.940568 0.000003 0.000000 -0.000001 13.136024 3.206117 -22.507318 -0.025318 -0.194980 46.035290 -14.325815 13.912390 -16.472528 1.631616 -1.979989 -0.116898 0.000000 0.000000 0.000002 -2.814286 5.297859 1.848325 0.052258 0.426678 32.984615 9.323690 -1.677856 -26.485762 -1.456967 1.009121 -0.895495 -0.000000 0.000000 -0.000001 
-1.826747 92.628754 -1.547895 -4.140554 -7.539145 -6.217060 2.435208 0.399442 2.656110 0.218882 1.140844 -3.721109 3.534991 -0.020829 8.327621 -3.617418 4.799874 15.845727 -0.062246 2.809612 -3.697330 -3.326823 3.977371 -10.444544 0.000077 -0.000023 0.000006 0.026210 -0.052516 0.024045 0.729374 -3.800935 -10.629170 -0.689879 3.697816 -10.604888 -7.410940 -11.794344 5.912029 -45.638275 -43.609295 -15.906227 179.332565 -57.453854 -179.665344 -1.034304 1.057478 -5.419781 -5.882102 9.861279 0.702589 -10.936859 -0.360574 7.156196 -0.000002 8.774816 -0.000001 -16.288849 18.664085 6.251551 -1.844031 2.498502 -2.507277 -10.163589 4.678939 4.621104 -20.975992 -0.000002 0.000002 -21.226250 2.451694 -3.593994 0.000000 -0.000006 0.000000 -1.362681 2.240797 -0.746323 -21.334887 0.584908 3.008320 -13.821194 -0.000002 0.000002 -23.887129 -0.249077 -0.839481 -61.015690 2.860717 -1.530634 -0.294024 1.679686 0.833255 -14.218194 0.093215 1.300580 -34.211998 -0.287563 0.967170 -20.033176 0.964535 1.212842 0.000001 -0.000000 -0.000000 -3.440384 0.788233 0.501656 -15.928165 -3.167306 2.999704 -6.338817 -0.000001 0.000001 -18.123411 3.648176 -4.905661 -0.000005 -0.000000 -0.000001 1.015280 21.685003 6.011859 56.491062 47.780823 2.196424 -178.213150 52.359901 -178.789719 -20.027655 5.295771 -29.125944 2.243539 -5.255031 -3.180154 14.282873 -0.826593 6.952493 -0.000002 -12.690586 -0.000002 15.908034 -17.694197 3.041100 1.665665 -1.955919 -2.878297 4.727792 -4.170581 4.993919 11.020510 0.000004 -0.000002 12.109030 -3.735710 -2.866778 0.000003 0.000000 -0.000001 1.291985 -1.928547 -1.498088 14.800111 0.567468 3.865602 14.242553 -1.341735 -6.660648 19.631935 0.143927 -0.648242 49.637878 -0.740942 -6.230402 0.353028 -1.511149 -0.031939 20.222767 3.684304 2.316627 18.787245 0.000004 -0.000000 10.751608 -0.479869 1.397903 0.000001 0.000003 0.000001 3.273804 0.305947 -0.580110 21.486788 11.830359 2.266132 8.162916 0.000001 -0.000002 18.399050 -3.798981 -4.940568 0.000003 -0.000001 -0.000000 13.031924 2.824184 -22.445488 -0.033400 -0.209609 45.673969 -14.221186 13.576814 -16.015587 1.630533 -1.978297 -0.218322 0.000000 -0.000000 0.000002 -2.773871 4.978264 2.077193 0.032108 0.411457 32.899570 9.180295 -2.028800 -26.500420 -1.463055 1.013829 -0.933688 0.000000 0.000000 -0.000001 
-1.853931 92.738029 -1.674779 -3.924608 -6.955389 -6.432719 2.431326 0.416868 2.573345 0.240744 1.125112 -3.731351 3.532945 -0.080361 8.364860 -3.621032 4.756421 15.766041 -0.090251 2.799146 -3.700078 -3.358042 3.861028 -10.293617 0.000077 -0.000022 0.000006 0.027785 -0.061341 0.020254 0.731619 -3.805474 -10.639054 -0.691518 3.683276 -10.604684 -7.242044 -11.682949 5.957456 -46.209736 -43.903198 -15.051337 179.574005 -57.352596 -179.811768 -1.013100 0.556735 -6.222510 -5.882099 9.861279 0.702590 -10.936858 -0.360575 7.156199 -0.000000 8.774813 -0.000001 -16.286491 18.652388 6.213726 -1.844032 2.498504 -2.507276 -10.163590 4.678941 4.621104 -20.975996 -0.000002 0.000002 -21.226250 2.451694 -3.593995 -0.000000 -0.000006 0.000000 -1.362681 2.240797 -0.746322 -21.334887 0.584909 3.008321 -13.821197 -0.000002 0.000001 -23.887131 -0.249078 -0.839482 -60.941002 2.869319 -1.513811 -0.294023 1.679686 0.833256 -14.218194 0.093214 1.300579 -34.211998 -0.287563 0.967170 -20.033178 0.964535 1.212841 0.000000 0.000000 -0.000000 -3.440385 0.788232 0.501656 -15.928164 -3.167307 2.999704 -6.338819 -0.000001 0.000002 -18.123413 3.648177 -4.905662 -0.000004 -0.000000 -0.000001 1.174031 21.701283 6.253572 56.204556 47.282612 1.875695 -178.095062 51.836040 -178.724915 -19.919947 5.113733 -29.132944 2.243540 -5.255032 -3.180153 14.282878 -0.826595 6.952495 -0.000001 -12.690592 -0.000002 15.977720 -17.813965 3.046323 1.665665 -1.955920 -2.878297 4.727794 -4.170584 4.993920 11.020512 0.000003 -0.000001 12.109035 -3.735709 -2.866781 0.000002 -0.000001 -0.000000 1.291984 -1.928547 -1.498087 14.800111 0.567466 3.865604 14.242554 -1.341736 -6.660646 19.631939 0.143924 -0.648243 49.661804 -0.734119 -6.271231 0.353028 -1.511149 -0.031939 20.222769 3.684303 2.316631 18.787247 0.000002 -0.000001 10.751611 -0.479871 1.397904 0.000001 0.000001 0.000001 3.273804 0.305946 -0.580111 21.486794 11.830360 2.266130 8.162917 0.000002 -0.000003 18.399055 -3.798980 -4.940569 0.000003 -0.000001 -0.000000 12.713858 2.418053 -22.262495 -0.033444 -0.226173 45.144688 -14.055364 13.321732 -15.600289 1.630818 -2.015131 -0.394761 0.000000 -0.000000 0.000002 -2.898091 4.704220 2.451160 0.017318 0.418196 32.565681 9.101610 -2.402002 -26.378790 -1.464645 0.993161 -1.074764 0.000000 0.000000 -0.000001 
-1.772603 92.831161 -1.744760 -3.666019 -6.465077 -6.583945 2.422966 0.444575 2.503210 0.264449 1.127245 -3.769783 3.469916 -0.025737 8.389935 -3.622382 4.706451 15.658377 -0.126460 2.797812 -3.707218 -3.364739 3.665602 -10.131494 0.000077 -0.000022 0.000006 0.028460 -0.075026 0.026746 0.731628 -3.818928 -10.630964 -0.687981 3.669249 -10.597701 -7.202865 -11.543880 6.056543 -46.662651 -44.161957 -14.045538 179.486237 -57.210365 -179.752563 -0.994163 0.218456 -6.803445 -5.882103 9.861279 0.702591 -10.936859 -0.360575 7.156198 -0.000001 8.774813 0.000000 -16.264427 18.598864 6.195704 -1.844033 2.498502 -2.507277 -10.163590 4.678941 4.621105 -20.975992 -0.000003 0.000003 -21.226254 2.451693 -3.593992 0.000000 -0.000006 -0.000001 -1.362682 2.240796 -0.746323 -21.334890 0.584909 3.008321 -13.821194 -0.000002 0.000002 -23.887125 -0.249078 -0.839480 -60.924934 2.860762 -1.537380 -0.294025 1.679686 0.833255 -14.218192 0.093215 1.300581 -34.211998 -0.287564 0.967171 -20.033175 0.964535 1.212842 0.000000 -0.000000 -0.000000 -3.440388 0.788233 0.501655 -15.928169 -3.167305 2.999704 -6.338815 -0.000002 0.000001 -18.123413 3.648176 -4.905661 -0.000005 -0.000000 -0.000002 1.195508 21.734259 6.401471 56.095963 46.980026 1.737982 -177.910950 51.523544 -178.614029 -19.879223 5.041102 -28.836084 2.243540 -5.255033 -3.180155 14.282878 -0.826593 6.952497 -0.000002 -12.690592 -0.000001 16.021929 -17.959200 3.115204 1.665665 -1.955920 -2.878298 4.727794 -4.170582 4.993920 11.020513 0.000004 -0.000001 12.109032 -3.735706 -2.866782 0.000003 -0.000001 -0.000000 1.291985 -1.928548 -1.498086 14.800113 0.567470 3.865602 14.242551 -1.341733 -6.660649 19.631939 0.143927 -0.648243 49.585510 -0.742395 -6.287745 0.353028 -1.511149 -0.031940 20.222771 3.684308 2.316628 18.787247 0.000006 -0.000001 10.751613 -0.479867 1.397903 0.000000 0.000001 0.000001 3.273803 0.305947 -0.580109 21.486794 11.830365 2.266133 8.162917 0.000002 -0.000002 18.399055 -3.798980 -4.940567 0.000003 0.000000 0.000000 12.285994 2.096378 -22.143526 -0.030968 -0.226000 44.739784 -13.831332 13.060446 -15.261094 1.630483 -2.051623 -0.507477 0.000000 -0.000000 0.000002 -3.231245 4.525580 2.838381 0.003296 0.432762 32.215778 9.236720 -2.644769 -26.187922 -1.463999 0.966732 -1.194952 0.000000 0.000000 -0.000001 
-1.671483 92.867226 -1.829654 -3.431541 -6.001297 -6.689362 2.434753 0.454650 2.435102 0.278172 1.168152 -3.817795 3.385053 0.048105 8.426161 -3.576428 4.693169 15.574061 -0.182690 2.770496 -3.707245 -3.392608 3.474976 -10.080196 0.000077 -0.000023 0.000006 0.029292 -0.085480 0.037816 0.726782 -3.832759 -10.634659 -0.683371 3.657824 -10.596051 -7.250760 -11.415742 6.185501 -46.819546 -44.469139 -13.148025 179.023849 -57.220329 -179.442520 -1.010654 -0.025301 -7.232776 -5.882102 9.861278 0.702590 -10.936857 -0.360577 7.156196 -0.000001 8.774814 -0.000001 -16.218779 18.541168 6.179609 -1.844029 2.498502 -2.507276 -10.163589 4.678940 4.621105 -20.975996 -0.000003 0.000001 -21.226255 2.451692 -3.593995 0.000000 -0.000006 0.000001 -1.362680 2.240796 -0.746323 -21.334887 0.584907 3.008321 -13.821194 -0.000003 0.000001 -23.887131 -0.249078 -0.839480 -60.954407 2.846566 -1.564210 -0.294024 1.679686 0.833255 -14.218190 0.093215 1.300579 -34.212002 -0.287564 0.967170 -20.033178 0.964535 1.212842 0.000000 0.000000 0.000000 -3.440384 0.788232 0.501656 -15.928165 -3.167307 2.999704 -6.338817 -0.000001 0.000000 -18.123413 3.648175 -4.905663 -0.000004 -0.000000 -0.000001 1.120721 21.747320 6.468347 55.927349 46.903244 1.419934 -177.821701 51.424179 -178.594681 -19.872473 4.996498 -28.349005 2.243540 -5.255031 -3.180155 14.282875 -0.826595 6.952495 -0.000002 -12.690588 -0.000001 16.016529 -18.035940 3.153930 1.665665 -1.955920 -2.878296 4.727792 -4.170582 4.993918 11.020512 0.000003 -0.000002 12.109031 -3.735710 -2.866778 0.000002 -0.000000 -0.000000 1.291984 -1.928548 -1.498087 14.800113 0.567466 3.865603 14.242551 -1.341736 -6.660649 19.631935 0.143925 -0.648245 49.441170 -0.738910 -6.326853 0.353029 -1.511149 -0.031938 20.222769 3.684305 2.316626 18.787243 0.000004 -0.000000 10.751608 -0.479866 1.397905 0.000001 0.000002 0.000000 3.273804 0.305946 -0.580110 21.486790 11.830360 2.266129 8.162914 0.000001 0.000000 18.399048 -3.798981 -4.940570 0.000001 0.000000 -0.000001 11.891120 1.864314 -22.164259 -0.020966 -0.195966 44.522995 -13.608329 12.704943 -15.001359 1.630757 -2.056120 -0.505932 0.000000 -0.000000 0.000002 -3.516952 4.325959 3.017076 -0.007439 0.454788 32.065632 9.395912 -2.852483 -26.218565 -1.459030 0.942637 -1.177938 0.000000 0.000000 -0.000001 
-1.530091 92.877197 -1.848364 -3.275141 -5.541362 -6.778392 2.465134 0.489745 2.363782 0.286233 1.214541 -3.858692 3.323617 0.095321 8.480145 -3.479514 4.708996 15.556210 -0.225721 2.645078 -3.711712 -3.467224 3.255610 -10.097815 0.000077 -0.000023 0.000006 0.027400 -0.077873 0.050024 0.719352 -3.825099 -10.624287 -0.677940 3.665771 -10.588170 -7.315119 -11.311035 6.321706 -46.868752 -44.837566 -12.508351 178.595352 -57.424862 -179.111176 -0.998202 -0.245022 -7.680452 -5.882101 9.861277 0.702590 -10.936862 -0.360573 7.156198 -0.000002 8.774814 -0.000002 -16.310167 18.566107 6.173614 -1.844031 2.498502 -2.507276 -10.163589 4.678940 4.621104 -20.975996 -0.000002 0.000003 -21.226255 2.451694 -3.593993 0.000000 -0.000006 -0.000000 -1.362680 2.240797 -0.746323 -21.334894 0.584910 3.008321 -13.821198 -0.000002 0.000003 -23.887133 -0.249076 -0.839481 -61.140373 2.817040 -1.579293 -0.294025 1.679686 0.833255 -14.218197 0.093215 1.300580 -34.212002 -0.287563 0.967170 -20.033180 0.964535 1.212841 0.000000 0.000000 0.000000 -3.440388 0.788233 0.501655 -15.928167 -3.167306 2.999703 -6.338818 -0.000001 0.000001 -18.123415 3.648176 -4.905662 -0.000004 -0.000000 -0.000001 0.989484 21.765640 6.505802 55.773300 46.950302 0.863884 -177.861969 51.421391 -178.622742 -19.828541 4.844466 -27.836630 2.243539 -5.255033 -3.180154 14.282875 -0.826594 6.952497 -0.000001 -12.690590 -0.000002 15.917351 -18.016293 3.214520 1.665664 -1.955920 -2.878295 4.727794 -4.170582 4.993920 11.020509 0.000003 -0.000002 12.109030 -3.735709 -2.866781 0.000002 -0.000000 0.000001 1.291985 -1.928548 -1.498087 14.800111 0.567469 3.865602 14.242553 -1.341734 -6.660649 19.631935 0.143924 -0.648244 49.368134 -0.735644 -6.286759 0.353029 -1.511150 -0.031940 20.222767 3.684306 2.316627 18.787245 0.000003 0.000001 10.751609 -0.479867 1.397905 0.000001 0.000002 -0.000001 3.273804 0.305947 -0.580113 21.486790 11.830361 2.266133 8.162916 0.000002 -0.000002 18.399052 -3.798982 -4.940570 0.000002 -0.000001 -0.000000 11.559505 1.681638 -22.222582 -0.011926 -0.158430 44.462025 -13.382644 12.309608 -14.855034 1.628888 -2.036285 -0.399096 0.000000 0.000000 0.000002 -3.700612 4.075325 3.241053 -0.021107 0.460886 31.831295 9.538874 -2.991800 -26.368765 -1.457052 0.950860 -1.084190 0.000000 0.000000 -0.000001 
-1.310254 92.933517 -1.808188 -3.227834 -4.963978 -6.854947 2.509186 0.514770 2.259323 0.300824 1.255803 -3.916435 3.314886 0.109556 8.589324 -3.365829 4.675664 15.534643 -0.278649 2.453318 -3.705567 -3.543473 3.027721 -10.104559 0.000077 -0.000023 0.000006 0.025101 -0.058929 0.058008 0.712404 -3.799862 -10.611145 -0.676635 3.685436 -10.579010 -7.365554 -11.237549 6.441167 -47.065865 -45.183517 -12.003167 178.322632 -57.681881 -178.850952 -0.986020 -0.497082 -8.207359 -5.882103 9.861280 0.702590 -10.936858 -0.360574 7.156197 -0.000002 8.774816 -0.000001 -16.327719 18.618809 6.211485 -1.844031 2.498502 -2.507275 -10.163589 4.678940 4.621103 -20.975996 -0.000003 0.000003 -21.226254 2.451694 -3.593992 0.000000 -0.000006 0.000001 -1.362682 2.240796 -0.746323 -21.334894 0.584908 3.008322 -13.821195 -0.000003 0.000002 -23.887131 -0.249077 -0.839481 -61.281704 2.803498 -1.558516 -0.294025 1.679686 0.833255 -14.218192 0.093215 1.300580 -34.212002 -0.287563 0.967170 -20.033178 0.964535 1.212842 -0.000000 0.000000 0.000000 -3.440384 0.788232 0.501655 -15.928171 -3.167306 2.999705 -6.338816 -0.000001 0.000002 -18.123411 3.648177 -4.905661 -0.000004 0.000000 -0.000003 0.909555 21.778921 6.582303 55.598377 46.948055 0.198755 -177.988007 51.354755 -178.703278 -19.732769 4.605584 -27.420815 2.243540 -5.255033 -3.180155 14.282878 -0.826594 6.952496 -0.000002 -12.690590 -0.000001 15.808436 -17.962929 3.229773 1.665664 -1.955920 -2.878297 4.727794 -4.170585 4.993918 11.020511 0.000002 -0.000002 12.109030 -3.735710 -2.866779 0.000003 -0.000000 -0.000000 1.291985 -1.928547 -1.498090 14.800111 0.567468 3.865604 14.242553 -1.341735 -6.660650 19.631935 0.143928 -0.648243 49.400398 -0.720370 -6.235049 0.353029 -1.511149 -0.031940 20.222771 3.684305 2.316629 18.787245 0.000005 -0.000001 10.751610 -0.479869 1.397904 0.000001 0.000002 0.000000 3.273804 0.305947 -0.580109 21.486792 11.830362 2.266131 8.162916 0.000004 -0.000001 18.399054 -3.798980 -4.940567 0.000003 0.000000 -0.000002 11.267028 1.422677 -22.286242 -0.025803 -0.144586 44.412861 -13.062402 12.022765 -14.655118 1.626701 -2.015739 -0.288895 0.000000 -0.000000 0.000002 -3.912394 3.843891 3.712931 -0.010740 0.435320 31.286390 9.864447 -3.179856 -26.194649 -1.461063 0.980909 -1.003265 0.000000 0.000000 -0.000001 
-1.041120 93.059303 -1.686310 -3.234955 -4.323156 -6.905242 2.525278 0.532652 2.124578 0.322267 1.304529 -3.972675 3.334558 0.108680 8.670202 -3.237267 4.598475 15.453013 -0.337612 2.170565 -3.677648 -3.558342 2.799070 -10.068339 0.000077 -0.000023 0.000006 0.020656 -0.032639 0.059606 0.702939 -3.772236 -10.588264 -0.675908 3.701967 -10.556646 -7.376079 -11.231517 6.514043 -47.565113 -45.333458 -11.573181 178.394928 -57.774395 -178.861771 -0.965021 -0.808894 -8.838856 -5.882101 9.861279 0.702589 -10.936858 -0.360575 7.156196 -0.000001 8.774814 -0.000002 -16.376156 18.701952 6.239005 -1.844030 2.498502 -2.507276 -10.163589 4.678940 4.621103 -20.975994 -0.000004 0.000000 -21.226250 2.451692 -3.593995 0.000000 -0.000006 0.000001 -1.362680 2.240796 -0.746323 -21.334887 0.584907 3.008318 -13.821197 -0.000004 0.000002 -23.887129 -0.249080 -0.839481 -61.391212 2.812925 -1.510333 -0.294023 1.679685 0.833255 -14.218194 0.093214 1.300578 -34.211998 -0.287566 0.967169 -20.033176 0.964533 1.212842 0.000001 0.000000 0.000000 -3.440385 0.788233 0.501655 -15.928164 -3.167307 2.999703 -6.338817 -0.000001 0.000001 -18.123411 3.648175 -4.905662 -0.000004 -0.000000 -0.000002 0.956978 21.772995 6.762358 55.495705 46.786194 -0.249439 -177.967606 51.126156 -178.677429 -19.619900 4.505494 -26.959328 2.243540 -5.255033 -3.180155 14.282875 -0.826593 6.952497 -0.000004 -12.690590 -0.000000 15.771804 -17.947327 3.239753 1.665665 -1.955920 -2.878296 4.727793 -4.170582 4.993918 11.020513 0.000003 -0.000001 12.109034 -3.735709 -2.866778 0.000002 -0.000000 -0.000001 1.291984 -1.928547 -1.498089 14.800113 0.567469 3.865603 14.242554 -1.341735 -6.660648 19.631939 0.143925 -0.648242 49.554722 -0.697943 -6.193673 0.353029 -1.511149 -0.031939 20.222769 3.684307 2.316630 18.787245 0.000003 0.000001 10.751612 -0.479868 1.397905 0.000001 0.000002 -0.000001 3.273804 0.305947 -0.580109 21.486792 11.830363 2.266132 8.162916 0.000003 -0.000001 18.399054 -3.798977 -4.940567 0.000003 -0.000001 -0.000000 10.966116 1.098376 -22.239567 -0.040631 -0.161107 44.182255 -12.664412 11.862360 -14.454110 1.623242 -2.004964 -0.205612 0.000000 -0.000000 0.000002 -4.073177 3.597807 4.421001 -0.012247 0.425546 30.329927 10.178506 -3.477183 -25.795921 -1.464543 1.002148 -0.985712 0.000000 0.000000 -0.000001 
-0.703547 93.241760 -1.472206 -3.236145 -3.719899 -6.923180 2.512837 0.566544 1.980432 0.336477 1.360022 -4.026754 3.349502 0.118069 8.707018 -3.085653 4.492412 15.321794 -0.392447 1.889313 -3.662449 -3.533736 2.567849 -9.967378 0.000077 -0.000023 0.000006 0.018686 -0.015377 0.058996 0.704642 -3.746989 -10.563781 -0.679488 3.711308 -10.533800 -7.348551 -11.263840 6.537359 -48.158974 -45.352150 -11.251826 178.804840 -57.788677 -179.162628 -0.937083 -1.130690 -9.525717 -5.882102 9.861278 0.702590 -10.936859 -0.360576 7.156196 -0.000002 8.774813 0.000000 -16.454149 18.731295 6.238932 -1.844030 2.498502 -2.507275 -10.163588 4.678940 4.621103 -20.976000 -0.000004 0.000002 -21.226254 2.451692 -3.593992 0.000000 -0.000006 -0.000000 -1.362681 2.240796 -0.746322 -21.334887 0.584907 3.008319 -13.821198 -0.000003 0.000002 -23.887135 -0.249080 -0.839480 -61.496937 2.815608 -1.478574 -0.294024 1.679686 0.833255 -14.218195 0.093215 1.300577 -34.212006 -0.287566 0.967169 -20.033180 0.964533 1.212842 -0.000000 -0.000000 0.000000 -3.440386 0.788232 0.501655 -15.928169 -3.167307 2.999703 -6.338818 -0.000001 0.000001 -18.123413 3.648175 -4.905662 -0.000004 0.000000 -0.000003 1.073307 21.816313 6.954675 55.549568 46.492363 -0.452893 -178.027252 50.794910 -178.731323 -19.610472 4.554394 -26.540720 2.243539 -5.255033 -3.180154 14.282875 -0.826594 6.952496 -0.000003 -12.690590 0.000001 15.871048 -17.991922 3.179250 1.665665 -1.955920 -2.878297 4.727794 -4.170584 4.993919 11.020511 0.000002 -0.000001 12.109029 -3.735711 -2.866780 0.000002 -0.000000 -0.000001 1.291984 -1.928548 -1.498090 14.800111 0.567468 3.865604 14.242553 -1.341735 -6.660647 19.631939 0.143926 -0.648241 49.721676 -0.709875 -6.215161 0.353029 -1.511149 -0.031940 20.222769 3.684306 2.316629 18.787245 0.000006 0.000001 10.751608 -0.479865 1.397905 0.000001 0.000001 -0.000002 3.273804 0.305948 -0.580111 21.486794 11.830366 2.266130 8.162916 0.000001 -0.000003 18.399052 -3.798977 -4.940568 0.000001 0.000001 0.000000 10.590021 0.725472 -22.038500 -0.046008 -0.168122 43.817566 -12.239201 11.765745 -14.345396 1.620951 -2.004786 -0.182744 0.000000 0.000000 0.000002 -4.219193 3.467100 5.328616 -0.018858 0.423463 28.936853 10.462215 -3.866284 -25.283823 -1.468791 1.007236 -1.064045 0.000000 0.000000 -0.000001 
-0.317688 93.472130 -1.230586 -3.173655 -3.141976 -6.877364 2.458478 0.593054 1.832486 0.346476 1.433563 -4.072084 3.325121 0.143217 8.671703 -2.913434 4.382897 15.088578 -0.451137 1.620773 -3.654271 -3.500893 2.326778 -9.840747 0.000077 -0.000023 0.000006 0.017826 -0.027955 0.058167 0.707427 -3.755324 -10.552296 -0.680928 3.694699 -10.519728 -7.323924 -11.295243 6.508305 -48.684162 -45.290485 -10.975007 179.269348 -57.760208 -179.580246 -0.871325 -1.442614 -10.217936 -5.882100 9.861279 0.702591 -10.936859 -0.360574 7.156199 -0.000003 8.774813 -0.000000 -16.488218 18.731043 6.236681 -1.844031 2.498503 -2.507276 -10.163591 4.678941 4.621104 -20.976000 -0.000001 0.000002 -21.226255 2.451695 -3.593992 0.000000 -0.000006 -0.000000 -1.362682 2.240797 -0.746322 -21.334894 0.584910 3.008320 -13.821197 -0.000001 0.000001 -23.887131 -0.249076 -0.839480 -61.529881 2.800943 -1.456442 -0.294026 1.679687 0.833254 -14.218195 0.093216 1.300579 -34.212006 -0.287560 0.967169 -20.033180 0.964536 1.212840 -0.000000 -0.000000 0.000000 -3.440384 0.788233 0.501656 -15.928169 -3.167305 2.999705 -6.338817 -0.000001 0.000001 -18.123415 3.648177 -4.905661 -0.000004 0.000000 -0.000001 1.227061 21.867191 7.071343 55.707932 46.158482 -0.509651 -178.113846 50.457493 -178.748505 -19.732271 4.669658 -26.366949 2.243540 -5.255033 -3.180156 14.282878 -0.826595 6.952496 -0.000001 -12.690590 -0.000002 16.036386 -18.050253 3.121990 1.665665 -1.955919 -2.878295 4.727796 -4.170584 4.993918 11.020513 0.000001 0.000000 12.109032 -3.735711 -2.866778 0.000001 -0.000000 0.000002 1.291985 -1.928548 -1.498089 14.800114 0.567466 3.865606 14.242556 -1.341734 -6.660649 19.631941 0.143922 -0.648242 49.901920 -0.735476 -6.233420 0.353028 -1.511149 -0.031943 20.222773 3.684304 2.316627 18.787249 0.000004 -0.000002 10.751613 -0.479869 1.397905 0.000001 0.000002 0.000000 3.273804 0.305946 -0.580110 21.486790 11.830359 2.266129 8.162916 0.000001 -0.000003 18.399061 -3.798982 -4.940570 0.000003 -0.000002 -0.000000 10.149644 0.327673 -21.832312 -0.047877 -0.176533 43.289974 -11.846400 11.756413 -14.099870 1.619907 -2.033471 -0.213074 0.000000 -0.000000 0.000002 -4.429232 3.394198 6.255013 -0.026869 0.444456 27.417994 10.700049 -4.333139 -24.582817 -1.468715 0.994188 -1.201432 0.000000 0.000000 -0.000001 
0.043736 93.665573 -0.940628 -3.065110 -2.656035 -6.784000 2.381278 0.623203 1.700938 0.352297 1.527792 -4.124577 3.261838 0.202973 8.604337 -2.734658 4.296913 14.788483 -0.506655 1.367854 -3.655016 -3.466648 2.065360 -9.738238 0.000077 -0.000023 0.000006 0.018013 -0.062501 0.061015 0.711760 -3.785430 -10.539550 -0.684182 3.659656 -10.509053 -7.355242 -11.365431 6.484831 -48.863056 -45.248146 -10.766692 179.431030 -57.846985 -179.771774 -0.788769 -1.655701 -10.855763 -5.882099 9.861279 0.702590 -10.936860 -0.360575 7.156196 -0.000000 8.774815 -0.000001 -16.491116 18.691574 6.227068 -1.844031 2.498503 -2.507277 -10.163589 4.678938 4.621104 -20.975994 -0.000004 0.000001 -21.226250 2.451691 -3.593994 -0.000000 -0.000006 -0.000001 -1.362680 2.240798 -0.746322 -21.334885 0.584907 3.008319 -13.821197 -0.000003 0.000003 -23.887129 -0.249080 -0.839480 -61.512241 2.785070 -1.443905 -0.294024 1.679687 0.833255 -14.218194 0.093213 1.300578 -34.212006 -0.287566 0.967170 -20.033176 0.964533 1.212842 0.000000 0.000000 -0.000000 -3.440385 0.788233 0.501654 -15.928165 -3.167307 2.999703 -6.338819 -0.000001 0.000001 -18.123411 3.648175 -4.905662 -0.000003 0.000000 -0.000001 1.385291 21.937750 7.116504 55.940533 45.913189 -0.497422 -178.219650 50.194275 -178.730499 -20.001165 4.767363 -26.303566 2.243539 -5.255032 -3.180156 14.282877 -0.826593 6.952498 -0.000000 -12.690586 -0.000001 16.149975 -18.109629 3.089101 1.665664 -1.955920 -2.878297 4.727793 -4.170582 4.993921 11.020511 0.000003 0.000000 12.109032 -3.735709 -2.866780 0.000002 -0.000000 0.000001 1.291984 -1.928547 -1.498087 14.800113 0.567467 3.865605 14.242554 -1.341734 -6.660650 19.631939 0.143925 -0.648243 49.953167 -0.754969 -6.268044 0.353029 -1.511149 -0.031940 20.222771 3.684304 2.316630 18.787247 0.000005 -0.000001 10.751610 -0.479869 1.397903 0.000001 0.000002 0.000000 3.273804 0.305947 -0.580111 21.486794 11.830360 2.266131 8.162916 0.000001 -0.000002 18.399052 -3.798980 -4.940570 0.000003 -0.000002 -0.000000 9.657838 0.014450 -21.669420 -0.042166 -0.177404 42.810570 -11.478204 11.787025 -13.968679 1.620006 -2.057255 -0.230815 0.000000 0.000000 0.000002 -4.700829 3.398078 7.106313 -0.032258 0.468625 25.941229 10.896962 -4.770198 -23.984486 -1.466053 0.970753 -1.333465 0.000000 0.000000 -0.000001 
0.438848 93.797859 -0.685951 -2.928569 -2.231362 -6.672171 2.300638 0.657587 1.575653 0.355388 1.597136 -4.180430 3.172870 0.281575 8.562262 -2.576375 4.211643 14.466483 -0.571924 1.162151 -3.663122 -3.427291 1.764016 -9.662385 0.000077 -0.000022 0.000006 0.020387 -0.088075 0.060222 0.715416 -3.815944 -10.549011 -0.681804 3.628672 -10.521469 -7.452867 -11.485489 6.508923 -48.740311 -45.268410 -10.686648 179.254776 -58.050034 -179.668030 -0.742169 -1.792411 -11.322668 -5.882099 9.861279 0.702588 -10.936857 -0.360575 7.156197 -0.000002 8.774812 -0.000001 -16.479710 18.643225 6.237839 -1.844031 2.498501 -2.507277 -10.163589 4.678939 4.621103 -20.975994 -0.000003 -0.000000 -21.226250 2.451692 -3.593993 -0.000000 -0.000006 0.000001 -1.362682 2.240797 -0.746323 -21.334888 0.584908 3.008320 -13.821197 -0.000003 0.000001 -23.887131 -0.249079 -0.839482 -61.526424 2.761658 -1.419436 -0.294025 1.679687 0.833254 -14.218190 0.093214 1.300579 -34.211998 -0.287564 0.967169 -20.033178 0.964535 1.212840 0.000000 -0.000000 0.000000 -3.440385 0.788232 0.501655 -15.928171 -3.167305 2.999704 -6.338817 -0.000001 0.000001 -18.123413 3.648175 -4.905663 -0.000004 0.000000 -0.000003 1.504108 21.995653 7.108977 56.201988 45.807682 -0.522639 -178.257965 50.058300 -178.697662 -20.346922 4.804646 -26.343283 2.243540 -5.255032 -3.180156 14.282878 -0.826594 6.952497 -0.000002 -12.690587 0.000000 16.192509 -18.120646 3.097637 1.665665 -1.955920 -2.878299 4.727793 -4.170582 4.993919 11.020511 0.000003 -0.000001 12.109030 -3.735708 -2.866780 0.000001 -0.000001 -0.000001 1.291984 -1.928547 -1.498089 14.800109 0.567469 3.865605 14.242553 -1.341734 -6.660651 19.631939 0.143925 -0.648245 49.925030 -0.729988 -6.256905 0.353029 -1.511149 -0.031940 20.222763 3.684305 2.316628 18.787243 0.000006 -0.000002 10.751610 -0.479868 1.397904 0.000001 0.000001 -0.000001 3.273804 0.305947 -0.580110 21.486788 11.830360 2.266130 8.162916 0.000004 -0.000002 18.399052 -3.798978 -4.940567 0.000003 -0.000002 -0.000001 9.136975 -0.233204 -21.624752 -0.033973 -0.174062 42.585815 -11.130903 11.800979 -13.898821 1.618443 -2.060979 -0.217652 0.000000 0.000000 0.000002 -5.027670 3.362488 7.774773 -0.042617 0.506163 24.821766 11.114573 -5.033263 -23.489248 -1.461778 0.966808 -1.447806 -0.000000 -0.000000 -0.000001 
0.822253 93.846107 -0.420751 -2.827569 -1.856877 -6.595057 2.247039 0.694760 1.482884 0.357252 1.668619 -4.218493 3.084446 0.353028 8.520317 -2.431776 4.156433 14.192754 -0.643248 0.957403 -3.670527 -3.399551 1.475316 -9.596224 0.000077 -0.000023 0.000006 0.022692 -0.108841 0.060498 0.719838 -3.834496 -10.549520 -0.681647 3.616962 -10.523562 -7.581329 -11.615559 6.551775 -48.585217 -45.377834 -10.594164 178.963318 -58.353737 -179.420258 -0.773977 -1.864872 -11.618191 -5.882102 9.861278 0.702590 -10.936859 -0.360576 7.156196 -0.000001 8.774816 -0.000001 -16.533176 18.615784 6.225406 -1.844029 2.498502 -2.507276 -10.163589 4.678939 4.621104 -20.976000 -0.000003 0.000001 -21.226255 2.451693 -3.593995 0.000000 -0.000006 -0.000000 -1.362680 2.240796 -0.746324 -21.334898 0.584909 3.008320 -13.821197 -0.000003 0.000002 -23.887133 -0.249078 -0.839480 -61.572628 2.749997 -1.398584 -0.294025 1.679686 0.833254 -14.218195 0.093214 1.300580 -34.212006 -0.287563 0.967169 -20.033180 0.964535 1.212841 0.000000 0.000000 0.000000 -3.440386 0.788232 0.501656 -15.928171 -3.167306 2.999704 -6.338819 -0.000001 0.000001 -18.123413 3.648176 -4.905662 -0.000004 -0.000000 -0.000003 1.558915 22.068192 7.083743 56.475620 45.786972 -0.619658 -178.285919 50.040142 -178.621078 -20.786835 4.753744 -26.442373 2.243540 -5.255033 -3.180158 14.282877 -0.826593 6.952496 -0.000000 -12.690590 -0.000001 16.202648 -18.126450 3.140091 1.665666 -1.955920 -2.878296 4.727794 -4.170585 4.993919 11.020510 0.000002 -0.000002 12.109030 -3.735710 -2.866779 0.000002 -0.000000 -0.000001 1.291984 -1.928547 -1.498088 14.800113 0.567468 3.865602 14.242553 -1.341734 -6.660649 19.631939 0.143927 -0.648244 49.901077 -0.692897 -6.256104 0.353029 -1.511150 -0.031941 20.222767 3.684305 2.316628 18.787247 0.000005 -0.000001 10.751613 -0.479869 1.397905 -0.000001 0.000002 -0.000000 3.273804 0.305947 -0.580111 21.486792 11.830362 2.266133 8.162916 0.000002 -0.000001 18.399054 -3.798981 -4.940568 0.000003 -0.000001 -0.000001 8.678312 -0.407377 -21.616629 -0.031069 -0.168039 42.567417 -10.839190 11.777802 -14.054377 1.616885 -2.061059 -0.202207 0.000000 0.000000 0.000002 -5.351702 3.321440 8.326461 -0.044932 0.540241 23.996204 11.345445 -5.167495 -23.185831 -1.459999 0.965531 -1.528373 -0.000000 -0.000000 -0.000001 
1.222293 93.821129 -0.142566 -2.747278 -1.509683 -6.562818 2.203124 0.720694 1.423812 0.357297 1.726154 -4.261024 3.010399 0.397985 8.490377 -2.324689 4.130813 14.027540 -0.698799 0.767486 -3.671606 -3.360242 1.193152 -9.565991 0.000077 -0.000023 0.000006 0.025055 -0.117888 0.061374 0.717501 -3.842634 -10.561665 -0.675953 3.613361 -10.534273 -7.695189 -11.763970 6.618752 -48.378002 -45.551502 -10.659094 178.565445 -58.710457 -179.023544 -0.870275 -1.880812 -11.914113 -5.882103 9.861278 0.702590 -10.936859 -0.360574 7.156196 -0.000002 8.774813 -0.000000 -16.520489 18.625259 6.246647 -1.844031 2.498502 -2.507275 -10.163589 4.678940 4.621103 -20.975998 -0.000004 0.000001 -21.226255 2.451692 -3.593994 0.000000 -0.000006 -0.000001 -1.362681 2.240797 -0.746323 -21.334892 0.584909 3.008319 -13.821197 -0.000003 0.000001 -23.887133 -0.249079 -0.839483 -61.648602 2.739450 -1.396189 -0.294023 1.679685 0.833255 -14.218192 0.093215 1.300578 -34.212006 -0.287565 0.967168 -20.033178 0.964534 1.212842 0.000000 -0.000000 0.000000 -3.440386 0.788233 0.501655 -15.928171 -3.167306 2.999703 -6.338817 -0.000001 0.000001 -18.123415 3.648175 -4.905662 -0.000004 0.000000 -0.000003 1.502651 22.146381 7.028062 56.728420 45.823872 -0.815113 -178.254898 50.187630 -178.526154 -21.194456 4.710279 -26.559404 2.243540 -5.255033 -3.180154 14.282875 -0.826593 6.952494 -0.000002 -12.690590 -0.000001 16.200697 -18.078882 3.162897 1.665665 -1.955920 -2.878298 4.727794 -4.170583 4.993915 11.020511 0.000002 -0.000001 12.109034 -3.735710 -2.866779 0.000001 0.000000 0.000000 1.291984 -1.928548 -1.498087 14.800111 0.567468 3.865604 14.242553 -1.341736 -6.660647 19.631939 0.143927 -0.648244 49.850597 -0.663083 -6.241628 0.353029 -1.511150 -0.031941 20.222767 3.684304 2.316629 18.787247 0.000003 -0.000000 10.751610 -0.479869 1.397904 0.000000 0.000001 0.000000 3.273804 0.305947 -0.580111 21.486790 11.830363 2.266133 8.162916 0.000003 -0.000002 18.399054 -3.798980 -4.940568 0.000003 -0.000001 -0.000002 8.264288 -0.536365 -21.682371 -0.031820 -0.160143 42.812572 -10.552952 11.722630 -14.302043 1.612330 -2.050345 -0.160407 0.000000 -0.000000 0.000002 -5.654886 3.229238 8.796742 -0.050158 0.560707 23.466309 11.592298 -5.189528 -23.072887 -1.458262 0.964789 -1.531549 -0.000000 -0.000000 -0.000001 
1.595960 93.740845 0.127074 -2.696057 -1.159337 -6.587484 2.179103 0.730237 1.382923 0.364813 1.795148 -4.278656 2.931262 0.400081 8.450831 -2.250026 4.119356 13.969296 -0.753564 0.619222 -3.669015 -3.297688 0.995763 -9.520766 0.000077 -0.000023 0.000006 0.026112 -0.113019 0.064686 0.713384 -3.844279 -10.561381 -0.671079 3.607389 -10.530076 -7.791767 -11.853753 6.698905 -48.280861 -45.799076 -10.812893 178.439148 -59.020767 -178.805756 -0.919396 -1.839416 -12.229643 -5.882101 9.861278 0.702590 -10.936858 -0.360574 7.156196 -0.000001 8.774816 -0.000001 -16.509064 18.690693 6.307148 -1.844031 2.498502 -2.507277 -10.163592 4.678939 4.621105 -20.975996 -0.000004 0.000002 -21.226254 2.451692 -3.593995 0.000000 -0.000006 -0.000000 -1.362682 2.240797 -0.746324 -21.334887 0.584908 3.008320 -13.821197 -0.000003 0.000002 -23.887129 -0.249079 -0.839482 -61.711185 2.753050 -1.401530 -0.294024 1.679686 0.833255 -14.218194 0.093214 1.300580 -34.212006 -0.287565 0.967169 -20.033180 0.964534 1.212841 0.000000 0.000000 0.000000 -3.440385 0.788233 0.501655 -15.928167 -3.167306 2.999703 -6.338817 -0.000001 0.000001 -18.123415 3.648175 -4.905663 -0.000004 0.000000 -0.000003 1.376614 22.233089 6.913188 56.896076 45.848476 -1.031862 -178.188507 50.350552 -178.432648 -21.542824 4.590242 -26.650240 2.243538 -5.255032 -3.180155 14.282877 -0.826592 6.952496 -0.000002 -12.690590 -0.000001 16.178345 -17.972584 3.169348 1.665664 -1.955919 -2.878297 4.727793 -4.170584 4.993920 11.020513 0.000003 0.000000 12.109034 -3.735708 -2.866777 0.000003 -0.000001 -0.000000 1.291984 -1.928548 -1.498086 14.800113 0.567470 3.865604 14.242553 -1.341735 -6.660645 19.631939 0.143928 -0.648240 49.803631 -0.652568 -6.164089 0.353028 -1.511149 -0.031940 20.222773 3.684309 2.316630 18.787245 0.000008 0.000002 10.751612 -0.479869 1.397906 -0.000000 0.000001 -0.000001 3.273804 0.305947 -0.580109 21.486795 11.830366 2.266133 8.162919 0.000003 -0.000001 18.399055 -3.798979 -4.940564 0.000003 -0.000001 -0.000001 7.883382 -0.629954 -21.784437 -0.025398 -0.151001 43.244747 -10.270741 11.672104 -14.622442 1.609744 -2.030166 -0.104023 0.000000 0.000000 0.000002 -5.920687 3.172129 9.223871 -0.043856 0.566527 23.156460 11.829917 -5.220835 -23.093164 -1.459427 0.959748 -1.485465 -0.000000 -0.000000 -0.000001 
1.974911 93.611481 0.387592 -2.655054 -0.834273 -6.669851 2.165762 0.743994 1.342168 0.374726 1.857294 -4.298076 2.856668 0.388240 8.435270 -2.191464 4.119215 14.010050 -0.788619 0.484020 -3.672945 -3.249226 0.819276 -9.386458 0.000077 -0.000022 0.000006 0.023657 -0.102610 0.064959 0.708305 -3.831287 -10.565762 -0.669099 3.623781 -10.527119 -7.879755 -11.898701 6.818587 -48.287579 -46.079628 -10.976673 178.462509 -59.209942 -178.724594 -1.005682 -1.781863 -12.490595 -5.882102 9.861282 0.702587 -10.936858 -0.360575 7.156197 0.000000 8.774814 -0.000002 -16.502363 18.751152 6.331000 -1.844031 2.498504 -2.507276 -10.163589 4.678940 4.621103 -20.975994 -0.000002 0.000002 -21.226250 2.451694 -3.593994 0.000000 -0.000006 -0.000000 -1.362680 2.240797 -0.746323 -21.334892 0.584909 3.008322 -13.821197 -0.000003 0.000002 -23.887131 -0.249078 -0.839481 -61.777645 2.744062 -1.423030 -0.294024 1.679686 0.833256 -14.218192 0.093215 1.300580 -34.211998 -0.287562 0.967169 -20.033176 0.964536 1.212842 -0.000000 0.000000 0.000000 -3.440387 0.788233 0.501655 -15.928167 -3.167307 2.999705 -6.338817 -0.000001 0.000002 -18.123413 3.648176 -4.905662 -0.000004 0.000000 -0.000002 1.224909 22.326603 6.809042 56.986691 45.886925 -1.266399 -178.133667 50.554932 -178.361771 -21.956642 4.478851 -26.816648 2.243540 -5.255033 -3.180155 14.282878 -0.826594 6.952495 -0.000002 -12.690591 -0.000001 16.127613 -17.853462 3.209476 1.665665 -1.955920 -2.878294 4.727795 -4.170584 4.993918 11.020511 0.000002 0.000000 12.109031 -3.735709 -2.866779 0.000001 -0.000001 -0.000001 1.291984 -1.928548 -1.498087 14.800111 0.567467 3.865604 14.242553 -1.341737 -6.660645 19.631939 0.143925 -0.648243 49.854183 -0.634291 -6.078604 0.353029 -1.511149 -0.031940 20.222771 3.684305 2.316629 18.787247 0.000005 0.000001 10.751612 -0.479868 1.397905 -0.000000 0.000001 -0.000001 3.273804 0.305947 -0.580110 21.486790 11.830360 2.266132 8.162916 0.000003 -0.000001 18.399052 -3.798980 -4.940568 0.000003 0.000000 -0.000001 7.525154 -0.744139 -21.848631 -0.029240 -0.145062 43.775879 -10.002207 11.667458 -15.085705 1.609928 -2.029695 -0.025922 0.000000 -0.000000 0.000002 -6.157515 3.187272 9.649602 -0.036506 0.555829 22.992771 12.056343 -5.259781 -23.247826 -1.461635 0.956226 -1.427340 -0.000000 -0.000000 -0.000001 
2.339120 93.484428 0.643551 -2.616851 -0.553336 -6.775340 2.159237 0.766591 1.293772 0.386400 1.901940 -4.342227 2.784765 0.372890 8.458780 -2.144590 4.096754 14.107488 -0.814581 0.394244 -3.663925 -3.196495 0.696638 -9.256299 0.000077 -0.000022 0.000006 0.022748 -0.096998 0.063166 0.702585 -3.825415 -10.562067 -0.667916 3.628653 -10.529161 -7.963059 -11.879423 6.942398 -48.408466 -46.387707 -11.093906 178.651291 -59.333534 -178.804214 -1.114675 -1.731015 -12.612129 -5.882099 9.861278 0.702589 -10.936858 -0.360575 7.156198 0.000000 8.774814 -0.000000 -16.550694 18.794525 6.341298 -1.844031 2.498503 -2.507277 -10.163589 4.678940 4.621105 -20.975996 -0.000003 0.000001 -21.226248 2.451693 -3.593994 0.000000 -0.000006 -0.000000 -1.362678 2.240797 -0.746323 -21.334887 0.584908 3.008320 -13.821197 -0.000003 0.000002 -23.887131 -0.249078 -0.839481 -61.804970 2.752551 -1.452194 -0.294023 1.679686 0.833255 -14.218192 0.093214 1.300578 -34.211998 -0.287565 0.967169 -20.033176 0.964534 1.212843 -0.000000 0.000000 0.000000 -3.440384 0.788232 0.501655 -15.928167 -3.167307 2.999705 -6.338818 -0.000001 0.000002 -18.123411 3.648175 -4.905661 -0.000004 -0.000000 -0.000003 1.060354 22.393160 6.731791 57.009014 45.940289 -1.458196 -178.080551 50.770229 -178.314850 -22.318489 4.424590 -27.014744 2.243540 -5.255033 -3.180154 14.282878 -0.826592 6.952497 -0.000003 -12.690586 -0.000001 16.049421 -17.758549 3.211415 1.665665 -1.955920 -2.878296 4.727794 -4.170582 4.993917 11.020512 0.000003 -0.000001 12.109032 -3.735710 -2.866779 0.000001 -0.000000 -0.000001 1.291984 -1.928547 -1.498086 14.800114 0.567467 3.865604 14.242554 -1.341734 -6.660650 19.631939 0.143927 -0.648242 49.857918 -0.654840 -6.017071 0.353029 -1.511149 -0.031938 20.222769 3.684307 2.316628 18.787243 0.000006 0.000001 10.751608 -0.479867 1.397905 -0.000000 0.000002 -0.000001 3.273804 0.305947 -0.580109 21.486794 11.830362 2.266131 8.162916 0.000003 -0.000002 18.399054 -3.798978 -4.940567 0.000003 -0.000001 -0.000002 7.180632 -0.858982 -21.861809 -0.034775 -0.137848 44.258923 -9.747561 11.699657 -15.551179 1.610331 -2.031934 0.044749 0.000000 -0.000000 0.000002 -6.368417 3.241938 10.077996 -0.031692 0.561605 22.861530 12.240640 -5.351969 -23.376791 -1.461944 0.968740 -1.401952 -0.000000 -0.000000 -0.000001 
2.684477 93.381393 0.888016 -2.574085 -0.342281 -6.877347 2.155516 0.787001 1.238080 0.400433 1.938412 -4.373340 2.719635 0.373279 8.472844 -2.094898 4.080568 14.232492 -0.833683 0.316810 -3.663079 -3.137992 0.580703 -9.103992 0.000077 -0.000023 0.000006 0.017722 -0.081927 0.062921 0.701684 -3.811358 -10.569242 -0.672314 3.644314 -10.536238 -8.063021 -11.850473 7.067482 -48.524269 -46.640968 -11.152372 178.818405 -59.394333 -178.960617 -1.290079 -1.669751 -12.538507 -5.882100 9.861278 0.702591 -10.936858 -0.360576 7.156197 0.000000 8.774812 -0.000000 -16.602730 18.827532 6.350711 -1.844030 2.498502 -2.507276 -10.163589 4.678940 4.621105 -20.975998 -0.000004 0.000003 -21.226254 2.451692 -3.593991 0.000000 -0.000006 0.000001 -1.362682 2.240797 -0.746323 -21.334892 0.584908 3.008320 -13.821197 -0.000003 0.000002 -23.887129 -0.249078 -0.839481 -61.851040 2.772541 -1.482708 -0.294023 1.679685 0.833255 -14.218190 0.093214 1.300580 -34.211998 -0.287565 0.967169 -20.033175 0.964535 1.212842 -0.000000 0.000000 -0.000000 -3.440385 0.788233 0.501654 -15.928165 -3.167306 2.999703 -6.338815 -0.000001 0.000001 -18.123411 3.648175 -4.905660 -0.000004 0.000000 -0.000001 0.925013 22.428204 6.655609 57.029835 45.943920 -1.559388 -178.047318 50.949295 -178.292480 -22.582500 4.431211 -27.150368 2.243540 -5.255033 -3.180155 14.282873 -0.826594 6.952497 -0.000001 -12.690591 -0.000001 15.933202 -17.693960 3.284146 1.665664 -1.955919 -2.878297 4.727793 -4.170582 4.993917 11.020510 0.000003 -0.000001 12.109032 -3.735709 -2.866779 0.000002 -0.000001 0.000001 1.291984 -1.928547 -1.498086 14.800111 0.567467 3.865605 14.242554 -1.341735 -6.660649 19.631937 0.143927 -0.648243 49.855171 -0.683075 -5.955434 0.353029 -1.511149 -0.031941 20.222767 3.684307 2.316628 18.787243 0.000006 0.000002 10.751610 -0.479868 1.397904 0.000000 0.000002 0.000000 3.273804 0.305947 -0.580111 21.486792 11.830363 2.266132 8.162916 0.000003 -0.000001 18.399052 -3.798980 -4.940566 0.000002 0.000000 -0.000003 6.862952 -0.960994 -21.844713 -0.044589 -0.133939 44.674877 -9.532979 11.769426 -15.929527 1.612039 -2.010879 0.142640 0.000000 0.000000 0.000002 -6.565403 3.327015 10.496772 -0.026901 0.586187 22.677355 12.385846 -5.450754 -23.445927 -1.460951 0.977571 -1.365363 -0.000000 -0.000000 -0.000001 
2.965358 93.294624 1.083909 -2.548430 -0.183512 -6.936934 2.155209 0.797310 1.166108 0.419391 1.982274 -4.413917 2.672064 0.380770 8.460132 -2.042728 4.073039 14.334121 -0.850921 0.177114 -3.657601 -3.078288 0.533796 -8.985579 0.000077 -0.000023 0.000006 0.017728 -0.078474 0.062767 0.703836 -3.810740 -10.574727 -0.676067 3.649629 -10.544612 -8.173402 -11.835333 7.140982 -48.612564 -46.799755 -11.097162 178.883545 -59.404842 -179.035553 -1.460178 -1.610705 -12.377875 -5.882104 9.861279 0.702590 -10.936858 -0.360574 7.156197 -0.000001 8.774813 -0.000001 -16.677011 18.869883 6.338952 -1.844030 2.498502 -2.507277 -10.163589 4.678941 4.621105 -20.975996 -0.000001 0.000002 -21.226255 2.451694 -3.593995 0.000000 -0.000006 0.000000 -1.362682 2.240798 -0.746322 -21.334890 0.584911 3.008320 -13.821198 -0.000001 0.000002 -23.887136 -0.249075 -0.839483 -61.903435 2.795350 -1.474375 -0.294025 1.679686 0.833256 -14.218195 0.093216 1.300579 -34.212006 -0.287560 0.967168 -20.033178 0.964537 1.212840 0.000000 -0.000000 -0.000000 -3.440385 0.788233 0.501656 -15.928169 -3.167305 2.999703 -6.338815 -0.000000 0.000001 -18.123415 3.648177 -4.905662 -0.000004 0.000000 -0.000003 0.845106 22.467541 6.629462 56.929688 45.961143 -1.651095 -177.887726 51.136719 -178.180252 -22.755991 4.506976 -27.293173 2.243539 -5.255033 -3.180153 14.282877 -0.826594 6.952497 -0.000001 -12.690591 -0.000001 15.854548 -17.687925 3.297812 1.665665 -1.955920 -2.878296 4.727794 -4.170584 4.993919 11.020513 0.000003 0.000001 12.109033 -3.735709 -2.866780 0.000001 -0.000001 -0.000001 1.291985 -1.928548 -1.498088 14.800113 0.567469 3.865603 14.242551 -1.341735 -6.660647 19.631941 0.143925 -0.648241 49.891197 -0.696469 -5.931765 0.353029 -1.511149 -0.031941 20.222773 3.684307 2.316629 18.787245 0.000005 0.000001 10.751610 -0.479868 1.397904 0.000001 0.000001 0.000000 3.273805 0.305947 -0.580110 21.486795 11.830364 2.266133 8.162916 0.000004 -0.000001 18.399054 -3.798978 -4.940566 0.000002 0.000000 -0.000002 6.592161 -1.057371 -21.804066 -0.051034 -0.136498 44.916603 -9.347104 11.864123 -16.345512 1.613887 -2.006824 0.227800 0.000000 0.000000 0.000002 -6.720239 3.406063 10.860215 -0.021807 0.612484 22.417995 12.511034 -5.567013 -23.531145 -1.459750 0.998507 -1.342926 -0.000000 -0.000000 -0.000001 
3.213061 93.237282 1.271400 -2.540448 -0.039949 -6.969868 2.148404 0.803730 1.083783 0.434730 2.007216 -4.440330 2.647969 0.402413 8.436460 -2.013450 4.068904 14.367896 -0.854168 0.078146 -3.644871 -3.000882 0.478708 -8.902671 0.000077 -0.000022 0.000006 0.017707 -0.078498 0.062914 0.708538 -3.808330 -10.579591 -0.683641 3.648796 -10.554961 -8.276037 -11.834882 7.146363 -48.709412 -46.965973 -10.947437 178.928482 -59.416306 -179.080002 -1.600965 -1.533122 -12.288399 -5.882100 9.861279 0.702590 -10.936859 -0.360574 7.156198 -0.000003 8.774815 -0.000001 -16.742868 18.869888 6.323156 -1.844033 2.498503 -2.507276 -10.163591 4.678941 4.621105 -20.975996 -0.000002 0.000002 -21.226254 2.451695 -3.593994 0.000000 -0.000006 0.000000 -1.362679 2.240797 -0.746323 -21.334894 0.584910 3.008322 -13.821198 -0.000002 0.000003 -23.887131 -0.249077 -0.839482 -61.997425 2.804903 -1.477947 -0.294024 1.679686 0.833255 -14.218195 0.093215 1.300580 -34.212002 -0.287562 0.967171 -20.033182 0.964536 1.212841 0.000000 -0.000000 0.000000 -3.440386 0.788233 0.501655 -15.928169 -3.167305 2.999705 -6.338817 -0.000000 0.000002 -18.123413 3.648178 -4.905660 -0.000004 0.000000 -0.000002 0.815049 22.513454 6.619340 56.781609 45.910557 -1.807320 -177.797211 51.233639 -178.118774 -22.917845 4.540658 -27.485300 2.243539 -5.255032 -3.180155 14.282877 -0.826593 6.952498 -0.000002 -12.690591 0.000000 15.836127 -17.679710 3.304320 1.665664 -1.955920 -2.878296 4.727795 -4.170583 4.993918 11.020511 0.000003 0.000002 12.109031 -3.735709 -2.866777 0.000002 -0.000001 -0.000000 1.291984 -1.928548 -1.498086 14.800113 0.567469 3.865605 14.242553 -1.341733 -6.660650 19.631939 0.143926 -0.648241 49.938911 -0.696606 -5.917114 0.353028 -1.511149 -0.031941 20.222769 3.684307 2.316630 18.787243 0.000004 0.000004 10.751611 -0.479869 1.397905 0.000001 0.000002 -0.000001 3.273804 0.305948 -0.580111 21.486792 11.830361 2.266131 8.162915 0.000004 -0.000001 18.399052 -3.798978 -4.940567 0.000003 -0.000001 -0.000003 6.381100 -1.135525 -21.802692 -0.057418 -0.144893 45.119667 -9.189998 11.961154 -16.611485 1.614695 -2.003337 0.289959 0.000000 0.000000 0.000002 -6.837346 3.466004 11.195026 -0.030344 0.653244 22.106718 12.635848 -5.685256 -23.533051 -1.458794 1.014827 -1.322383 -0.000000 -0.000000 -0.000001 
3.418021 93.211182 1.368871 -2.534500 0.064054 -6.973921 2.129651 0.806547 1.008939 0.449898 2.046479 -4.467172 2.626307 0.404561 8.407210 -1.988805 4.073822 14.326840 -0.850629 -0.012591 -3.642141 -2.915974 0.445430 -8.872214 0.000077 -0.000023 0.000006 0.016442 -0.083357 0.059514 0.713578 -3.812713 -10.581820 -0.689407 3.642142 -10.549617 -8.326658 -11.836391 7.101923 -48.786068 -47.131317 -10.855191 178.967361 -59.402424 -179.136063 -1.717354 -1.466542 -12.232643 -5.882101 9.861279 0.702590 -10.936858 -0.360574 7.156196 0.000001 8.774813 -0.000000 -16.765018 18.843605 6.316325 -1.844029 2.498502 -2.507277 -10.163590 4.678940 4.621102 -20.976000 -0.000004 0.000001 -21.226255 2.451691 -3.593994 -0.000000 -0.000006 0.000000 -1.362681 2.240797 -0.746323 -21.334885 0.584907 3.008320 -13.821197 -0.000003 0.000003 -23.887129 -0.249080 -0.839482 -62.034481 2.815354 -1.450140 -0.294024 1.679686 0.833255 -14.218194 0.093213 1.300578 -34.211998 -0.287568 0.967170 -20.033180 0.964533 1.212842 -0.000000 0.000000 0.000000 -3.440385 0.788232 0.501655 -15.928167 -3.167308 2.999703 -6.338818 -0.000001 0.000001 -18.123411 3.648174 -4.905663 -0.000004 0.000000 -0.000002 0.830974 22.557413 6.625187 56.656120 45.916294 -1.936257 -177.744690 51.325436 -178.053574 -23.052496 4.538311 -27.699348 2.243539 -5.255032 -3.180153 14.282877 -0.826594 6.952497 -0.000002 -12.690588 -0.000001 15.858253 -17.664043 3.280666 1.665664 -1.955920 -2.878294 4.727793 -4.170582 4.993919 11.020511 0.000002 0.000001 12.109030 -3.735710 -2.866779 0.000001 -0.000002 0.000001 1.291984 -1.928548 -1.498089 14.800111 0.567468 3.865606 14.242553 -1.341734 -6.660649 19.631939 0.143926 -0.648241 49.984470 -0.709739 -5.908490 0.353028 -1.511149 -0.031941 20.222769 3.684305 2.316630 18.787243 0.000005 0.000001 10.751610 -0.479867 1.397905 0.000001 0.000001 -0.000001 3.273804 0.305947 -0.580109 21.486790 11.830362 2.266133 8.162914 0.000003 -0.000001 18.399054 -3.798980 -4.940567 0.000002 0.000000 -0.000001 6.207267 -1.181101 -21.800211 -0.059508 -0.152487 45.201881 -9.088355 12.034200 -16.792530 1.616520 -2.000125 0.332082 0.000000 -0.000000 0.000002 -6.923229 3.508562 11.454873 -0.033416 0.687227 21.780878 12.730109 -5.810287 -23.501263 -1.456943 1.020585 -1.340707 -0.000000 -0.000000 -0.000001 
3.590919 93.215126 1.439456 -2.527358 0.119633 -6.975142 2.101823 0.801980 0.963049 0.450719 2.053843 -4.478327 2.619184 0.421839 8.345544 -1.967423 4.053146 14.231773 -0.841039 -0.044003 -3.636246 -2.832754 0.432132 -8.880981 0.000077 -0.000023 0.000006 0.015787 -0.092685 0.054618 0.717339 -3.819431 -10.577855 -0.691588 3.629833 -10.547968 -8.388687 -11.834868 7.079507 -48.740685 -47.308826 -10.753217 178.978882 -59.360924 -179.209259 -1.820999 -1.423972 -12.224827 -5.882099 9.861278 0.702589 -10.936857 -0.360576 7.156197 -0.000000 8.774814 -0.000001 -16.746458 18.815735 6.289294 -1.844032 2.498504 -2.507276 -10.163583 4.678939 4.621104 -20.975992 -0.000005 0.000002 -21.226242 2.451692 -3.593993 0.000000 -0.000006 -0.000001 -1.362676 2.240795 -0.746322 -21.334887 0.584906 3.008321 -13.821194 -0.000003 0.000000 -23.887125 -0.249080 -0.839480 -62.019432 2.817135 -1.451603 -0.294024 1.679686 0.833256 -14.218190 0.093213 1.300578 -34.211998 -0.287566 0.967169 -20.033175 0.964533 1.212842 -0.000000 -0.000000 -0.000000 -3.440385 0.788232 0.501656 -15.928165 -3.167308 2.999703 -6.338813 -0.000002 0.000001 -18.123411 3.648175 -4.905661 -0.000004 -0.000000 -0.000002 0.926301 22.635714 6.677423 56.531628 45.917877 -2.028523 -177.733276 51.354088 -178.034851 -23.206867 4.548976 -27.810850 2.243539 -5.255033 -3.180155 14.282875 -0.826594 6.952499 -0.000002 -12.690590 0.000000 15.925469 -17.660040 3.233362 1.665665 -1.955920 -2.878297 4.727795 -4.170584 4.993917 11.020510 0.000004 -0.000000 12.109031 -3.735710 -2.866778 0.000002 -0.000002 0.000001 1.291984 -1.928547 -1.498089 14.800111 0.567468 3.865602 14.242553 -1.341734 -6.660648 19.631939 0.143924 -0.648242 50.053986 -0.697253 -5.922449 0.353028 -1.511149 -0.031942 20.222767 3.684307 2.316629 18.787243 0.000005 0.000001 10.751610 -0.479867 1.397904 -0.000001 0.000001 0.000001 3.273804 0.305947 -0.580108 21.486790 11.830363 2.266131 8.162917 0.000003 0.000000 18.399052 -3.798979 -4.940566 0.000003 0.000000 -0.000002 6.088738 -1.181377 -21.676060 -0.067378 -0.157659 45.187485 -9.042626 12.064779 -16.998711 1.615520 -2.003201 0.363268 -0.000000 0.000000 0.000002 -7.015797 3.538703 11.679145 -0.037147 0.700377 21.422611 12.784639 -5.888522 -23.387932 -1.455301 1.025638 -1.383564 0.000000 0.000000 -0.000001 
3.721907 93.244843 1.476699 -2.525375 0.144885 -6.965205 2.074920 0.786399 0.926115 0.454516 2.078272 -4.503264 2.615097 0.423758 8.296596 -1.961512 4.035744 14.097912 -0.806675 -0.040164 -3.632775 -2.758658 0.423484 -8.914495 0.000077 -0.000022 0.000006 0.015389 -0.094093 0.051748 0.718255 -3.815205 -10.574574 -0.694561 3.628521 -10.544068 -8.435126 -11.858366 7.054019 -48.643669 -47.484554 -10.688606 178.942566 -59.321228 -179.218079 -1.912293 -1.370637 -12.163157 -5.882102 9.861279 0.702590 -10.936858 -0.360575 7.156196 0.000000 8.774815 -0.000000 -16.753653 18.773903 6.254248 -1.844031 2.498504 -2.507276 -10.163590 4.678940 4.621102 -20.975996 -0.000005 -0.000000 -21.226254 2.451691 -3.593994 -0.000000 -0.000006 0.000001 -1.362683 2.240797 -0.746323 -21.334892 0.584907 3.008318 -13.821195 -0.000005 0.000001 -23.887129 -0.249082 -0.839483 -61.976456 2.817336 -1.461678 -0.294026 1.679687 0.833256 -14.218194 0.093214 1.300578 -34.212002 -0.287567 0.967168 -20.033180 0.964533 1.212842 -0.000000 -0.000000 0.000000 -3.440385 0.788232 0.501655 -15.928167 -3.167308 2.999703 -6.338816 -0.000002 0.000001 -18.123411 3.648175 -4.905663 -0.000004 -0.000000 -0.000001 1.027982 22.677748 6.742363 56.510612 45.967999 -2.016652 -177.674347 51.414524 -177.946060 -23.341650 4.598624 -27.827150 2.243539 -5.255032 -3.180154 14.282877 -0.826592 6.952497 -0.000004 -12.690591 0.000001 15.965556 -17.676947 3.201210 1.665665 -1.955919 -2.878299 4.727794 -4.170583 4.993920 11.020511 0.000004 0.000001 12.109031 -3.735709 -2.866778 0.000001 -0.000001 -0.000000 1.291984 -1.928547 -1.498089 14.800111 0.567469 3.865606 14.242551 -1.341732 -6.660647 19.631937 0.143927 -0.648242 50.078346 -0.714790 -5.955759 0.353029 -1.511149 -0.031941 20.222771 3.684308 2.316630 18.787245 0.000006 0.000005 10.751611 -0.479867 1.397906 -0.000000 0.000001 -0.000001 3.273804 0.305947 -0.580110 21.486795 11.830366 2.266132 8.162916 0.000004 -0.000001 18.399054 -3.798980 -4.940564 0.000003 0.000001 -0.000002 5.985857 -1.140157 -21.622213 -0.074069 -0.169873 45.105198 -8.992344 12.079407 -17.021187 1.614733 -2.002936 0.364623 0.000000 0.000000 0.000002 -7.102108 3.537212 11.854596 -0.044521 0.708530 21.073618 12.811242 -5.917147 -23.197905 -1.452945 1.020309 -1.444149 0.000000 0.000000 -0.000001 
3.810387 93.289772 1.482102 -2.521972 0.147169 -6.940757 2.051255 0.772248 0.872382 0.460141 2.108038 -4.510460 2.610502 0.422206 8.251510 -1.959641 4.023932 13.948762 -0.772930 -0.045303 -3.639551 -2.677593 0.434085 -8.962633 0.000077 -0.000023 0.000006 0.015503 -0.097781 0.046794 0.722751 -3.821749 -10.580658 -0.699141 3.622056 -10.547542 -8.464477 -11.867747 7.010969 -48.527660 -47.634739 -10.591204 178.905167 -59.291557 -179.189285 -1.963256 -1.359110 -12.145839 -5.882102 9.861279 0.702591 -10.936859 -0.360574 7.156198 0.000000 8.774812 0.000000 -16.761923 18.735407 6.193546 -1.844032 2.498503 -2.507276 -10.163591 4.678940 4.621105 -20.975998 -0.000003 0.000002 -21.226255 2.451694 -3.593994 0.000000 -0.000006 -0.000000 -1.362679 2.240796 -0.746322 -21.334896 0.584909 3.008322 -13.821198 -0.000002 0.000001 -23.887131 -0.249077 -0.839481 -61.878239 2.812314 -1.486981 -0.294024 1.679687 0.833255 -14.218194 0.093215 1.300580 -34.212002 -0.287562 0.967170 -20.033180 0.964536 1.212842 0.000000 -0.000000 0.000000 -3.440385 0.788233 0.501655 -15.928169 -3.167306 2.999705 -6.338818 -0.000001 0.000002 -18.123417 3.648177 -4.905662 -0.000004 -0.000000 -0.000001 1.133840 22.735483 6.809961 56.533394 46.032021 -1.953254 -177.634964 51.452572 -177.869812 -23.505680 4.684511 -27.870132 2.243540 -5.255033 -3.180154 14.282877 -0.826593 6.952496 -0.000002 -12.690587 0.000000 15.971891 -17.725985 3.181169 1.665665 -1.955920 -2.878299 4.727794 -4.170582 4.993919 11.020510 0.000003 -0.000001 12.109030 -3.735708 -2.866780 0.000001 -0.000000 -0.000000 1.291984 -1.928548 -1.498086 14.800114 0.567468 3.865603 14.242551 -1.341735 -6.660650 19.631939 0.143927 -0.648246 50.105865 -0.741027 -5.978002 0.353029 -1.511149 -0.031940 20.222767 3.684306 2.316628 18.787245 0.000006 0.000001 10.751610 -0.479869 1.397904 -0.000002 0.000001 0.000001 3.273804 0.305947 -0.580111 21.486792 11.830361 2.266129 8.162916 0.000003 -0.000002 18.399052 -3.798977 -4.940567 0.000003 0.000001 -0.000002 5.917350 -1.058023 -21.571844 -0.075475 -0.177873 44.961578 -8.949160 12.057670 -16.982412 1.613757 -1.990038 0.351755 0.000000 0.000000 0.000002 -7.186800 3.527943 11.962406 -0.053930 0.720403 20.738817 12.813966 -5.895438 -22.993473 -1.450334 1.003182 -1.505146 0.000000 -0.000000 -0.000001 
3.888112 93.333824 1.428694 -2.523998 0.108206 -6.941651 2.037035 0.774199 0.846906 0.458880 2.106114 -4.524559 2.609257 0.446565 8.226709 -1.946903 4.003253 13.799349 -0.759023 -0.001820 -3.638910 -2.604848 0.460472 -9.036719 0.000077 -0.000023 0.000006 0.014862 -0.108301 0.043581 0.721929 -3.834653 -10.585942 -0.701836 3.616958 -10.560995 -8.498148 -11.876663 6.996249 -48.340755 -47.765259 -10.507071 178.789917 -59.314827 -179.067581 -2.008633 -1.354183 -12.118243 -5.882098 9.861280 0.702590 -10.936860 -0.360576 7.156199 0.000001 8.774816 -0.000000 -16.734409 18.721197 6.179371 -1.844031 2.498503 -2.507276 -10.163588 4.678937 4.621105 -20.975992 -0.000004 0.000004 -21.226248 2.451693 -3.593991 0.000000 -0.000006 -0.000000 -1.362680 2.240797 -0.746323 -21.334888 0.584906 3.008323 -13.821192 -0.000003 0.000003 -23.887129 -0.249079 -0.839479 -61.790070 2.819961 -1.490517 -0.294024 1.679686 0.833256 -14.218194 0.093213 1.300581 -34.211990 -0.287565 0.967173 -20.033178 0.964535 1.212844 0.000001 0.000000 0.000000 -3.440383 0.788233 0.501656 -15.928167 -3.167309 2.999705 -6.338817 -0.000001 0.000002 -18.123411 3.648175 -4.905661 -0.000004 -0.000000 0.000000 1.244154 22.792969 6.866726 56.563667 46.063148 -1.860737 -177.524490 51.443390 -177.714371 -23.624107 4.768825 -27.866800 2.243539 -5.255033 -3.180156 14.282877 -0.826593 6.952495 -0.000002 -12.690592 -0.000002 15.979025 -17.759842 3.155797 1.665665 -1.955920 -2.878297 4.727793 -4.170583 4.993918 11.020511 0.000003 0.000001 12.109032 -3.735710 -2.866779 0.000002 -0.000002 0.000001 1.291984 -1.928548 -1.498087 14.800113 0.567469 3.865600 14.242553 -1.341733 -6.660651 19.631935 0.143927 -0.648242 50.041737 -0.744992 -5.991473 0.353029 -1.511150 -0.031941 20.222769 3.684307 2.316627 18.787245 0.000005 -0.000001 10.751609 -0.479867 1.397904 -0.000001 0.000002 -0.000000 3.273804 0.305947 -0.580108 21.486792 11.830363 2.266131 8.162916 0.000002 -0.000001 18.399050 -3.798980 -4.940566 0.000003 0.000000 -0.000001 5.871913 -0.964216 -21.525095 -0.073935 -0.173150 44.812775 -8.905173 12.048240 -16.895124 1.613322 -1.993187 0.313674 0.000000 0.000000 0.000002 -7.302715 3.516359 12.076903 -0.056542 0.735058 20.519133 12.874394 -5.782308 -22.684040 -1.450477 1.002760 -1.549549 -0.000000 -0.000000 -0.000001 
3.892799 93.363899 1.347569 -2.534263 0.074605 -6.968909 2.029072 0.769196 0.840307 0.458477 2.109120 -4.536722 2.611204 0.473680 8.219893 -1.943253 3.975240 13.666959 -0.746734 0.040900 -3.645522 -2.547462 0.509860 -9.109929 0.000077 -0.000023 0.000006 0.012515 -0.127753 0.044886 0.719654 -3.851090 -10.586792 -0.703318 3.605653 -10.561455 -8.524462 -11.882975 7.013896 -48.184128 -47.907135 -10.451528 178.709717 -59.362354 -178.954224 -2.043653 -1.333632 -12.017845 -5.882101 9.861279 0.702589 -10.936859 -0.360576 7.156198 -0.000002 8.774815 -0.000001 -16.695620 18.707811 6.182688 -1.844030 2.498503 -2.507276 -10.163590 4.678941 4.621103 -20.975992 -0.000002 0.000003 -21.226254 2.451694 -3.593994 0.000000 -0.000006 -0.000002 -1.362680 2.240796 -0.746323 -21.334887 0.584908 3.008320 -13.821197 -0.000002 0.000002 -23.887131 -0.249078 -0.839481 -61.724854 2.828187 -1.479578 -0.294025 1.679685 0.833255 -14.218192 0.093214 1.300579 -34.212002 -0.287562 0.967170 -20.033178 0.964535 1.212841 0.000000 0.000000 -0.000000 -3.440385 0.788232 0.501655 -15.928167 -3.167307 2.999703 -6.338817 -0.000001 0.000002 -18.123413 3.648176 -4.905662 -0.000004 -0.000000 -0.000001 1.338532 22.825184 6.918704 56.593254 46.071056 -1.750011 -177.389359 51.438171 -177.604187 -23.700760 4.866971 -27.814129 2.243540 -5.255031 -3.180158 14.282877 -0.826593 6.952499 -0.000003 -12.690592 -0.000001 15.999846 -17.802494 3.133604 1.665665 -1.955919 -2.878299 4.727793 -4.170583 4.993918 11.020511 0.000003 -0.000001 12.109032 -3.735708 -2.866780 0.000001 -0.000001 0.000001 1.291984 -1.928547 -1.498089 14.800111 0.567468 3.865602 14.242553 -1.341734 -6.660651 19.631937 0.143925 -0.648245 50.008846 -0.728722 -6.049506 0.353029 -1.511150 -0.031940 20.222767 3.684307 2.316627 18.787245 0.000006 0.000001 10.751611 -0.479868 1.397903 0.000000 0.000000 0.000000 3.273804 0.305947 -0.580111 21.486790 11.830364 2.266127 8.162916 0.000003 -0.000001 18.399052 -3.798980 -4.940565 0.000004 -0.000001 -0.000002 5.886464 -0.893814 -21.490122 -0.073949 -0.172769 44.700005 -8.900973 12.043426 -16.788879 1.612009 -2.006767 0.287607 0.000000 0.000000 0.000002 -7.277528 3.475026 12.013651 -0.055193 0.743938 20.458988 12.837935 -5.711308 -22.703537 -1.449980 1.007316 -1.558428 0.000000 0.000000 -0.000001 
3.882873 93.373413 1.265899 -2.570699 0.053041 -7.010428 2.039712 0.767572 0.843855 0.449443 2.098884 -4.542771 2.615036 0.485649 8.220311 -1.941582 3.956899 13.552151 -0.739732 0.108869 -3.645800 -2.509406 0.537301 -9.191274 0.000077 -0.000022 0.000006 0.012264 -0.122205 0.042156 0.716129 -3.849530 -10.587927 -0.699561 3.600828 -10.567492 -8.511558 -11.887466 7.065316 -48.080208 -48.007065 -10.398869 178.596344 -59.442402 -178.836029 -2.019459 -1.304596 -11.943396 -5.882099 9.861279 0.702589 -10.936857 -0.360575 7.156197 -0.000001 8.774814 -0.000000 -16.648232 18.692572 6.199882 -1.844030 2.498502 -2.507277 -10.163589 4.678940 4.621106 -20.975996 -0.000004 0.000002 -21.226254 2.451692 -3.593995 0.000000 -0.000006 -0.000000 -1.362680 2.240796 -0.746323 -21.334887 0.584908 3.008320 -13.821197 -0.000002 0.000002 -23.887131 -0.249078 -0.839482 -61.694916 2.834468 -1.462588 -0.294022 1.679686 0.833255 -14.218194 0.093214 1.300581 -34.211998 -0.287563 0.967169 -20.033180 0.964536 1.212842 0.000001 0.000000 0.000000 -3.440385 0.788233 0.501655 -15.928167 -3.167306 2.999705 -6.338817 -0.000001 0.000001 -18.123411 3.648177 -4.905659 -0.000004 -0.000000 0.000000 1.422959 22.844540 6.955498 56.686207 46.060349 -1.595181 -177.283279 51.404564 -177.509186 -23.705400 4.946722 -27.804968 2.243540 -5.255033 -3.180158 14.282878 -0.826592 6.952497 -0.000001 -12.690590 0.000000 16.061708 -17.816534 3.123355 1.665665 -1.955920 -2.878297 4.727794 -4.170583 4.993921 11.020513 0.000003 0.000002 12.109032 -3.735709 -2.866778 0.000002 -0.000002 0.000001 1.291984 -1.928548 -1.498088 14.800113 0.567468 3.865603 14.242554 -1.341734 -6.660648 19.631941 0.143926 -0.648243 49.973728 -0.698100 -6.058873 0.353028 -1.511150 -0.031938 20.222773 3.684308 2.316630 18.787247 0.000005 0.000001 10.751610 -0.479867 1.397904 0.000000 0.000000 0.000001 3.273804 0.305947 -0.580109 21.486797 11.830365 2.266131 8.162918 0.000003 -0.000002 18.399050 -3.798978 -4.940567 0.000003 0.000001 -0.000002 5.937202 -0.840581 -21.470064 -0.070416 -0.173673 44.640373 -8.892320 12.034597 -16.731493 1.609254 -2.010773 0.248732 0.000000 0.000000 0.000002 -7.256222 3.430392 12.007360 -0.048226 0.738171 20.409523 12.879709 -5.618616 -22.708401 -1.449668 1.019081 -1.530852 0.000000 0.000000 -0.000001 
3.860594 93.376053 1.107759 -2.636350 0.067849 -7.082502 2.067137 0.762188 0.860333 0.436865 2.074906 -4.540725 2.634061 0.496441 8.231216 -1.944656 3.935761 13.452672 -0.740988 0.181791 -3.646938 -2.501026 0.588881 -9.260589 0.000077 -0.000022 0.000006 0.014954 -0.118715 0.044694 0.712777 -3.845464 -10.586564 -0.692222 3.604877 -10.557647 -8.493186 -11.888831 7.116704 -47.955784 -48.082314 -10.388260 178.514816 -59.527130 -178.742996 -1.999735 -1.277979 -11.884373 -5.882100 9.861279 0.702591 -10.936858 -0.360573 7.156198 0.000000 8.774812 -0.000000 -16.591930 18.705050 6.211284 -1.844032 2.498502 -2.507275 -10.163590 4.678941 4.621103 -20.975994 -0.000002 0.000003 -21.226255 2.451694 -3.593994 0.000000 -0.000006 -0.000002 -1.362680 2.240796 -0.746322 -21.334890 0.584910 3.008319 -13.821197 -0.000002 0.000002 -23.887135 -0.249076 -0.839481 -61.636360 2.826550 -1.462394 -0.294025 1.679686 0.833255 -14.218195 0.093216 1.300580 -34.212009 -0.287561 0.967169 -20.033180 0.964536 1.212841 0.000000 0.000000 0.000000 -3.440386 0.788233 0.501655 -15.928169 -3.167305 2.999704 -6.338817 -0.000001 0.000002 -18.123415 3.648178 -4.905661 -0.000004 -0.000000 -0.000002 1.505177 22.850451 6.996994 56.758747 46.038834 -1.471440 -177.266556 51.374916 -177.518936 -23.690763 4.970327 -27.782251 2.243540 -5.255033 -3.180156 14.282875 -0.826594 6.952494 -0.000002 -12.690590 0.000001 16.125980 -17.788166 3.104214 1.665665 -1.955920 -2.878297 4.727795 -4.170583 4.993917 11.020512 0.000002 0.000000 12.109032 -3.735709 -2.866781 0.000002 -0.000001 0.000001 1.291985 -1.928548 -1.498086 14.800114 0.567467 3.865602 14.242556 -1.341735 -6.660650 19.631939 0.143927 -0.648244 49.968937 -0.703127 -6.040910 0.353029 -1.511149 -0.031940 20.222767 3.684305 2.316627 18.787247 0.000004 0.000001 10.751610 -0.479867 1.397902 -0.000001 0.000001 -0.000000 3.273804 0.305946 -0.580110 21.486794 11.830360 2.266130 8.162918 0.000003 -0.000002 18.399052 -3.798979 -4.940566 0.000002 -0.000001 -0.000002 6.025980 -0.854810 -21.490189 -0.073086 -0.169257 44.597393 -8.898746 12.046665 -16.624525 1.607857 -2.024903 0.228486 -0.000000 0.000000 0.000002 -7.178000 3.382040 11.959523 -0.042145 0.717080 20.482246 12.923069 -5.552541 -22.737829 -1.450967 1.029967 -1.477538 -0.000000 0.000000 -0.000001 
3.801539 93.379143 0.938987 -2.707685 0.084987 -7.168671 2.097505 0.767799 0.878675 0.418427 2.033282 -4.553817 2.657427 0.494675 8.263353 -1.951622 3.950884 13.367983 -0.735594 0.250147 -3.646573 -2.513427 0.622350 -9.322631 0.000077 -0.000022 0.000006 0.016309 -0.102673 0.046065 0.709970 -3.831490 -10.574721 -0.685324 3.622933 -10.558128 -8.463100 -11.891269 7.158679 -47.841007 -48.147915 -10.394226 178.400070 -59.644386 -178.651352 -1.946897 -1.253664 -11.874858 -5.882102 9.861278 0.702590 -10.936859 -0.360576 7.156197 -0.000001 8.774813 -0.000001 -16.552355 18.698006 6.240691 -1.844029 2.498502 -2.507276 -10.163591 4.678940 4.621105 -20.975994 -0.000001 0.000002 -21.226254 2.451694 -3.593995 0.000000 -0.000006 -0.000000 -1.362680 2.240796 -0.746322 -21.334888 0.584908 3.008321 -13.821195 -0.000002 0.000002 -23.887135 -0.249077 -0.839481 -61.633389 2.820326 -1.451857 -0.294025 1.679685 0.833255 -14.218190 0.093215 1.300580 -34.211998 -0.287562 0.967170 -20.033178 0.964536 1.212842 0.000001 0.000000 0.000000 -3.440385 0.788232 0.501655 -15.928169 -3.167305 2.999704 -6.338817 -0.000001 0.000002 -18.123413 3.648176 -4.905660 -0.000004 -0.000000 -0.000001 1.579105 22.853279 7.040640 56.803535 46.042683 -1.310689 -177.234711 51.374599 -177.494446 -23.624186 4.950179 -27.817657 2.243540 -5.255033 -3.180155 14.282877 -0.826594 6.952495 -0.000003 -12.690588 0.000000 16.139990 -17.731401 3.090955 1.665665 -1.955920 -2.878294 4.727793 -4.170583 4.993919 11.020511 0.000002 -0.000002 12.109033 -3.735709 -2.866781 0.000002 -0.000002 0.000001 1.291985 -1.928547 -1.498088 14.800113 0.567468 3.865602 14.242554 -1.341735 -6.660648 19.631939 0.143924 -0.648244 49.908772 -0.706693 -6.029635 0.353029 -1.511150 -0.031941 20.222769 3.684305 2.316628 18.787247 0.000005 -0.000000 10.751611 -0.479870 1.397905 0.000000 0.000002 0.000000 3.273805 0.305947 -0.580113 21.486792 11.830361 2.266130 8.162916 0.000003 -0.000001 18.399054 -3.798980 -4.940567 0.000002 0.000000 -0.000002 6.147106 -0.876175 -21.526840 -0.082799 -0.172626 44.599926 -8.935817 12.050731 -16.457754 1.606248 -2.025438 0.244567 0.000000 0.000000 0.000002 -7.075766 3.333827 11.884144 -0.042420 0.691302 20.628111 12.921234 -5.500340 -22.763531 -1.450726 1.039167 -1.398124 -0.000000 -0.000000 -0.000001 
3.721029 93.372581 0.773790 -2.784584 0.101119 -7.250474 2.130703 0.753770 0.891728 0.401882 2.007844 -4.565090 2.691345 0.492860 8.298032 -2.001974 3.984476 13.266909 -0.708636 0.308174 -3.637198 -2.549587 0.700791 -9.361103 0.000077 -0.000023 0.000006 0.018254 -0.095658 0.048354 0.710641 -3.822436 -10.566241 -0.683766 3.628818 -10.545293 -8.455924 -11.847930 7.173501 -47.763924 -48.198540 -10.372751 178.317139 -59.789364 -178.494400 -1.936073 -1.320001 -11.946157 -5.882102 9.861278 0.702591 -10.936862 -0.360575 7.156197 -0.000001 8.774813 -0.000001 -16.538807 18.721563 6.254810 -1.844029 2.498502 -2.507275 -10.163591 4.678940 4.621103 -20.976002 -0.000001 0.000002 -21.226255 2.451694 -3.593994 0.000000 -0.000006 -0.000001 -1.362680 2.240796 -0.746323 -21.334898 0.584911 3.008322 -13.821197 -0.000002 0.000002 -23.887133 -0.249077 -0.839481 -61.623158 2.819634 -1.471823 -0.294023 1.679685 0.833255 -14.218194 0.093216 1.300580 -34.212013 -0.287561 0.967169 -20.033180 0.964536 1.212840 0.000001 0.000000 0.000000 -3.440387 0.788233 0.501655 -15.928169 -3.167305 2.999704 -6.338820 -0.000000 0.000002 -18.123421 3.648177 -4.905662 -0.000004 -0.000000 -0.000001 1.648298 22.858557 7.112782 56.827484 46.085724 -1.142639 -177.181564 51.413925 -177.411179 -23.488316 4.919252 -27.932253 2.243540 -5.255033 -3.180157 14.282878 -0.826593 6.952495 -0.000002 -12.690591 -0.000002 16.148567 -17.695299 3.078659 1.665665 -1.955920 -2.878296 4.727794 -4.170583 4.993917 11.020511 0.000002 0.000000 12.109032 -3.735710 -2.866779 0.000001 -0.000000 -0.000000 1.291984 -1.928548 -1.498090 14.800109 0.567468 3.865606 14.242551 -1.341736 -6.660647 19.631939 0.143928 -0.648243 49.922829 -0.695249 -5.989022 0.353029 -1.511149 -0.031940 20.222769 3.684307 2.316631 18.787245 0.000004 0.000002 10.751610 -0.479866 1.397905 -0.000001 0.000002 0.000001 3.273804 0.305947 -0.580112 21.486792 11.830365 2.266135 8.162916 0.000003 -0.000002 18.399052 -3.798980 -4.940569 0.000003 0.000001 -0.000001 6.285423 -0.924414 -21.537140 -0.085536 -0.176309 44.545975 -8.975722 12.050754 -16.378208 1.607727 -2.015850 0.267429 -0.000000 0.000000 0.000002 -6.951370 3.255573 11.820426 -0.036626 0.663594 20.685085 12.863149 -5.469333 -22.898943 -1.450557 1.046679 -1.301683 -0.000000 -0.000000 -0.000001 
3.602293 93.376411 0.582250 -2.858594 0.107226 -7.329458 2.168051 0.741134 0.896344 0.393461 1.994836 -4.571369 2.716344 0.482590 8.332694 -2.057702 4.039194 13.151918 -0.692257 0.338218 -3.626521 -2.592522 0.755872 -9.368656 0.000077 -0.000023 0.000006 0.018671 -0.081768 0.049759 0.711181 -3.811751 -10.570926 -0.686183 3.650903 -10.554676 -8.468000 -11.832803 7.157312 -47.666870 -48.179852 -10.389469 178.300644 -59.901009 -178.421326 -1.894211 -1.439264 -11.971475 -5.882102 9.861278 0.702589 -10.936860 -0.360574 7.156198 0.000000 8.774812 0.000000 -16.598585 18.759764 6.257090 -1.844032 2.498502 -2.507276 -10.163589 4.678939 4.621105 -20.976000 -0.000002 0.000003 -21.226255 2.451694 -3.593993 0.000000 -0.000006 -0.000000 -1.362681 2.240796 -0.746323 -21.334896 0.584910 3.008320 -13.821197 -0.000002 0.000002 -23.887131 -0.249078 -0.839483 -61.702244 2.832079 -1.469139 -0.294026 1.679686 0.833255 -14.218194 0.093214 1.300579 -34.212002 -0.287563 0.967169 -20.033180 0.964536 1.212841 0.000000 0.000000 0.000000 -3.440387 0.788232 0.501656 -15.928171 -3.167306 2.999705 -6.338818 -0.000001 0.000002 -18.123413 3.648177 -4.905660 -0.000004 -0.000000 -0.000001 1.714070 22.853874 7.162879 56.861752 46.125256 -0.934097 -177.164047 51.429176 -177.396088 -23.344423 4.902580 -27.920269 2.243540 -5.255032 -3.180154 14.282875 -0.826593 6.952494 -0.000002 -12.690592 -0.000001 16.161821 -17.679132 3.089526 1.665665 -1.955919 -2.878297 4.727793 -4.170584 4.993921 11.020512 0.000002 -0.000001 12.109032 -3.735711 -2.866780 0.000002 -0.000000 0.000001 1.291984 -1.928548 -1.498088 14.800114 0.567467 3.865602 14.242553 -1.341734 -6.660650 19.631941 0.143927 -0.648244 49.982994 -0.702738 -5.965460 0.353029 -1.511150 -0.031941 20.222769 3.684306 2.316626 18.787245 0.000005 0.000001 10.751609 -0.479869 1.397903 0.000001 0.000002 0.000000 3.273804 0.305947 -0.580109 21.486792 11.830362 2.266130 8.162916 0.000003 -0.000001 18.399052 -3.798979 -4.940567 0.000003 0.000001 -0.000002 6.448023 -0.984546 -21.530230 -0.091543 -0.183487 44.417873 -9.033320 12.072568 -16.276697 1.609246 -2.016601 0.277213 0.000000 0.000000 0.000002 -6.829828 3.180538 11.718024 -0.031735 0.638284 20.790081 12.769123 -5.461416 -22.988131 -1.452717 1.056886 -1.208290 -0.000000 -0.000000 -0.000001 
3.461542 93.402298 0.395307 -2.908756 0.102406 -7.414269 2.201657 0.758441 0.911560 0.392639 1.960127 -4.576892 2.727022 0.479483 8.359277 -2.130903 4.106987 13.031034 -0.680636 0.352984 -3.617773 -2.643007 0.783280 -9.377226 0.000077 -0.000023 0.000006 0.017569 -0.060925 0.052005 0.718010 -3.791113 -10.563465 -0.691018 3.668235 -10.551026 -8.503623 -11.805269 7.130347 -47.582050 -48.164364 -10.456163 178.366364 -60.017162 -178.406540 -1.911554 -1.558840 -12.036198 -5.882102 9.861280 0.702591 -10.936861 -0.360574 7.156197 -0.000001 8.774813 0.000000 -16.607279 18.775249 6.250623 -1.844031 2.498502 -2.507277 -10.163591 4.678941 4.621104 -20.975996 -0.000003 0.000003 -21.226254 2.451694 -3.593992 0.000000 -0.000006 -0.000001 -1.362680 2.240796 -0.746322 -21.334894 0.584911 3.008320 -13.821198 -0.000002 0.000002 -23.887131 -0.249076 -0.839482 -61.660740 2.825649 -1.479025 -0.294024 1.679687 0.833255 -14.218190 0.093216 1.300580 -34.212006 -0.287561 0.967170 -20.033180 0.964537 1.212841 0.000001 0.000000 0.000000 -3.440384 0.788231 0.501656 -15.928169 -3.167306 2.999704 -6.338819 -0.000001 0.000002 -18.123415 3.648177 -4.905662 -0.000004 0.000000 -0.000002 1.783255 22.891811 7.215586 56.832802 46.188820 -0.808727 -177.183182 51.443935 -177.447067 -23.195301 4.901186 -27.849142 2.243540 -5.255032 -3.180154 14.282875 -0.826594 6.952497 -0.000003 -12.690590 0.000001 16.163803 -17.695227 3.082969 1.665665 -1.955920 -2.878297 4.727794 -4.170584 4.993917 11.020512 0.000003 0.000000 12.109030 -3.735709 -2.866780 0.000001 -0.000000 -0.000000 1.291984 -1.928548 -1.498089 14.800111 0.567468 3.865602 14.242553 -1.341735 -6.660648 19.631941 0.143925 -0.648244 50.012642 -0.699671 -5.935369 0.353029 -1.511149 -0.031941 20.222769 3.684306 2.316629 18.787245 0.000004 -0.000001 10.751610 -0.479868 1.397904 0.000002 0.000002 0.000001 3.273804 0.305947 -0.580110 21.486790 11.830363 2.266131 8.162916 0.000004 -0.000003 18.399052 -3.798979 -4.940569 0.000003 0.000000 -0.000001 6.602440 -1.048263 -21.469709 -0.090387 -0.179191 44.209156 -9.073359 12.117544 -16.120575 1.609698 -2.017605 0.278008 0.000000 -0.000000 0.000002 -6.706347 3.131626 11.634551 -0.037001 0.628988 20.866680 12.675436 -5.467310 -23.017483 -1.455204 1.060827 -1.151386 -0.000000 -0.000000 -0.000001 
3.349893 93.467560 0.191350 -2.940988 0.111257 -7.467019 2.219339 0.730990 0.899164 0.401767 1.984025 -4.561100 2.730490 0.477586 8.354510 -2.220197 4.147334 12.886181 -0.671197 0.348858 -3.613116 -2.654886 0.814855 -9.386891 0.000077 -0.000023 0.000006 0.016694 -0.062115 0.052825 0.720435 -3.789892 -10.559699 -0.698491 3.666621 -10.549981 -8.546940 -11.796481 7.121246 -47.471535 -48.162857 -10.535774 178.448242 -60.099255 -178.460953 -1.863596 -1.702932 -11.979768 -5.882099 9.861278 0.702589 -10.936859 -0.360577 7.156197 -0.000000 8.774815 -0.000003 -16.578325 18.749702 6.209249 -1.844031 2.498505 -2.507276 -10.163589 4.678938 4.621103 -20.975992 -0.000004 0.000003 -21.226250 2.451691 -3.593994 0.000000 -0.000006 -0.000001 -1.362679 2.240797 -0.746323 -21.334885 0.584906 3.008322 -13.821193 -0.000004 0.000002 -23.887129 -0.249079 -0.839481 -61.559460 2.817746 -1.513198 -0.294024 1.679686 0.833255 -14.218190 0.093213 1.300579 -34.211998 -0.287565 0.967171 -20.033176 0.964534 1.212843 0.000000 -0.000000 -0.000000 -3.440384 0.788232 0.501655 -15.928167 -3.167308 2.999704 -6.338817 -0.000001 0.000001 -18.123413 3.648175 -4.905663 -0.000004 0.000000 -0.000002 1.836494 22.904442 7.255307 56.802578 46.280594 -0.706600 -177.132828 51.433666 -177.482773 -23.010557 4.895037 -27.889780 2.243540 -5.255033 -3.180154 14.282877 -0.826591 6.952495 -0.000003 -12.690592 -0.000000 16.154861 -17.720058 3.083924 1.665665 -1.955920 -2.878298 4.727793 -4.170584 4.993918 11.020511 0.000003 -0.000001 12.109031 -3.735708 -2.866778 -0.000000 -0.000001 0.000001 1.291984 -1.928547 -1.498086 14.800114 0.567470 3.865600 14.242554 -1.341733 -6.660648 19.631939 0.143928 -0.648242 50.027004 -0.727754 -5.954346 0.353028 -1.511149 -0.031938 20.222769 3.684309 2.316627 18.787247 0.000007 -0.000001 10.751611 -0.479865 1.397904 0.000000 0.000001 0.000000 3.273804 0.305947 -0.580110 21.486794 11.830367 2.266130 8.162916 0.000003 -0.000002 18.399052 -3.798976 -4.940565 0.000003 0.000001 -0.000001 6.704807 -1.135373 -21.402693 -0.084110 -0.187396 43.889587 -9.088544 12.155477 -15.864677 1.610068 -2.008802 0.257829 0.000000 -0.000000 0.000002 -6.589156 3.046888 11.594997 -0.032876 0.631791 20.791292 12.587173 -5.503136 -22.951679 -1.454874 1.051283 -1.093275 -0.000000 -0.000000 -0.000001 
3.175822 93.551956 0.029574 -2.952268 0.103019 -7.513227 2.236691 0.721389 0.902728 0.407416 1.993856 -4.570460 2.719382 0.473377 8.348637 -2.286139 4.180278 12.728655 -0.682417 0.353359 -3.609142 -2.656253 0.841798 -9.361268 0.000077 -0.000022 0.000006 0.016453 -0.056470 0.049378 0.723159 -3.780658 -10.560752 -0.701889 3.663184 -10.550225 -8.589539 -11.780513 7.108804 -47.254093 -48.181171 -10.725288 178.540482 -60.239746 -178.618317 -1.816575 -1.848237 -11.937410 -5.882102 9.861279 0.702589 -10.936860 -0.360575 7.156196 -0.000002 8.774813 -0.000001 -16.539810 18.726360 6.182052 -1.844031 2.498502 -2.507276 -10.163589 4.678940 4.621105 -20.975996 -0.000002 0.000004 -21.226255 2.451694 -3.593994 0.000000 -0.000006 0.000001 -1.362681 2.240796 -0.746322 -21.334892 0.584911 3.008321 -13.821199 -0.000001 0.000002 -23.887135 -0.249075 -0.839482 -61.483719 2.833853 -1.531985 -0.294026 1.679686 0.833255 -14.218195 0.093216 1.300580 -34.212013 -0.287560 0.967170 -20.033184 0.964537 1.212841 0.000001 -0.000000 -0.000000 -3.440385 0.788232 0.501656 -15.928171 -3.167305 2.999705 -6.338818 -0.000001 0.000001 -18.123417 3.648178 -4.905662 -0.000004 0.000000 -0.000002 1.904339 22.952539 7.294460 56.726681 46.385197 -0.711552 -177.126648 51.443802 -177.549179 -22.908325 4.900470 -27.989727 2.243538 -5.255032 -3.180155 14.282875 -0.826591 6.952496 -0.000004 -12.690591 -0.000000 16.152836 -17.752729 3.065890 1.665664 -1.955920 -2.878296 4.727793 -4.170582 4.993916 11.020512 0.000004 0.000001 12.109031 -3.735709 -2.866776 0.000001 -0.000002 0.000001 1.291984 -1.928547 -1.498088 14.800113 0.567470 3.865603 14.242553 -1.341735 -6.660648 19.631937 0.143928 -0.648243 50.017475 -0.738446 -5.970469 0.353028 -1.511150 -0.031939 20.222771 3.684309 2.316628 18.787245 0.000007 0.000003 10.751610 -0.479867 1.397905 0.000000 0.000000 0.000000 3.273804 0.305947 -0.580111 21.486792 11.830366 2.266133 8.162917 0.000003 0.000000 18.399050 -3.798979 -4.940566 0.000003 0.000000 -0.000002 6.834418 -1.216027 -21.285973 -0.075367 -0.186211 43.527012 -9.115155 12.163218 -15.562001 1.609379 -2.023147 0.224197 0.000000 -0.000000 0.000002 -6.476789 3.002742 11.578962 -0.034534 0.627708 20.639233 12.503717 -5.562260 -22.842260 -1.455148 1.051094 -1.081841 -0.000000 -0.000000 -0.000001 
3.063238 93.646141 -0.151462 -2.950756 0.093045 -7.537468 2.248651 0.716227 0.892562 0.408065 1.995898 -4.570216 2.707642 0.492523 8.331413 -2.346339 4.190836 12.568748 -0.682876 0.380142 -3.609900 -2.672193 0.845774 -9.325575 0.000077 -0.000023 0.000006 0.017487 -0.061138 0.044131 0.727264 -3.783065 -10.562811 -0.705238 3.661926 -10.556436 -8.637905 -11.814470 7.069807 -47.022408 -48.139759 -10.936754 178.655853 -60.345169 -178.757141 -1.753413 -1.977573 -11.932094 -5.882101 9.861278 0.702590 -10.936858 -0.360574 7.156197 0.000000 8.774813 0.000000 -16.490883 18.687107 6.182207 -1.844032 2.498504 -2.507276 -10.163589 4.678940 4.621105 -20.975992 -0.000005 -0.000000 -21.226250 2.451690 -3.593994 0.000000 -0.000006 0.000001 -1.362680 2.240796 -0.746324 -21.334887 0.584908 3.008319 -13.821194 -0.000004 0.000001 -23.887125 -0.249080 -0.839482 -61.409695 2.840116 -1.534461 -0.294026 1.679687 0.833254 -14.218190 0.093214 1.300579 -34.211998 -0.287565 0.967169 -20.033175 0.964534 1.212841 0.000001 -0.000000 -0.000000 -3.440384 0.788232 0.501655 -15.928167 -3.167307 2.999704 -6.338817 -0.000001 0.000001 -18.123413 3.648175 -4.905662 -0.000004 0.000000 -0.000001 1.945308 22.981363 7.289029 56.728706 46.502369 -0.732907 -177.120605 51.447998 -177.596085 -22.850626 4.879560 -28.144361 2.243539 -5.255032 -3.180154 14.282877 -0.826593 6.952494 -0.000004 -12.690590 -0.000000 16.199684 -17.792994 3.034895 1.665665 -1.955920 -2.878294 4.727793 -4.170582 4.993919 11.020513 0.000004 0.000001 12.109031 -3.735708 -2.866776 0.000001 -0.000002 -0.000000 1.291984 -1.928547 -1.498088 14.800113 0.567469 3.865606 14.242556 -1.341734 -6.660648 19.631939 0.143928 -0.648243 49.998207 -0.750904 -6.021099 0.353028 -1.511150 -0.031939 20.222771 3.684309 2.316628 18.787249 0.000006 0.000002 10.751613 -0.479866 1.397905 0.000000 0.000001 0.000000 3.273804 0.305947 -0.580111 21.486795 11.830366 2.266134 8.162918 0.000004 -0.000001 18.399055 -3.798977 -4.940566 0.000004 0.000001 -0.000002 6.902268 -1.315164 -21.189987 -0.069414 -0.191989 43.133766 -9.107239 12.218089 -15.236670 1.609089 -2.027962 0.205838 0.000000 -0.000000 0.000002 -6.443952 3.007730 11.624101 -0.029583 0.621088 20.439432 12.505757 -5.596072 -22.572094 -1.457693 1.045510 -1.077307 -0.000000 -0.000000 -0.000001 
2.914129 93.732903 -0.312174 -2.938552 0.067719 -7.540307 2.261146 0.709525 0.875839 0.410586 2.004540 -4.555878 2.692093 0.516263 8.288571 -2.385599 4.180347 12.431353 -0.689111 0.446136 -3.614298 -2.677600 0.859856 -9.270437 0.000077 -0.000022 0.000006 0.016687 -0.069632 0.037581 0.731529 -3.786653 -10.572268 -0.708417 3.652097 -10.568957 -8.668132 -11.841864 7.015792 -46.819122 -48.115459 -11.095891 178.738266 -60.461124 -178.857758 -1.667521 -2.092295 -11.988490 -5.882102 9.861279 0.702589 -10.936859 -0.360574 7.156198 -0.000002 8.774814 -0.000002 -16.483847 18.655237 6.168614 -1.844031 2.498503 -2.507277 -10.163591 4.678941 4.621106 -20.975998 -0.000002 0.000003 -21.226254 2.451694 -3.593994 0.000000 -0.000006 -0.000001 -1.362680 2.240796 -0.746322 -21.334896 0.584908 3.008322 -13.821197 -0.000002 0.000003 -23.887131 -0.249077 -0.839481 -61.393993 2.847953 -1.523559 -0.294024 1.679685 0.833255 -14.218194 0.093215 1.300580 -34.212006 -0.287561 0.967172 -20.033178 0.964536 1.212842 0.000000 0.000000 0.000000 -3.440384 0.788233 0.501655 -15.928169 -3.167306 2.999705 -6.338815 -0.000001 0.000002 -18.123415 3.648177 -4.905661 -0.000004 0.000000 -0.000002 1.970920 23.012705 7.283533 56.738239 46.625004 -0.750263 -177.095779 51.435089 -177.592255 -22.853245 4.897249 -28.246861 2.243540 -5.255032 -3.180155 14.282879 -0.826596 6.952497 -0.000000 -12.690591 -0.000001 16.207392 -17.831898 3.024523 1.665665 -1.955920 -2.878296 4.727795 -4.170583 4.993919 11.020513 0.000001 0.000001 12.109034 -3.735712 -2.866780 0.000000 -0.000002 0.000000 1.291984 -1.928548 -1.498091 14.800117 0.567466 3.865602 14.242556 -1.341736 -6.660649 19.631941 0.143925 -0.648244 49.958694 -0.761087 -6.064063 0.353029 -1.511149 -0.031940 20.222773 3.684304 2.316627 18.787245 0.000004 -0.000000 10.751612 -0.479870 1.397904 -0.000001 0.000000 0.000000 3.273804 0.305947 -0.580111 21.486795 11.830360 2.266131 8.162918 0.000002 -0.000002 18.399057 -3.798980 -4.940569 0.000004 0.000000 -0.000002 6.992000 -1.414305 -21.106529 -0.062299 -0.185667 42.755730 -9.125957 12.256077 -14.932458 1.608706 -2.028605 0.180552 0.000000 -0.000000 0.000002 -6.343576 3.009685 11.584452 -0.036108 0.616248 20.271955 12.423952 -5.661301 -22.467798 -1.456786 1.037893 -1.076778 -0.000000 -0.000000 -0.000001 
2.782684 93.810669 -0.471399 -2.919490 0.044993 -7.532716 2.265700 0.696348 0.852231 0.406766 2.007928 -4.555420 2.683143 0.538858 8.254463 -2.394883 4.167375 12.324687 -0.691854 0.511306 -3.624464 -2.675403 0.858786 -9.212876 0.000077 -0.000023 0.000006 0.016168 -0.071804 0.033209 0.729953 -3.796001 -10.585756 -0.707278 3.644659 -10.581435 -8.672582 -11.854991 6.978385 -46.571892 -48.101295 -11.291535 178.705765 -60.603371 -178.893036 -1.627725 -2.201095 -11.985638 -5.882103 9.861278 0.702589 -10.936859 -0.360574 7.156197 -0.000000 8.774812 -0.000001 -16.448967 18.611712 6.173203 -1.844032 2.498503 -2.507275 -10.163589 4.678938 4.621105 -20.975994 -0.000002 0.000002 -21.226254 2.451694 -3.593993 0.000000 -0.000006 -0.000000 -1.362681 2.240796 -0.746323 -21.334892 0.584909 3.008321 -13.821197 -0.000002 0.000002 -23.887133 -0.249076 -0.839481 -61.370441 2.845619 -1.503744 -0.294025 1.679685 0.833256 -14.218190 0.093215 1.300580 -34.211998 -0.287561 0.967170 -20.033176 0.964536 1.212841 0.000001 -0.000000 0.000000 -3.440386 0.788233 0.501655 -15.928167 -3.167305 2.999703 -6.338818 -0.000001 0.000002 -18.123413 3.648177 -4.905662 -0.000004 0.000000 -0.000001 1.980004 23.024612 7.256976 56.782307 46.765209 -0.775688 -177.058014 51.432800 -177.576767 -22.899010 4.905008 -28.169498 2.243540 -5.255033 -3.180155 14.282877 -0.826594 6.952496 -0.000001 -12.690590 -0.000002 16.235689 -17.847969 2.987595 1.665664 -1.955920 -2.878297 4.727794 -4.170583 4.993918 11.020513 0.000002 0.000000 12.109033 -3.735709 -2.866780 0.000002 -0.000001 -0.000000 1.291984 -1.928548 -1.498089 14.800114 0.567466 3.865604 14.242554 -1.341735 -6.660650 19.631939 0.143925 -0.648244 49.934555 -0.757802 -6.116446 0.353029 -1.511149 -0.031940 20.222767 3.684305 2.316626 18.787249 0.000004 -0.000001 10.751611 -0.479868 1.397903 0.000000 0.000000 0.000001 3.273804 0.305947 -0.580111 21.486792 11.830362 2.266131 8.162916 0.000002 -0.000001 18.399050 -3.798980 -4.940567 0.000004 0.000001 -0.000002 7.058286 -1.554347 -21.048061 -0.055446 -0.183215 42.406631 -9.134298 12.304933 -14.645931 1.606945 -2.029330 0.166580 0.000000 -0.000001 0.000002 -6.257988 3.025180 11.515394 -0.042201 0.615250 20.147995 12.346588 -5.732119 -22.386066 -1.455619 1.031479 -1.086483 -0.000000 -0.000000 -0.000001 
2.672242 93.881401 -0.598952 -2.898539 0.020195 -7.542576 2.266082 0.699686 0.837131 0.402353 2.002092 -4.542381 2.679157 0.554147 8.209499 -2.387599 4.155653 12.254162 -0.685706 0.555036 -3.622943 -2.683018 0.888039 -9.140957 0.000077 -0.000023 0.000006 0.014848 -0.091451 0.035544 0.730957 -3.806087 -10.590269 -0.708804 3.629164 -10.587119 -8.691941 -11.861375 6.964586 -46.319546 -48.076702 -11.464619 178.707031 -60.718998 -178.913452 -1.546070 -2.310651 -11.965383 -5.882102 9.861277 0.702589 -10.936858 -0.360574 7.156196 -0.000001 8.774812 -0.000001 -16.435938 18.605417 6.180058 -1.844031 2.498503 -2.507277 -10.163591 4.678940 4.621104 -20.976002 -0.000004 0.000002 -21.226257 2.451693 -3.593994 -0.000000 -0.000006 0.000001 -1.362681 2.240797 -0.746322 -21.334894 0.584909 3.008320 -13.821197 -0.000003 0.000001 -23.887133 -0.249078 -0.839482 -61.335491 2.838508 -1.476801 -0.294024 1.679686 0.833256 -14.218195 0.093215 1.300579 -34.212013 -0.287564 0.967169 -20.033180 0.964535 1.212842 0.000000 0.000000 0.000000 -3.440387 0.788232 0.501655 -15.928171 -3.167306 2.999703 -6.338820 -0.000001 0.000001 -18.123413 3.648175 -4.905663 -0.000004 -0.000000 -0.000001 1.981544 23.038336 7.253335 56.812679 46.914833 -0.882267 -177.065353 51.452518 -177.587509 -22.960075 4.928240 -28.050604 2.243540 -5.255033 -3.180154 14.282878 -0.826594 6.952495 -0.000002 -12.690591 0.000000 16.252626 -17.879740 2.993549 1.665665 -1.955920 -2.878297 4.727793 -4.170584 4.993919 11.020513 0.000001 0.000001 12.109032 -3.735708 -2.866780 0.000000 -0.000001 -0.000000 1.291985 -1.928548 -1.498088 14.800113 0.567468 3.865600 14.242553 -1.341734 -6.660648 19.631939 0.143926 -0.648245 49.920376 -0.745612 -6.128360 0.353028 -1.511149 -0.031941 20.222773 3.684305 2.316627 18.787247 0.000005 -0.000002 10.751610 -0.479869 1.397902 0.000000 0.000000 0.000000 3.273804 0.305947 -0.580109 21.486792 11.830366 2.266129 8.162917 0.000004 -0.000001 18.399050 -3.798980 -4.940568 0.000003 -0.000001 -0.000001 7.110191 -1.674153 -20.961979 -0.048669 -0.176057 42.088020 -9.123351 12.327857 -14.396240 1.606107 -2.033471 0.128593 0.000000 -0.000000 0.000002 -6.183187 3.062542 11.449188 -0.051573 0.606734 20.107941 12.326657 -5.796848 -22.279127 -1.456544 1.027374 -1.069403 -0.000000 -0.000000 -0.000001 
2.570874 93.965218 -0.694245 -2.879779 0.041911 -7.550120 2.257556 0.684974 0.819580 0.397355 1.998704 -4.531845 2.681292 0.572075 8.176915 -2.359274 4.133159 12.197345 -0.672543 0.594912 -3.620930 -2.692640 0.930467 -9.030455 0.000077 -0.000022 0.000006 0.017991 -0.100911 0.035533 0.731699 -3.815357 -10.596452 -0.706548 3.610541 -10.584445 -8.698352 -11.850913 6.986022 -46.119572 -48.107460 -11.590727 178.690292 -60.863991 -178.879379 -1.530988 -2.408051 -11.976675 -5.882102 9.861279 0.702589 -10.936861 -0.360575 7.156198 0.000001 8.774812 -0.000000 -16.341040 18.578495 6.218039 -1.844030 2.498502 -2.507275 -10.163589 4.678939 4.621103 -20.975998 -0.000003 0.000003 -21.226257 2.451693 -3.593993 0.000000 -0.000006 -0.000000 -1.362681 2.240796 -0.746323 -21.334896 0.584910 3.008319 -13.821197 -0.000002 0.000002 -23.887131 -0.249078 -0.839481 -61.243832 2.841049 -1.445726 -0.294026 1.679686 0.833255 -14.218190 0.093214 1.300580 -34.212006 -0.287563 0.967170 -20.033176 0.964535 1.212841 0.000000 0.000000 0.000000 -3.440384 0.788232 0.501655 -15.928169 -3.167305 2.999703 -6.338820 -0.000001 0.000001 -18.123417 3.648176 -4.905661 -0.000004 -0.000000 -0.000001 1.978953 23.008898 7.254952 56.843765 47.036507 -1.031483 -177.161575 51.465248 -177.683975 -22.958111 4.931305 -27.844534 2.243539 -5.255032 -3.180156 14.282875 -0.826592 6.952495 -0.000001 -12.690592 -0.000002 16.231256 -17.923159 3.019639 1.665665 -1.955920 -2.878296 4.727794 -4.170584 4.993917 11.020511 0.000003 0.000000 12.109030 -3.735708 -2.866777 0.000001 -0.000000 -0.000000 1.291984 -1.928547 -1.498089 14.800113 0.567468 3.865605 14.242553 -1.341733 -6.660646 19.631939 0.143925 -0.648242 49.865761 -0.738455 -6.108811 0.353028 -1.511149 -0.031939 20.222769 3.684306 2.316629 18.787247 0.000006 0.000001 10.751611 -0.479867 1.397905 0.000001 0.000001 -0.000001 3.273804 0.305947 -0.580111 21.486792 11.830363 2.266132 8.162915 0.000001 -0.000001 18.399052 -3.798979 -4.940567 0.000003 0.000000 -0.000003 7.146617 -1.799733 -20.847893 -0.040306 -0.178611 41.733482 -9.086292 12.372260 -14.141943 1.605608 -2.031513 0.083954 0.000000 -0.000000 0.000002 -6.103286 3.101209 11.452250 -0.051364 0.600629 19.987883 12.306572 -5.913972 -22.103407 -1.456737 1.020020 -1.035815 -0.000000 -0.000000 -0.000001 
2.478943 93.999069 -0.787723 -2.874550 0.055701 -7.567961 2.263211 0.681805 0.805509 0.396172 1.989756 -4.527749 2.684569 0.569572 8.162819 -2.326320 4.126902 12.190811 -0.657449 0.608684 -3.627178 -2.707845 0.997665 -8.912058 0.000077 -0.000022 0.000006 0.017819 -0.108754 0.035760 0.732110 -3.827171 -10.607418 -0.706100 3.601509 -10.591198 -8.700035 -11.848714 7.013440 -45.907597 -48.109737 -11.771532 178.697510 -60.987343 -178.899414 -1.522951 -2.461062 -11.956673 -5.882100 9.861278 0.702589 -10.936857 -0.360575 7.156198 -0.000000 8.774812 -0.000000 -16.331991 18.544395 6.231859 -1.844029 2.498501 -2.507277 -10.163591 4.678939 4.621104 -20.975994 -0.000003 0.000005 -21.226255 2.451694 -3.593991 -0.000000 -0.000006 0.000001 -1.362679 2.240796 -0.746323 -21.334892 0.584908 3.008322 -13.821198 -0.000003 0.000003 -23.887131 -0.249077 -0.839479 -61.205624 2.836866 -1.412559 -0.294024 1.679686 0.833256 -14.218192 0.093213 1.300581 -34.212006 -0.287563 0.967173 -20.033178 0.964536 1.212843 0.000000 -0.000000 0.000000 -3.440384 0.788233 0.501656 -15.928169 -3.167306 2.999705 -6.338817 -0.000002 0.000002 -18.123415 3.648176 -4.905659 -0.000004 -0.000000 -0.000001 1.936522 22.979454 7.228065 56.958858 47.136101 -1.093698 -177.226959 51.482075 -177.748672 -22.930958 4.937071 -27.608082 2.243540 -5.255033 -3.180156 14.282877 -0.826595 6.952497 -0.000002 -12.690591 -0.000001 16.202152 -17.921537 3.063488 1.665665 -1.955920 -2.878297 4.727796 -4.170584 4.993920 11.020513 0.000003 -0.000001 12.109033 -3.735710 -2.866778 0.000000 -0.000001 -0.000000 1.291984 -1.928547 -1.498086 14.800111 0.567468 3.865603 14.242553 -1.341736 -6.660648 19.631939 0.143924 -0.648244 49.830250 -0.723092 -6.080137 0.353029 -1.511149 -0.031940 20.222773 3.684304 2.316629 18.787247 0.000004 -0.000002 10.751611 -0.479868 1.397904 0.000001 0.000001 -0.000001 3.273804 0.305947 -0.580110 21.486790 11.830360 2.266132 8.162919 0.000003 -0.000002 18.399055 -3.798978 -4.940567 0.000003 0.000001 -0.000001 7.194860 -1.970365 -20.810690 -0.038644 -0.181480 41.557755 -9.092176 12.442988 -13.990028 1.606295 -2.035198 0.051763 -0.000000 -0.000000 0.000002 -5.997690 3.187757 11.404643 -0.053499 0.590133 20.003359 12.302915 -6.045909 -22.107246 -1.457802 1.021492 -0.991696 -0.000000 -0.000000 -0.000001 
2.373052 94.015007 -0.870054 -2.874266 0.085434 -7.611627 2.276866 0.688056 0.810238 0.393101 1.961649 -4.529064 2.685742 0.571010 8.172283 -2.289387 4.125024 12.181788 -0.639115 0.626265 -3.626692 -2.734538 1.052571 -8.774554 0.000077 -0.000022 0.000006 0.019013 -0.115615 0.038316 0.733021 -3.836452 -10.612117 -0.705022 3.602741 -10.593160 -8.693699 -11.881023 7.070151 -45.733223 -48.090473 -11.999824 178.701492 -61.079605 -178.885712 -1.535985 -2.525014 -11.955505 -5.882102 9.861278 0.702590 -10.936856 -0.360574 7.156196 -0.000001 8.774813 -0.000002 -16.279362 18.541174 6.262990 -1.844031 2.498503 -2.507275 -10.163590 4.678940 4.621105 -20.975994 -0.000002 0.000003 -21.226255 2.451694 -3.593995 -0.000000 -0.000006 0.000000 -1.362680 2.240797 -0.746323 -21.334894 0.584910 3.008321 -13.821198 -0.000001 0.000003 -23.887131 -0.249076 -0.839481 -61.201660 2.835556 -1.420112 -0.294025 1.679686 0.833255 -14.218194 0.093215 1.300580 -34.212009 -0.287561 0.967170 -20.033180 0.964536 1.212841 0.000001 -0.000000 0.000000 -3.440386 0.788233 0.501655 -15.928171 -3.167305 2.999704 -6.338817 -0.000001 0.000002 -18.123413 3.648177 -4.905662 -0.000004 0.000000 -0.000001 1.891432 22.944508 7.222706 57.059586 47.213894 -1.166620 -177.335220 51.526112 -177.872650 -22.938028 4.922122 -27.355885 2.243539 -5.255032 -3.180154 14.282877 -0.826593 6.952493 -0.000003 -12.690591 -0.000001 16.236046 -17.905439 3.089167 1.665664 -1.955920 -2.878294 4.727794 -4.170583 4.993917 11.020512 0.000003 -0.000001 12.109031 -3.735709 -2.866778 0.000001 -0.000002 -0.000002 1.291984 -1.928548 -1.498086 14.800114 0.567468 3.865607 14.242554 -1.341736 -6.660648 19.631939 0.143927 -0.648242 49.873451 -0.719876 -6.048977 0.353029 -1.511150 -0.031940 20.222771 3.684307 2.316629 18.787245 0.000006 -0.000001 10.751611 -0.479869 1.397904 0.000000 0.000001 0.000000 3.273804 0.305947 -0.580109 21.486794 11.830363 2.266132 8.162916 0.000002 -0.000002 18.399052 -3.798980 -4.940567 0.000003 0.000000 -0.000002 7.255289 -2.148203 -20.771029 -0.034136 -0.184336 41.440014 -9.088779 12.519007 -13.868819 1.605875 -2.054938 0.009969 0.000000 -0.000000 0.000002 -5.887993 3.248546 11.338033 -0.053944 0.570544 20.145567 12.284363 -6.129662 -22.148188 -1.458669 1.029408 -0.970109 -0.000000 -0.000000 -0.000001 
2.313263 94.018021 -0.951916 -2.886874 0.128886 -7.661726 2.298273 0.675705 0.807617 0.389214 1.955842 -4.512940 2.688868 0.538034 8.172558 -2.241083 4.123329 12.215697 -0.647297 0.648131 -3.633176 -2.746328 1.127309 -8.665524 0.000077 -0.000022 0.000006 0.018206 -0.121390 0.041945 0.730876 -3.836642 -10.611673 -0.703062 3.601108 -10.588154 -8.676533 -11.883258 7.135547 -45.587780 -48.092255 -12.175152 178.600876 -61.152096 -178.776413 -1.581978 -2.591217 -11.837557 -5.882102 9.861280 0.702589 -10.936858 -0.360575 7.156197 0.000000 8.774813 -0.000001 -16.250782 18.539137 6.287740 -1.844031 2.498502 -2.507277 -10.163590 4.678941 4.621103 -20.975994 -0.000004 0.000002 -21.226255 2.451692 -3.593994 0.000000 -0.000006 -0.000000 -1.362683 2.240797 -0.746323 -21.334890 0.584908 3.008320 -13.821197 -0.000003 0.000003 -23.887133 -0.249079 -0.839482 -61.198315 2.823857 -1.385208 -0.294026 1.679686 0.833256 -14.218195 0.093214 1.300578 -34.212002 -0.287565 0.967169 -20.033180 0.964534 1.212842 0.000001 0.000000 -0.000000 -3.440387 0.788232 0.501655 -15.928167 -3.167308 2.999703 -6.338817 -0.000002 0.000001 -18.123415 3.648176 -4.905662 -0.000004 0.000000 -0.000002 1.838034 22.901964 7.178313 57.245026 47.259636 -1.092800 -177.343552 51.601513 -177.903793 -22.907207 4.924902 -27.242714 2.243540 -5.255032 -3.180155 14.282877 -0.826594 6.952496 -0.000002 -12.690591 0.000002 16.218102 -17.897081 3.146808 1.665664 -1.955920 -2.878295 4.727793 -4.170583 4.993920 11.020512 0.000002 -0.000001 12.109032 -3.735709 -2.866779 0.000001 -0.000000 -0.000000 1.291984 -1.928548 -1.498085 14.800109 0.567468 3.865604 14.242553 -1.341734 -6.660649 19.631937 0.143926 -0.648243 49.876675 -0.738380 -6.007589 0.353029 -1.511149 -0.031940 20.222765 3.684306 2.316628 18.787245 0.000005 -0.000002 10.751609 -0.479865 1.397903 0.000000 0.000001 0.000000 3.273804 0.305947 -0.580109 21.486790 11.830362 2.266128 8.162915 0.000002 -0.000002 18.399050 -3.798979 -4.940567 0.000003 0.000001 -0.000002 7.300841 -2.327451 -20.759390 -0.029708 -0.172872 41.384823 -9.109480 12.577819 -13.786839 1.607972 -2.049193 -0.015978 0.000000 -0.000000 0.000002 -5.791870 3.306755 11.299702 -0.055734 0.563937 20.249723 12.280357 -6.261243 -22.203701 -1.458827 1.029490 -0.967222 -0.000000 -0.000000 -0.000001 
2.248534 94.005257 -1.017392 -2.896511 0.174462 -7.716323 2.320086 0.678793 0.804964 0.377364 1.927182 -4.518545 2.693372 0.492524 8.203043 -2.195286 4.129184 12.240655 -0.640295 0.691100 -3.630660 -2.778608 1.188022 -8.542066 0.000077 -0.000022 0.000006 0.018405 -0.112874 0.039996 0.730074 -3.831074 -10.612429 -0.699956 3.605881 -10.589276 -8.675111 -11.904186 7.192697 -45.464485 -48.078762 -12.356458 178.502396 -61.217266 -178.662827 -1.631150 -2.651983 -11.660613 -5.882099 9.861278 0.702590 -10.936858 -0.360576 7.156198 -0.000002 8.774813 -0.000002 -16.256355 18.556009 6.308750 -1.844031 2.498502 -2.507275 -10.163591 4.678939 4.621104 -20.975996 -0.000003 0.000004 -21.226255 2.451694 -3.593992 0.000000 -0.000006 0.000001 -1.362681 2.240797 -0.746323 -21.334892 0.584909 3.008321 -13.821198 -0.000002 0.000003 -23.887131 -0.249077 -0.839480 -61.215240 2.816923 -1.380081 -0.294026 1.679686 0.833255 -14.218195 0.093215 1.300580 -34.212002 -0.287563 0.967171 -20.033180 0.964536 1.212843 0.000001 0.000000 0.000000 -3.440385 0.788232 0.501655 -15.928169 -3.167307 2.999706 -6.338815 -0.000001 0.000001 -18.123415 3.648176 -4.905663 -0.000004 0.000000 -0.000002 1.786192 22.910097 7.142630 57.383701 47.231319 -1.080392 -177.384674 51.675652 -177.966919 -22.865353 4.898119 -27.104063 2.243539 -5.255033 -3.180155 14.282878 -0.826593 6.952497 -0.000003 -12.690592 -0.000001 16.243366 -17.835445 3.106666 1.665664 -1.955920 -2.878294 4.727794 -4.170583 4.993917 11.020513 0.000004 0.000002 12.109033 -3.735711 -2.866777 0.000002 -0.000000 0.000001 1.291984 -1.928547 -1.498089 14.800113 0.567468 3.865607 14.242554 -1.341735 -6.660645 19.631941 0.143928 -0.648240 49.881580 -0.697940 -5.974477 0.353029 -1.511149 -0.031941 20.222771 3.684309 2.316628 18.787247 0.000006 0.000001 10.751613 -0.479865 1.397905 0.000001 0.000001 0.000000 3.273804 0.305947 -0.580109 21.486799 11.830368 2.266133 8.162916 0.000003 0.000000 18.399055 -3.798980 -4.940567 0.000003 0.000001 -0.000001 7.349952 -2.474991 -20.760094 -0.030232 -0.161519 41.385025 -9.148956 12.617779 -13.744471 1.609793 -2.042515 -0.017275 0.000000 -0.000000 0.000002 -5.696378 3.369361 11.230255 -0.054096 0.556114 20.458185 12.277285 -6.361383 -22.302258 -1.459261 1.040476 -0.942936 -0.000000 -0.000000 -0.000001 
2.189728 93.972702 -1.047673 -2.916168 0.230017 -7.766758 2.341693 0.684660 0.801910 0.364438 1.897079 -4.515221 2.706094 0.440937 8.223227 -2.156845 4.125700 12.266551 -0.622797 0.725970 -3.627028 -2.817507 1.215521 -8.419804 0.000077 -0.000022 0.000006 0.019157 -0.098186 0.042016 0.732321 -3.820296 -10.602635 -0.702858 3.616698 -10.580979 -8.684201 -11.918278 7.227790 -45.420570 -48.059433 -12.433981 178.395660 -61.295124 -178.556061 -1.713624 -2.706414 -11.387518 -5.882102 9.861278 0.702590 -10.936856 -0.360576 7.156197 -0.000000 8.774812 -0.000001 -16.269051 18.559496 6.312708 -1.844031 2.498503 -2.507275 -10.163589 4.678939 4.621104 -20.975992 -0.000004 0.000002 -21.226254 2.451693 -3.593994 0.000000 -0.000006 -0.000000 -1.362680 2.240797 -0.746323 -21.334890 0.584908 3.008318 -13.821195 -0.000003 0.000001 -23.887123 -0.249079 -0.839481 -61.216415 2.811344 -1.385411 -0.294024 1.679685 0.833255 -14.218190 0.093214 1.300579 -34.211998 -0.287565 0.967169 -20.033176 0.964534 1.212842 0.000000 0.000000 0.000000 -3.440384 0.788233 0.501654 -15.928167 -3.167307 2.999703 -6.338818 -0.000001 0.000000 -18.123413 3.648176 -4.905661 -0.000005 -0.000000 -0.000002 1.740213 22.893328 7.135892 57.505600 47.212914 -1.029148 -177.414032 51.731407 -178.044250 -22.817202 4.941326 -26.944490 2.243540 -5.255033 -3.180151 14.282878 -0.826595 6.952497 -0.000001 -12.690590 -0.000001 16.226233 -17.786394 3.122339 1.665665 -1.955920 -2.878297 4.727794 -4.170584 4.993918 11.020513 0.000002 0.000001 12.109035 -3.735711 -2.866779 0.000001 -0.000002 0.000001 1.291984 -1.928547 -1.498090 14.800113 0.567466 3.865602 14.242554 -1.341737 -6.660647 19.631939 0.143924 -0.648245 49.920574 -0.699698 -5.919646 0.353029 -1.511149 -0.031939 20.222771 3.684304 2.316630 18.787245 0.000004 -0.000000 10.751610 -0.479868 1.397903 0.000000 0.000001 0.000000 3.273804 0.305946 -0.580110 21.486794 11.830361 2.266130 8.162916 0.000002 -0.000002 18.399057 -3.798980 -4.940570 0.000003 0.000001 -0.000002 7.402616 -2.579947 -20.786972 -0.031925 -0.163110 41.472172 -9.185899 12.602219 -13.762826 1.611321 -2.042701 0.008452 0.000000 -0.000000 0.000002 -5.594498 3.427284 11.191853 -0.050401 0.546388 20.649122 12.288872 -6.446421 -22.458677 -1.461788 1.046522 -0.897301 -0.000000 -0.000000 -0.000001 
2.135161 93.946808 -1.063628 -2.933951 0.290044 -7.835773 2.357079 0.683132 0.816232 0.360566 1.877416 -4.518812 2.719737 0.392658 8.244184 -2.108491 4.095232 12.276354 -0.614628 0.755576 -3.622054 -2.877074 1.251465 -8.308412 0.000077 -0.000022 0.000006 0.020684 -0.090328 0.044389 0.734507 -3.810662 -10.601460 -0.702316 3.625328 -10.579883 -8.704741 -11.962938 7.267337 -45.378765 -48.041527 -12.536964 178.347855 -61.353210 -178.499802 -1.752733 -2.764856 -11.161180 -5.882104 9.861279 0.702590 -10.936858 -0.360575 7.156196 -0.000001 8.774814 -0.000001 -16.282009 18.597181 6.335903 -1.844030 2.498503 -2.507276 -10.163589 4.678939 4.621104 -20.975994 -0.000002 0.000003 -21.226254 2.451693 -3.593994 0.000000 -0.000006 -0.000000 -1.362679 2.240797 -0.746323 -21.334896 0.584908 3.008321 -13.821197 -0.000003 0.000002 -23.887133 -0.249077 -0.839480 -61.234520 2.813794 -1.386725 -0.294025 1.679686 0.833255 -14.218190 0.093214 1.300579 -34.212002 -0.287563 0.967171 -20.033176 0.964535 1.212842 0.000001 -0.000000 0.000000 -3.440386 0.788232 0.501656 -15.928167 -3.167307 2.999704 -6.338817 -0.000001 0.000001 -18.123413 3.648177 -4.905660 -0.000005 -0.000000 -0.000002 1.717641 22.880938 7.131493 57.530380 47.149193 -1.103768 -177.513626 51.779140 -178.201859 -22.762571 4.998681 -26.811855 2.243539 -5.255032 -3.180156 14.282877 -0.826593 6.952496 -0.000003 -12.690588 -0.000001 16.209970 -17.713531 3.114322 1.665665 -1.955920 -2.878297 4.727794 -4.170583 4.993918 11.020512 0.000003 0.000000 12.109028 -3.735708 -2.866778 0.000001 -0.000001 -0.000000 1.291984 -1.928547 -1.498088 14.800114 0.567468 3.865602 14.242553 -1.341735 -6.660648 19.631941 0.143928 -0.648243 49.936707 -0.675549 -5.883201 0.353028 -1.511149 -0.031940 20.222769 3.684307 2.316627 18.787245 0.000007 0.000001 10.751609 -0.479868 1.397905 -0.000001 0.000001 -0.000001 3.273805 0.305947 -0.580110 21.486794 11.830365 2.266132 8.162916 0.000003 -0.000001 18.399050 -3.798978 -4.940566 0.000003 -0.000002 -0.000002 7.450103 -2.666528 -20.772951 -0.028869 -0.156641 41.536972 -9.212844 12.556038 -13.777502 1.611123 -2.022632 0.038104 0.000000 -0.000000 0.000002 -5.503959 3.474185 11.186005 -0.044144 0.530878 20.836798 12.293686 -6.511199 -22.563049 -1.462093 1.053106 -0.821636 0.000000 0.000000 -0.000001 
2.064759 93.936203 -1.079453 -2.944741 0.317156 -7.888993 2.363475 0.684175 0.810277 0.364358 1.870957 -4.531543 2.731645 0.346742 8.271856 -2.053409 4.085053 12.260678 -0.602777 0.738661 -3.608131 -2.944746 1.285505 -8.214436 0.000077 -0.000023 0.000006 0.020771 -0.077560 0.041475 0.738211 -3.794932 -10.603843 -0.706259 3.633148 -10.578660 -8.753366 -12.017687 7.316730 -45.347500 -48.021713 -12.624018 178.414139 -61.361855 -178.588852 -1.785535 -2.775927 -10.968481 -5.882102 9.861279 0.702589 -10.936859 -0.360574 7.156196 -0.000002 8.774813 -0.000001 -16.260834 18.596258 6.354051 -1.844030 2.498502 -2.507276 -10.163589 4.678940 4.621103 -20.975994 -0.000002 0.000003 -21.226255 2.451693 -3.593995 0.000000 -0.000006 -0.000000 -1.362680 2.240797 -0.746323 -21.334898 0.584910 3.008321 -13.821197 -0.000002 0.000002 -23.887133 -0.249077 -0.839482 -61.241871 2.813134 -1.382722 -0.294024 1.679687 0.833256 -14.218195 0.093215 1.300579 -34.212006 -0.287562 0.967168 -20.033176 0.964535 1.212840 0.000000 -0.000000 0.000000 -3.440386 0.788233 0.501655 -15.928167 -3.167306 2.999705 -6.338819 -0.000001 0.000001 -18.123415 3.648176 -4.905662 -0.000004 -0.000000 -0.000001 1.712461 22.846514 7.163754 57.520386 47.135307 -1.119746 -177.590256 51.783997 -178.282425 -22.745754 5.048771 -26.708879 2.243540 -5.255033 -3.180154 14.282875 -0.826596 6.952494 -0.000001 -12.690590 0.000001 16.184471 -17.692430 3.116002 1.665665 -1.955920 -2.878296 4.727794 -4.170585 4.993918 11.020512 0.000001 -0.000001 12.109033 -3.735712 -2.866780 0.000001 -0.000001 0.000001 1.291984 -1.928548 -1.498087 14.800111 0.567466 3.865602 14.242553 -1.341736 -6.660650 19.631935 0.143925 -0.648244 49.959976 -0.676798 -5.872261 0.353029 -1.511150 -0.031941 20.222765 3.684303 2.316627 18.787245 0.000003 -0.000003 10.751612 -0.479869 1.397902 -0.000001 0.000000 0.000000 3.273804 0.305946 -0.580111 21.486788 11.830359 2.266129 8.162916 0.000002 -0.000002 18.399055 -3.798979 -4.940570 0.000002 -0.000001 -0.000001 7.503489 -2.714033 -20.738132 -0.034384 -0.167658 41.544048 -9.222805 12.529774 -13.763863 1.613463 -2.022916 0.071706 0.000000 -0.000000 0.000002 -5.405619 3.549130 11.175361 -0.037350 0.513277 20.981518 12.278810 -6.571064 -22.634712 -1.463695 1.060779 -0.763784 -0.000000 0.000000 -0.000001 
2.044394 93.965164 -1.073787 -2.945600 0.335470 -7.928926 2.363879 0.680217 0.790939 0.371977 1.867981 -4.535016 2.740172 0.305646 8.292053 -2.015541 4.064692 12.241704 -0.575095 0.712626 -3.603472 -2.996174 1.336356 -8.147351 0.000077 -0.000022 0.000006 0.019423 -0.081120 0.036452 0.740809 -3.792160 -10.603306 -0.710757 3.631839 -10.582721 -8.809806 -12.070650 7.367302 -45.336174 -47.985592 -12.711943 178.575714 -61.314892 -178.754211 -1.788924 -2.769974 -10.881150 -5.882101 9.861278 0.702589 -10.936860 -0.360577 7.156196 -0.000002 8.774814 -0.000002 -16.289114 18.593410 6.360358 -1.844032 2.498503 -2.507275 -10.163589 4.678940 4.621102 -20.975994 -0.000003 0.000001 -21.226255 2.451693 -3.593995 -0.000000 -0.000006 0.000000 -1.362680 2.240797 -0.746323 -21.334890 0.584908 3.008320 -13.821195 -0.000003 0.000001 -23.887129 -0.249079 -0.839482 -61.288090 2.809629 -1.377868 -0.294025 1.679687 0.833256 -14.218194 0.093215 1.300579 -34.212002 -0.287564 0.967168 -20.033176 0.964534 1.212841 0.000000 0.000000 0.000000 -3.440382 0.788233 0.501655 -15.928167 -3.167306 2.999703 -6.338815 -0.000001 0.000001 -18.123411 3.648177 -4.905662 -0.000005 -0.000000 -0.000001 1.719267 22.817846 7.189783 57.502842 47.123932 -1.040499 -177.588303 51.751602 -178.287186 -22.751020 5.105914 -26.578630 2.243540 -5.255033 -3.180155 14.282877 -0.826594 6.952496 0.000000 -12.690593 -0.000003 16.194956 -17.701426 3.118322 1.665665 -1.955920 -2.878296 4.727796 -4.170584 4.993919 11.020513 0.000001 -0.000001 12.109034 -3.735712 -2.866782 0.000000 -0.000001 0.000000 1.291984 -1.928548 -1.498086 14.800111 0.567466 3.865605 14.242554 -1.341736 -6.660650 19.631937 0.143924 -0.648246 49.986523 -0.675057 -5.886353 0.353029 -1.511149 -0.031941 20.222769 3.684305 2.316628 18.787245 0.000004 -0.000003 10.751611 -0.479868 1.397902 0.000000 0.000001 0.000000 3.273804 0.305946 -0.580110 21.486790 11.830362 2.266131 8.162918 0.000004 -0.000001 18.399052 -3.798980 -4.940570 0.000002 0.000000 -0.000002 7.510259 -2.750354 -20.638031 -0.035667 -0.171799 41.432350 -9.230323 12.488920 -13.716159 1.613837 -2.026631 0.106991 -0.000000 0.000000 0.000002 -5.344086 3.632943 11.260678 -0.035508 0.518063 20.915825 12.268476 -6.664018 -22.539257 -1.464579 1.053846 -0.730646 -0.000000 -0.000000 -0.000001 
1.996473 94.010704 -1.074417 -2.925677 0.339398 -7.932466 2.347880 0.674095 0.759846 0.381253 1.874441 -4.544104 2.739047 0.273907 8.288568 -1.968765 4.042646 12.218385 -0.537579 0.730965 -3.600633 -3.040387 1.355655 -8.092951 0.000077 -0.000022 0.000006 0.018882 -0.085559 0.032109 0.743878 -3.795252 -10.603257 -0.713457 3.629411 -10.578735 -8.867307 -12.122809 7.387096 -45.337479 -47.933083 -12.811853 178.738373 -61.243961 -178.924438 -1.792792 -2.767919 -10.854366 -5.882100 9.861278 0.702589 -10.936855 -0.360576 7.156196 0.000001 8.774814 -0.000001 -16.321060 18.599838 6.367770 -1.844029 2.498502 -2.507277 -10.163588 4.678938 4.621105 -20.975994 -0.000005 0.000001 -21.226250 2.451691 -3.593994 0.000000 -0.000006 -0.000000 -1.362680 2.240797 -0.746324 -21.334887 0.584907 3.008321 -13.821197 -0.000003 0.000002 -23.887129 -0.249079 -0.839480 -61.295208 2.812270 -1.382124 -0.294026 1.679687 0.833256 -14.218192 0.093214 1.300579 -34.211998 -0.287566 0.967169 -20.033173 0.964533 1.212842 0.000001 -0.000000 -0.000000 -3.440385 0.788234 0.501654 -15.928163 -3.167307 2.999703 -6.338817 -0.000002 0.000001 -18.123411 3.648174 -4.905661 -0.000005 -0.000000 -0.000002 1.754988 22.780733 7.203773 57.458832 47.095360 -0.883445 -177.518387 51.716347 -178.247406 -22.775078 5.201733 -26.568640 2.243540 -5.255033 -3.180158 14.282877 -0.826592 6.952495 -0.000003 -12.690588 0.000000 16.198515 -17.713436 3.144899 1.665665 -1.955920 -2.878296 4.727794 -4.170582 4.993917 11.020513 0.000004 0.000000 12.109029 -3.735708 -2.866778 0.000001 -0.000000 -0.000001 1.291984 -1.928548 -1.498087 14.800114 0.567469 3.865604 14.242553 -1.341734 -6.660648 19.631939 0.143927 -0.648243 50.016460 -0.689011 -5.913632 0.353029 -1.511149 -0.031941 20.222771 3.684306 2.316630 18.787245 0.000005 -0.000000 10.751613 -0.479868 1.397904 -0.000001 0.000001 0.000001 3.273804 0.305947 -0.580111 21.486792 11.830361 2.266130 8.162915 0.000002 0.000000 18.399054 -3.798977 -4.940566 0.000002 -0.000001 -0.000002 7.516959 -2.763705 -20.541510 -0.047876 -0.188495 41.248405 -9.236522 12.473734 -13.626801 1.614770 -2.026783 0.132160 0.000000 -0.000000 0.000002 -5.290223 3.723497 11.322348 -0.027465 0.518604 20.797575 12.241198 -6.741864 -22.436365 -1.463660 1.056128 -0.750015 -0.000000 -0.000000 -0.000001 
2.008906 94.080803 -1.078286 -2.890030 0.344926 -7.929002 2.330840 0.665705 0.737465 0.389752 1.893482 -4.543759 2.722912 0.252870 8.255265 -1.916378 4.011054 12.183635 -0.512490 0.745151 -3.598630 -3.037201 1.345837 -8.014328 0.000077 -0.000022 0.000006 0.019001 -0.101098 0.030585 0.747455 -3.807188 -10.592260 -0.715946 3.603886 -10.561188 -8.906955 -12.166802 7.368330 -45.366440 -47.907639 -12.820347 178.848724 -61.209515 -179.002121 -1.777077 -2.744592 -10.926669 -5.882100 9.861279 0.702590 -10.936858 -0.360576 7.156197 -0.000001 8.774813 -0.000000 -16.321793 18.574917 6.367280 -1.844033 2.498502 -2.507276 -10.163590 4.678940 4.621104 -20.975998 -0.000004 0.000003 -21.226255 2.451693 -3.593994 0.000000 -0.000006 -0.000000 -1.362677 2.240796 -0.746322 -21.334892 0.584908 3.008320 -13.821198 -0.000002 0.000002 -23.887131 -0.249077 -0.839480 -61.305622 2.796942 -1.388565 -0.294024 1.679686 0.833254 -14.218194 0.093214 1.300580 -34.212006 -0.287564 0.967171 -20.033180 0.964535 1.212842 0.000001 0.000000 -0.000000 -3.440386 0.788232 0.501654 -15.928167 -3.167306 2.999703 -6.338817 -0.000001 0.000001 -18.123415 3.648175 -4.905661 -0.000004 0.000000 -0.000002 1.797290 22.769264 7.209984 57.378204 47.090626 -0.797812 -177.460785 51.695637 -178.239212 -22.795055 5.301307 -26.560556 2.243539 -5.255031 -3.180153 14.282873 -0.826593 6.952497 -0.000003 -12.690587 0.000000 16.234282 -17.747198 3.130161 1.665665 -1.955920 -2.878294 4.727794 -4.170583 4.993919 11.020512 0.000003 0.000001 12.109031 -3.735708 -2.866779 0.000002 -0.000001 -0.000000 1.291984 -1.928548 -1.498087 14.800113 0.567468 3.865602 14.242554 -1.341733 -6.660651 19.631937 0.143925 -0.648243 50.011353 -0.722241 -5.941823 0.353029 -1.511149 -0.031940 20.222765 3.684305 2.316630 18.787245 0.000005 0.000001 10.751610 -0.479866 1.397903 -0.000001 0.000001 -0.000000 3.273804 0.305947 -0.580112 21.486790 11.830360 2.266134 8.162917 0.000004 -0.000001 18.399048 -3.798980 -4.940566 0.000003 -0.000001 -0.000001 7.460357 -2.791673 -20.414303 -0.054841 -0.200794 40.987171 -9.195029 12.460055 -13.497947 1.615423 -2.034247 0.136059 0.000000 0.000000 0.000002 -5.290156 3.806777 11.463959 -0.032397 0.536774 20.485027 12.260032 -6.790428 -22.234901 -1.461481 1.049759 -0.797836 -0.000000 -0.000000 -0.000001 
2.001106 94.161270 -1.068755 -2.839660 0.354324 -7.908084 2.305538 0.667065 0.716915 0.389794 1.899297 -4.546794 2.701576 0.247068 8.227732 -1.855040 3.993543 12.154889 -0.495491 0.759664 -3.594320 -3.038194 1.340752 -7.962524 0.000077 -0.000022 0.000006 0.017856 -0.114771 0.032582 0.748281 -3.820744 -10.588648 -0.718555 3.584050 -10.554128 -8.939975 -12.244143 7.334835 -45.324940 -47.899521 -12.916448 178.919952 -61.187222 -179.087448 -1.795979 -2.705935 -11.048881 -5.882102 9.861279 0.702590 -10.936864 -0.360574 7.156196 0.000001 8.774813 -0.000001 -16.327419 18.558023 6.370229 -1.844031 2.498502 -2.507276 -10.163589 4.678940 4.621104 -20.975996 -0.000003 0.000004 -21.226255 2.451694 -3.593995 0.000000 -0.000006 0.000001 -1.362680 2.240796 -0.746323 -21.334887 0.584908 3.008321 -13.821197 -0.000003 0.000002 -23.887131 -0.249078 -0.839481 -61.284824 2.781110 -1.379134 -0.294024 1.679685 0.833255 -14.218195 0.093215 1.300579 -34.211998 -0.287563 0.967169 -20.033180 0.964535 1.212841 0.000001 0.000000 0.000000 -3.440385 0.788233 0.501655 -15.928169 -3.167305 2.999703 -6.338817 -0.000001 0.000001 -18.123413 3.648175 -4.905660 -0.000004 -0.000000 -0.000001 1.842982 22.763226 7.222627 57.170689 47.167854 -0.825826 -177.356781 51.745415 -178.157166 -22.860445 5.390247 -26.633150 2.243539 -5.255033 -3.180155 14.282875 -0.826593 6.952496 -0.000002 -12.690590 -0.000002 16.278547 -17.774731 3.134323 1.665664 -1.955920 -2.878294 4.727793 -4.170584 4.993921 11.020511 0.000002 0.000000 12.109029 -3.735708 -2.866779 0.000002 -0.000000 -0.000001 1.291984 -1.928548 -1.498088 14.800111 0.567468 3.865604 14.242553 -1.341735 -6.660648 19.631937 0.143926 -0.648243 50.007492 -0.752029 -5.952260 0.353029 -1.511149 -0.031939 20.222769 3.684305 2.316629 18.787245 0.000006 -0.000001 10.751610 -0.479870 1.397906 -0.000001 0.000001 -0.000000 3.273803 0.305947 -0.580110 21.486788 11.830363 2.266134 8.162914 0.000002 -0.000001 18.399052 -3.798979 -4.940569 0.000002 0.000000 -0.000001 7.401398 -2.816394 -20.291800 -0.057365 -0.211238 40.715012 -9.160397 12.423746 -13.326739 1.615609 -2.044063 0.129866 -0.000000 0.000000 0.000002 -5.288346 3.876279 11.500321 -0.041424 0.553532 20.240498 12.251184 -6.842709 -22.057701 -1.460070 1.041881 -0.832016 -0.000000 -0.000000 -0.000001 
1.999311 94.210823 -1.062404 -2.785272 0.366698 -7.878296 2.279639 0.658565 0.701423 0.395411 1.922655 -4.537063 2.672322 0.249989 8.186567 -1.798793 3.969070 12.119920 -0.470059 0.770063 -3.590476 -3.050796 1.341422 -7.906445 0.000077 -0.000022 0.000006 0.016527 -0.138842 0.034177 0.747787 -3.840330 -10.587992 -0.719216 3.559267 -10.546408 -8.979821 -12.314622 7.305281 -45.309341 -47.897739 -12.974849 178.880554 -61.145351 -179.066055 -1.846281 -2.636863 -11.119063 -5.882101 9.861279 0.702590 -10.936860 -0.360573 7.156196 -0.000001 8.774814 -0.000001 -16.308771 18.547688 6.402515 -1.844033 2.498502 -2.507275 -10.163589 4.678940 4.621105 -20.975998 -0.000004 0.000002 -21.226255 2.451692 -3.593995 0.000000 -0.000006 0.000001 -1.362682 2.240797 -0.746323 -21.334887 0.584908 3.008320 -13.821198 -0.000002 0.000002 -23.887131 -0.249078 -0.839482 -61.242889 2.770588 -1.350368 -0.294027 1.679687 0.833255 -14.218194 0.093215 1.300578 -34.212002 -0.287564 0.967169 -20.033180 0.964535 1.212841 0.000000 -0.000000 0.000000 -3.440386 0.788233 0.501655 -15.928167 -3.167307 2.999703 -6.338817 -0.000001 0.000001 -18.123413 3.648175 -4.905662 -0.000005 -0.000000 -0.000001 1.891346 22.750961 7.249733 56.959190 47.234402 -0.925880 -177.276688 51.762814 -178.081772 -22.910292 5.473281 -26.603159 2.243539 -5.255032 -3.180153 14.282877 -0.826594 6.952497 -0.000002 -12.690591 -0.000001 16.307808 -17.790232 3.118288 1.665665 -1.955920 -2.878295 4.727794 -4.170583 4.993919 11.020513 0.000003 0.000000 12.109032 -3.735708 -2.866779 0.000001 -0.000000 -0.000000 1.291984 -1.928548 -1.498089 14.800114 0.567467 3.865604 14.242551 -1.341735 -6.660649 19.631937 0.143927 -0.648244 50.030148 -0.778156 -5.991488 0.353029 -1.511149 -0.031941 20.222767 3.684305 2.316630 18.787245 0.000004 0.000001 10.751608 -0.479870 1.397904 -0.000002 0.000001 0.000002 3.273804 0.305947 -0.580111 21.486790 11.830361 2.266132 8.162916 0.000002 -0.000002 18.399055 -3.798980 -4.940567 0.000002 0.000001 -0.000001 7.332096 -2.872490 -20.227388 -0.054533 -0.220823 40.532047 -9.129995 12.360718 -13.219147 1.615852 -2.037424 0.110419 -0.000000 -0.000000 0.000002 -5.322667 3.918267 11.583591 -0.041038 0.572895 20.031368 12.284124 -6.844006 -21.932766 -1.458390 1.034346 -0.846381 0.000000 0.000000 -0.000001 
1.982552 94.244537 -1.025842 -2.737220 0.402254 -7.850039 2.258645 0.642419 0.699510 0.395225 1.936061 -4.537121 2.644899 0.256229 8.159163 -1.753180 3.948720 12.088670 -0.456183 0.776648 -3.580559 -3.068767 1.345312 -7.870593 0.000077 -0.000022 0.000006 0.016093 -0.145808 0.032510 0.742411 -3.846202 -10.578131 -0.717813 3.547216 -10.533848 -9.038703 -12.370194 7.314971 -45.230629 -47.889420 -13.095266 178.850052 -61.064171 -179.051880 -1.897105 -2.566079 -11.192009 -5.882101 9.861278 0.702589 -10.936854 -0.360577 7.156196 -0.000000 8.774813 -0.000002 -16.263338 18.537239 6.414536 -1.844031 2.498502 -2.507275 -10.163589 4.678939 4.621102 -20.975994 -0.000005 0.000000 -21.226250 2.451690 -3.593995 0.000000 -0.000006 -0.000001 -1.362679 2.240796 -0.746323 -21.334887 0.584906 3.008318 -13.821197 -0.000004 0.000001 -23.887133 -0.249080 -0.839481 -61.216873 2.762001 -1.333429 -0.294025 1.679687 0.833255 -14.218192 0.093214 1.300577 -34.211998 -0.287567 0.967167 -20.033176 0.964532 1.212840 0.000000 -0.000000 0.000000 -3.440386 0.788233 0.501654 -15.928165 -3.167307 2.999702 -6.338813 -0.000001 0.000000 -18.123411 3.648174 -4.905662 -0.000004 0.000000 -0.000001 1.926853 22.774862 7.311504 56.659019 47.325516 -1.105311 -177.166824 51.813126 -178.004456 -22.994076 5.561171 -26.599941 2.243540 -5.255033 -3.180155 14.282877 -0.826594 6.952494 -0.000002 -12.690591 -0.000001 16.375036 -17.855297 3.113760 1.665665 -1.955920 -2.878296 4.727794 -4.170583 4.993918 11.020513 0.000002 0.000000 12.109031 -3.735710 -2.866782 0.000002 -0.000001 -0.000000 1.291984 -1.928548 -1.498089 14.800111 0.567467 3.865602 14.242553 -1.341735 -6.660648 19.631941 0.143925 -0.648245 50.086056 -0.810003 -6.062984 0.353029 -1.511149 -0.031941 20.222769 3.684303 2.316628 18.787245 0.000005 -0.000004 10.751610 -0.479868 1.397902 -0.000001 0.000002 0.000001 3.273804 0.305946 -0.580110 21.486792 11.830359 2.266130 8.162916 0.000003 -0.000002 18.399054 -3.798978 -4.940569 0.000002 -0.000001 -0.000001 7.279150 -2.937115 -20.202393 -0.052407 -0.228978 40.459747 -9.112398 12.347259 -13.124500 1.614604 -2.039372 0.106748 0.000000 -0.000000 0.000002 -5.364893 3.948072 11.626597 -0.048205 0.575680 19.925579 12.327218 -6.803986 -21.830862 -1.456970 1.030128 -0.869489 0.000000 -0.000000 -0.000001 
1.978663 94.252548 -0.990290 -2.703606 0.426251 -7.815499 2.240968 0.627252 0.699433 0.396782 1.947965 -4.535062 2.629824 0.246906 8.134813 -1.720738 3.936023 12.091581 -0.445353 0.810424 -3.583128 -3.105779 1.331397 -7.850667 0.000077 -0.000022 0.000006 0.014178 -0.145752 0.030089 0.737462 -3.840664 -10.576741 -0.716160 3.549114 -10.527973 -9.081246 -12.394640 7.336144 -45.185421 -47.887169 -13.153402 178.709213 -60.981632 -179.034698 -1.990361 -2.483822 -11.227227 -5.882103 9.861278 0.702590 -10.936859 -0.360575 7.156198 -0.000001 8.774814 -0.000001 -16.212915 18.538919 6.416570 -1.844032 2.498502 -2.507276 -10.163589 4.678940 4.621103 -20.975998 -0.000003 0.000003 -21.226255 2.451693 -3.593992 0.000000 -0.000006 -0.000001 -1.362681 2.240797 -0.746323 -21.334892 0.584910 3.008319 -13.821198 -0.000002 0.000002 -23.887133 -0.249078 -0.839481 -61.215508 2.771231 -1.328899 -0.294022 1.679686 0.833255 -14.218195 0.093214 1.300578 -34.212013 -0.287563 0.967168 -20.033182 0.964535 1.212841 0.000001 0.000000 -0.000000 -3.440388 0.788233 0.501654 -15.928169 -3.167306 2.999703 -6.338817 -0.000001 0.000001 -18.123417 3.648176 -4.905661 -0.000004 0.000000 -0.000002 1.958259 22.801439 7.402168 56.405800 47.407555 -1.181118 -176.936798 51.848484 -177.773666 -23.039743 5.657765 -26.479410 2.243540 -5.255033 -3.180156 14.282875 -0.826595 6.952498 -0.000001 -12.690588 0.000001 16.444876 -17.934952 3.118001 1.665665 -1.955920 -2.878294 4.727793 -4.170582 4.993920 11.020510 0.000002 0.000000 12.109033 -3.735709 -2.866780 0.000001 -0.000002 -0.000000 1.291985 -1.928548 -1.498087 14.800111 0.567467 3.865603 14.242553 -1.341735 -6.660648 19.631939 0.143924 -0.648244 50.136272 -0.822696 -6.126143 0.353029 -1.511149 -0.031940 20.222767 3.684303 2.316628 18.787245 0.000003 -0.000000 10.751610 -0.479867 1.397904 -0.000002 0.000000 0.000000 3.273804 0.305946 -0.580111 21.486790 11.830359 2.266131 8.162916 0.000002 -0.000001 18.399054 -3.798980 -4.940567 0.000003 0.000000 -0.000003 7.239631 -2.981332 -20.204340 -0.053527 -0.231546 40.430244 -9.092574 12.319784 -13.125190 1.616704 -2.051756 0.058198 -0.000000 0.000000 0.000002 -5.397172 3.957687 11.628483 -0.049584 0.586458 19.894670 12.369092 -6.757473 -21.822754 -1.454320 1.024632 -0.895206 0.000000 0.000000 -0.000001 
1.904910 94.244400 -0.999589 -2.678023 0.463133 -7.816267 2.226341 0.619556 0.721537 0.386074 1.934823 -4.553945 2.625707 0.234612 8.150004 -1.690831 3.939830 12.118805 -0.442955 0.819972 -3.586523 -3.150710 1.331536 -7.844013 0.000077 -0.000023 0.000006 0.010468 -0.145712 0.027829 0.726471 -3.839381 -10.554771 -0.710071 3.542571 -10.509347 -9.092352 -12.400840 7.361152 -45.136044 -47.914055 -13.272246 178.616180 -60.926495 -179.070343 -2.073989 -2.396348 -11.264390 -5.882101 9.861279 0.702589 -10.936858 -0.360576 7.156198 -0.000001 8.774815 -0.000002 -16.147076 18.578537 6.422103 -1.844031 2.498503 -2.507275 -10.163590 4.678940 4.621104 -20.975994 -0.000003 0.000003 -21.226255 2.451694 -3.593994 0.000000 -0.000006 -0.000001 -1.362680 2.240797 -0.746323 -21.334887 0.584907 3.008321 -13.821197 -0.000003 0.000002 -23.887129 -0.249078 -0.839481 -61.199326 2.780639 -1.336875 -0.294023 1.679686 0.833255 -14.218192 0.093214 1.300580 -34.212002 -0.287563 0.967172 -20.033178 0.964535 1.212842 0.000000 0.000000 -0.000000 -3.440385 0.788233 0.501655 -15.928169 -3.167308 2.999705 -6.338818 -0.000001 0.000002 -18.123411 3.648176 -4.905662 -0.000004 0.000000 -0.000001 1.992967 22.858643 7.517293 56.150871 47.488331 -1.234409 -176.683167 51.926338 -177.507202 -23.126087 5.778279 -26.442341 2.243540 -5.255032 -3.180152 14.282875 -0.826595 6.952495 -0.000001 -12.690588 -0.000002 16.506685 -18.050438 3.134715 1.665665 -1.955920 -2.878297 4.727794 -4.170582 4.993917 11.020511 0.000003 0.000001 12.109033 -3.735711 -2.866779 0.000001 -0.000000 -0.000000 1.291984 -1.928548 -1.498088 14.800114 0.567467 3.865606 14.242553 -1.341736 -6.660649 19.631939 0.143925 -0.648244 50.159992 -0.875933 -6.197209 0.353029 -1.511149 -0.031942 20.222771 3.684305 2.316629 18.787245 0.000004 -0.000000 10.751610 -0.479870 1.397904 -0.000001 0.000002 0.000001 3.273804 0.305947 -0.580111 21.486792 11.830362 2.266131 8.162916 0.000002 -0.000001 18.399050 -3.798977 -4.940567 0.000003 -0.000001 -0.000003 7.260310 -2.986480 -20.234716 -0.054284 -0.233337 40.458447 -9.070991 12.277877 -13.061426 1.614995 -2.076414 -0.017013 0.000000 0.000000 0.000002 -5.359812 3.877878 11.569271 -0.063107 0.591994 20.181808 12.347182 -6.663110 -21.845060 -1.450447 1.015437 -0.941906 0.000000 0.000000 -0.000001 
1.846571 94.195488 -1.036280 -2.674284 0.510953 -7.820864 2.222693 0.606786 0.753758 0.365382 1.934041 -4.577054 2.630667 0.181455 8.162516 -1.638210 3.990327 12.149611 -0.473835 0.783049 -3.585392 -3.192017 1.351414 -7.823260 0.000077 -0.000022 0.000006 0.008325 -0.152674 0.023846 0.717868 -3.843065 -10.527566 -0.705355 3.528081 -10.479918 -9.062609 -12.365102 7.410580 -45.071621 -47.903946 -13.536967 178.677124 -60.858650 -179.263763 -2.117761 -2.311773 -11.322694 -5.882100 9.861278 0.702590 -10.936860 -0.360575 7.156198 -0.000003 8.774814 -0.000002 -16.120409 18.685987 6.428510 -1.844031 2.498503 -2.507276 -10.163589 4.678940 4.621104 -20.975996 -0.000002 0.000002 -21.226254 2.451694 -3.593994 0.000000 -0.000006 0.000002 -1.362681 2.240797 -0.746323 -21.334887 0.584908 3.008321 -13.821197 -0.000003 0.000002 -23.887131 -0.249078 -0.839482 -61.256550 2.806902 -1.350575 -0.294023 1.679685 0.833255 -14.218192 0.093214 1.300580 -34.212002 -0.287563 0.967171 -20.033180 0.964536 1.212842 0.000000 0.000000 -0.000000 -3.440387 0.788233 0.501655 -15.928165 -3.167305 2.999703 -6.338818 -0.000001 0.000002 -18.123415 3.648176 -4.905661 -0.000004 -0.000000 -0.000001 2.010542 22.968670 7.610315 56.003819 47.556458 -1.236054 -176.524704 52.066849 -177.238174 -23.203011 5.839859 -26.491684 2.243540 -5.255033 -3.180153 14.282877 -0.826596 6.952496 -0.000000 -12.690590 -0.000001 16.537342 -18.155552 3.139874 1.665665 -1.955920 -2.878296 4.727794 -4.170584 4.993921 11.020512 0.000002 -0.000002 12.109030 -3.735711 -2.866781 0.000001 -0.000002 -0.000001 1.291984 -1.928548 -1.498086 14.800111 0.567466 3.865602 14.242553 -1.341736 -6.660647 19.631933 0.143923 -0.648243 50.145573 -0.903864 -6.211543 0.353029 -1.511149 -0.031941 20.222769 3.684303 2.316627 18.787243 0.000003 -0.000000 10.751608 -0.479871 1.397904 0.000000 0.000001 0.000000 3.273804 0.305947 -0.580111 21.486790 11.830361 2.266130 8.162916 0.000003 -0.000002 18.399054 -3.798981 -4.940568 0.000003 -0.000002 -0.000003 7.297827 -2.991145 -20.281139 -0.060587 -0.227775 40.480663 -8.995373 12.213378 -13.156585 1.617004 -2.109222 -0.060324 -0.000000 0.000000 0.000002 -5.351755 3.798985 11.407667 -0.053857 0.592796 20.506315 12.369975 -6.668489 -22.057507 -1.447846 1.015218 -0.988486 0.000000 0.000000 -0.000001 
1.776578 94.166061 -1.065050 -2.688162 0.582735 -7.857599 2.230977 0.587065 0.793974 0.329717 1.938519 -4.631426 2.647274 0.122613 8.239249 -1.602070 4.030135 12.180946 -0.522535 0.716921 -3.602021 -3.198605 1.421693 -7.849131 0.000077 -0.000022 0.000006 0.005890 -0.179467 0.016742 0.706469 -3.857260 -10.491648 -0.702153 3.496106 -10.453163 -8.986070 -12.241639 7.549237 -45.021618 -48.018906 -14.087054 179.123123 -60.943985 -179.598633 -2.191476 -2.294993 -11.582868 -5.882098 9.861279 0.702589 -10.936857 -0.360574 7.156198 0.000001 8.774813 0.000000 -16.087582 18.844843 6.466517 -1.844031 2.498502 -2.507277 -10.163581 4.678938 4.621104 -20.975992 -0.000006 0.000000 -21.226248 2.451690 -3.593995 0.000000 -0.000006 -0.000000 -1.362679 2.240796 -0.746323 -21.334885 0.584906 3.008319 -13.821197 -0.000004 0.000001 -23.887125 -0.249081 -0.839481 -61.209339 2.867314 -1.339424 -0.294025 1.679686 0.833257 -14.218187 0.093213 1.300579 -34.211990 -0.287568 0.967169 -20.033178 0.964533 1.212842 0.000001 0.000000 0.000000 -3.440385 0.788232 0.501655 -15.928167 -3.167308 2.999704 -6.338816 -0.000001 0.000001 -18.123411 3.648175 -4.905662 -0.000004 0.000000 -0.000001 1.943981 23.083944 7.618293 55.982361 47.586807 -1.416915 -176.613617 52.206184 -177.148651 -23.226749 5.834776 -26.406723 2.243539 -5.255032 -3.180156 14.282875 -0.826591 6.952498 -0.000005 -12.690592 0.000001 16.476330 -18.254169 3.109334 1.665665 -1.955920 -2.878298 4.727791 -4.170582 4.993917 11.020511 0.000004 0.000001 12.109030 -3.735706 -2.866779 0.000001 -0.000001 0.000001 1.291984 -1.928548 -1.498088 14.800114 0.567471 3.865604 14.242551 -1.341730 -6.660648 19.631935 0.143929 -0.648239 50.118088 -0.960333 -6.205559 0.353028 -1.511149 -0.031940 20.222769 3.684310 2.316628 18.787245 0.000007 0.000001 10.751610 -0.479867 1.397905 0.000000 0.000001 0.000000 3.273804 0.305947 -0.580109 21.486790 11.830368 2.266131 8.162915 0.000004 -0.000001 18.399048 -3.798978 -4.940566 0.000002 0.000000 -0.000001 7.359709 -3.004817 -20.306334 -0.070035 -0.221651 40.527470 -8.921998 12.104797 -13.153765 1.618049 -2.144522 -0.102366 -0.000000 0.000000 0.000002 -5.323467 3.675600 11.327061 -0.051711 0.591604 20.754555 12.480392 -6.734846 -22.179728 -1.449508 1.033825 -1.023134 0.000000 -0.000000 -0.000001 
