HIERARCHY
ROOT Hips
{
	OFFSET 0.000000 0.000000 0.000000
	CHANNELS 6 Xposition Yposition Zposition Zrotation Yrotation Xrotation 
	JOINT Spine1
	{
		OFFSET -0.013727 5.003762 -0.053727
		CHANNELS 3 Zrotation Yrotation Xrotation
		JOINT Spine2
		{
			OFFSET -0.000000 7.125302 -0.029825
			CHANNELS 3 Zrotation Yrotation Xrotation
			JOINT Chest
			{
				OFFSET -0.000000 7.550064 -0.815971
				CHANNELS 3 Zrotation Yrotation Xrotation
				JOINT Neck1
				{
					OFFSET -0.181677 26.311296 -0.553348
					CHANNELS 3 Zrotation Yrotation Xrotation
					JOINT Neck2
					{
						OFFSET -0.000003 7.709399 2.302586
						CHANNELS 3 Zrotation Yrotation Xrotation
						JOINT Head
						{
							OFFSET -0.000005 6.128914 1.953708
							CHANNELS 3 Zrotation Yrotation Xrotation
							JOINT HeadEnd
							{
								OFFSET 0.003598 16.065401 -1.835379
								CHANNELS 3 Zrotation Yrotation Xrotation
								End Site
								{
									OFFSET 0.000000 0.000000 0.000000
								}
							}
							JOINT Jaw
							{
								OFFSET 0.002637 0.475592 3.094941
								CHANNELS 3 Zrotation Yrotation Xrotation
								End Site
								{
									OFFSET 0.000000 0.000000 0.000000
								}
							}
							JOINT LeftEye
							{
								OFFSET 3.206381 5.380207 7.586884
								CHANNELS 3 Zrotation Yrotation Xrotation
								End Site
								{
									OFFSET 0.000000 0.000000 0.000000
								}
							}
							JOINT RightEye
							{
								OFFSET -3.222440 5.361866 7.558233
								CHANNELS 3 Zrotation Yrotation Xrotation
								End Site
								{
									OFFSET 0.000000 0.000000 0.000000
								}
							}
						}
					}
				}
				JOINT LeftShoulder
				{
					OFFSET 1.621652 23.237164 5.113413
					CHANNELS 3 Zrotation Yrotation Xrotation
					JOINT LeftArm
					{
						OFFSET 14.919845 0.000002 -5.502327
						CHANNELS 3 Zrotation Yrotation Xrotation
						JOINT LeftForeArm
						{
							OFFSET 28.739309 0.000003 -0.002588
							CHANNELS 3 Zrotation Yrotation Xrotation
							JOINT LeftHand
							{
								OFFSET 27.093979 -0.000003 0.002608
								CHANNELS 3 Zrotation Yrotation Xrotation
								JOINT LeftHandThumb1
								{
									OFFSET 2.276480 -1.392045 3.191413
									CHANNELS 3 Zrotation Yrotation Xrotation
									JOINT LeftHandThumb2
									{
										OFFSET 4.012841 -1.828125 1.641655
										CHANNELS 3 Zrotation Yrotation Xrotation
										JOINT LeftHandThumb3
										{
											OFFSET 2.798517 0.000001 -0.000003
											CHANNELS 3 Zrotation Yrotation Xrotation
											JOINT LeftHandThumbEnd
											{
												OFFSET 3.180791 -0.000002 0.000003
												CHANNELS 3 Zrotation Yrotation Xrotation
												End Site
												{
													OFFSET 0.000000 0.000000 0.000000
												}
											}
										}
									}
								}
								JOINT LeftHandIndex1
								{
									OFFSET 3.247554 -0.531997 2.296170
									CHANNELS 3 Zrotation Yrotation Xrotation
									JOINT LeftHandIndex2
									{
										OFFSET 6.364580 0.012062 0.178600
										CHANNELS 3 Zrotation Yrotation Xrotation
										JOINT LeftHandIndex3
										{
											OFFSET 3.662366 0.000000 0.000000
											CHANNELS 3 Zrotation Yrotation Xrotation
											JOINT LeftHandIndex4
											{
												OFFSET 2.329242 0.000002 0.000003
												CHANNELS 3 Zrotation Yrotation Xrotation
												JOINT LeftHandIndexEnd
												{
													OFFSET 2.759619 -0.180539 -0.113024
													CHANNELS 3 Zrotation Yrotation Xrotation
													End Site
													{
														OFFSET 0.000000 0.000000 0.000000
													}
												}
											}
										}
									}
								}
								JOINT LeftHandMiddle1
								{
									OFFSET 3.163499 0.240982 1.000333
									CHANNELS 3 Zrotation Yrotation Xrotation
									JOINT LeftHandMiddle2
									{
										OFFSET 6.190777 -0.259277 -1.002549
										CHANNELS 3 Zrotation Yrotation Xrotation
										JOINT LeftHandMiddle3
										{
											OFFSET 4.356523 -0.000006 0.000001
											CHANNELS 3 Zrotation Yrotation Xrotation
											JOINT LeftHandMiddle4
											{
												OFFSET 2.996875 -0.000007 0.000000
												CHANNELS 3 Zrotation Yrotation Xrotation
												JOINT LeftHandMiddleEnd
												{
													OFFSET 2.304294 -0.294571 -0.031740
													CHANNELS 3 Zrotation Yrotation Xrotation
													End Site
													{
														OFFSET 0.000000 0.000000 0.000000
													}
												}
											}
										}
									}
								}
								JOINT LeftHandRing1
								{
									OFFSET 2.882643 -0.053650 -0.322543
									CHANNELS 3 Zrotation Yrotation Xrotation
									JOINT LeftHandRing2
									{
										OFFSET 5.854542 -0.486203 -1.373841
										CHANNELS 3 Zrotation Yrotation Xrotation
										JOINT LeftHandRing3
										{
											OFFSET 4.350580 -0.000001 0.000003
											CHANNELS 3 Zrotation Yrotation Xrotation
											JOINT LeftHandRing4
											{
												OFFSET 2.651324 0.000007 0.000003
												CHANNELS 3 Zrotation Yrotation Xrotation
												JOINT LeftHandRingEnd
												{
													OFFSET 1.936111 0.077686 -0.000069
													CHANNELS 3 Zrotation Yrotation Xrotation
													End Site
													{
														OFFSET 0.000000 0.000000 0.000000
													}
												}
											}
										}
									}
								}
								JOINT LeftHandPinky1
								{
									OFFSET 2.865500 -0.310003 -1.600378
									CHANNELS 3 Zrotation Yrotation Xrotation
									JOINT LeftHandPinky2
									{
										OFFSET 5.087852 -1.331142 -1.771231
										CHANNELS 3 Zrotation Yrotation Xrotation
										JOINT LeftHandPinky3
										{
											OFFSET 3.070975 0.000003 0.000000
											CHANNELS 3 Zrotation Yrotation Xrotation
											JOINT LeftHandPinky4
											{
												OFFSET 1.549667 0.000000 0.000001
												CHANNELS 3 Zrotation Yrotation Xrotation
												JOINT LeftHandPinkyEnd
												{
													OFFSET 1.944895 -0.157801 0.057219
													CHANNELS 3 Zrotation Yrotation Xrotation
													End Site
													{
														OFFSET 0.000000 0.000000 0.000000
													}
												}
											}
										}
									}
								}
							}
						}
					}
				}
				JOINT RightShoulder
				{
					OFFSET -1.380118 23.180307 5.214158
					CHANNELS 3 Zrotation Yrotation Xrotation
					JOINT RightArm
					{
						OFFSET -15.037197 0.000011 -5.545604
						CHANNELS 3 Zrotation Yrotation Xrotation
						JOINT RightForeArm
						{
							OFFSET -28.736639 0.000003 -0.002597
							CHANNELS 3 Zrotation Yrotation Xrotation
							JOINT RightHand
							{
								OFFSET -27.133619 -0.000001 0.002613
								CHANNELS 3 Zrotation Yrotation Xrotation
								JOINT RightHandThumb1
								{
									OFFSET -2.274036 -1.383990 3.163127
									CHANNELS 3 Zrotation Yrotation Xrotation
									JOINT RightHandThumb2
									{
										OFFSET -4.011429 -1.827468 1.640914
										CHANNELS 3 Zrotation Yrotation Xrotation
										JOINT RightHandThumb3
										{
											OFFSET -2.794935 -0.000003 -0.000003
											CHANNELS 3 Zrotation Yrotation Xrotation
											JOINT RightHandThumbEnd
											{
												OFFSET -3.183855 0.000003 0.000000
												CHANNELS 3 Zrotation Yrotation Xrotation
												End Site
												{
													OFFSET 0.000000 0.000000 0.000000
												}
											}
										}
									}
								}
								JOINT RightHandIndex1
								{
									OFFSET -3.253269 -0.520060 2.282866
									CHANNELS 3 Zrotation Yrotation Xrotation
									JOINT RightHandIndex2
									{
										OFFSET -6.341918 0.012473 0.178265
										CHANNELS 3 Zrotation Yrotation Xrotation
										JOINT RightHandIndex3
										{
											OFFSET -3.654874 -0.000010 -0.000001
											CHANNELS 3 Zrotation Yrotation Xrotation
											JOINT RightHandIndex4
											{
												OFFSET -2.327587 0.000001 0.000000
												CHANNELS 3 Zrotation Yrotation Xrotation
												JOINT RightHandIndexEnd
												{
													OFFSET -2.761789 -0.180657 -0.113079
													CHANNELS 3 Zrotation Yrotation Xrotation
													End Site
													{
														OFFSET 0.000000 0.000000 0.000000
													}
												}
											}
										}
									}
								}
								JOINT RightHandMiddle1
								{
									OFFSET -3.168107 0.246593 1.001031
									CHANNELS 3 Zrotation Yrotation Xrotation
									JOINT RightHandMiddle2
									{
										OFFSET -6.180830 -0.258836 -1.000896
										CHANNELS 3 Zrotation Yrotation Xrotation
										JOINT RightHandMiddle3
										{
											OFFSET -4.348904 -0.000001 -0.000001
											CHANNELS 3 Zrotation Yrotation Xrotation
											JOINT RightHandMiddle4
											{
												OFFSET -3.000244 -0.000002 -0.000002
												CHANNELS 3 Zrotation Yrotation Xrotation
												JOINT RightHandMiddleEnd
												{
													OFFSET -2.302518 -0.294372 -0.031707
													CHANNELS 3 Zrotation Yrotation Xrotation
													End Site
													{
														OFFSET 0.000000 0.000000 0.000000
													}
												}
											}
										}
									}
								}
								JOINT RightHandRing1
								{
									OFFSET -2.885694 -0.067952 -0.308858
									CHANNELS 3 Zrotation Yrotation Xrotation
									JOINT RightHandRing2
									{
										OFFSET -5.854197 -0.486132 -1.373732
										CHANNELS 3 Zrotation Yrotation Xrotation
										JOINT RightHandRing3
										{
											OFFSET -4.338814 -0.000004 -0.000001
											CHANNELS 3 Zrotation Yrotation Xrotation
											JOINT RightHandRing4
											{
												OFFSET -2.654905 -0.000005 0.000003
												CHANNELS 3 Zrotation Yrotation Xrotation
												JOINT RightHandRingEnd
												{
													OFFSET -1.933570 0.077524 -0.000052
													CHANNELS 3 Zrotation Yrotation Xrotation
													End Site
													{
														OFFSET 0.000000 0.000000 0.000000
													}
												}
											}
										}
									}
								}
								JOINT RightHandPinky1
								{
									OFFSET -2.866430 -0.342798 -1.584145
									CHANNELS 3 Zrotation Yrotation Xrotation
									JOINT RightHandPinky2
									{
										OFFSET -5.091370 -1.332054 -1.772385
										CHANNELS 3 Zrotation Yrotation Xrotation
										JOINT RightHandPinky3
										{
											OFFSET -3.062666 -0.000007 0.000000
											CHANNELS 3 Zrotation Yrotation Xrotation
											JOINT RightHandPinky4
											{
												OFFSET -1.546527 0.000006 -0.000002
												CHANNELS 3 Zrotation Yrotation Xrotation
												JOINT RightHandPinkyEnd
												{
													OFFSET -1.945122 -0.157721 0.057211
													CHANNELS 3 Zrotation Yrotation Xrotation
													End Site
													{
														OFFSET 0.000000 0.000000 0.000000
													}
												}
											}
										}
									}
								}
							}
						}
					}
				}
			}
		}
	}
	JOINT LeftLeg
	{
		OFFSET 10.043214 -8.434527 2.595655
		CHANNELS 3 Zrotation Yrotation Xrotation
		JOINT LeftShin
		{
			OFFSET -0.000001 -43.221752 -0.802912
			CHANNELS 3 Zrotation Yrotation Xrotation
			JOINT LeftFoot
			{
				OFFSET 0.000002 -42.155094 -3.481523
				CHANNELS 3 Zrotation Yrotation Xrotation
				JOINT LeftToeBase
				{
					OFFSET 0.000000 -5.059475 13.231529
					CHANNELS 3 Zrotation Yrotation Xrotation
					JOINT LeftToeEnd
					{
						OFFSET -0.009607 -1.647617 6.513017
						CHANNELS 3 Zrotation Yrotation Xrotation
						End Site
						{
							OFFSET 0.000000 0.000000 0.000000
						}
					}
				}
			}
		}
	}
	JOINT RightLeg
	{
		OFFSET -10.047277 -8.295260 2.620317
		CHANNELS 3 Zrotation Yrotation Xrotation
		JOINT RightShin
		{
			OFFSET 0.000000 -43.362209 -0.805556
			CHANNELS 3 Zrotation Yrotation Xrotation
			JOINT RightFoot
			{
				OFFSET 0.000002 -42.117393 -3.478397
				CHANNELS 3 Zrotation Yrotation Xrotation
				JOINT RightToeBase
				{
					OFFSET -0.000001 -5.079609 13.284196
					CHANNELS 3 Zrotation Yrotation Xrotation
					JOINT RightToeEnd
					{
						OFFSET 0.009532 -1.634384 6.460591
						CHANNELS 3 Zrotation Yrotation Xrotation
						End Site
						{
							OFFSET 0.000000 0.000000 0.000000
						}
					}
				}
			}
		}
	}
}
MOTION
Frames: 120
Frame Time: 0.033333
0.769708 94.109467 -0.749321 -0.631867 0.589419 -4.596782 3.200565 0.363380 -2.571487 0.061403 2.113765 -5.787009 1.508364 -0.280667 16.853573 -10.162980 11.218440 22.702040 0.441525 2.075082 -3.765796 -1.592881 3.006393 -11.250084 0.000077 -0.000021 0.000006 0.015799 -0.087191 0.028674 0.710907 -3.824026 -10.611172 -0.693523 3.652513 -10.577941 -10.668558 -1.748289 11.547244 -43.543419 -22.660547 -4.265440 178.902161 -47.125175 -179.219742 8.569855 -5.219922 -3.482021 -5.882102 9.861279 0.702590 -10.936858 -0.360575 7.156197 0.000001 8.774812 -0.000003 -16.369135 18.950043 6.204699 -1.844030 2.498503 -2.507276 -10.163589 4.678940 4.621104 -20.975998 -0.000004 0.000001 -21.226254 2.451692 -3.593995 0.000000 -0.000005 -0.000000 -1.362681 2.240796 -0.746322 -21.334892 0.584906 3.008320 -13.821194 -0.000001 0.000002 -23.887129 -0.249080 -0.839481 -61.325539 2.637331 -1.145848 -0.294024 1.679687 0.833255 -14.218192 0.093215 1.300577 -34.211998 -0.287566 0.967169 -20.033176 0.964534 1.212842 0.000000 0.000000 0.000000 -3.440386 0.788230 0.501655 -15.928167 -3.167306 2.999704 -6.338815 -0.000001 0.000001 -18.123411 3.648175 -4.905661 -0.000004 0.000001 -0.000003 14.866940 16.717278 15.853847 47.087727 40.809059 12.327906 -178.114883 58.422520 -178.645706 -9.468782 10.320077 -16.655645 2.243539 -5.255031 -3.180155 14.282875 -0.826592 6.952496 -0.000001 -12.690592 -0.000001 15.719393 -17.841471 3.119384 1.665665 -1.955919 -2.878297 4.727792 -4.170582 4.993917 11.020511 0.000004 -0.000000 12.109031 -3.735710 -2.866778 0.000001 -0.000001 -0.000001 1.291985 -1.928548 -1.498088 14.800113 0.567469 3.865605 14.242554 -1.341733 -6.660647 19.631939 0.143926 -0.648241 49.111538 -0.400024 -6.041670 0.353029 -1.511149 -0.031941 20.222767 3.684307 2.316628 18.787245 0.000004 0.000001 10.751609 -0.479867 1.397903 -0.000001 -0.000002 0.000001 3.273802 0.305948 -0.580109 21.486788 11.830362 2.266131 8.162917 -0.000000 -0.000000 18.399052 -3.798977 -4.940566 0.000002 -0.000001 -0.000003 16.157145 20.364202 -18.467880 -0.428922 -0.906895 22.573160 -15.799446 -7.288919 5.987604 1.626429 -1.824864 0.046836 0.000000 -0.000000 0.000002 -12.359087 -14.309874 9.885073 0.028056 0.632509 20.980474 14.233107 3.966855 -22.532923 -1.413417 0.937671 -0.608294 -0.000000 -0.000000 -0.000001 
1.112012 94.093506 -0.290635 -0.714335 0.269506 -4.179177 3.341670 0.388540 -2.524226 0.118666 2.049683 -5.770542 1.669438 -0.424977 16.753603 -10.591793 11.439871 22.394611 0.424747 2.132100 -3.754334 -1.702081 3.065526 -10.646390 0.000077 -0.000021 0.000006 0.002648 -0.031805 0.030676 0.710134 -3.781577 -10.620789 -0.711564 3.710707 -10.607947 -10.432217 -1.928216 11.201454 -43.086693 -23.247972 -5.327132 179.038681 -47.114491 -179.350449 9.242408 -5.577476 -3.604748 -5.882101 9.861278 0.702590 -10.936858 -0.360576 7.156196 0.000002 8.774817 -0.000002 -16.375311 18.784149 6.193860 -1.844031 2.498503 -2.507276 -10.163590 4.678938 4.621104 -20.975994 -0.000002 0.000002 -21.226250 2.451694 -3.593992 0.000000 -0.000005 -0.000001 -1.362680 2.240799 -0.746323 -21.334887 0.584910 3.008320 -13.821194 -0.000001 0.000001 -23.887131 -0.249077 -0.839482 -61.106564 2.476757 -1.083321 -0.294024 1.679686 0.833255 -14.218194 0.093217 1.300581 -34.211998 -0.287562 0.967169 -20.033178 0.964535 1.212841 -0.000000 0.000000 -0.000000 -3.440385 0.788232 0.501655 -15.928167 -3.167304 2.999704 -6.338817 -0.000001 0.000001 -18.123411 3.648178 -4.905662 -0.000004 0.000001 -0.000003 14.567893 17.001503 15.654022 46.175735 41.771271 11.771849 -178.416702 58.558350 -178.818771 -9.940378 10.438695 -16.255707 2.243540 -5.255033 -3.180156 14.282878 -0.826593 6.952495 -0.000002 -12.690587 0.000002 15.593333 -17.706663 3.162028 1.665665 -1.955920 -2.878298 4.727794 -4.170582 4.993919 11.020512 0.000004 -0.000001 12.109035 -3.735710 -2.866777 0.000000 -0.000001 -0.000000 1.291983 -1.928549 -1.498087 14.800114 0.567466 3.865605 14.242556 -1.341737 -6.660647 19.631941 0.143925 -0.648242 49.058445 -0.417327 -5.935494 0.353030 -1.511149 -0.031941 20.222771 3.684307 2.316627 18.787245 0.000005 0.000002 10.751611 -0.479869 1.397905 -0.000001 0.000001 -0.000001 3.273805 0.305946 -0.580109 21.486794 11.830363 2.266131 8.162917 0.000001 -0.000001 18.399057 -3.798979 -4.940569 0.000003 0.000000 -0.000002 16.142357 19.996683 -18.999086 -0.423106 -0.830869 23.673832 -15.321893 -6.812402 4.782885 1.626276 -1.845379 -0.090375 0.000000 -0.000000 0.000002 -12.463723 -14.163404 10.006441 0.024664 0.623076 20.220715 14.856561 4.047879 -22.235834 -1.419115 0.913146 -0.793117 0.000000 0.000000 -0.000001 
1.636977 94.090729 0.192129 -0.852280 0.046206 -3.623877 3.516600 0.470617 -2.563207 0.168419 1.940082 -5.765499 1.896365 -0.507890 16.552177 -10.971513 11.678329 22.195604 0.406569 2.148795 -3.753161 -1.810225 3.040089 -9.923831 0.000077 -0.000022 0.000005 -0.005896 -0.005816 0.043852 0.709026 -3.744358 -10.618121 -0.729388 3.738956 -10.616171 -10.321490 -2.181160 10.810572 -42.199043 -23.711782 -6.511336 179.059265 -47.126896 -179.425797 10.223295 -5.904246 -3.599042 -5.882103 9.861277 0.702591 -10.936857 -0.360577 7.156198 -0.000001 8.774811 -0.000000 -16.423525 18.462648 6.132449 -1.844030 2.498503 -2.507276 -10.163592 4.678941 4.621103 -20.975996 -0.000002 0.000002 -21.226255 2.451692 -3.593994 0.000000 -0.000007 0.000000 -1.362681 2.240797 -0.746323 -21.334892 0.584910 3.008319 -13.821197 -0.000002 0.000002 -23.887135 -0.249078 -0.839481 -60.969467 2.375606 -1.017923 -0.294026 1.679686 0.833255 -14.218190 0.093214 1.300579 -34.212002 -0.287564 0.967170 -20.033176 0.964534 1.212842 -0.000001 0.000000 -0.000001 -3.440384 0.788232 0.501656 -15.928165 -3.167307 2.999704 -6.338818 -0.000002 0.000002 -18.123407 3.648176 -4.905661 -0.000004 -0.000000 -0.000003 14.431663 17.305252 15.460606 44.617867 42.884346 11.048146 -178.266647 59.008106 -178.674072 -10.485455 10.548331 -15.704793 2.243539 -5.255032 -3.180153 14.282877 -0.826594 6.952497 -0.000002 -12.690592 -0.000002 15.437413 -17.614021 3.199954 1.665664 -1.955920 -2.878296 4.727793 -4.170582 4.993917 11.020509 0.000003 0.000000 12.109029 -3.735708 -2.866776 0.000000 0.000000 -0.000001 1.291984 -1.928547 -1.498086 14.800111 0.567470 3.865604 14.242553 -1.341735 -6.660651 19.631941 0.143925 -0.648241 49.027168 -0.505889 -5.811331 0.353028 -1.511149 -0.031941 20.222769 3.684305 2.316629 18.787243 0.000006 0.000000 10.751611 -0.479869 1.397904 -0.000001 0.000000 0.000000 3.273803 0.305947 -0.580108 21.486792 11.830366 2.266133 8.162916 0.000003 -0.000001 18.399052 -3.798981 -4.940568 0.000003 0.000001 0.000000 15.965266 19.877468 -19.932638 -0.420631 -0.774791 25.190775 -14.776464 -6.520096 3.598233 1.636934 -1.820276 -0.292184 0.000000 -0.000000 0.000002 -12.642101 -14.151732 10.185464 0.052323 0.629598 19.121731 15.447145 4.226463 -21.733671 -1.425903 0.965504 -0.923616 -0.000000 -0.000000 -0.000001 
2.149712 94.119713 0.772421 -0.982679 -0.044685 -2.891438 3.688423 0.653899 -2.652647 0.200861 1.827251 -5.785841 2.205486 -0.528576 16.180037 -11.541901 12.028063 21.998041 0.359774 2.018352 -3.725900 -1.761669 2.734511 -8.750942 0.000077 -0.000021 0.000006 -0.011335 0.027471 0.041874 0.698363 -3.700002 -10.607538 -0.734158 3.761172 -10.629498 -10.308244 -2.255821 10.246147 -41.126431 -23.835072 -7.280591 178.710358 -47.131870 -179.307587 11.449278 -6.548306 -3.364285 -5.882100 9.861279 0.702590 -10.936857 -0.360574 7.156195 0.000000 8.774809 -0.000000 -16.242779 18.255793 6.124631 -1.844031 2.498502 -2.507276 -10.163589 4.678940 4.621104 -20.975994 -0.000001 0.000002 -21.226250 2.451694 -3.593995 -0.000000 -0.000007 -0.000002 -1.362680 2.240796 -0.746323 -21.334892 0.584910 3.008320 -13.821192 -0.000002 0.000001 -23.887131 -0.249078 -0.839482 -60.697277 2.320951 -0.964231 -0.294025 1.679687 0.833255 -14.218194 0.093217 1.300579 -34.212002 -0.287563 0.967169 -20.033180 0.964536 1.212841 -0.000001 -0.000001 0.000001 -3.440384 0.788234 0.501655 -15.928171 -3.167306 2.999703 -6.338817 0.000000 0.000000 -18.123413 3.648177 -4.905662 -0.000004 -0.000000 -0.000002 14.375799 17.630634 15.195119 42.794090 43.945171 10.300133 -178.144348 59.536522 -178.403824 -11.222015 10.338105 -15.823867 2.243540 -5.255036 -3.180153 14.282875 -0.826592 6.952497 -0.000004 -12.690591 -0.000000 15.572501 -17.528639 3.153857 1.665665 -1.955921 -2.878295 4.727793 -4.170583 4.993920 11.020511 0.000006 -0.000002 12.109034 -3.735710 -2.866780 0.000001 -0.000001 -0.000000 1.291983 -1.928547 -1.498087 14.800113 0.567469 3.865602 14.242553 -1.341733 -6.660647 19.631941 0.143926 -0.648241 49.258522 -0.494704 -5.584514 0.353029 -1.511150 -0.031941 20.222767 3.684309 2.316629 18.787245 0.000008 0.000002 10.751609 -0.479866 1.397904 -0.000001 0.000000 0.000000 3.273805 0.305948 -0.580111 21.486797 11.830367 2.266133 8.162917 0.000001 -0.000002 18.399052 -3.798979 -4.940567 0.000002 -0.000001 -0.000001 15.643135 20.309389 -21.265654 -0.409024 -0.782178 27.071117 -14.373335 -6.310906 2.826702 1.662080 -1.816298 -0.523356 0.000000 -0.000000 0.000002 -12.831369 -14.454500 10.497659 0.027641 0.711649 17.577021 15.996552 4.513760 -21.041672 -1.418568 1.016286 -1.132998 -0.000000 -0.000000 -0.000001 
2.631395 94.191704 1.420027 -0.962711 0.336217 -2.023779 3.717335 0.802038 -2.820963 0.251343 1.824348 -5.760589 2.318430 -0.481019 15.616161 -11.965103 12.223295 21.694065 0.265493 2.193794 -3.763799 -1.692064 2.391213 -7.286943 0.000077 -0.000022 0.000006 -0.036689 0.130530 0.051056 0.679744 -3.581798 -10.576475 -0.762663 3.840554 -10.601635 -10.201614 -2.091573 9.555230 -39.964115 -23.383129 -8.269937 178.881973 -46.983124 -179.354462 12.688018 -7.175974 -3.497594 -5.882100 9.861279 0.702588 -10.936861 -0.360573 7.156197 -0.000000 8.774811 0.000000 -16.267775 18.038696 6.057106 -1.844031 2.498503 -2.507276 -10.163590 4.678941 4.621104 -20.975996 -0.000002 0.000001 -21.226254 2.451694 -3.593996 0.000000 -0.000007 -0.000002 -1.362681 2.240798 -0.746323 -21.334887 0.584909 3.008318 -13.821197 -0.000003 0.000001 -23.887129 -0.249079 -0.839482 -60.357498 2.430542 -1.016498 -0.294023 1.679685 0.833254 -14.218195 0.093214 1.300579 -34.212006 -0.287564 0.967168 -20.033180 0.964534 1.212840 -0.000000 0.000000 -0.000000 -3.440387 0.788231 0.501655 -15.928164 -3.167306 2.999702 -6.338817 -0.000001 -0.000000 -18.123415 3.648178 -4.905663 -0.000003 0.000001 -0.000002 14.407767 18.083925 14.842591 40.966496 44.918079 9.769315 -177.888565 59.882111 -178.128906 -11.945183 9.796529 -16.349012 2.243540 -5.255034 -3.180154 14.282875 -0.826593 6.952496 -0.000003 -12.690592 -0.000001 15.793359 -17.662542 3.160426 1.665664 -1.955921 -2.878298 4.727793 -4.170583 4.993919 11.020511 0.000004 -0.000000 12.109031 -3.735709 -2.866779 0.000000 -0.000003 -0.000001 1.291983 -1.928548 -1.498089 14.800114 0.567468 3.865605 14.242553 -1.341734 -6.660645 19.631937 0.143928 -0.648244 49.541332 -0.501777 -5.575901 0.353027 -1.511149 -0.031940 20.222769 3.684307 2.316629 18.787245 0.000005 0.000001 10.751610 -0.479867 1.397905 -0.000001 0.000003 -0.000001 3.273805 0.305947 -0.580109 21.486794 11.830364 2.266134 8.162916 0.000001 0.000002 18.399054 -3.798978 -4.940564 0.000002 -0.000001 -0.000001 15.084454 21.606390 -23.399054 -0.553521 -0.857604 29.313753 -13.967888 -5.912567 2.717788 1.682577 -1.948801 -0.721710 -0.000000 -0.000000 0.000002 -13.198800 -15.289588 11.086617 0.030391 0.775449 15.447289 16.338360 5.034406 -20.229464 -1.429087 0.957529 -1.396576 0.000000 0.000001 -0.000001 
3.225728 94.137749 2.337232 -0.735898 1.251181 -1.044263 3.568389 0.998927 -2.980027 0.247151 1.989595 -5.717962 2.344764 -0.287547 14.870759 -12.214471 12.324055 21.090485 0.163672 2.074590 -3.794743 -1.474742 2.162642 -5.961337 0.000077 -0.000024 0.000004 -0.048956 0.167387 0.046507 0.670316 -3.535063 -10.570918 -0.776059 3.873088 -10.590943 -9.973152 -1.882175 8.985578 -38.769112 -22.066875 -9.257799 179.160889 -46.411411 -179.439453 14.138744 -7.613568 -3.577481 -5.882099 9.861277 0.702590 -10.936858 -0.360576 7.156198 0.000001 8.774814 0.000000 -16.186890 17.827902 6.004742 -1.844030 2.498502 -2.507276 -10.163589 4.678938 4.621104 -20.975996 -0.000004 0.000004 -21.226250 2.451694 -3.593991 0.000000 -0.000008 -0.000001 -1.362680 2.240796 -0.746323 -21.334892 0.584906 3.008321 -13.821197 -0.000003 0.000002 -23.887131 -0.249079 -0.839481 -59.915852 2.454533 -0.987126 -0.294023 1.679686 0.833256 -14.218190 0.093214 1.300579 -34.211998 -0.287564 0.967170 -20.033176 0.964534 1.212843 -0.000000 0.000001 -0.000000 -3.440385 0.788232 0.501656 -15.928165 -3.167306 2.999704 -6.338816 -0.000002 0.000001 -18.123413 3.648175 -4.905660 -0.000005 0.000001 -0.000003 14.402189 18.502571 14.516231 38.884930 46.057259 8.756813 -178.176590 59.977245 -178.304947 -12.605120 8.987531 -16.670713 2.243539 -5.255032 -3.180155 14.282877 -0.826593 6.952496 -0.000004 -12.690590 -0.000000 15.964321 -17.761871 3.136385 1.665665 -1.955920 -2.878298 4.727794 -4.170583 4.993918 11.020511 0.000004 -0.000000 12.109031 -3.735708 -2.866778 -0.000000 -0.000000 -0.000002 1.291985 -1.928549 -1.498086 14.800114 0.567468 3.865603 14.242551 -1.341735 -6.660648 19.631937 0.143925 -0.648244 49.690884 -0.453519 -5.521456 0.353029 -1.511149 -0.031940 20.222767 3.684306 2.316627 18.787245 0.000005 -0.000001 10.751609 -0.479869 1.397902 0.000000 0.000003 0.000000 3.273804 0.305947 -0.580110 21.486794 11.830362 2.266132 8.162916 0.000003 -0.000002 18.399052 -3.798978 -4.940569 0.000003 -0.000002 -0.000002 13.850558 23.461269 -26.234566 -0.641274 -0.914494 30.730625 -12.326841 -4.520650 2.519812 1.713124 -2.001193 -1.124873 -0.000000 0.000000 0.000002 -13.879880 -16.218128 12.112438 0.037559 0.858653 13.145729 16.681707 5.432152 -19.496851 -1.447445 0.922195 -1.700104 0.000000 0.000000 -0.000001 
3.924876 93.895950 3.555480 -0.385221 2.994422 0.090327 3.300983 1.222160 -3.187143 0.219658 2.212082 -5.722396 2.251506 0.063470 14.078835 -12.336863 12.063004 20.065514 0.026905 2.018884 -3.805649 -1.205575 1.864083 -4.885033 0.000077 -0.000023 0.000006 -0.053730 0.179062 0.038395 0.673447 -3.508716 -10.576526 -0.792427 3.862555 -10.592074 -9.731263 -1.568183 8.527261 -37.153389 -19.978638 -10.169585 179.395538 -45.432995 -179.532944 15.803303 -7.791577 -3.473444 -5.882102 9.861280 0.702590 -10.936857 -0.360574 7.156197 0.000000 8.774815 -0.000001 -16.125612 17.724768 5.990636 -1.844030 2.498504 -2.507276 -10.163589 4.678940 4.621103 -20.975998 -0.000003 0.000004 -21.226250 2.451694 -3.593993 0.000000 -0.000004 -0.000001 -1.362679 2.240795 -0.746324 -21.334887 0.584908 3.008321 -13.821197 -0.000001 0.000003 -23.887129 -0.249076 -0.839481 -59.440933 2.498509 -0.907581 -0.294022 1.679686 0.833254 -14.218194 0.093212 1.300581 -34.211998 -0.287563 0.967169 -20.033176 0.964534 1.212842 -0.000001 0.000001 -0.000000 -3.440385 0.788232 0.501655 -15.928169 -3.167306 2.999704 -6.338817 -0.000002 0.000002 -18.123413 3.648178 -4.905661 -0.000004 -0.000002 -0.000003 14.126976 19.024527 14.035844 36.768135 47.384357 7.384293 -178.671143 59.807468 -178.653000 -13.347185 7.916534 -16.421635 2.243539 -5.255033 -3.180153 14.282875 -0.826592 6.952496 -0.000003 -12.690590 -0.000001 15.994704 -17.807335 3.198149 1.665664 -1.955919 -2.878297 4.727792 -4.170582 4.993918 11.020511 0.000002 -0.000002 12.109030 -3.735712 -2.866781 -0.000000 -0.000000 0.000000 1.291984 -1.928548 -1.498086 14.800114 0.567468 3.865606 14.242553 -1.341736 -6.660647 19.631935 0.143925 -0.648243 49.538826 -0.352216 -5.479538 0.353029 -1.511151 -0.031941 20.222771 3.684305 2.316626 18.787245 0.000004 -0.000000 10.751610 -0.479870 1.397904 0.000001 0.000002 0.000000 3.273804 0.305947 -0.580110 21.486788 11.830364 2.266132 8.162916 0.000003 -0.000002 18.399050 -3.798977 -4.940567 0.000003 -0.000001 -0.000002 11.715889 25.555475 -29.868610 -0.620020 -0.828260 30.232035 -9.065413 -1.725590 2.560781 1.734756 -2.057148 -1.659490 -0.000000 0.000000 0.000002 -14.601880 -17.309395 13.558399 0.019943 0.958277 10.613481 16.911297 5.266754 -19.181145 -1.454733 0.877460 -1.928577 0.000000 0.000000 -0.000001 
4.762845 93.333344 5.084637 -0.127859 5.488037 1.225459 3.163655 1.484252 -3.361923 0.194982 2.547993 -5.745654 2.140846 0.488312 13.205406 -12.407310 11.640327 18.692465 -0.226942 1.878500 -3.780963 -0.914414 1.328943 -3.990563 0.000077 -0.000022 0.000006 -0.053319 0.160258 0.026309 0.685035 -3.524618 -10.594724 -0.803540 3.841930 -10.615337 -9.462091 -1.044055 8.070997 -35.124176 -17.249025 -10.425603 179.352982 -44.135998 -179.613708 17.528355 -7.729703 -2.885305 -5.882100 9.861274 0.702590 -10.936860 -0.360576 7.156198 0.000001 8.774817 -0.000000 -16.130163 17.707359 6.011086 -1.844032 2.498501 -2.507276 -10.163589 4.678940 4.621104 -20.975994 -0.000005 0.000002 -21.226254 2.451691 -3.593992 0.000000 -0.000005 -0.000001 -1.362679 2.240794 -0.746322 -21.334892 0.584908 3.008321 -13.821197 -0.000004 0.000003 -23.887131 -0.249079 -0.839478 -59.197746 2.560330 -0.873029 -0.294024 1.679686 0.833256 -14.218195 0.093213 1.300580 -34.212006 -0.287564 0.967171 -20.033180 0.964535 1.212842 0.000001 0.000001 0.000001 -3.440386 0.788233 0.501656 -15.928167 -3.167306 2.999703 -6.338819 -0.000002 0.000002 -18.123415 3.648176 -4.905659 -0.000004 -0.000001 -0.000002 13.303084 19.747396 13.326802 34.451645 48.962315 5.742854 -178.781509 59.415295 -178.683060 -14.223123 6.597199 -15.756160 2.243540 -5.255032 -3.180156 14.282878 -0.826594 6.952497 -0.000003 -12.690592 0.000000 15.924462 -17.756868 3.333291 1.665664 -1.955920 -2.878296 4.727796 -4.170585 4.993918 11.020510 0.000005 -0.000000 12.109033 -3.735709 -2.866779 -0.000001 -0.000001 -0.000001 1.291985 -1.928547 -1.498090 14.800111 0.567468 3.865605 14.242556 -1.341735 -6.660647 19.631939 0.143925 -0.648243 49.211914 -0.290236 -5.495080 0.353029 -1.511149 -0.031940 20.222771 3.684306 2.316627 18.787249 0.000007 0.000000 10.751613 -0.479870 1.397905 0.000000 0.000002 0.000001 3.273805 0.305948 -0.580109 21.486790 11.830363 2.266130 8.162917 0.000003 -0.000002 18.399048 -3.798981 -4.940567 0.000003 0.000000 -0.000000 8.704165 27.932404 -34.234711 -0.509764 -0.593533 28.382917 -5.655299 0.544536 3.434593 1.758686 -2.053142 -2.355072 -0.000000 0.000000 0.000002 -15.242375 -18.446560 14.926010 0.001526 1.010384 9.418393 17.130020 4.824131 -19.512289 -1.456600 0.832306 -1.946829 -0.000000 -0.000000 -0.000001 
5.908159 92.352005 7.000171 -0.048661 8.380540 2.133525 3.280977 1.810668 -3.501980 0.210383 3.045529 -5.781237 2.178828 1.156367 12.290989 -12.584747 11.228202 17.137014 -0.556628 1.505940 -3.715630 -0.574751 0.431381 -3.062097 0.000077 -0.000021 0.000006 -0.042535 0.128622 0.005192 0.710536 -3.566354 -10.615009 -0.805288 3.805420 -10.629436 -9.096336 -0.146361 7.459619 -32.770336 -14.255730 -9.593100 179.073929 -42.909405 -179.643295 19.064598 -7.365498 -1.880369 -5.882102 9.861278 0.702590 -10.936858 -0.360577 7.156195 0.000001 8.774814 0.000000 -16.021959 17.689943 6.118183 -1.844032 2.498501 -2.507274 -10.163589 4.678941 4.621103 -20.975994 -0.000004 0.000003 -21.226254 2.451691 -3.593992 -0.000001 -0.000008 0.000000 -1.362682 2.240797 -0.746322 -21.334887 0.584908 3.008318 -13.821195 -0.000002 0.000002 -23.887131 -0.249080 -0.839483 -59.285545 2.639748 -0.965246 -0.294024 1.679686 0.833255 -14.218195 0.093214 1.300579 -34.212006 -0.287565 0.967170 -20.033180 0.964534 1.212842 -0.000000 -0.000001 -0.000001 -3.440386 0.788232 0.501655 -15.928167 -3.167306 2.999702 -6.338815 0.000000 0.000002 -18.123415 3.648177 -4.905661 -0.000003 0.000002 -0.000002 11.722288 20.858454 12.280371 31.478462 50.390553 3.253951 -178.684753 58.662922 -178.582062 -15.338888 4.991053 -15.168441 2.243541 -5.255033 -3.180156 14.282877 -0.826594 6.952492 0.000000 -12.690590 0.000001 15.857738 -17.646730 3.458691 1.665665 -1.955919 -2.878294 4.727796 -4.170585 4.993917 11.020511 0.000001 0.000000 12.109033 -3.735712 -2.866779 0.000000 -0.000000 0.000000 1.291985 -1.928548 -1.498087 14.800111 0.567467 3.865603 14.242554 -1.341735 -6.660651 19.631937 0.143927 -0.648244 49.005783 -0.270448 -5.597097 0.353028 -1.511149 -0.031941 20.222767 3.684304 2.316627 18.787245 0.000004 -0.000001 10.751612 -0.479869 1.397904 0.000000 0.000002 0.000000 3.273805 0.305946 -0.580110 21.486788 11.830363 2.266130 8.162916 0.000001 -0.000001 18.399055 -3.798980 -4.940566 0.000003 0.000001 -0.000000 4.898713 30.175159 -39.242878 -0.366056 -0.226361 27.523535 -2.513802 1.710245 4.186332 1.782901 -1.996272 -2.921678 0.000001 0.000001 0.000001 -15.766316 -19.355524 17.333298 -0.002189 1.016560 7.370519 17.671532 4.144993 -20.463219 -1.456578 0.787437 -1.823865 0.000000 0.000000 -0.000001 
7.311601 91.016159 9.142527 0.106233 11.262613 2.799992 3.552769 2.241041 -3.692986 0.274438 3.774501 -5.831203 2.255493 2.114973 11.317762 -13.085003 11.051968 15.540491 -0.736051 0.983813 -3.658393 -0.149678 -0.587848 -1.666830 0.000077 -0.000020 0.000006 -0.025056 0.071704 -0.009773 0.749577 -3.635715 -10.623676 -0.806250 3.770645 -10.643232 -8.686451 1.333242 6.670867 -30.030386 -11.483377 -7.971791 178.521423 -41.865288 -179.484924 20.029594 -6.916857 -0.550331 -5.882102 9.861278 0.702592 -10.936860 -0.360575 7.156201 -0.000001 8.774814 -0.000002 -15.846033 17.846306 6.332208 -1.844032 2.498501 -2.507276 -10.163589 4.678942 4.621104 -20.975994 -0.000002 0.000006 -21.226255 2.451693 -3.593992 0.000000 -0.000007 -0.000001 -1.362681 2.240798 -0.746324 -21.334887 0.584908 3.008320 -13.821198 -0.000001 0.000004 -23.887131 -0.249076 -0.839481 -59.741879 2.770879 -1.276787 -0.294024 1.679687 0.833256 -14.218192 0.093215 1.300579 -34.212002 -0.287561 0.967169 -20.033180 0.964538 1.212841 0.000000 0.000000 0.000000 -3.440385 0.788233 0.501656 -15.928169 -3.167306 2.999705 -6.338816 0.000003 0.000001 -18.123413 3.648179 -4.905662 -0.000004 0.000001 -0.000001 9.423852 22.430607 10.927512 27.868498 51.255207 -0.297863 -178.466736 57.621330 -178.421951 -16.540646 3.466498 -14.879785 2.243540 -5.255031 -3.180156 14.282877 -0.826595 6.952497 0.000000 -12.690590 -0.000003 16.002466 -17.479263 3.374112 1.665664 -1.955919 -2.878296 4.727794 -4.170583 4.993917 11.020512 0.000004 -0.000001 12.109034 -3.735712 -2.866778 -0.000001 -0.000000 -0.000001 1.291985 -1.928547 -1.498087 14.800114 0.567469 3.865603 14.242554 -1.341736 -6.660648 19.631941 0.143926 -0.648245 49.355927 -0.270873 -5.656188 0.353029 -1.511149 -0.031940 20.222769 3.684306 2.316626 18.787245 0.000004 -0.000002 10.751612 -0.479865 1.397903 -0.000000 0.000001 -0.000000 3.273804 0.305947 -0.580110 21.486790 11.830361 2.266129 8.162918 0.000003 -0.000001 18.399057 -3.798977 -4.940567 0.000005 0.000002 -0.000000 0.792200 31.410051 -44.165962 -0.228318 0.158231 29.266977 0.184786 1.739829 4.687980 1.809992 -1.904184 -3.306957 -0.000000 -0.000001 0.000002 -16.329876 -19.479126 20.028250 0.046482 1.010961 5.628771 18.635483 3.223562 -22.082905 -1.449747 0.742253 -1.904931 0.000000 0.000000 -0.000001 
9.100080 89.605804 11.437159 0.974460 14.114171 3.319684 3.611295 2.692379 -3.927374 0.387361 4.730385 -6.004690 2.130059 3.547634 10.346583 -13.830740 11.040404 14.204483 -0.704750 0.588095 -3.516011 0.582330 -1.794956 0.200354 0.000077 -0.000020 0.000006 -0.031934 0.098004 -0.022848 0.754522 -3.614802 -10.619731 -0.824114 3.814066 -10.650317 -8.526896 3.188318 5.912781 -27.093744 -9.826777 -6.629812 178.081482 -41.296070 -179.398361 20.065481 -6.313048 -0.146480 -5.882099 9.861278 0.702590 -10.936858 -0.360576 7.156196 0.000002 8.774812 -0.000000 -15.935492 18.109924 6.575421 -1.844030 2.498502 -2.507277 -10.163591 4.678941 4.621103 -20.975996 -0.000003 0.000003 -21.226255 2.451691 -3.593993 -0.000001 -0.000006 -0.000002 -1.362681 2.240798 -0.746322 -21.334887 0.584908 3.008319 -13.821197 -0.000003 0.000002 -23.887131 -0.249077 -0.839481 -60.364117 2.807204 -1.572220 -0.294021 1.679685 0.833255 -14.218194 0.093214 1.300578 -34.212006 -0.287563 0.967170 -20.033180 0.964536 1.212842 -0.000000 0.000001 -0.000000 -3.440385 0.788234 0.501654 -15.928171 -3.167307 2.999703 -6.338817 0.000001 0.000002 -18.123415 3.648178 -4.905662 -0.000004 -0.000001 -0.000002 6.663932 23.903702 9.506203 24.484591 50.809437 -4.392254 -177.960098 56.171909 -178.403549 -17.514097 2.323183 -14.393353 2.243540 -5.255033 -3.180155 14.282879 -0.826593 6.952496 -0.000001 -12.690593 -0.000001 16.120211 -17.224323 3.090211 1.665665 -1.955919 -2.878296 4.727794 -4.170585 4.993918 11.020513 0.000001 0.000001 12.109034 -3.735711 -2.866779 -0.000001 -0.000001 -0.000002 1.291985 -1.928549 -1.498088 14.800111 0.567468 3.865602 14.242553 -1.341733 -6.660647 19.631941 0.143924 -0.648242 49.661572 -0.303877 -5.844729 0.353027 -1.511149 -0.031938 20.222771 3.684308 2.316629 18.787245 0.000005 0.000001 10.751612 -0.479866 1.397905 0.000000 0.000001 0.000000 3.273805 0.305948 -0.580109 21.486792 11.830364 2.266132 8.162919 0.000002 0.000001 18.399054 -3.798980 -4.940566 0.000003 0.000000 -0.000001 -2.646156 30.470551 -47.408016 -0.119342 0.396173 33.327980 2.298692 1.230510 6.981299 1.843554 -1.736549 -3.046578 0.000000 -0.000000 0.000002 -17.407015 -18.295761 22.874321 0.102814 1.205736 4.597556 19.877857 1.177379 -23.480417 -1.461594 0.786069 -2.735973 0.000000 0.000000 -0.000001 
11.507140 88.765839 14.005921 2.845101 17.254578 3.734161 3.444408 2.955345 -4.339517 0.615120 6.260828 -6.151196 1.220530 4.875988 9.405129 -14.204461 11.241189 13.499331 -0.515812 -0.334912 -3.571770 1.590915 -2.767994 2.515522 0.000076 -0.000022 0.000007 -0.000951 0.007166 -0.061550 0.820582 -3.706450 -10.607449 -0.818001 3.697321 -10.645647 -9.368604 4.998072 5.485466 -23.259153 -9.614929 -5.943438 177.860214 -42.021873 -179.597031 19.664625 -6.140379 -1.485277 -5.882102 9.861279 0.702590 -10.936859 -0.360576 7.156198 -0.000000 8.774814 -0.000001 -16.311646 17.826065 6.483705 -1.844031 2.498503 -2.507275 -10.163592 4.678940 4.621105 -20.975996 -0.000004 0.000003 -21.226254 2.451692 -3.593992 0.000000 -0.000005 0.000000 -1.362680 2.240797 -0.746322 -21.334892 0.584908 3.008320 -13.821197 -0.000003 0.000003 -23.887129 -0.249077 -0.839480 -61.091866 2.530575 -1.552349 -0.294024 1.679686 0.833257 -14.218194 0.093215 1.300580 -34.212002 -0.287564 0.967170 -20.033182 0.964537 1.212842 0.000000 0.000002 0.000000 -3.440386 0.788233 0.501656 -15.928167 -3.167306 2.999704 -6.338816 -0.000001 0.000001 -18.123415 3.648175 -4.905661 -0.000004 -0.000001 -0.000002 4.005111 24.976286 8.666941 22.247269 48.689533 -8.492620 -177.736221 54.440086 -178.219238 -17.876842 1.728899 -14.783915 2.243538 -5.255033 -3.180154 14.282878 -0.826594 6.952495 -0.000002 -12.690590 0.000002 16.226364 -16.973602 2.905613 1.665666 -1.955919 -2.878295 4.727794 -4.170583 4.993920 11.020512 0.000002 -0.000002 12.109032 -3.735712 -2.866777 0.000001 0.000000 -0.000001 1.291984 -1.928547 -1.498088 14.800114 0.567466 3.865603 14.242553 -1.341735 -6.660649 19.631939 0.143926 -0.648243 50.140251 -0.475078 -5.937063 0.353030 -1.511151 -0.031939 20.222771 3.684304 2.316628 18.787247 0.000005 0.000000 10.751611 -0.479870 1.397904 0.000000 0.000001 0.000000 3.273806 0.305945 -0.580110 21.486795 11.830360 2.266130 8.162917 0.000001 -0.000000 18.399052 -3.798980 -4.940566 0.000003 0.000000 -0.000001 -4.671764 26.643866 -48.006256 -0.159741 0.207863 38.023136 3.392687 1.548765 6.553116 1.783766 -1.693117 -2.083251 0.000000 -0.000000 0.000002 -18.943296 -15.525625 24.329252 0.110758 1.377339 7.794844 21.681271 -2.042262 -23.877054 -1.508920 0.910147 -5.925654 0.000000 0.000000 -0.000001 
14.334891 88.558403 16.619631 5.771818 21.482975 4.061520 2.932001 2.937388 -4.713480 0.646354 7.531372 -6.331478 -0.165684 5.765308 8.874133 -14.102082 11.355561 13.796900 -0.744601 -0.904719 -3.595749 3.038595 -4.501498 4.446177 0.000076 -0.000020 0.000006 0.002317 0.037311 -0.078178 0.828200 -3.664359 -10.595089 -0.834207 3.728619 -10.634641 -11.006408 6.126108 5.174898 -19.909376 -11.049552 -5.122407 177.449097 -44.575802 -179.816177 18.756229 -6.448742 -2.747671 -5.882099 9.861278 0.702590 -10.936858 -0.360576 7.156198 0.000002 8.774816 -0.000002 -16.962702 17.665800 6.144515 -1.844030 2.498502 -2.507276 -10.163589 4.678940 4.621104 -20.975994 -0.000004 0.000003 -21.226254 2.451694 -3.593995 0.000000 -0.000006 -0.000000 -1.362680 2.240796 -0.746323 -21.334887 0.584908 3.008320 -13.821193 -0.000003 0.000003 -23.887129 -0.249079 -0.839480 -61.693317 2.395254 -1.528192 -0.294022 1.679686 0.833255 -14.218189 0.093213 1.300580 -34.211998 -0.287565 0.967171 -20.033176 0.964535 1.212842 0.000000 0.000001 0.000000 -3.440384 0.788232 0.501654 -15.928167 -3.167308 2.999704 -6.338815 -0.000001 0.000001 -18.123411 3.648175 -4.905660 -0.000004 0.000001 -0.000002 2.508052 24.886639 8.597287 21.387560 44.897282 -10.780836 -177.884399 52.427345 -178.447235 -17.606329 1.795102 -15.713641 2.243541 -5.255033 -3.180155 14.282875 -0.826593 6.952495 -0.000003 -12.690592 -0.000000 16.155561 -17.003099 2.735307 1.665665 -1.955920 -2.878295 4.727794 -4.170583 4.993919 11.020510 0.000004 -0.000001 12.109031 -3.735709 -2.866780 0.000000 0.000001 0.000000 1.291984 -1.928548 -1.498087 14.800113 0.567468 3.865603 14.242553 -1.341736 -6.660650 19.631937 0.143924 -0.648244 49.966251 -0.287232 -6.003539 0.353030 -1.511151 -0.031939 20.222769 3.684307 2.316628 18.787243 0.000006 -0.000002 10.751611 -0.479865 1.397904 -0.000000 -0.000000 -0.000000 3.273804 0.305947 -0.580110 21.486792 11.830365 2.266131 8.162916 0.000001 -0.000000 18.399052 -3.798980 -4.940567 0.000003 -0.000001 -0.000001 -6.960677 20.947344 -46.266850 -0.028317 0.068316 41.528679 3.772225 2.453931 2.445067 1.732805 -1.691081 -0.993528 -0.000000 0.000000 0.000002 -20.720932 -12.679932 22.550730 0.098479 1.488546 19.004875 20.725374 -6.463572 -22.101143 -1.603584 1.055127 -12.973804 -0.000000 -0.000000 -0.000001 
17.140657 89.106384 18.974918 8.632902 27.086166 3.564456 2.174256 2.674791 -4.610672 0.675211 8.020431 -6.383533 -1.646740 5.651251 8.621642 -12.928853 11.079364 15.210796 -1.105815 -1.299992 -3.609893 4.189180 -6.109553 5.821096 0.000077 -0.000023 0.000006 0.006235 -0.002670 -0.072003 0.839477 -3.707099 -10.641428 -0.834631 3.715513 -10.675840 -12.733436 5.813888 5.100743 -17.557751 -13.285754 -5.138028 177.360199 -48.724911 -179.691620 17.314013 -6.889248 -4.396696 -5.882100 9.861276 0.702592 -10.936860 -0.360574 7.156197 0.000002 8.774812 0.000000 -16.894630 17.489504 6.104748 -1.844031 2.498501 -2.507275 -10.163589 4.678940 4.621104 -20.975994 -0.000004 0.000003 -21.226254 2.451692 -3.593991 0.000001 -0.000006 -0.000000 -1.362681 2.240796 -0.746322 -21.334892 0.584908 3.008321 -13.821197 -0.000003 0.000002 -23.887129 -0.249079 -0.839480 -61.880779 2.110544 -1.365342 -0.294024 1.679686 0.833255 -14.218195 0.093214 1.300580 -34.212002 -0.287563 0.967171 -20.033178 0.964535 1.212842 0.000002 0.000000 0.000000 -3.440385 0.788232 0.501655 -15.928167 -3.167306 2.999704 -6.338817 -0.000002 0.000001 -18.123413 3.648175 -4.905660 -0.000004 -0.000000 -0.000002 1.478406 23.867609 8.631057 22.872746 39.750957 -10.996483 -178.609940 50.111195 -179.129471 -16.970776 3.055314 -16.282099 2.243538 -5.255033 -3.180155 14.282875 -0.826592 6.952494 -0.000003 -12.690591 -0.000001 16.048239 -17.235199 2.737842 1.665665 -1.955919 -2.878296 4.727794 -4.170583 4.993919 11.020510 0.000005 -0.000001 12.109032 -3.735712 -2.866778 -0.000000 -0.000001 0.000000 1.291983 -1.928548 -1.498087 14.800109 0.567468 3.865601 14.242553 -1.341736 -6.660647 19.631939 0.143928 -0.648243 49.839481 -0.194221 -5.814735 0.353030 -1.511150 -0.031940 20.222767 3.684308 2.316626 18.787245 0.000004 -0.000000 10.751610 -0.479865 1.397904 0.000000 0.000000 0.000000 3.273803 0.305947 -0.580111 21.486788 11.830368 2.266129 8.162916 0.000002 -0.000000 18.399048 -3.798979 -4.940567 0.000003 0.000000 -0.000001 -9.403850 15.557113 -41.543442 -0.043905 -0.032167 41.409199 3.960146 1.688207 0.055346 1.679448 -1.818541 -0.030543 0.000000 0.000000 0.000002 -21.606693 -11.101152 17.000145 0.291820 1.645305 38.436558 13.101980 -11.831283 -11.684956 -1.791361 1.047425 -18.498415 0.000000 -0.000000 -0.000001 
19.227907 90.038849 21.149757 9.961697 34.055298 1.630716 1.397539 1.971865 -3.719859 0.658690 7.422465 -6.163865 -2.679396 4.457656 8.478341 -10.435802 9.756772 17.140711 -1.383321 -1.722449 -3.605067 4.575945 -7.310090 5.318154 0.000076 -0.000023 0.000006 0.026679 -0.039803 -0.071331 0.864832 -3.743210 -10.668582 -0.818763 3.688123 -10.658860 -12.873315 3.133459 5.219608 -16.326866 -15.972750 -6.825594 178.174408 -53.678112 179.887100 16.601559 -7.535071 -6.091027 -5.882102 9.861278 0.702588 -10.936859 -0.360575 7.156197 0.000001 8.774813 -0.000001 -16.467756 17.472670 6.200781 -1.844030 2.498502 -2.507276 -10.163590 4.678939 4.621105 -20.975998 -0.000003 0.000003 -21.226255 2.451693 -3.593992 0.000001 -0.000006 -0.000001 -1.362681 2.240797 -0.746323 -21.334892 0.584908 3.008321 -13.821197 -0.000004 0.000003 -23.887131 -0.249078 -0.839480 -61.488865 1.948030 -1.203613 -0.294026 1.679686 0.833255 -14.218194 0.093214 1.300581 -34.212002 -0.287563 0.967171 -20.033180 0.964535 1.212842 0.000001 -0.000000 0.000000 -3.440387 0.788233 0.501655 -15.928167 -3.167306 2.999704 -6.338818 -0.000001 0.000001 -18.123413 3.648176 -4.905660 -0.000004 -0.000000 -0.000002 0.500467 21.582668 8.111827 25.252831 34.457706 -9.877448 -178.819901 48.099617 -179.259781 -16.434532 5.400765 -17.303778 2.243540 -5.255034 -3.180154 14.282877 -0.826593 6.952495 -0.000002 -12.690591 0.000000 15.939936 -17.418812 2.822540 1.665664 -1.955921 -2.878297 4.727792 -4.170584 4.993917 11.020511 0.000005 -0.000002 12.109033 -3.735709 -2.866778 0.000001 0.000001 0.000001 1.291986 -1.928547 -1.498088 14.800117 0.567467 3.865604 14.242553 -1.341732 -6.660646 19.631937 0.143926 -0.648242 49.980808 -0.389731 -5.843004 0.353028 -1.511149 -0.031939 20.222769 3.684306 2.316628 18.787245 0.000003 0.000000 10.751610 -0.479866 1.397904 0.000000 0.000000 0.000000 3.273803 0.305948 -0.580111 21.486792 11.830362 2.266130 8.162916 0.000002 -0.000000 18.399050 -3.798979 -4.940566 0.000003 -0.000000 -0.000001 -10.478088 11.856188 -35.178764 0.001720 0.061388 39.559250 4.177531 -1.619421 -1.070818 1.651926 -1.939139 -0.203248 0.000000 0.000000 0.000002 -20.661961 -11.017005 9.487308 0.478858 1.406790 60.880554 5.698522 -12.010520 -4.447924 -1.703755 1.017616 -7.454885 0.000000 0.000000 -0.000002 
20.514288 90.880356 22.946974 9.392934 41.695183 -2.413654 0.541679 1.034813 -1.925009 0.391083 5.535289 -5.635483 -3.024915 2.443601 8.787588 -7.096745 7.696000 19.048538 -1.480323 -2.285892 -3.482612 4.571837 -7.952577 3.146586 0.000077 -0.000025 0.000006 0.041194 -0.077370 -0.044979 0.893219 -3.781433 -10.709621 -0.811702 3.644815 -10.667003 -11.232215 -1.546852 5.933383 -15.374661 -19.248377 -11.331960 -179.657410 -59.000729 178.289322 16.556074 -8.015565 -8.017864 -5.882102 9.861278 0.702590 -10.936860 -0.360575 7.156197 0.000002 8.774813 -0.000002 -16.171663 17.630705 6.307137 -1.844031 2.498503 -2.507276 -10.163589 4.678938 4.621103 -20.975996 -0.000005 0.000004 -21.226255 2.451692 -3.593992 0.000000 -0.000006 -0.000001 -1.362682 2.240796 -0.746322 -21.334896 0.584908 3.008321 -13.821198 -0.000003 0.000002 -23.887135 -0.249078 -0.839480 -60.617817 2.099386 -1.071555 -0.294024 1.679686 0.833256 -14.218195 0.093215 1.300580 -34.212006 -0.287565 0.967171 -20.033180 0.964533 1.212843 -0.000001 -0.000000 0.000000 -3.440385 0.788233 0.501654 -15.928169 -3.167307 2.999705 -6.338817 -0.000001 0.000001 -18.123415 3.648175 -4.905660 -0.000004 -0.000000 -0.000002 -0.293758 18.308556 7.555155 27.464045 29.745670 -9.198343 -179.312286 47.077553 -179.619232 -15.959860 8.435027 -18.271948 2.243537 -5.255031 -3.180155 14.282875 -0.826594 6.952495 -0.000002 -12.690587 -0.000000 16.071945 -17.524441 2.816486 1.665664 -1.955919 -2.878298 4.727793 -4.170584 4.993918 11.020511 0.000004 -0.000001 12.109031 -3.735709 -2.866778 0.000001 0.000001 0.000001 1.291986 -1.928547 -1.498088 14.800111 0.567467 3.865602 14.242553 -1.341735 -6.660650 19.631937 0.143926 -0.648243 50.371868 -0.719537 -5.905200 0.353029 -1.511149 -0.031941 20.222769 3.684304 2.316628 18.787245 0.000005 0.000000 10.751610 -0.479869 1.397904 0.000000 0.000000 -0.000000 3.273804 0.305948 -0.580111 21.486794 11.830361 2.266132 8.162917 0.000002 -0.000000 18.399052 -3.798978 -4.940566 0.000003 0.000000 -0.000001 -9.845935 9.718565 -28.220171 0.068828 0.208520 37.800922 4.194947 -6.087727 -1.593564 1.597893 -1.991834 -0.340830 0.000000 0.000000 0.000002 -18.433113 -10.927835 0.809797 0.549572 0.772966 83.240990 4.352273 -6.654943 -8.691675 -1.784529 1.106552 -3.942497 -0.000001 -0.000000 -0.000002 
21.302103 91.435822 24.700523 6.285465 48.937687 -9.527086 -0.427729 0.119766 0.596293 0.111092 2.736704 -4.810846 -2.742697 -0.196998 9.795449 -3.411662 5.087748 21.369642 -1.481218 -2.583342 -3.316672 4.384470 -7.867228 0.613632 0.000077 -0.000021 0.000006 0.043267 -0.086395 -0.019291 0.862806 -3.810011 -10.725638 -0.777759 3.623567 -10.708182 -8.318682 -7.694065 7.042131 -14.069143 -22.260878 -17.448309 -178.406799 -63.883820 177.555099 16.120010 -8.141399 -10.317513 -5.882102 9.861278 0.702590 -10.936857 -0.360575 7.156196 0.000003 8.774814 -0.000000 -16.101519 17.725086 6.290092 -1.844029 2.498501 -2.507276 -10.163590 4.678940 4.621105 -20.975992 -0.000005 0.000003 -21.226254 2.451691 -3.593993 0.000001 -0.000006 -0.000000 -1.362678 2.240797 -0.746321 -21.334887 0.584907 3.008320 -13.821194 -0.000004 0.000003 -23.887123 -0.249077 -0.839479 -59.793098 2.352211 -0.971972 -0.294024 1.679686 0.833255 -14.218190 0.093214 1.300579 -34.211998 -0.287566 0.967171 -20.033176 0.964535 1.212843 -0.000001 0.000001 -0.000000 -3.440387 0.788234 0.501656 -15.928165 -3.167307 2.999704 -6.338817 0.000000 0.000001 -18.123411 3.648177 -4.905661 -0.000004 -0.000000 -0.000002 -0.648581 14.603058 7.157149 29.658302 25.563372 -8.885970 179.554352 47.274483 179.675751 -15.511863 11.394751 -18.995136 2.243541 -5.255032 -3.180156 14.282878 -0.826593 6.952497 -0.000002 -12.690591 0.000000 16.476652 -17.639456 2.718903 1.665663 -1.955921 -2.878297 4.727794 -4.170583 4.993919 11.020512 0.000004 -0.000003 12.109033 -3.735710 -2.866780 -0.000001 0.000002 -0.000000 1.291983 -1.928548 -1.498088 14.800114 0.567468 3.865602 14.242553 -1.341734 -6.660649 19.631941 0.143927 -0.648243 50.678986 -0.827011 -5.782705 0.353028 -1.511148 -0.031939 20.222771 3.684307 2.316628 18.787247 0.000006 -0.000001 10.751610 -0.479869 1.397903 0.000000 0.000001 -0.000000 3.273807 0.305947 -0.580109 21.486794 11.830364 2.266130 8.162918 0.000002 -0.000001 18.399054 -3.798977 -4.940568 0.000003 -0.000001 -0.000001 -7.218610 8.555294 -21.169518 0.119607 0.302222 37.540436 4.149524 -11.077948 -2.509570 1.555919 -1.860532 -0.399733 -0.000000 -0.000001 0.000002 -16.243050 -10.979569 -9.067333 0.476619 0.258327 101.927238 4.213636 -3.122066 -15.436771 -1.862176 1.172154 -4.266239 -0.000001 -0.000000 -0.000001 
22.005341 92.011490 26.589594 -0.236478 55.118301 -20.971428 -1.419009 -0.634907 3.481913 -0.140400 -0.478028 -3.564010 -2.108895 -3.406777 11.716181 0.241713 2.242753 24.430138 -1.273644 -2.475128 -3.208597 3.956779 -7.011801 -1.464779 0.000077 -0.000022 0.000006 0.007913 0.040847 0.015247 0.773012 -3.654476 -10.682438 -0.757239 3.754633 -10.723209 -4.587245 -14.648705 8.220531 -12.341579 -24.493605 -23.574224 -179.531036 -67.696182 178.689926 15.507759 -8.219236 -13.343061 -5.882102 9.861278 0.702589 -10.936860 -0.360575 7.156196 0.000002 8.774813 -0.000001 -16.292732 17.477503 6.048770 -1.844031 2.498501 -2.507276 -10.163589 4.678940 4.621103 -20.975992 -0.000005 0.000001 -21.226255 2.451693 -3.593995 0.000001 -0.000006 -0.000000 -1.362681 2.240796 -0.746322 -21.334887 0.584909 3.008320 -13.821197 -0.000003 0.000003 -23.887131 -0.249080 -0.839481 -59.185963 2.481426 -0.865411 -0.294023 1.679684 0.833257 -14.218194 0.093214 1.300579 -34.212002 -0.287566 0.967169 -20.033176 0.964536 1.212841 -0.000001 0.000001 -0.000000 -3.440385 0.788232 0.501655 -15.928164 -3.167307 2.999702 -6.338814 -0.000001 0.000001 -18.123413 3.648176 -4.905662 -0.000004 -0.000001 -0.000002 0.133915 10.519834 7.631255 31.130306 22.040752 -9.224602 178.011658 48.884537 178.727234 -15.085543 13.644771 -19.671453 2.243541 -5.255031 -3.180155 14.282878 -0.826594 6.952496 -0.000001 -12.690587 -0.000001 16.663637 -17.378448 2.679309 1.665666 -1.955919 -2.878294 4.727795 -4.170582 4.993919 11.020511 0.000003 -0.000001 12.109033 -3.735712 -2.866779 -0.000000 -0.000001 0.000000 1.291986 -1.928547 -1.498088 14.800117 0.567468 3.865606 14.242554 -1.341735 -6.660648 19.631939 0.143928 -0.648242 50.871914 -0.760940 -5.440809 0.353031 -1.511149 -0.031941 20.222771 3.684304 2.316627 18.787247 0.000004 -0.000001 10.751612 -0.479868 1.397904 0.000000 0.000000 -0.000000 3.273803 0.305947 -0.580110 21.486790 11.830361 2.266130 8.162917 0.000002 -0.000001 18.399055 -3.798977 -4.940568 0.000003 -0.000001 -0.000000 -2.754949 7.190358 -13.393775 0.203889 0.314776 38.140694 4.063929 -15.911664 -3.383736 1.543825 -1.637448 -0.611108 0.000000 -0.000001 0.000002 -15.346227 -12.440669 -20.589388 0.371651 0.315440 115.623024 4.628244 -3.681854 -22.104946 -1.828755 1.263796 -4.292818 0.000000 0.000000 -0.000003 
23.060619 92.918724 28.534708 -9.390037 58.338737 -35.887909 -2.040323 -1.277538 6.172270 -0.472409 -3.134427 -2.200644 -1.420377 -6.589221 14.649634 2.759938 0.086171 27.901352 -0.894141 -2.110375 -3.162374 3.335438 -5.359118 -1.915078 0.000077 -0.000023 0.000006 -0.033710 0.187162 0.066609 0.708672 -3.509063 -10.652796 -0.779936 3.884923 -10.726425 -1.829133 -20.025660 9.429208 -10.915243 -26.605955 -27.363352 178.000198 -70.218971 -179.153488 15.656227 -9.774184 -17.856794 -5.882102 9.861278 0.702591 -10.936859 -0.360576 7.156199 0.000001 8.774812 -0.000000 -16.805914 16.611553 5.473384 -1.844030 2.498502 -2.507276 -10.163589 4.678939 4.621103 -20.975996 -0.000004 0.000003 -21.226254 2.451692 -3.593992 0.000000 -0.000006 -0.000000 -1.362682 2.240797 -0.746322 -21.334896 0.584908 3.008320 -13.821197 -0.000004 0.000002 -23.887133 -0.249080 -0.839481 -59.045403 2.368512 -0.698971 -0.294024 1.679687 0.833255 -14.218192 0.093215 1.300581 -34.211998 -0.287561 0.967171 -20.033180 0.964534 1.212842 -0.000000 0.000001 -0.000000 -3.440384 0.788232 0.501655 -15.928165 -3.167306 2.999705 -6.338814 0.000000 0.000002 -18.123411 3.648178 -4.905659 -0.000004 0.000001 -0.000002 2.517374 6.729308 9.232663 31.972254 19.379086 -9.269520 176.812744 51.045059 177.911942 -14.224610 15.650088 -19.983803 2.243540 -5.255033 -3.180158 14.282877 -0.826593 6.952493 -0.000001 -12.690587 -0.000001 16.298037 -17.271055 2.807533 1.665665 -1.955922 -2.878296 4.727795 -4.170584 4.993918 11.020513 0.000004 -0.000003 12.109032 -3.735712 -2.866781 0.000000 0.000001 0.000000 1.291985 -1.928548 -1.498086 14.800111 0.567468 3.865600 14.242554 -1.341736 -6.660652 19.631939 0.143927 -0.648245 51.120049 -0.614689 -5.384529 0.353030 -1.511149 -0.031941 20.222767 3.684305 2.316625 18.787245 0.000006 -0.000002 10.751610 -0.479868 1.397903 0.000000 0.000001 -0.000000 3.273802 0.305947 -0.580110 21.486788 11.830365 2.266129 8.162916 0.000001 -0.000001 18.399052 -3.798978 -4.940569 0.000003 0.000001 -0.000001 2.565135 4.773719 -4.093287 0.272661 0.149403 37.479630 3.286121 -19.295055 -4.018256 1.562127 -1.488050 -0.839434 -0.000000 -0.000002 0.000002 -16.128065 -15.753388 -32.176861 0.334431 0.447339 120.695503 4.305691 -6.572437 -26.156782 -1.671951 1.393256 -3.372150 -0.000000 -0.000001 -0.000000 
24.873404 93.868652 30.672350 -17.089218 58.020897 -49.189930 -2.216549 -1.567508 7.818186 -0.807490 -4.942033 -1.139607 -0.802515 -8.965794 17.983444 3.646834 -1.140449 31.258003 -0.500773 -1.407949 -3.157014 2.429268 -3.635473 -1.015354 0.000077 -0.000024 0.000006 -0.081385 0.271739 0.102265 0.665852 -3.406699 -10.629383 -0.841924 3.976094 -10.691553 -1.571206 -22.466496 11.368129 -11.167870 -29.309753 -26.843155 175.329437 -71.378883 -175.903564 16.654163 -13.117714 -21.768837 -5.882102 9.861280 0.702591 -10.936858 -0.360575 7.156197 0.000002 8.774816 -0.000002 -17.483286 16.090376 4.774326 -1.844031 2.498503 -2.507275 -10.163589 4.678939 4.621105 -20.975994 -0.000005 0.000004 -21.226250 2.451694 -3.593992 0.000000 -0.000008 0.000000 -1.362682 2.240798 -0.746321 -21.334890 0.584909 3.008322 -13.821197 -0.000002 0.000003 -23.887131 -0.249079 -0.839479 -58.775333 2.294830 -1.066042 -0.294024 1.679685 0.833253 -14.218192 0.093214 1.300581 -34.212002 -0.287565 0.967174 -20.033180 0.964534 1.212844 -0.000001 0.000000 0.000000 -3.440386 0.788231 0.501653 -15.928169 -3.167310 2.999705 -6.338815 -0.000003 0.000001 -18.123411 3.648178 -4.905659 -0.000004 0.000001 -0.000002 5.277478 3.876831 10.526642 34.032948 16.356575 -7.523025 177.035736 51.992645 177.568359 -13.415576 17.486393 -21.075590 2.243541 -5.255031 -3.180154 14.282878 -0.826597 6.952497 0.000000 -12.690591 0.000002 15.596308 -17.517542 3.192254 1.665666 -1.955920 -2.878297 4.727794 -4.170583 4.993919 11.020513 0.000002 -0.000001 12.109034 -3.735709 -2.866779 0.000000 0.000002 0.000000 1.291985 -1.928548 -1.498087 14.800114 0.567466 3.865602 14.242554 -1.341736 -6.660648 19.631935 0.143925 -0.648245 51.592964 -0.482405 -5.268250 0.353029 -1.511150 -0.031940 20.222769 3.684304 2.316625 18.787245 0.000005 -0.000001 10.751610 -0.479870 1.397903 0.000000 0.000002 -0.000000 3.273803 0.305947 -0.580112 21.486794 11.830360 2.266129 8.162917 0.000000 -0.000001 18.399054 -3.798980 -4.940569 0.000003 0.000002 -0.000001 7.390349 1.995115 6.166395 0.295127 -0.266632 34.773380 1.655763 -20.659306 -5.771659 1.596305 -1.433872 -0.919924 -0.000000 -0.000001 0.000002 -15.848105 -19.798893 -44.800282 -0.167419 0.333825 118.309319 2.175504 -7.904059 -25.183064 -1.420945 1.531810 -2.748044 0.000000 0.000000 -0.000001 
27.028603 94.782959 33.007111 -22.311926 55.946728 -58.197933 -1.747850 -1.817663 8.169203 -0.838842 -5.978991 -0.741421 -0.367339 -10.684132 20.772898 3.458833 -1.688290 33.816345 -0.349107 -0.887147 -3.336292 1.658097 -2.152113 0.471731 0.000076 -0.000023 0.000007 -0.108920 0.298717 0.075621 0.644446 -3.419383 -10.778988 -0.855087 3.984761 -10.797494 -3.430465 -22.440012 13.778382 -14.059275 -32.406582 -20.524393 172.550003 -71.605270 -171.650177 17.486454 -16.869781 -21.762400 -5.882100 9.861278 0.702590 -10.936857 -0.360576 7.156197 0.000000 8.774812 0.000000 -17.804781 16.108158 4.398479 -1.844031 2.498501 -2.507277 -10.163589 4.678939 4.621103 -20.975996 -0.000007 0.000002 -21.226255 2.451691 -3.593993 0.000000 -0.000004 -0.000000 -1.362681 2.240798 -0.746323 -21.334887 0.584909 3.008322 -13.821197 -0.000003 0.000003 -23.887131 -0.249079 -0.839478 -58.589409 2.702380 -1.791465 -0.294023 1.679687 0.833255 -14.218192 0.093214 1.300581 -34.212006 -0.287563 0.967174 -20.033176 0.964536 1.212843 -0.000000 -0.000002 0.000000 -3.440383 0.788232 0.501654 -15.928169 -3.167306 2.999705 -6.338817 -0.000002 0.000001 -18.123413 3.648177 -4.905659 -0.000004 -0.000001 -0.000002 7.784415 1.972041 10.711479 37.640266 12.060241 -4.480163 178.448318 50.304131 178.208435 -13.023980 18.606750 -23.099409 2.243539 -5.255034 -3.180155 14.282877 -0.826593 6.952497 -0.000002 -12.690592 0.000001 14.986910 -17.734133 3.671369 1.665663 -1.955920 -2.878295 4.727796 -4.170585 4.993921 11.020511 0.000004 0.000001 12.109031 -3.735708 -2.866777 0.000001 0.000002 0.000000 1.291984 -1.928548 -1.498087 14.800114 0.567469 3.865605 14.242550 -1.341733 -6.660648 19.631937 0.143927 -0.648240 51.893871 -0.328300 -5.065098 0.353029 -1.511150 -0.031938 20.222769 3.684307 2.316629 18.787245 0.000006 0.000002 10.751610 -0.479868 1.397905 0.000000 0.000001 -0.000000 3.273803 0.305947 -0.580110 21.486790 11.830363 2.266130 8.162917 0.000002 -0.000001 18.399054 -3.798980 -4.940565 0.000003 -0.000001 -0.000001 11.263052 -1.090051 14.127394 0.281561 -0.858258 32.720028 -0.120673 -20.062893 -7.028936 1.658260 -1.444011 -0.631012 -0.000000 -0.000001 0.000002 -13.260878 -24.121264 -58.264412 -0.696291 0.482619 112.052750 0.920130 -5.878181 -23.147934 -1.143600 1.564111 -3.252372 -0.000000 -0.000001 -0.000001 
29.105160 95.470306 35.347839 -26.947580 53.763058 -64.289993 -0.733257 -2.544410 7.922606 -0.565668 -6.691758 -0.886090 0.308214 -11.907462 22.496206 2.989260 -1.923266 35.012566 -0.458694 -1.107302 -3.556375 1.124993 -1.323942 1.943188 0.000077 -0.000023 0.000006 -0.081904 0.233366 0.038912 0.668778 -3.520323 -10.940856 -0.835528 3.965789 -10.926622 -6.124662 -21.030094 15.751814 -19.290453 -34.774158 -10.179876 171.371399 -72.038277 -168.716965 17.463432 -20.246483 -19.209316 -5.882102 9.861278 0.702590 -10.936858 -0.360574 7.156196 0.000001 8.774814 -0.000000 -18.014673 16.167439 4.345474 -1.844030 2.498504 -2.507277 -10.163590 4.678941 4.621105 -20.975994 -0.000003 0.000001 -21.226254 2.451692 -3.593995 0.000001 -0.000005 -0.000001 -1.362680 2.240797 -0.746324 -21.334887 0.584909 3.008319 -13.821195 -0.000002 0.000002 -23.887131 -0.249079 -0.839481 -58.982548 3.024541 -2.075566 -0.294024 1.679686 0.833254 -14.218192 0.093214 1.300578 -34.212002 -0.287564 0.967167 -20.033180 0.964536 1.212840 -0.000000 0.000001 -0.000000 -3.440387 0.788233 0.501655 -15.928169 -3.167306 2.999703 -6.338817 -0.000002 0.000001 -18.123415 3.648177 -4.905663 -0.000004 -0.000000 -0.000002 10.033861 0.457409 10.430335 41.709949 7.381814 -1.564784 179.602722 46.732479 179.040176 -12.423573 18.803389 -25.144958 2.243539 -5.255031 -3.180155 14.282878 -0.826591 6.952497 -0.000000 -12.690592 0.000001 14.408333 -17.811777 3.862854 1.665666 -1.955920 -2.878300 4.727795 -4.170583 4.993918 11.020513 0.000004 0.000001 12.109032 -3.735710 -2.866779 -0.000001 -0.000002 0.000000 1.291984 -1.928547 -1.498089 14.800113 0.567467 3.865601 14.242554 -1.341733 -6.660648 19.631945 0.143926 -0.648243 51.450371 -0.154468 -5.089685 0.353031 -1.511149 -0.031942 20.222773 3.684306 2.316628 18.787245 0.000006 -0.000002 10.751612 -0.479868 1.397903 0.000001 0.000001 0.000000 3.273805 0.305945 -0.580109 21.486797 11.830366 2.266129 8.162917 0.000003 0.000000 18.399057 -3.798976 -4.940566 0.000003 -0.000001 -0.000001 14.441754 -4.635239 18.886747 0.270080 -1.225844 31.706860 -1.671693 -19.083368 -8.677299 1.724763 -1.450583 -0.273787 -0.000000 0.000000 0.000002 -7.976189 -29.059599 -72.528687 -0.730224 0.494271 102.142639 1.646535 -4.929498 -20.979708 -0.896592 1.506402 -3.860133 0.000000 0.000000 -0.000004 
30.823854 96.030472 37.515625 -31.219912 51.858719 -68.270500 0.575811 -3.252304 7.018105 -0.396640 -7.255643 -1.067895 1.412398 -12.751538 23.306456 2.869934 -2.250295 35.463226 -0.854614 -1.812958 -3.737228 0.624209 -1.714884 3.086848 0.000077 -0.000023 0.000005 -0.024031 0.108159 0.043837 0.714601 -3.614819 -10.840144 -0.771392 3.842627 -10.794721 -9.054349 -19.230108 16.791683 -25.088947 -35.183781 1.397167 171.629913 -73.159492 -167.572266 15.500324 -22.220320 -15.560937 -5.882102 9.861280 0.702591 -10.936859 -0.360576 7.156197 0.000002 8.774814 -0.000001 -17.800219 16.178333 4.724143 -1.844029 2.498503 -2.507276 -10.163589 4.678938 4.621101 -20.975996 -0.000005 0.000001 -21.226254 2.451692 -3.593995 0.000000 -0.000007 -0.000001 -1.362680 2.240796 -0.746322 -21.334896 0.584908 3.008318 -13.821198 -0.000002 0.000001 -23.887131 -0.249079 -0.839481 -59.832535 3.064663 -2.086382 -0.294025 1.679688 0.833255 -14.218194 0.093214 1.300578 -34.212002 -0.287566 0.967166 -20.033178 0.964530 1.212840 -0.000000 0.000002 -0.000000 -3.440385 0.788236 0.501656 -15.928171 -3.167306 2.999703 -6.338815 -0.000002 0.000000 -18.123415 3.648175 -4.905663 -0.000004 -0.000000 -0.000002 11.985471 -1.146742 10.044716 45.974735 3.083724 0.694282 179.284225 43.069626 179.018982 -11.581332 17.645695 -27.189846 2.243539 -5.255031 -3.180155 14.282877 -0.826593 6.952495 -0.000005 -12.690591 0.000001 14.246231 -17.389181 3.472101 1.665665 -1.955920 -2.878297 4.727793 -4.170582 4.993917 11.020511 0.000005 -0.000002 12.109034 -3.735708 -2.866778 -0.000000 -0.000002 -0.000001 1.291985 -1.928548 -1.498089 14.800111 0.567466 3.865602 14.242556 -1.341732 -6.660650 19.631939 0.143926 -0.648246 50.624664 -0.089827 -5.074851 0.353028 -1.511148 -0.031939 20.222771 3.684305 2.316627 18.787245 0.000008 -0.000001 10.751611 -0.479866 1.397903 0.000001 0.000002 0.000000 3.273804 0.305947 -0.580110 21.486794 11.830363 2.266128 8.162916 0.000003 -0.000002 18.399052 -3.798978 -4.940567 0.000003 -0.000001 -0.000000 17.557533 -7.705267 21.036089 0.186979 -1.375495 31.293264 -2.504684 -18.576883 -10.395708 1.742073 -1.548928 0.148766 0.000000 -0.000001 0.000002 -0.612572 -32.790939 -85.357536 -0.462028 -0.038468 86.983429 2.130135 -8.150201 -19.962732 -0.617819 1.316953 -3.958630 -0.000001 -0.000000 0.000001 
32.250275 96.725616 39.733803 -34.204590 50.690350 -71.399147 1.251457 -3.828600 6.334815 -0.470645 -7.475867 -1.109581 2.269920 -13.029929 24.068985 3.363589 -3.353414 36.159534 -1.257054 -2.419889 -4.025667 -0.245195 -2.515495 3.676314 0.000076 -0.000022 0.000006 0.007039 0.104759 0.011432 0.744441 -3.590649 -10.738468 -0.733187 3.799173 -10.642950 -10.847200 -17.451139 17.478235 -28.716484 -34.668106 8.991755 174.636276 -74.248947 -169.762573 12.095104 -21.362511 -12.438375 -5.882101 9.861279 0.702589 -10.936857 -0.360576 7.156197 0.000001 8.774816 -0.000002 -17.248119 16.240513 5.268263 -1.844030 2.498503 -2.507276 -10.163589 4.678938 4.621103 -20.975990 -0.000003 0.000005 -21.226246 2.451694 -3.593993 0.000001 -0.000006 -0.000000 -1.362680 2.240796 -0.746323 -21.334892 0.584909 3.008324 -13.821195 -0.000001 0.000004 -23.887131 -0.249076 -0.839479 -60.653435 3.224012 -2.122316 -0.294024 1.679686 0.833256 -14.218190 0.093214 1.300580 -34.211998 -0.287562 0.967173 -20.033176 0.964535 1.212843 0.000000 0.000002 0.000000 -3.440384 0.788234 0.501656 -15.928167 -3.167307 2.999707 -6.338816 -0.000001 0.000002 -18.123411 3.648178 -4.905662 -0.000004 0.000001 -0.000001 13.252040 -2.879397 10.393738 50.154705 0.795272 2.030297 178.273849 41.265099 178.688278 -10.623174 15.329036 -29.612963 2.243540 -5.255034 -3.180156 14.282875 -0.826593 6.952496 -0.000001 -12.690592 -0.000001 14.710794 -16.702711 2.958193 1.665665 -1.955920 -2.878294 4.727793 -4.170583 4.993917 11.020512 0.000002 -0.000002 12.109032 -3.735713 -2.866781 0.000000 -0.000001 -0.000000 1.291985 -1.928549 -1.498087 14.800109 0.567469 3.865605 14.242553 -1.341735 -6.660650 19.631935 0.143926 -0.648243 50.508736 -0.231258 -4.875298 0.353029 -1.511150 -0.031940 20.222765 3.684306 2.316629 18.787243 0.000003 0.000000 10.751611 -0.479868 1.397904 -0.000002 0.000001 -0.000001 3.273803 0.305946 -0.580110 21.486788 11.830364 2.266132 8.162914 0.000003 0.000000 18.399052 -3.798980 -4.940569 0.000003 0.000000 -0.000002 20.421217 -9.730232 23.968609 -0.017374 -1.448193 28.991983 -2.842459 -18.940081 -11.056839 1.690805 -1.610509 0.615268 -0.000000 -0.000001 0.000002 3.385238 -34.117023 -90.974365 -0.176127 -0.943639 65.299789 0.303282 -10.675616 -14.308432 -0.591833 1.133786 -2.316739 -0.000000 0.000000 -0.000001 
33.397545 96.983932 41.382988 -35.915359 50.274773 -74.654579 0.982471 -4.319920 6.325617 -0.704891 -7.489662 -1.134735 2.372764 -12.837808 25.080265 4.277621 -4.909177 38.290611 -1.402865 -2.828525 -4.232712 -0.979195 -2.854261 4.067765 0.000077 -0.000020 0.000006 -0.005939 0.126378 -0.077884 0.772595 -3.583682 -10.983397 -0.790413 3.826345 -10.840652 -10.257448 -15.962854 18.017429 -29.238819 -35.128357 9.385574 178.255859 -74.113686 -173.536469 9.400209 -19.258984 -12.179477 -5.882101 9.861278 0.702590 -10.936859 -0.360576 7.156196 0.000002 8.774812 -0.000001 -17.011925 16.465345 5.350251 -1.844031 2.498501 -2.507276 -10.163590 4.678938 4.621104 -20.975994 -0.000003 0.000001 -21.226255 2.451694 -3.593995 0.000001 -0.000003 -0.000001 -1.362680 2.240795 -0.746323 -21.334892 0.584907 3.008319 -13.821197 -0.000002 0.000002 -23.887133 -0.249077 -0.839481 -60.549393 3.499164 -2.073111 -0.294025 1.679686 0.833255 -14.218190 0.093214 1.300578 -34.212002 -0.287569 0.967168 -20.033176 0.964533 1.212844 -0.000001 0.000000 0.000000 -3.440386 0.788232 0.501655 -15.928164 -3.167305 2.999701 -6.338814 -0.000001 0.000001 -18.123413 3.648175 -4.905662 -0.000004 0.000002 -0.000000 13.710569 -3.823130 12.326253 53.095581 1.605324 1.438299 177.571274 41.492413 178.410995 -9.780538 13.119684 -31.237179 2.243539 -5.255034 -3.180155 14.282875 -0.826593 6.952497 -0.000004 -12.690592 0.000001 15.165417 -16.162939 2.815552 1.665664 -1.955921 -2.878297 4.727793 -4.170583 4.993918 11.020512 0.000005 -0.000000 12.109031 -3.735708 -2.866779 -0.000000 -0.000003 -0.000001 1.291984 -1.928549 -1.498088 14.800113 0.567470 3.865603 14.242551 -1.341733 -6.660646 19.631937 0.143927 -0.648240 50.616714 -0.299862 -4.725814 0.353028 -1.511149 -0.031939 20.222771 3.684310 2.316629 18.787243 0.000006 0.000001 10.751611 -0.479868 1.397905 0.000000 0.000000 0.000000 3.273804 0.305948 -0.580109 21.486794 11.830369 2.266133 8.162915 0.000002 -0.000001 18.399050 -3.798980 -4.940565 0.000002 0.000001 0.000000 22.352808 -10.830770 27.454987 -0.254260 -1.653528 27.039774 -2.393723 -20.025955 -11.589985 1.622868 -1.558164 0.723892 0.000000 -0.000000 0.000002 0.533319 -33.498737 -85.250565 0.110832 -1.794356 37.014030 -0.929867 -8.541058 -3.219267 -0.769746 1.050365 -1.514098 0.000000 -0.000000 -0.000002 
34.121441 96.890434 42.356319 -37.521542 49.778194 -77.503853 0.449943 -4.710867 6.291241 -0.986403 -7.392734 -1.101278 2.558794 -12.817245 25.569464 4.933146 -6.700807 41.614384 -1.795455 -2.522693 -4.280183 -0.874496 -3.229142 4.728755 0.000077 -0.000021 0.000006 -0.018808 0.089664 -0.156317 0.738088 -3.632136 -11.211647 -0.789644 3.808358 -11.043242 -8.840943 -15.186597 17.977177 -28.119240 -36.262142 6.757704 177.684021 -73.704803 -173.601257 7.854270 -17.359241 -14.022970 -5.882099 9.861280 0.702587 -10.936858 -0.360576 7.156198 0.000002 8.774814 -0.000002 -16.951336 16.797724 5.300465 -1.844030 2.498503 -2.507275 -10.163589 4.678939 4.621102 -20.975992 -0.000006 0.000003 -21.226254 2.451692 -3.593992 0.000001 -0.000003 -0.000000 -1.362680 2.240798 -0.746322 -21.334887 0.584907 3.008320 -13.821197 -0.000004 0.000003 -23.887131 -0.249080 -0.839478 -60.323795 3.634264 -2.134608 -0.294022 1.679686 0.833255 -14.218192 0.093214 1.300579 -34.211998 -0.287566 0.967172 -20.033176 0.964534 1.212844 0.000000 0.000000 0.000000 -3.440384 0.788235 0.501655 -15.928164 -3.167306 2.999704 -6.338814 -0.000002 0.000001 -18.123411 3.648177 -4.905662 -0.000004 -0.000000 -0.000002 14.202778 -4.220513 14.277111 54.331627 4.128022 0.090771 177.393600 43.116734 178.454117 -9.099857 11.068561 -31.953724 2.243541 -5.255032 -3.180155 14.282875 -0.826595 6.952495 -0.000003 -12.690585 0.000001 15.561649 -15.974136 2.693218 1.665666 -1.955918 -2.878298 4.727794 -4.170584 4.993918 11.020511 0.000003 -0.000002 12.109033 -3.735708 -2.866780 0.000001 -0.000002 -0.000000 1.291984 -1.928547 -1.498088 14.800113 0.567467 3.865601 14.242554 -1.341734 -6.660649 19.631939 0.143924 -0.648245 50.437241 -0.368864 -4.762722 0.353029 -1.511150 -0.031941 20.222769 3.684305 2.316625 18.787247 0.000003 -0.000003 10.751610 -0.479868 1.397903 -0.000001 0.000000 0.000000 3.273805 0.305946 -0.580111 21.486790 11.830359 2.266129 8.162918 0.000002 -0.000001 18.399054 -3.798979 -4.940568 -0.000000 0.000001 -0.000001 24.170916 -11.688945 29.205143 -0.444440 -1.732491 26.947855 -1.792250 -21.113960 -12.527605 1.588428 -1.405320 0.772213 0.000000 -0.000001 0.000002 -7.849942 -31.839037 -72.857941 0.352021 -1.544227 14.209057 0.714392 -7.632719 1.958434 -1.102913 0.901746 -1.587611 -0.000001 -0.000000 -0.000001 
34.371574 96.666222 42.944004 -37.735081 49.110104 -77.726997 -0.067047 -4.526417 6.130495 -1.236453 -7.295500 -1.231189 2.913914 -12.548203 25.329170 5.517319 -8.265677 44.136314 -2.175586 -2.233300 -4.314466 -0.375901 -3.692070 4.963012 0.000077 -0.000023 0.000007 -0.027992 0.088148 -0.178154 0.681132 -3.646974 -11.267994 -0.747236 3.802096 -11.116583 -7.741168 -15.011442 17.536169 -26.460232 -37.416397 3.770606 176.081070 -73.758980 -172.980515 6.852657 -15.167089 -15.554916 -5.882100 9.861278 0.702589 -10.936860 -0.360573 7.156197 0.000000 8.774811 -0.000001 -16.933422 17.031309 5.437191 -1.844029 2.498501 -2.507276 -10.163590 4.678937 4.621104 -20.975994 -0.000003 0.000000 -21.226255 2.451693 -3.593995 0.000001 -0.000005 -0.000001 -1.362682 2.240795 -0.746325 -21.334892 0.584910 3.008319 -13.821197 -0.000003 0.000002 -23.887135 -0.249077 -0.839482 -60.623989 3.694103 -2.213982 -0.294025 1.679684 0.833256 -14.218194 0.093216 1.300578 -34.211998 -0.287561 0.967166 -20.033178 0.964535 1.212840 0.000000 0.000001 0.000001 -3.440386 0.788233 0.501656 -15.928167 -3.167307 2.999703 -6.338817 -0.000002 0.000001 -18.123415 3.648178 -4.905661 -0.000004 -0.000002 -0.000001 14.855813 -4.724685 14.527677 54.736607 6.254461 -0.434623 177.827362 45.352448 178.828491 -8.815426 9.475252 -31.733555 2.243539 -5.255031 -3.180154 14.282877 -0.826593 6.952497 -0.000003 -12.690592 0.000001 15.641731 -15.731751 2.672913 1.665664 -1.955920 -2.878297 4.727793 -4.170582 4.993918 11.020511 0.000002 -0.000001 12.109032 -3.735710 -2.866779 0.000001 -0.000002 0.000001 1.291984 -1.928548 -1.498088 14.800114 0.567469 3.865606 14.242551 -1.341733 -6.660650 19.631939 0.143926 -0.648242 50.420811 -0.528252 -4.788539 0.353029 -1.511151 -0.031939 20.222771 3.684305 2.316629 18.787245 0.000004 0.000001 10.751611 -0.479865 1.397904 -0.000002 0.000001 0.000001 3.273804 0.305947 -0.580110 21.486792 11.830363 2.266133 8.162916 0.000003 0.000000 18.399052 -3.798982 -4.940565 0.000003 0.000002 -0.000001 25.501980 -11.680559 28.749237 -0.528983 -1.666121 28.503542 -1.315833 -21.735754 -13.379809 1.569851 -1.278136 1.124945 0.000000 0.000000 0.000002 -15.118432 -28.527384 -63.049522 0.120454 -0.370001 5.097921 1.187224 -12.087879 2.696647 -1.291359 0.830259 -1.304450 -0.000000 -0.000000 0.000001 
34.192097 96.565613 43.155117 -36.753029 48.435516 -75.740082 -0.599042 -4.009625 5.850750 -1.467785 -7.174259 -1.391481 3.179370 -11.897788 24.678761 6.421457 -9.460693 45.123035 -2.411290 -2.252765 -4.233815 0.139133 -4.197895 4.554302 0.000078 -0.000022 0.000006 -0.049560 0.144417 -0.172949 0.592324 -3.594359 -11.242515 -0.698422 3.861426 -11.110695 -7.243495 -15.108563 16.870199 -24.724422 -38.332066 1.368427 173.812164 -73.863754 -172.039429 5.900695 -12.689958 -16.167604 -5.882100 9.861276 0.702588 -10.936859 -0.360575 7.156198 0.000000 8.774811 -0.000001 -17.200665 17.173557 5.660205 -1.844030 2.498503 -2.507277 -10.163589 4.678941 4.621102 -20.975994 -0.000002 0.000001 -21.226255 2.451694 -3.593997 0.000002 -0.000004 -0.000000 -1.362680 2.240798 -0.746322 -21.334887 0.584908 3.008320 -13.821197 -0.000002 0.000003 -23.887131 -0.249077 -0.839481 -61.196087 3.675758 -1.988186 -0.294023 1.679686 0.833255 -14.218195 0.093216 1.300580 -34.212002 -0.287561 0.967169 -20.033178 0.964535 1.212841 0.000002 -0.000001 0.000001 -3.440386 0.788233 0.501657 -15.928169 -3.167305 2.999703 -6.338815 -0.000003 0.000001 -18.123411 3.648175 -4.905661 -0.000004 -0.000001 -0.000001 15.716167 -5.184585 13.549978 55.015888 7.650575 -0.776309 178.214615 47.224766 178.911804 -8.649283 7.923196 -30.446213 2.243540 -5.255033 -3.180156 14.282878 -0.826594 6.952496 -0.000003 -12.690592 -0.000001 15.564998 -15.448446 2.697548 1.665665 -1.955920 -2.878296 4.727794 -4.170584 4.993917 11.020512 0.000005 -0.000001 12.109034 -3.735707 -2.866780 0.000001 -0.000002 -0.000000 1.291985 -1.928550 -1.498089 14.800113 0.567468 3.865602 14.242553 -1.341735 -6.660648 19.631939 0.143926 -0.648243 50.497261 -0.427594 -4.771703 0.353029 -1.511149 -0.031942 20.222771 3.684309 2.316629 18.787245 0.000007 0.000001 10.751614 -0.479867 1.397904 -0.000002 0.000001 0.000001 3.273804 0.305948 -0.580109 21.486794 11.830367 2.266131 8.162916 0.000003 0.000001 18.399054 -3.798977 -4.940566 0.000001 -0.000001 -0.000002 26.299809 -10.784566 26.617229 -0.520759 -1.442354 31.152309 -0.692660 -21.895414 -13.167260 1.543120 -1.182097 1.609265 0.000000 -0.000000 0.000002 -19.265186 -24.331732 -57.221222 -0.374387 0.696261 5.513739 0.810932 -18.640102 2.708212 -1.199570 0.797100 -0.929277 0.000000 0.000000 0.000000 
33.509315 96.579239 42.919044 -35.383591 47.808979 -72.507607 -0.998416 -3.470387 5.427376 -1.583850 -6.899139 -1.581073 3.086147 -11.060630 23.777506 7.735409 -10.324228 44.742760 -2.566673 -2.519578 -3.987324 0.676231 -4.701218 3.606833 0.000077 -0.000022 0.000005 -0.075984 0.237446 -0.117533 0.501959 -3.508712 -11.126005 -0.673440 3.965402 -10.986523 -7.297013 -15.417369 16.007114 -23.431322 -39.204590 -0.605426 172.635178 -73.719322 -171.932755 5.560650 -9.833310 -16.685690 -5.882102 9.861275 0.702589 -10.936860 -0.360576 7.156197 0.000001 8.774814 -0.000001 -17.515821 17.170956 5.814034 -1.844031 2.498501 -2.507275 -10.163590 4.678939 4.621103 -20.975998 -0.000002 0.000001 -21.226255 2.451690 -3.593994 0.000000 -0.000006 0.000000 -1.362681 2.240797 -0.746324 -21.334896 0.584909 3.008321 -13.821197 -0.000004 0.000002 -23.887135 -0.249080 -0.839482 -61.655937 3.444687 -1.459671 -0.294024 1.679687 0.833256 -14.218194 0.093213 1.300577 -34.212013 -0.287562 0.967170 -20.033180 0.964534 1.212841 0.000001 -0.000001 0.000001 -3.440385 0.788234 0.501654 -15.928169 -3.167308 2.999703 -6.338818 -0.000003 0.000001 -18.123415 3.648175 -4.905662 -0.000004 -0.000001 -0.000000 16.436659 -5.453154 12.013698 55.537834 8.720737 -1.361904 178.348618 48.216721 178.775131 -8.855812 6.267216 -27.750694 2.243540 -5.255033 -3.180152 14.282878 -0.826596 6.952495 0.000000 -12.690588 -0.000000 15.302374 -15.336543 2.861064 1.665665 -1.955920 -2.878296 4.727796 -4.170583 4.993919 11.020513 0.000003 -0.000001 12.109035 -3.735711 -2.866778 0.000001 -0.000003 -0.000001 1.291984 -1.928550 -1.498087 14.800114 0.567464 3.865605 14.242553 -1.341737 -6.660652 19.631941 0.143920 -0.648246 50.598484 -0.210451 -4.746272 0.353028 -1.511150 -0.031939 20.222771 3.684302 2.316627 18.787249 0.000004 -0.000003 10.751612 -0.479869 1.397903 -0.000001 0.000001 0.000001 3.273804 0.305947 -0.580111 21.486790 11.830360 2.266131 8.162918 0.000000 0.000000 18.399057 -3.798980 -4.940570 0.000002 0.000001 -0.000001 26.874910 -9.174999 23.356628 -0.409626 -1.206077 33.652523 0.175318 -22.380421 -12.440536 1.539775 -1.179284 1.827071 -0.000000 0.000000 0.000002 -20.232122 -20.946365 -55.297001 -0.553668 1.013981 14.148076 2.276356 -21.386295 2.800177 -0.949537 0.776800 -0.941818 0.000001 0.000000 -0.000001 
32.876923 96.671326 42.448925 -33.603924 47.176357 -68.362061 -1.039271 -2.987451 5.068709 -1.584528 -6.401410 -1.808777 2.521921 -10.354229 22.713709 9.093596 -10.804522 43.110806 -2.732714 -2.698334 -3.770335 1.042608 -5.025887 2.218031 0.000077 -0.000022 0.000006 -0.070292 0.271584 -0.113431 0.508300 -3.478378 -11.039834 -0.660801 3.992009 -10.913815 -7.825694 -15.572374 15.245255 -22.763807 -40.326313 -2.556833 173.182709 -73.292473 -172.853577 6.933535 -7.084307 -17.279371 -5.882098 9.861276 0.702590 -10.936861 -0.360575 7.156198 0.000002 8.774817 -0.000001 -17.662514 17.067907 5.865479 -1.844032 2.498500 -2.507277 -10.163589 4.678937 4.621102 -20.976000 -0.000005 0.000004 -21.226257 2.451689 -3.593990 0.000000 -0.000003 -0.000001 -1.362679 2.240797 -0.746324 -21.334894 0.584904 3.008322 -13.821197 -0.000005 0.000004 -23.887131 -0.249080 -0.839476 -61.728775 3.088820 -1.042700 -0.294024 1.679686 0.833254 -14.218197 0.093214 1.300580 -34.212006 -0.287569 0.967173 -20.033180 0.964533 1.212844 0.000000 -0.000001 0.000000 -3.440385 0.788232 0.501653 -15.928171 -3.167309 2.999703 -6.338817 -0.000003 0.000001 -18.123411 3.648173 -4.905658 -0.000004 -0.000002 -0.000001 16.171175 -4.998663 10.653081 56.330177 10.109741 -2.693862 177.843109 48.033031 178.390854 -9.664338 4.434366 -24.172358 2.243540 -5.255033 -3.180154 14.282875 -0.826591 6.952492 -0.000001 -12.690593 -0.000003 15.213308 -15.570687 3.028275 1.665665 -1.955921 -2.878297 4.727793 -4.170583 4.993916 11.020512 0.000003 -0.000001 12.109034 -3.735709 -2.866779 0.000000 -0.000001 -0.000002 1.291984 -1.928548 -1.498089 14.800114 0.567467 3.865602 14.242553 -1.341733 -6.660652 19.631939 0.143926 -0.648243 50.710270 -0.141795 -4.828283 0.353029 -1.511149 -0.031940 20.222767 3.684310 2.316627 18.787245 0.000007 -0.000002 10.751610 -0.479869 1.397903 -0.000001 0.000001 0.000001 3.273805 0.305947 -0.580112 21.486790 11.830360 2.266129 8.162916 0.000001 0.000000 18.399052 -3.798978 -4.940570 0.000001 -0.000001 -0.000001 27.007971 -7.046064 20.172470 -0.214418 -1.016490 35.107243 1.277818 -23.055094 -12.025172 1.569310 -1.147119 1.627975 -0.000000 -0.000001 0.000002 -18.516075 -18.869274 -57.268860 -0.416764 0.741802 31.482704 4.329867 -16.707830 3.513527 -0.808788 0.842032 -1.512056 -0.000001 -0.000000 -0.000001 
32.313152 96.849335 41.604885 -30.617073 46.536793 -62.951103 -0.930512 -2.635828 4.832111 -1.273845 -5.570361 -2.106725 1.498487 -9.809557 21.688732 9.905265 -10.425370 40.678341 -2.715234 -2.846561 -3.611467 1.136157 -5.122492 0.341293 0.000077 -0.000022 0.000005 -0.024618 0.201998 -0.139187 0.574297 -3.545618 -11.072431 -0.642586 3.931781 -10.959006 -8.583069 -15.555564 14.603444 -22.828403 -41.472744 -3.790513 172.798370 -72.456703 -172.783798 9.119651 -5.279464 -16.240702 -5.882102 9.861278 0.702589 -10.936858 -0.360572 7.156196 0.000001 8.774815 -0.000001 -17.673683 17.043171 5.803405 -1.844031 2.498503 -2.507277 -10.163589 4.678940 4.621102 -20.975994 -0.000004 0.000001 -21.226254 2.451689 -3.593996 0.000000 -0.000006 -0.000000 -1.362682 2.240796 -0.746323 -21.334887 0.584907 3.008318 -13.821197 -0.000003 0.000000 -23.887125 -0.249080 -0.839482 -61.289307 2.661756 -1.048953 -0.294024 1.679685 0.833255 -14.218190 0.093216 1.300578 -34.211998 -0.287567 0.967168 -20.033178 0.964533 1.212841 0.000001 0.000001 0.000000 -3.440385 0.788232 0.501654 -15.928167 -3.167310 2.999702 -6.338817 -0.000002 0.000001 -18.123411 3.648177 -4.905663 -0.000004 0.000001 -0.000002 14.501263 -3.861334 9.891170 56.892517 12.527635 -4.493715 176.716660 47.492455 177.887970 -10.663046 2.918972 -22.059267 2.243539 -5.255030 -3.180156 14.282877 -0.826593 6.952499 -0.000000 -12.690590 -0.000001 15.114964 -16.071411 3.076053 1.665665 -1.955920 -2.878295 4.727797 -4.170583 4.993918 11.020513 0.000003 -0.000001 12.109033 -3.735709 -2.866781 0.000000 0.000000 0.000000 1.291985 -1.928547 -1.498088 14.800114 0.567467 3.865602 14.242553 -1.341733 -6.660650 19.631939 0.143925 -0.648243 50.468834 -0.326341 -5.195201 0.353027 -1.511148 -0.031939 20.222771 3.684305 2.316627 18.787245 0.000004 -0.000001 10.751609 -0.479867 1.397904 0.000000 -0.000001 0.000000 3.273804 0.305947 -0.580111 21.486790 11.830360 2.266129 8.162919 0.000002 0.000000 18.399055 -3.798979 -4.940566 0.000004 -0.000001 -0.000000 25.752960 -4.630826 17.854204 0.024560 -0.865281 34.775837 1.776127 -23.093740 -11.736142 1.589495 -1.080184 1.172755 0.000000 0.000001 0.000002 -15.870835 -17.213013 -60.914295 -0.504696 0.661446 53.408302 4.247668 -10.505007 5.190462 -0.929318 0.976877 -1.611058 -0.000001 -0.000001 -0.000002 
31.791553 97.245041 40.419098 -26.433014 45.727463 -56.426819 -0.700171 -2.394402 4.540795 -0.896168 -4.757708 -2.376504 0.416610 -9.216694 20.740755 9.646896 -9.107456 38.201355 -2.480624 -3.055618 -3.530722 1.109903 -5.009103 -1.706026 0.000077 -0.000022 0.000006 0.006721 0.104008 -0.155613 0.635801 -3.659055 -11.144601 -0.637557 3.847903 -11.040069 -9.032153 -15.312304 14.019563 -23.521839 -42.463837 -5.281254 173.924072 -71.420479 -174.528397 11.049500 -4.657828 -14.314331 -5.882100 9.861278 0.702588 -10.936858 -0.360576 7.156196 0.000001 8.774813 -0.000002 -17.613991 17.101217 5.623105 -1.844030 2.498502 -2.507276 -10.163589 4.678937 4.621102 -20.975998 -0.000003 0.000000 -21.226255 2.451691 -3.593996 0.000000 -0.000006 -0.000000 -1.362679 2.240796 -0.746324 -21.334894 0.584908 3.008317 -13.821197 -0.000004 0.000001 -23.887131 -0.249079 -0.839483 -60.799950 2.370680 -1.242328 -0.294025 1.679686 0.833255 -14.218195 0.093214 1.300578 -34.211998 -0.287565 0.967166 -20.033180 0.964533 1.212841 0.000000 0.000001 0.000000 -3.440386 0.788233 0.501655 -15.928165 -3.167306 2.999701 -6.338818 -0.000001 0.000001 -18.123411 3.648174 -4.905663 -0.000004 -0.000002 -0.000002 12.140197 -2.637956 9.600631 56.359718 16.208193 -5.486581 176.248367 47.865784 178.024170 -11.183048 1.932285 -22.144730 2.243539 -5.255033 -3.180156 14.282877 -0.826592 6.952496 -0.000002 -12.690593 -0.000004 14.930043 -16.513554 3.206208 1.665663 -1.955921 -2.878295 4.727794 -4.170583 4.993917 11.020511 0.000003 0.000000 12.109030 -3.735709 -2.866778 -0.000001 0.000000 -0.000002 1.291984 -1.928548 -1.498087 14.800113 0.567470 3.865605 14.242553 -1.341734 -6.660647 19.631941 0.143927 -0.648241 49.598370 -0.424790 -5.531806 0.353029 -1.511149 -0.031943 20.222769 3.684309 2.316628 18.787245 0.000005 0.000001 10.751609 -0.479865 1.397905 -0.000001 0.000000 0.000000 3.273804 0.305947 -0.580109 21.486792 11.830367 2.266135 8.162917 0.000001 0.000000 18.399054 -3.798977 -4.940569 0.000003 0.000001 -0.000001 23.195045 -2.135401 16.192350 0.162966 -0.746496 32.905674 1.255910 -22.396086 -10.449473 1.592090 -1.052174 0.766394 -0.000000 0.000000 0.000002 -13.281460 -15.446042 -63.345043 -0.799010 0.845067 74.987961 4.323954 -7.056763 3.960370 -1.132005 1.127030 -1.395841 -0.000000 -0.000000 -0.000002 
31.353586 97.723381 38.987495 -21.772812 44.439186 -49.328537 -0.463664 -2.269401 4.198265 -0.622896 -4.237895 -2.627227 -0.263819 -8.551337 19.671337 8.579973 -7.622268 36.274635 -2.315060 -3.045681 -3.613309 1.147941 -4.750056 -3.404638 0.000077 -0.000024 0.000006 0.011692 0.045940 -0.151835 0.648475 -3.698198 -11.132282 -0.638925 3.786690 -11.030887 -8.963836 -14.944750 13.482194 -25.194792 -43.006702 -6.858130 176.413132 -69.842751 -177.423615 12.333657 -4.410563 -12.880961 -5.882100 9.861278 0.702587 -10.936860 -0.360573 7.156198 -0.000001 8.774812 -0.000001 -17.491076 17.165983 5.507725 -1.844030 2.498501 -2.507276 -10.163589 4.678939 4.621104 -20.975998 -0.000001 0.000002 -21.226255 2.451692 -3.593995 0.000000 -0.000007 -0.000001 -1.362680 2.240796 -0.746326 -21.334894 0.584909 3.008318 -13.821197 -0.000002 0.000002 -23.887131 -0.249079 -0.839482 -60.298573 2.369146 -1.506092 -0.294025 1.679686 0.833254 -14.218195 0.093215 1.300578 -34.212006 -0.287564 0.967167 -20.033180 0.964536 1.212840 0.000001 -0.000001 0.000000 -3.440384 0.788233 0.501655 -15.928167 -3.167306 2.999701 -6.338818 -0.000002 0.000001 -18.123417 3.648176 -4.905663 -0.000004 -0.000001 -0.000002 10.033059 -1.559905 9.709791 54.628098 20.836470 -5.840133 176.618103 49.155735 178.636108 -11.485967 1.214601 -23.293020 2.243540 -5.255033 -3.180153 14.282875 -0.826592 6.952494 -0.000003 -12.690592 -0.000001 14.774122 -16.644539 3.419527 1.665665 -1.955920 -2.878296 4.727792 -4.170584 4.993918 11.020512 0.000004 -0.000001 12.109032 -3.735709 -2.866778 -0.000001 -0.000001 -0.000001 1.291984 -1.928547 -1.498088 14.800114 0.567471 3.865605 14.242551 -1.341733 -6.660650 19.631937 0.143929 -0.648243 48.755630 -0.421904 -5.655872 0.353028 -1.511149 -0.031939 20.222771 3.684308 2.316626 18.787247 0.000004 0.000001 10.751611 -0.479869 1.397906 -0.000000 0.000000 0.000001 3.273804 0.305948 -0.580110 21.486794 11.830370 2.266130 8.162917 0.000001 -0.000002 18.399054 -3.798976 -4.940565 0.000003 -0.000002 -0.000000 20.029182 0.288749 14.370177 0.174189 -0.636174 30.549316 0.579114 -20.977400 -8.593805 1.588084 -1.085783 0.409832 -0.000000 0.000001 0.000002 -11.034402 -13.292412 -63.564701 -1.032243 0.782539 92.077606 5.901553 -5.859864 1.011469 -1.258395 1.318889 -1.233312 0.000000 -0.000001 -0.000001 
30.818520 98.183990 37.315262 -16.848755 42.288250 -41.658070 -0.302688 -2.228199 3.829584 -0.409923 -3.900737 -2.953878 -0.387879 -7.769156 18.405504 7.103506 -5.984522 34.671768 -2.145170 -2.851274 -3.753794 1.023727 -4.366203 -4.942407 0.000077 -0.000022 0.000006 0.009188 0.045983 -0.137120 0.655207 -3.691184 -11.065069 -0.649281 3.768385 -10.985875 -8.306397 -14.490765 12.707402 -28.038427 -43.014809 -8.088547 178.655243 -67.655624 -179.745270 13.116380 -4.189953 -11.952157 -5.882100 9.861278 0.702589 -10.936859 -0.360573 7.156197 0.000000 8.774813 -0.000003 -17.382313 17.173740 5.478743 -1.844031 2.498505 -2.507277 -10.163589 4.678940 4.621104 -20.975998 -0.000002 0.000003 -21.226254 2.451692 -3.593992 -0.000000 -0.000007 -0.000001 -1.362680 2.240795 -0.746322 -21.334887 0.584909 3.008320 -13.821197 -0.000002 0.000002 -23.887131 -0.249080 -0.839481 -59.748566 2.439268 -1.604660 -0.294024 1.679686 0.833255 -14.218194 0.093215 1.300579 -34.211998 -0.287562 0.967170 -20.033180 0.964537 1.212840 0.000001 0.000001 0.000001 -3.440385 0.788233 0.501655 -15.928169 -3.167307 2.999706 -6.338815 -0.000001 0.000001 -18.123415 3.648176 -4.905661 -0.000004 -0.000001 -0.000001 8.285578 -0.263239 9.867135 51.961029 26.145796 -6.466959 177.161621 50.925400 179.084641 -11.757251 0.861740 -24.085062 2.243540 -5.255033 -3.180154 14.282875 -0.826594 6.952496 -0.000004 -12.690591 0.000001 14.849370 -16.629507 3.487118 1.665665 -1.955921 -2.878296 4.727794 -4.170582 4.993918 11.020510 0.000004 -0.000001 12.109031 -3.735708 -2.866779 -0.000001 -0.000001 -0.000001 1.291985 -1.928548 -1.498088 14.800114 0.567468 3.865604 14.242553 -1.341734 -6.660647 19.631937 0.143927 -0.648244 48.298443 -0.571281 -5.790401 0.353029 -1.511151 -0.031939 20.222771 3.684306 2.316633 18.787247 0.000003 0.000004 10.751610 -0.479867 1.397905 -0.000001 0.000001 0.000001 3.273804 0.305947 -0.580109 21.486790 11.830360 2.266131 8.162917 0.000001 0.000000 18.399054 -3.798978 -4.940565 0.000003 0.000000 -0.000001 16.462219 2.540785 11.881738 0.172425 -0.475547 27.977215 0.046276 -18.780914 -6.537455 1.600443 -1.208565 0.038670 0.000000 -0.000000 0.000002 -9.374380 -11.150327 -61.224876 -0.948208 0.451502 103.697411 8.245685 -4.483491 -0.130782 -1.427819 1.480961 -1.194818 0.000000 0.000002 -0.000001 
30.374830 98.640388 35.545376 -12.204395 39.001171 -33.908360 -0.057746 -2.206141 3.193556 -0.178804 -3.582717 -3.300819 -0.224045 -6.788410 16.990486 5.482394 -4.138146 33.273598 -1.916992 -2.570874 -3.822028 0.743260 -3.931360 -6.239408 0.000077 -0.000022 0.000006 0.009208 0.064168 -0.137687 0.673694 -3.655677 -10.988551 -0.669603 3.787539 -10.940985 -7.288733 -13.640082 11.711578 -31.592106 -42.614716 -8.650400 179.867371 -65.186287 179.066055 13.657285 -4.145220 -11.301889 -5.882100 9.861279 0.702588 -10.936856 -0.360576 7.156198 0.000001 8.774813 -0.000002 -17.182465 17.103624 5.539096 -1.844030 2.498500 -2.507276 -10.163587 4.678939 4.621105 -20.975994 -0.000003 0.000001 -21.226250 2.451692 -3.593995 -0.000001 -0.000006 -0.000001 -1.362681 2.240796 -0.746323 -21.334892 0.584907 3.008321 -13.821197 -0.000004 0.000003 -23.887129 -0.249080 -0.839479 -59.498669 2.472157 -1.627490 -0.294024 1.679686 0.833255 -14.218192 0.093214 1.300580 -34.212006 -0.287565 0.967169 -20.033176 0.964534 1.212843 0.000000 0.000001 0.000001 -3.440386 0.788232 0.501655 -15.928165 -3.167306 2.999704 -6.338818 -0.000002 0.000001 -18.123411 3.648174 -4.905661 -0.000005 0.000001 -0.000001 7.046046 1.431719 10.053549 48.644669 31.868629 -7.328612 177.678757 52.837898 179.343552 -12.167914 0.905858 -24.223055 2.243539 -5.255032 -3.180155 14.282875 -0.826591 6.952496 -0.000003 -12.690591 0.000001 15.103928 -16.661715 3.517039 1.665663 -1.955920 -2.878296 4.727793 -4.170584 4.993922 11.020510 0.000006 -0.000000 12.109030 -3.735710 -2.866779 -0.000001 -0.000000 0.000000 1.291985 -1.928547 -1.498089 14.800113 0.567469 3.865600 14.242554 -1.341733 -6.660647 19.631941 0.143929 -0.648243 48.209442 -0.850540 -5.924973 0.353028 -1.511151 -0.031939 20.222767 3.684310 2.316630 18.787245 0.000007 0.000002 10.751612 -0.479868 1.397904 -0.000000 0.000000 0.000000 3.273803 0.305948 -0.580112 21.486790 11.830365 2.266130 8.162918 0.000002 0.000001 18.399054 -3.798977 -4.940566 0.000003 -0.000001 -0.000001 12.995513 4.741809 8.769524 0.120109 -0.299818 25.358578 -0.629300 -16.221186 -4.261808 1.625002 -1.403278 -0.207205 -0.000000 -0.000002 0.000002 -8.614783 -9.282106 -56.086319 -0.539748 0.134038 110.496368 9.847641 -2.070841 1.035547 -1.611299 1.499304 -2.315660 0.000000 0.000000 -0.000002 
30.182123 99.043045 33.873810 -8.312529 34.635014 -26.922100 0.282642 -2.057666 2.285744 0.037214 -3.097258 -3.643922 0.085548 -5.741971 15.616848 3.870674 -2.218194 32.352509 -1.593415 -2.260225 -3.828295 0.381375 -3.291053 -7.228060 0.000077 -0.000023 0.000006 0.015677 0.071971 -0.131912 0.688877 -3.647325 -10.902197 -0.668072 3.772571 -10.865945 -6.248617 -12.219563 10.645711 -35.252853 -41.789192 -8.347508 179.895813 -62.871750 179.094620 14.155670 -4.141285 -11.104367 -5.882101 9.861280 0.702590 -10.936859 -0.360574 7.156198 -0.000001 8.774815 -0.000002 -17.098141 17.251549 5.659415 -1.844031 2.498503 -2.507276 -10.163590 4.678941 4.621104 -20.975992 -0.000003 0.000002 -21.226254 2.451693 -3.593995 0.000000 -0.000007 -0.000001 -1.362681 2.240797 -0.746322 -21.334896 0.584908 3.008321 -13.821198 -0.000003 0.000002 -23.887133 -0.249080 -0.839481 -59.487995 2.546106 -1.547099 -0.294024 1.679687 0.833255 -14.218194 0.093214 1.300578 -34.212002 -0.287565 0.967169 -20.033184 0.964532 1.212842 0.000000 0.000001 0.000000 -3.440386 0.788232 0.501655 -15.928169 -3.167307 2.999704 -6.338817 -0.000002 0.000002 -18.123411 3.648175 -4.905662 -0.000004 -0.000000 -0.000001 6.329973 3.406163 10.224961 45.175201 37.801659 -8.212567 178.325821 54.950275 179.734375 -12.517674 1.292369 -24.450151 2.243539 -5.255033 -3.180155 14.282875 -0.826592 6.952497 -0.000002 -12.690591 -0.000001 15.303525 -16.845827 3.522638 1.665665 -1.955920 -2.878297 4.727792 -4.170582 4.993918 11.020509 0.000004 -0.000002 12.109031 -3.735709 -2.866780 0.000001 0.000000 0.000003 1.291984 -1.928547 -1.498089 14.800109 0.567468 3.865604 14.242553 -1.341735 -6.660648 19.631941 0.143927 -0.648241 48.282135 -1.073841 -6.140168 0.353029 -1.511149 -0.031940 20.222767 3.684307 2.316627 18.787247 0.000004 0.000001 10.751610 -0.479867 1.397903 -0.000000 -0.000001 0.000001 3.273804 0.305947 -0.580109 21.486792 11.830362 2.266132 8.162918 0.000002 0.000000 18.399055 -3.798978 -4.940568 0.000003 0.000000 -0.000001 10.113361 7.357986 5.648126 0.022625 -0.222975 22.757416 -1.434226 -13.987204 -2.143543 1.649462 -1.554199 -0.274561 0.000000 -0.000001 0.000002 -8.912807 -7.881525 -48.492271 -0.259605 -0.019099 112.148392 10.349850 0.053373 3.904439 -1.758009 1.421462 -3.227700 -0.000001 -0.000000 -0.000003 
30.062935 99.354950 32.481838 -5.344604 29.384548 -21.272018 0.737530 -1.712232 1.330566 0.213533 -2.373213 -3.948922 0.502335 -4.637350 14.451898 2.272342 -0.426386 31.891459 -1.265782 -1.884201 -3.843568 0.088753 -2.501508 -7.814889 0.000077 -0.000021 0.000006 0.017136 0.052784 -0.130258 0.695044 -3.669487 -10.854110 -0.667727 3.758927 -10.820860 -5.451164 -10.352915 9.682791 -38.385624 -40.761002 -7.806108 179.539444 -60.979446 179.626862 14.681201 -4.109662 -10.719973 -5.882102 9.861280 0.702589 -10.936859 -0.360574 7.156197 0.000001 8.774813 -0.000001 -16.996027 17.526066 5.785221 -1.844032 2.498501 -2.507276 -10.163589 4.678939 4.621105 -20.975998 -0.000004 0.000002 -21.226250 2.451692 -3.593995 0.000000 -0.000008 -0.000001 -1.362680 2.240796 -0.746321 -21.334892 0.584908 3.008321 -13.821197 -0.000001 0.000002 -23.887133 -0.249077 -0.839481 -59.437000 2.688776 -1.412278 -0.294023 1.679685 0.833255 -14.218194 0.093215 1.300579 -34.212002 -0.287563 0.967170 -20.033180 0.964535 1.212842 0.000000 0.000000 0.000000 -3.440384 0.788234 0.501656 -15.928167 -3.167307 2.999704 -6.338819 -0.000001 0.000000 -18.123413 3.648178 -4.905663 -0.000004 0.000002 -0.000002 6.040857 5.548622 10.353391 41.958782 43.340405 -8.905535 179.141586 57.278408 -179.546188 -12.796882 1.738647 -25.162102 2.243540 -5.255031 -3.180151 14.282878 -0.826596 6.952495 0.000000 -12.690587 0.000001 15.331351 -16.969753 3.549656 1.665665 -1.955921 -2.878296 4.727795 -4.170585 4.993919 11.020512 0.000002 0.000000 12.109031 -3.735710 -2.866779 -0.000001 0.000000 0.000003 1.291986 -1.928548 -1.498088 14.800111 0.567467 3.865603 14.242554 -1.341735 -6.660647 19.631939 0.143924 -0.648243 48.211208 -1.042728 -6.203386 0.353029 -1.511149 -0.031940 20.222773 3.684303 2.316628 18.787249 0.000003 -0.000001 10.751614 -0.479870 1.397903 0.000000 0.000001 0.000000 3.273806 0.305947 -0.580111 21.486790 11.830358 2.266129 8.162916 0.000000 -0.000001 18.399054 -3.798981 -4.940569 0.000003 -0.000001 -0.000002 8.019976 10.322823 2.959630 -0.095943 -0.206222 20.450048 -2.262151 -12.147379 -0.409036 1.663058 -1.664486 -0.223990 -0.000000 0.000000 0.000002 -10.080942 -7.022787 -39.337460 -0.142478 -0.110146 109.556534 9.902765 1.527833 6.139853 -1.813971 1.299221 -3.414764 -0.000001 -0.000000 -0.000003 
29.966005 99.493858 31.303623 -3.098575 23.676144 -16.887911 1.147979 -1.226151 0.467369 0.369567 -1.444653 -4.273535 0.942889 -3.496185 13.581221 0.679435 1.219038 31.731001 -0.974801 -1.362956 -3.883883 -0.172373 -1.702211 -8.109874 0.000077 -0.000022 0.000006 0.020983 0.018357 -0.108169 0.702986 -3.708866 -10.849062 -0.672038 3.753875 -10.818101 -4.950373 -8.261728 8.967326 -40.393658 -39.762215 -8.002195 179.545242 -59.567074 179.835190 15.269054 -3.992651 -10.070967 -5.882101 9.861279 0.702591 -10.936858 -0.360577 7.156198 -0.000000 8.774814 -0.000001 -16.898043 17.610258 5.890832 -1.844030 2.498502 -2.507277 -10.163589 4.678940 4.621105 -20.975992 -0.000004 0.000003 -21.226254 2.451693 -3.593993 -0.000000 -0.000006 -0.000000 -1.362681 2.240795 -0.746323 -21.334885 0.584907 3.008320 -13.821197 -0.000003 0.000002 -23.887125 -0.249079 -0.839480 -59.325790 2.685654 -1.227334 -0.294025 1.679686 0.833255 -14.218194 0.093215 1.300580 -34.211998 -0.287563 0.967170 -20.033178 0.964535 1.212843 0.000000 0.000001 0.000000 -3.440385 0.788233 0.501656 -15.928163 -3.167306 2.999704 -6.338814 -0.000001 0.000001 -18.123411 3.648175 -4.905660 -0.000004 0.000001 -0.000000 6.083948 7.651451 10.425089 39.364643 48.042320 -9.249383 179.624237 59.707993 -178.856064 -13.203054 2.030707 -25.947727 2.243539 -5.255031 -3.180156 14.282878 -0.826594 6.952496 -0.000002 -12.690592 -0.000001 15.264555 -17.003241 3.588166 1.665665 -1.955921 -2.878295 4.727792 -4.170582 4.993919 11.020511 0.000004 -0.000001 12.109033 -3.735710 -2.866779 0.000000 -0.000000 0.000001 1.291984 -1.928547 -1.498086 14.800111 0.567468 3.865603 14.242553 -1.341734 -6.660647 19.631937 0.143926 -0.648244 48.003407 -0.850467 -6.120336 0.353028 -1.511150 -0.031939 20.222763 3.684306 2.316627 18.787247 0.000006 0.000001 10.751612 -0.479868 1.397903 0.000000 0.000001 0.000002 3.273804 0.305947 -0.580110 21.486794 11.830362 2.266130 8.162917 0.000000 -0.000001 18.399055 -3.798977 -4.940568 0.000002 -0.000001 -0.000001 6.325911 13.094887 0.500219 -0.142471 -0.129044 18.979837 -2.957447 -10.396213 0.621043 1.660455 -1.710459 0.044858 0.000000 -0.000000 0.000002 -12.148076 -6.680161 -29.546700 -0.058265 -0.136034 104.268890 8.422234 1.969030 7.103153 -1.790503 1.194227 -3.389494 0.000000 0.000000 -0.000001 
29.756821 99.529190 30.277639 -1.753502 17.787590 -13.681234 1.637935 -0.796399 -0.260163 0.540352 -0.416970 -4.680783 1.482789 -2.435231 13.179445 -0.988075 2.915911 31.643417 -0.708181 -0.763947 -3.904240 -0.358149 -0.918064 -8.244377 0.000077 -0.000023 0.000005 0.010603 0.031311 -0.085865 0.693630 -3.729263 -10.872584 -0.676635 3.778801 -10.857539 -4.978922 -6.024549 8.627883 -40.655293 -38.856911 -9.301824 179.539566 -58.490555 -179.956757 15.870531 -3.813578 -9.589717 -5.882102 9.861279 0.702591 -10.936858 -0.360574 7.156199 -0.000000 8.774816 -0.000001 -16.796700 17.628733 5.981649 -1.844030 2.498502 -2.507277 -10.163589 4.678940 4.621106 -20.975992 -0.000003 0.000005 -21.226254 2.451693 -3.593992 -0.000000 -0.000006 -0.000001 -1.362681 2.240796 -0.746323 -21.334892 0.584909 3.008323 -13.821197 -0.000001 0.000004 -23.887129 -0.249077 -0.839478 -59.234650 2.620863 -1.049271 -0.294025 1.679686 0.833256 -14.218192 0.093214 1.300581 -34.211998 -0.287562 0.967174 -20.033176 0.964537 1.212844 0.000000 -0.000001 -0.000000 -3.440386 0.788232 0.501656 -15.928167 -3.167308 2.999705 -6.338820 -0.000002 0.000001 -18.123413 3.648178 -4.905660 -0.000004 0.000001 -0.000001 6.485733 9.652434 10.560986 37.526398 51.599728 -9.157914 179.413467 61.916222 -178.771286 -13.565942 2.419613 -26.465755 2.243540 -5.255033 -3.180153 14.282875 -0.826591 6.952496 -0.000005 -12.690587 0.000001 15.097724 -17.051651 3.582229 1.665664 -1.955919 -2.878296 4.727794 -4.170582 4.993917 11.020510 0.000003 -0.000001 12.109034 -3.735711 -2.866779 -0.000000 0.000000 0.000001 1.291984 -1.928548 -1.498091 14.800111 0.567470 3.865602 14.242553 -1.341734 -6.660651 19.631937 0.143927 -0.648242 47.829964 -0.720459 -5.990265 0.353028 -1.511149 -0.031941 20.222767 3.684308 2.316629 18.787245 0.000006 -0.000001 10.751610 -0.479867 1.397905 0.000000 0.000000 0.000001 3.273805 0.305946 -0.580111 21.486788 11.830366 2.266130 8.162916 -0.000001 -0.000001 18.399052 -3.798978 -4.940566 0.000003 0.000000 -0.000002 5.353217 15.440327 -1.964230 -0.116853 -0.058945 18.656958 -3.411644 -8.492292 0.989894 1.643044 -1.744541 0.269081 -0.000000 0.000002 0.000002 -14.795263 -6.928126 -20.469517 0.160097 0.069529 97.089409 6.418809 1.624346 7.745536 -1.730748 1.115360 -3.147487 0.000000 0.000000 -0.000001 
29.328426 99.504539 29.311407 -1.120311 11.940235 -11.282429 2.262044 -0.483771 -0.810484 0.711613 0.546403 -5.015058 2.040418 -1.454782 13.082402 -2.768967 4.759214 31.407179 -0.422337 -0.032954 -3.891419 -0.438364 -0.234788 -8.297115 0.000077 -0.000023 0.000004 -0.014588 0.102005 -0.052796 0.653948 -3.669045 -10.903134 -0.686818 3.880140 -10.896083 -5.362255 -3.912528 8.575012 -39.618912 -37.765903 -11.777951 179.599945 -57.457104 -179.962585 16.357656 -3.685584 -9.233582 -5.882102 9.861279 0.702587 -10.936857 -0.360575 7.156196 0.000000 8.774814 -0.000002 -16.731440 17.652710 6.053681 -1.844030 2.498503 -2.507275 -10.163589 4.678939 4.621102 -20.975992 -0.000004 0.000001 -21.226250 2.451692 -3.593995 -0.000000 -0.000006 0.000001 -1.362680 2.240795 -0.746324 -21.334887 0.584908 3.008318 -13.821197 -0.000003 0.000002 -23.887125 -0.249080 -0.839483 -59.267052 2.600989 -0.923070 -0.294024 1.679687 0.833255 -14.218190 0.093214 1.300579 -34.211998 -0.287564 0.967168 -20.033175 0.964533 1.212841 0.000000 -0.000000 0.000000 -3.440385 0.788233 0.501655 -15.928161 -3.167306 2.999702 -6.338818 -0.000002 0.000002 -18.123411 3.648176 -4.905663 -0.000005 0.000001 -0.000001 7.005819 11.506209 10.878775 36.457760 54.101948 -8.824081 178.388443 63.595512 -179.514481 -13.789879 2.896913 -27.066301 2.243538 -5.255033 -3.180153 14.282878 -0.826595 6.952495 -0.000003 -12.690591 0.000001 15.044378 -17.053661 3.555590 1.665665 -1.955919 -2.878297 4.727795 -4.170584 4.993919 11.020511 0.000005 -0.000003 12.109032 -3.735712 -2.866784 -0.000000 -0.000000 -0.000002 1.291985 -1.928547 -1.498086 14.800114 0.567469 3.865602 14.242553 -1.341733 -6.660650 19.631939 0.143926 -0.648245 47.874439 -0.635274 -5.823653 0.353030 -1.511150 -0.031941 20.222771 3.684308 2.316627 18.787247 0.000007 -0.000001 10.751610 -0.479865 1.397905 0.000001 0.000002 0.000001 3.273804 0.305946 -0.580110 21.486792 11.830366 2.266130 8.162915 0.000002 -0.000002 18.399054 -3.798977 -4.940568 0.000002 0.000000 -0.000001 5.121781 17.327734 -4.446600 -0.088367 -0.050650 19.231787 -3.684704 -6.319801 0.954095 1.623769 -1.757473 0.486341 -0.000000 0.000001 0.000002 -17.696217 -7.355254 -12.785069 0.437115 0.578852 88.220673 5.028576 1.754543 9.521040 -1.665579 1.076357 -2.668258 -0.000000 -0.000000 0.000001 
28.747547 99.410789 28.266216 -0.776162 6.350354 -9.380923 2.833909 -0.262006 -1.123155 0.857478 1.381643 -5.177108 2.438985 -0.549515 13.091289 -4.559510 6.620467 30.911327 -0.179283 0.697143 -3.872326 -0.397831 0.529827 -8.392339 0.000077 -0.000023 0.000006 -0.038454 0.164202 -0.048855 0.607469 -3.618557 -10.915221 -0.691799 3.952967 -10.911567 -5.759470 -2.149322 8.587978 -38.229801 -36.191967 -14.844199 179.814072 -56.278053 179.843964 16.749495 -3.614656 -8.926111 -5.882102 9.861280 0.702590 -10.936860 -0.360574 7.156198 -0.000001 8.774813 -0.000001 -16.829542 17.730896 6.024119 -1.844031 2.498504 -2.507276 -10.163589 4.678940 4.621102 -20.975992 -0.000003 0.000002 -21.226255 2.451693 -3.593995 -0.000001 -0.000006 -0.000001 -1.362681 2.240798 -0.746322 -21.334887 0.584909 3.008321 -13.821195 -0.000002 0.000002 -23.887129 -0.249078 -0.839482 -59.428238 2.639293 -0.886292 -0.294025 1.679686 0.833255 -14.218192 0.093216 1.300579 -34.211998 -0.287563 0.967169 -20.033178 0.964535 1.212841 -0.000000 -0.000002 -0.000000 -3.440384 0.788232 0.501655 -15.928171 -3.167306 2.999706 -6.338817 -0.000001 0.000001 -18.123413 3.648178 -4.905663 -0.000005 -0.000000 -0.000001 7.374331 13.111023 11.356584 36.219791 55.749592 -7.929368 177.676056 64.712280 179.888519 -13.769144 3.455796 -27.410997 2.243539 -5.255031 -3.180158 14.282875 -0.826594 6.952494 -0.000002 -12.690587 0.000001 15.106280 -17.082426 3.516057 1.665665 -1.955921 -2.878296 4.727792 -4.170584 4.993918 11.020508 0.000004 -0.000001 12.109033 -3.735709 -2.866778 -0.000000 0.000000 0.000001 1.291983 -1.928548 -1.498087 14.800117 0.567469 3.865602 14.242554 -1.341735 -6.660645 19.631939 0.143926 -0.648243 48.126701 -0.537166 -5.658637 0.353028 -1.511150 -0.031937 20.222769 3.684308 2.316628 18.787245 0.000004 -0.000000 10.751611 -0.479868 1.397903 -0.000000 0.000002 -0.000001 3.273804 0.305946 -0.580110 21.486792 11.830362 2.266129 8.162917 0.000001 0.000000 18.399052 -3.798979 -4.940567 0.000003 0.000000 -0.000002 5.209324 18.714046 -6.834982 -0.058994 -0.072043 20.249716 -3.880800 -3.785700 0.802788 1.613996 -1.719243 0.642878 -0.000000 0.000001 0.000002 -20.382927 -7.127957 -6.670155 0.625676 1.252771 77.550308 5.754283 3.126965 12.595692 -1.653608 1.041075 -2.393971 -0.000000 0.000000 0.000000 
27.992811 99.187073 27.087837 -0.616056 0.915470 -7.782064 3.286973 -0.055496 -1.148527 0.946617 2.056358 -5.185141 2.709320 0.298490 13.096249 -6.290429 8.411366 30.102581 0.027896 1.378214 -3.824483 -0.357699 1.438539 -8.750543 0.000077 -0.000022 0.000004 -0.057064 0.200003 -0.046345 0.577944 -3.586514 -10.890973 -0.690433 3.976106 -10.874752 -5.937251 -0.831811 8.679867 -37.091408 -33.908188 -17.817747 179.813477 -54.801922 179.747910 17.011850 -3.555174 -8.533274 -5.882102 9.861278 0.702589 -10.936857 -0.360574 7.156198 -0.000001 8.774812 -0.000004 -16.898458 17.877178 5.978602 -1.844033 2.498502 -2.507275 -10.163589 4.678939 4.621102 -20.975994 -0.000002 0.000001 -21.226246 2.451692 -3.593994 0.000000 -0.000006 -0.000000 -1.362681 2.240797 -0.746323 -21.334892 0.584910 3.008320 -13.821197 -0.000001 0.000002 -23.887131 -0.249077 -0.839483 -59.561096 2.711571 -0.873672 -0.294026 1.679686 0.833256 -14.218189 0.093214 1.300579 -34.212002 -0.287562 0.967169 -20.033176 0.964536 1.212841 -0.000000 -0.000001 0.000001 -3.440386 0.788232 0.501657 -15.928167 -3.167304 2.999703 -6.338817 0.000000 0.000000 -18.123413 3.648177 -4.905662 -0.000004 0.000001 -0.000002 7.507606 14.546806 11.877439 36.595020 56.776287 -6.818346 177.219223 65.351723 179.287811 -13.589365 4.084402 -27.622089 2.243540 -5.255033 -3.180157 14.282877 -0.826593 6.952497 -0.000000 -12.690591 0.000000 15.291560 -17.226719 3.477233 1.665664 -1.955919 -2.878296 4.727793 -4.170584 4.993917 11.020511 0.000003 -0.000001 12.109033 -3.735708 -2.866780 -0.000001 -0.000001 0.000000 1.291985 -1.928548 -1.498087 14.800114 0.567468 3.865604 14.242553 -1.341734 -6.660649 19.631939 0.143926 -0.648244 48.484829 -0.539223 -5.538287 0.353028 -1.511150 -0.031941 20.222771 3.684305 2.316627 18.787247 0.000004 -0.000000 10.751608 -0.479870 1.397903 0.000001 0.000001 0.000000 3.273804 0.305947 -0.580109 21.486788 11.830362 2.266128 8.162914 -0.000002 -0.000003 18.399054 -3.798978 -4.940570 0.000003 -0.000001 -0.000002 5.615280 19.723764 -9.172706 -0.031721 -0.101731 21.618073 -4.351177 -1.147500 0.420739 1.621779 -1.717740 0.630134 -0.000000 0.000000 0.000002 -22.341885 -6.163075 -1.713150 0.673600 1.810885 64.861115 8.423649 5.016022 16.302504 -1.639401 1.010710 -2.792869 -0.000000 0.000000 -0.000002 
27.025259 98.768272 25.751612 -0.543859 -4.468623 -6.326180 3.519502 0.297032 -0.950267 0.952384 2.555684 -5.169249 2.844593 1.129455 13.134596 -7.846822 10.019011 29.144682 0.222558 1.966142 -3.799129 -0.352956 2.378899 -9.406882 0.000077 -0.000022 0.000005 -0.057857 0.182171 -0.047016 0.577138 -3.594207 -10.861277 -0.693253 3.951602 -10.834807 -5.766312 0.126130 8.770488 -36.321346 -31.105801 -20.262697 179.442703 -53.214149 179.770981 17.054117 -3.437622 -8.050730 -5.882102 9.861278 0.702589 -10.936858 -0.360575 7.156194 -0.000001 8.774816 -0.000000 -16.893427 18.026186 5.984083 -1.844031 2.498502 -2.507275 -10.163589 4.678938 4.621102 -20.975996 -0.000002 -0.000001 -21.226254 2.451690 -3.593994 -0.000000 -0.000007 0.000000 -1.362681 2.240796 -0.746322 -21.334888 0.584910 3.008319 -13.821194 -0.000002 0.000001 -23.887129 -0.249080 -0.839483 -59.661434 2.787693 -0.834237 -0.294024 1.679688 0.833255 -14.218194 0.093216 1.300578 -34.212006 -0.287566 0.967167 -20.033176 0.964535 1.212840 -0.000000 -0.000001 0.000000 -3.440386 0.788232 0.501655 -15.928171 -3.167306 2.999703 -6.338818 -0.000002 0.000001 -18.123415 3.648178 -4.905663 -0.000005 -0.000001 -0.000001 7.473880 15.883876 12.374243 37.032619 57.565098 -6.028027 176.751205 65.820023 178.568390 -13.549964 4.817226 -28.091585 2.243540 -5.255034 -3.180153 14.282877 -0.826592 6.952496 -0.000001 -12.690591 0.000001 15.666220 -17.458170 3.434310 1.665665 -1.955920 -2.878297 4.727794 -4.170584 4.993918 11.020511 0.000004 -0.000001 12.109030 -3.735708 -2.866779 -0.000001 -0.000000 -0.000002 1.291984 -1.928548 -1.498086 14.800113 0.567467 3.865605 14.242553 -1.341733 -6.660650 19.631939 0.143924 -0.648244 48.791821 -0.594009 -5.486295 0.353028 -1.511148 -0.031939 20.222771 3.684307 2.316630 18.787247 0.000004 0.000001 10.751610 -0.479866 1.397905 0.000000 0.000000 -0.000001 3.273804 0.305946 -0.580109 21.486792 11.830364 2.266131 8.162918 0.000002 0.000000 18.399052 -3.798977 -4.940567 0.000003 0.000000 -0.000002 6.354208 20.675085 -11.602158 -0.049207 -0.136275 23.503435 -5.264526 1.248765 -0.298041 1.633190 -1.737469 0.605483 0.000000 0.000000 0.000002 -23.432049 -4.599800 2.665812 0.632183 2.035327 50.494942 12.361534 6.454139 19.910286 -1.625314 0.969201 -4.889339 0.000000 -0.000000 0.000000 
25.740129 98.104416 24.117716 -0.392760 -9.572735 -4.806503 3.415529 0.745849 -0.751392 0.864228 2.991677 -5.184860 2.755933 1.917280 13.210786 -9.189264 11.310959 28.099209 0.455832 2.469185 -3.790270 -0.424076 3.345399 -10.296250 0.000077 -0.000022 0.000005 -0.043096 0.115098 -0.015426 0.599077 -3.661753 -10.813506 -0.681588 3.885750 -10.787489 -5.209723 0.748581 8.909782 -35.901424 -28.283577 -22.095243 178.918442 -51.585003 179.960983 16.867769 -3.065813 -7.827587 -5.882099 9.861277 0.702588 -10.936858 -0.360573 7.156196 -0.000001 8.774814 -0.000001 -16.874535 18.157318 6.046565 -1.844032 2.498501 -2.507276 -10.163590 4.678940 4.621104 -20.975994 -0.000002 0.000003 -21.226250 2.451692 -3.593993 -0.000000 -0.000006 -0.000000 -1.362681 2.240796 -0.746322 -21.334888 0.584907 3.008320 -13.821195 -0.000002 0.000003 -23.887129 -0.249077 -0.839481 -59.779957 2.829979 -0.823855 -0.294025 1.679686 0.833255 -14.218189 0.093215 1.300578 -34.211998 -0.287565 0.967168 -20.033176 0.964535 1.212840 0.000000 -0.000002 0.000001 -3.440386 0.788233 0.501657 -15.928167 -3.167305 2.999702 -6.338815 -0.000002 0.000001 -18.123411 3.648176 -4.905663 -0.000005 0.000002 -0.000001 7.251034 17.036501 12.735502 37.384193 58.360916 -5.432427 176.627258 66.282150 178.218231 -13.425199 5.525785 -28.326725 2.243539 -5.255032 -3.180155 14.282875 -0.826592 6.952496 -0.000002 -12.690590 -0.000001 15.957119 -17.614122 3.400915 1.665663 -1.955920 -2.878296 4.727794 -4.170583 4.993918 11.020512 0.000004 -0.000000 12.109034 -3.735708 -2.866780 -0.000001 -0.000000 -0.000001 1.291984 -1.928547 -1.498087 14.800111 0.567468 3.865601 14.242553 -1.341734 -6.660648 19.631939 0.143925 -0.648243 49.053089 -0.673282 -5.472720 0.353028 -1.511150 -0.031941 20.222771 3.684307 2.316628 18.787245 0.000004 0.000001 10.751612 -0.479868 1.397905 0.000000 0.000000 0.000000 3.273804 0.305947 -0.580109 21.486790 11.830362 2.266131 8.162917 -0.000001 -0.000001 18.399052 -3.798980 -4.940568 0.000002 0.000000 -0.000002 7.207597 21.524261 -14.472600 -0.062470 -0.119586 25.932299 -6.533647 3.275323 -1.129805 1.633689 -1.773595 0.740075 -0.000000 -0.000000 0.000002 -23.796505 -2.812930 6.264472 0.584169 2.153275 36.289539 16.861588 7.061382 22.077248 -1.658281 0.949900 -10.584957 0.000000 0.000000 -0.000002 
24.175877 97.273445 22.127884 -0.161626 -13.939677 -3.334680 3.035164 1.139242 -0.607205 0.650340 3.354590 -5.259308 2.389146 2.544090 13.332629 -10.183647 12.217105 27.118212 0.700075 2.961146 -3.799994 -0.532481 4.194379 -11.250047 0.000077 -0.000023 0.000004 -0.024158 0.045028 0.032134 0.623426 -3.737698 -10.778426 -0.669890 3.817856 -10.762336 -4.402177 1.044600 9.056935 -35.657532 -25.797552 -23.164646 178.098526 -50.180237 -179.536880 16.515091 -2.704475 -7.763815 -5.882100 9.861277 0.702589 -10.936859 -0.360573 7.156197 -0.000001 8.774814 -0.000001 -16.755692 18.213720 6.150873 -1.844032 2.498502 -2.507278 -10.163589 4.678940 4.621104 -20.975992 -0.000002 0.000003 -21.226254 2.451691 -3.593993 -0.000000 -0.000006 0.000001 -1.362680 2.240796 -0.746323 -21.334888 0.584906 3.008320 -13.821194 -0.000003 0.000002 -23.887129 -0.249078 -0.839481 -59.799259 2.796017 -0.805338 -0.294024 1.679686 0.833254 -14.218192 0.093214 1.300578 -34.211998 -0.287565 0.967169 -20.033176 0.964534 1.212842 0.000000 -0.000001 0.000000 -3.440387 0.788233 0.501656 -15.928165 -3.167305 2.999703 -6.338817 -0.000001 0.000001 -18.123413 3.648175 -4.905662 -0.000005 0.000001 -0.000002 6.953932 17.910686 12.899960 37.625740 59.160957 -4.966855 177.176620 66.859283 178.370712 -13.312081 5.989664 -27.909397 2.243540 -5.255033 -3.180156 14.282877 -0.826594 6.952493 -0.000003 -12.690592 0.000000 16.138847 -17.637165 3.357193 1.665664 -1.955920 -2.878298 4.727796 -4.170584 4.993918 11.020511 0.000003 -0.000002 12.109033 -3.735711 -2.866782 -0.000001 -0.000000 -0.000001 1.291984 -1.928548 -1.498087 14.800113 0.567467 3.865601 14.242554 -1.341736 -6.660648 19.631939 0.143928 -0.648245 49.315533 -0.768566 -5.544950 0.353028 -1.511150 -0.031939 20.222767 3.684307 2.316627 18.787245 0.000004 -0.000000 10.751609 -0.479865 1.397902 0.000000 0.000000 0.000001 3.273805 0.305946 -0.580111 21.486792 11.830361 2.266130 8.162917 0.000002 0.000000 18.399055 -3.798980 -4.940569 0.000003 0.000001 -0.000001 8.134180 22.168715 -17.551523 -0.044546 -0.075122 28.413706 -7.907201 4.670093 -1.561077 1.618728 -1.774330 0.966322 0.000000 -0.000000 0.000002 -23.558500 -1.661479 8.908907 0.457664 2.366104 24.780636 20.400446 7.360443 20.133192 -1.705023 0.987794 -16.856104 0.000000 0.000000 -0.000003 
22.411985 96.342667 19.883480 -0.017787 -17.194094 -2.159868 2.637923 1.385906 -0.466458 0.385024 3.616843 -5.333479 1.768633 2.921410 13.582743 -10.952688 12.861204 26.250761 0.885462 3.469430 -3.824256 -0.542901 4.832749 -12.251914 0.000077 -0.000023 0.000005 -0.018705 0.015482 0.066209 0.634605 -3.771156 -10.752417 -0.667912 3.790581 -10.752756 -3.773980 1.121915 9.175027 -35.431774 -24.134256 -23.713655 177.299377 -49.120533 -178.910141 16.113489 -2.592116 -7.709120 -5.882101 9.861278 0.702590 -10.936861 -0.360576 7.156197 -0.000000 8.774814 -0.000000 -16.503391 18.203880 6.243770 -1.844029 2.498501 -2.507276 -10.163589 4.678939 4.621103 -20.975994 -0.000005 0.000002 -21.226255 2.451691 -3.593991 0.000000 -0.000007 -0.000001 -1.362682 2.240796 -0.746323 -21.334890 0.584906 3.008320 -13.821197 -0.000004 0.000002 -23.887131 -0.249080 -0.839480 -59.785545 2.681223 -0.815469 -0.294023 1.679686 0.833254 -14.218194 0.093214 1.300579 -34.212006 -0.287567 0.967170 -20.033178 0.964533 1.212843 0.000000 0.000000 0.000000 -3.440386 0.788232 0.501656 -15.928169 -3.167305 2.999703 -6.338817 -0.000002 0.000001 -18.123411 3.648175 -4.905662 -0.000004 0.000001 -0.000002 6.652030 18.561674 13.020103 37.593067 59.759373 -4.903085 177.853607 67.336266 178.740555 -13.339156 6.081201 -27.056814 2.243538 -5.255031 -3.180153 14.282877 -0.826596 6.952495 -0.000002 -12.690588 0.000002 16.232983 -17.528629 3.339962 1.665665 -1.955921 -2.878297 4.727794 -4.170584 4.993918 11.020511 0.000004 -0.000001 12.109031 -3.735710 -2.866782 0.000000 0.000000 -0.000001 1.291984 -1.928546 -1.498087 14.800111 0.567466 3.865602 14.242553 -1.341735 -6.660648 19.631939 0.143927 -0.648247 49.352173 -0.772649 -5.545567 0.353028 -1.511148 -0.031938 20.222771 3.684302 2.316626 18.787245 0.000003 -0.000002 10.751610 -0.479868 1.397903 0.000000 0.000000 0.000000 3.273804 0.305948 -0.580112 21.486790 11.830362 2.266128 8.162919 0.000000 -0.000001 18.399055 -3.798980 -4.940567 0.000004 -0.000001 -0.000002 9.344641 22.695826 -20.269157 -0.064913 -0.089862 30.374853 -9.203434 5.065463 -1.537072 1.610544 -1.797637 0.871063 -0.000000 -0.000000 0.000002 -22.784151 -1.716885 10.895192 0.265745 2.430633 16.676462 22.111851 7.321411 13.910108 -1.661890 1.037729 -17.662853 0.000000 0.000000 -0.000001 
20.618162 95.461777 17.531834 -0.075149 -19.308094 -1.321478 2.419857 1.434515 -0.235670 0.107810 3.710861 -5.342528 1.055147 3.084279 14.051074 -11.777293 13.308543 25.319756 0.985645 4.134226 -3.919038 -0.417046 5.177479 -13.304651 0.000077 -0.000023 0.000004 -0.027866 0.027549 0.070354 0.629694 -3.754453 -10.720448 -0.684870 3.787828 -10.737687 -3.646435 1.059309 9.277072 -35.277683 -23.511156 -24.376257 176.777863 -48.432873 -178.439514 15.418543 -2.564905 -7.624210 -5.882102 9.861278 0.702589 -10.936859 -0.360577 7.156197 -0.000001 8.774812 -0.000002 -16.421595 18.206347 6.156116 -1.844030 2.498504 -2.507277 -10.163591 4.678938 4.621103 -20.975994 -0.000003 0.000003 -21.226254 2.451691 -3.593992 0.000000 -0.000007 -0.000002 -1.362682 2.240797 -0.746323 -21.334892 0.584907 3.008321 -13.821197 -0.000002 0.000003 -23.887133 -0.249079 -0.839480 -59.815739 2.636132 -0.810316 -0.294025 1.679685 0.833255 -14.218194 0.093214 1.300582 -34.212006 -0.287563 0.967173 -20.033180 0.964535 1.212843 0.000000 -0.000000 0.000001 -3.440384 0.788231 0.501655 -15.928171 -3.167307 2.999706 -6.338820 -0.000002 0.000003 -18.123413 3.648176 -4.905660 -0.000004 -0.000001 -0.000002 6.545868 19.028063 13.167540 37.195412 59.996994 -4.829987 179.080215 67.578644 179.856720 -13.116763 5.775069 -26.463211 2.243540 -5.255033 -3.180155 14.282875 -0.826594 6.952496 -0.000003 -12.690590 0.000002 16.401287 -17.586803 3.239102 1.665665 -1.955919 -2.878295 4.727792 -4.170582 4.993918 11.020511 0.000004 -0.000003 12.109032 -3.735708 -2.866781 -0.000000 -0.000000 -0.000001 1.291984 -1.928546 -1.498089 14.800109 0.567469 3.865602 14.242554 -1.341733 -6.660648 19.631939 0.143927 -0.648244 49.226433 -0.701563 -5.516718 0.353029 -1.511150 -0.031941 20.222771 3.684310 2.316629 18.787243 0.000007 -0.000001 10.751612 -0.479867 1.397906 -0.000000 0.000000 0.000001 3.273803 0.305947 -0.580111 21.486792 11.830363 2.266130 8.162916 0.000001 0.000000 18.399052 -3.798977 -4.940567 0.000004 0.000000 -0.000001 10.822037 23.239862 -22.406139 -0.127879 -0.162231 31.562132 -10.267129 4.381462 -0.806631 1.614177 -1.840743 0.433105 0.000000 -0.000000 0.000002 -21.595509 -2.861533 12.053495 0.165385 2.120063 11.679310 22.393465 6.978913 5.361553 -1.542871 1.038372 -13.100862 -0.000000 0.000001 -0.000000 
18.876518 94.825836 15.203269 -0.204171 -20.391300 -0.922023 2.375437 1.385620 0.146205 -0.096898 3.753211 -5.224095 0.315350 3.050524 14.596739 -12.505556 13.538310 24.396006 1.082692 4.724597 -3.946375 -0.380530 5.362129 -14.290441 0.000077 -0.000022 0.000006 -0.038484 0.075074 0.062147 0.615424 -3.682124 -10.684622 -0.694300 3.832909 -10.704127 -3.799129 0.895571 9.428771 -35.565094 -23.841164 -25.185619 176.619659 -48.236725 -178.243851 14.822900 -2.508711 -7.550718 -5.882099 9.861279 0.702590 -10.936860 -0.360575 7.156196 0.000001 8.774812 -0.000001 -16.350576 18.297869 6.095867 -1.844032 2.498502 -2.507277 -10.163589 4.678941 4.621104 -20.975998 -0.000004 0.000001 -21.226255 2.451692 -3.593991 -0.000000 -0.000007 -0.000002 -1.362681 2.240796 -0.746323 -21.334890 0.584909 3.008322 -13.821197 -0.000002 0.000002 -23.887133 -0.249078 -0.839482 -59.917297 2.582915 -0.927228 -0.294025 1.679686 0.833255 -14.218194 0.093214 1.300581 -34.211998 -0.287564 0.967170 -20.033180 0.964535 1.212841 0.000000 -0.000000 0.000002 -3.440384 0.788233 0.501655 -15.928167 -3.167307 2.999704 -6.338818 -0.000002 0.000002 -18.123415 3.648178 -4.905662 -0.000004 -0.000001 -0.000001 6.389717 19.337328 13.322962 36.556187 59.808304 -4.889753 -179.872696 67.491356 -179.272476 -12.772679 5.314698 -25.809158 2.243540 -5.255031 -3.180155 14.282877 -0.826594 6.952497 -0.000003 -12.690591 0.000001 16.380505 -17.536551 3.158575 1.665665 -1.955918 -2.878296 4.727793 -4.170584 4.993921 11.020510 0.000004 -0.000001 12.109032 -3.735712 -2.866777 0.000001 -0.000001 -0.000000 1.291985 -1.928548 -1.498090 14.800109 0.567468 3.865604 14.242551 -1.341735 -6.660646 19.631937 0.143926 -0.648244 49.254990 -0.734572 -5.580620 0.353029 -1.511149 -0.031938 20.222769 3.684305 2.316629 18.787245 0.000004 -0.000000 10.751610 -0.479869 1.397903 -0.000002 0.000002 0.000001 3.273806 0.305946 -0.580112 21.486788 11.830363 2.266128 8.162920 0.000002 0.000000 18.399055 -3.798982 -4.940568 0.000003 0.000001 -0.000002 12.345110 23.535345 -23.596121 -0.211716 -0.296010 31.444372 -11.203666 3.259149 0.918925 1.633469 -1.878276 -0.017129 0.000000 0.000000 0.000002 -20.313437 -4.296511 11.813807 0.129394 1.785254 10.247989 21.858713 7.669284 -2.682838 -1.486516 1.018023 -8.362571 -0.000000 0.000001 -0.000001 
17.343069 94.385063 12.909111 -0.205229 -20.449572 -0.798636 2.293538 1.283015 0.628442 -0.262016 3.676520 -5.079667 -0.308307 2.865034 15.088684 -12.939737 13.500987 23.565290 1.142430 5.119406 -3.991243 -0.429287 5.493973 -15.343634 0.000077 -0.000023 0.000004 -0.053741 0.121501 0.054095 0.590623 -3.620707 -10.640343 -0.703430 3.853651 -10.664848 -3.632533 0.534061 9.696350 -36.757160 -24.728697 -26.179070 176.873581 -48.457230 -178.393173 14.500794 -2.527562 -7.666395 -5.882101 9.861279 0.702590 -10.936858 -0.360576 7.156198 -0.000001 8.774811 -0.000001 -16.314339 18.323637 6.056841 -1.844031 2.498503 -2.507276 -10.163589 4.678942 4.621105 -20.975992 -0.000001 0.000002 -21.226254 2.451693 -3.593995 0.000000 -0.000007 -0.000002 -1.362681 2.240796 -0.746323 -21.334887 0.584910 3.008320 -13.821194 -0.000002 0.000002 -23.887123 -0.249078 -0.839482 -60.124603 2.559617 -1.047727 -0.294025 1.679686 0.833255 -14.218190 0.093215 1.300579 -34.211998 -0.287563 0.967169 -20.033176 0.964535 1.212841 0.000000 0.000000 -0.000001 -3.440384 0.788231 0.501656 -15.928165 -3.167305 2.999704 -6.338818 -0.000001 0.000002 -18.123413 3.648175 -4.905661 -0.000004 -0.000000 -0.000002 6.071308 19.444523 13.448003 35.971222 59.519165 -5.210886 -179.170593 67.098999 -178.750351 -12.513797 4.876650 -25.671278 2.243541 -5.255033 -3.180155 14.282877 -0.826591 6.952494 -0.000004 -12.690587 0.000000 16.308767 -17.491734 3.061352 1.665666 -1.955920 -2.878295 4.727795 -4.170582 4.993916 11.020513 0.000001 -0.000001 12.109032 -3.735708 -2.866779 0.000001 -0.000002 -0.000001 1.291984 -1.928547 -1.498088 14.800114 0.567468 3.865600 14.242554 -1.341735 -6.660647 19.631941 0.143925 -0.648244 49.222534 -0.916366 -5.544768 0.353028 -1.511149 -0.031938 20.222771 3.684305 2.316625 18.787245 0.000004 -0.000001 10.751610 -0.479867 1.397903 -0.000001 0.000002 -0.000000 3.273804 0.305947 -0.580110 21.486794 11.830361 2.266130 8.162917 0.000003 0.000000 18.399052 -3.798979 -4.940568 0.000003 0.000002 -0.000002 13.441489 23.351088 -24.368860 -0.281711 -0.434375 30.290104 -12.107448 1.885443 3.418260 1.656590 -1.886049 -0.409776 -0.000000 0.000000 0.000002 -19.556883 -5.781687 12.882912 0.139550 1.456355 7.799305 21.425646 8.267757 -7.009438 -1.462086 0.998311 -5.140773 -0.000000 -0.000000 -0.000001 
16.094625 94.194862 10.960531 0.093093 -20.016907 -0.917968 2.082944 1.182905 1.052439 -0.369104 3.604258 -4.850774 -0.904179 2.478174 15.354189 -13.076015 13.240912 23.025278 1.192235 5.453797 -3.967175 -0.751885 5.678960 -16.427557 0.000077 -0.000023 0.000004 -0.061227 0.124061 0.034249 0.605639 -3.610960 -10.629119 -0.724901 3.846648 -10.648477 -2.910882 0.079697 9.814648 -38.667274 -25.254383 -26.864874 177.446167 -48.821236 -178.774857 14.312334 -2.582128 -7.671236 -5.882101 9.861277 0.702590 -10.936860 -0.360572 7.156199 0.000000 8.774813 -0.000001 -16.389481 18.438387 5.951438 -1.844031 2.498502 -2.507276 -10.163589 4.678941 4.621105 -20.975996 -0.000002 0.000003 -21.226255 2.451694 -3.593993 0.000001 -0.000006 -0.000001 -1.362681 2.240797 -0.746323 -21.334890 0.584910 3.008322 -13.821198 -0.000002 0.000003 -23.887133 -0.249077 -0.839480 -60.272926 2.533487 -1.001011 -0.294025 1.679686 0.833255 -14.218192 0.093215 1.300580 -34.212006 -0.287563 0.967171 -20.033180 0.964536 1.212841 0.000000 0.000000 0.000001 -3.440383 0.788233 0.501655 -15.928167 -3.167306 2.999704 -6.338817 -0.000001 0.000002 -18.123415 3.648175 -4.905659 -0.000004 0.000001 -0.000003 5.536590 19.534966 13.240103 36.353180 59.092354 -5.134304 -179.288773 66.514565 -178.956436 -12.822768 4.380250 -25.899977 2.243539 -5.255034 -3.180155 14.282878 -0.826593 6.952497 -0.000003 -12.690590 -0.000001 16.276028 -17.495461 3.148674 1.665665 -1.955921 -2.878298 4.727793 -4.170582 4.993919 11.020510 0.000005 -0.000000 12.109032 -3.735710 -2.866781 0.000001 -0.000000 -0.000001 1.291982 -1.928549 -1.498087 14.800113 0.567471 3.865605 14.242553 -1.341734 -6.660648 19.631939 0.143926 -0.648240 49.235641 -1.039197 -5.397336 0.353029 -1.511149 -0.031941 20.222771 3.684309 2.316630 18.787245 0.000004 0.000002 10.751610 -0.479868 1.397904 -0.000001 0.000000 0.000001 3.273804 0.305947 -0.580109 21.486794 11.830364 2.266134 8.162918 0.000003 0.000001 18.399054 -3.798979 -4.940565 0.000003 0.000002 -0.000002 13.983301 22.677925 -24.674387 -0.328783 -0.537574 28.528532 -12.924454 0.326585 6.474100 1.707896 -1.927336 -0.886526 -0.000000 0.000000 0.000002 -18.930143 -6.957955 10.096535 0.178099 1.021197 12.682104 20.586473 9.730472 -11.150707 -1.431248 0.941318 -3.390620 -0.000000 -0.000001 -0.000001 
15.218866 94.237007 9.599565 0.419761 -19.536715 -1.153822 1.894124 1.039290 1.295009 -0.410073 3.486439 -4.703654 -1.201694 2.188360 15.494133 -12.890463 12.981332 22.919029 1.164510 5.695969 -3.897502 -1.037213 5.811228 -17.124798 0.000077 -0.000023 0.000005 -0.073035 0.181780 0.042068 0.592747 -3.542336 -10.568978 -0.739161 3.894295 -10.573965 -2.331313 -0.284749 10.003563 -40.489975 -25.306269 -26.938614 178.145035 -49.242123 -179.239395 14.046781 -2.605633 -7.830193 -5.882100 9.861279 0.702590 -10.936857 -0.360575 7.156196 0.000001 8.774814 -0.000001 -16.446575 18.390762 5.887506 -1.844031 2.498502 -2.507276 -10.163590 4.678941 4.621103 -20.975994 -0.000003 0.000001 -21.226255 2.451692 -3.593994 0.000000 -0.000007 -0.000002 -1.362682 2.240797 -0.746323 -21.334887 0.584906 3.008319 -13.821197 -0.000002 0.000002 -23.887131 -0.249079 -0.839481 -60.241772 2.492115 -0.972489 -0.294024 1.679685 0.833255 -14.218194 0.093214 1.300578 -34.212002 -0.287566 0.967170 -20.033180 0.964534 1.212841 0.000000 0.000000 0.000001 -3.440387 0.788233 0.501655 -15.928167 -3.167307 2.999703 -6.338819 0.000000 0.000002 -18.123411 3.648177 -4.905663 -0.000003 -0.000001 -0.000003 5.101532 19.436794 13.135052 36.955502 58.690487 -4.548099 -179.446625 66.212921 -179.195862 -12.988654 4.030478 -25.775854 2.243540 -5.255033 -3.180155 14.282878 -0.826597 6.952497 0.000001 -12.690591 -0.000001 16.266661 -17.635847 3.068046 1.665665 -1.955919 -2.878296 4.727793 -4.170582 4.993921 11.020511 0.000002 -0.000001 12.109034 -3.735711 -2.866781 0.000000 -0.000000 -0.000000 1.291984 -1.928548 -1.498091 14.800114 0.567466 3.865600 14.242553 -1.341736 -6.660651 19.631939 0.143922 -0.648247 49.275280 -1.061796 -5.478946 0.353030 -1.511149 -0.031941 20.222767 3.684305 2.316627 18.787245 0.000003 -0.000002 10.751611 -0.479868 1.397902 -0.000000 -0.000001 0.000000 3.273805 0.305946 -0.580111 21.486790 11.830359 2.266129 8.162917 0.000001 -0.000001 18.399052 -3.798979 -4.940572 0.000002 0.000003 -0.000002 14.231517 21.701473 -23.993275 -0.316062 -0.676210 25.701786 -13.626315 -0.866323 8.889315 1.712922 -1.960683 -1.104383 -0.000000 0.000000 0.000002 -18.491213 -7.780298 7.725369 0.209293 0.910875 17.034670 19.527840 10.536141 -13.140701 -1.441999 0.967957 -2.873207 0.000000 -0.000001 -0.000001 
14.645126 94.416962 8.733955 0.974965 -19.273151 -1.340425 1.591071 0.910057 1.241943 -0.422268 3.379180 -4.666373 -1.362820 2.050433 15.448920 -12.329366 12.698438 23.151798 1.081152 5.765411 -3.836836 -1.266035 5.994985 -17.280777 0.000077 -0.000023 0.000006 -0.080971 0.203903 0.050284 0.570544 -3.512848 -10.510201 -0.728301 3.895818 -10.496384 -1.882017 -0.544920 10.369959 -41.556591 -24.962595 -26.881651 178.890976 -49.631035 -179.738861 13.976547 -2.695861 -8.004078 -5.882101 9.861279 0.702589 -10.936858 -0.360576 7.156197 0.000000 8.774813 -0.000001 -16.612026 18.283808 5.767891 -1.844030 2.498502 -2.507275 -10.163590 4.678938 4.621103 -20.975996 -0.000003 0.000002 -21.226255 2.451693 -3.593992 -0.000000 -0.000007 -0.000002 -1.362679 2.240796 -0.746323 -21.334892 0.584907 3.008319 -13.821197 -0.000002 0.000002 -23.887133 -0.249080 -0.839481 -60.273754 2.441882 -0.995696 -0.294023 1.679686 0.833255 -14.218195 0.093214 1.300579 -34.212006 -0.287563 0.967169 -20.033180 0.964535 1.212844 0.000000 0.000000 0.000000 -3.440386 0.788231 0.501656 -15.928171 -3.167307 2.999703 -6.338819 -0.000002 0.000002 -18.123415 3.648176 -4.905662 -0.000004 -0.000001 -0.000003 4.696724 19.087337 12.989302 37.649841 58.432926 -3.683062 -179.912796 66.115250 -179.722137 -13.129494 3.846879 -25.202971 2.243540 -5.255033 -3.180156 14.282877 -0.826593 6.952497 -0.000003 -12.690590 -0.000001 16.377216 -17.888887 2.928292 1.665664 -1.955920 -2.878296 4.727794 -4.170583 4.993917 11.020509 0.000004 -0.000000 12.109031 -3.735708 -2.866781 0.000000 -0.000001 -0.000001 1.291985 -1.928547 -1.498090 14.800111 0.567468 3.865605 14.242553 -1.341736 -6.660645 19.631937 0.143927 -0.648246 49.523987 -1.122234 -5.690574 0.353029 -1.511148 -0.031940 20.222767 3.684307 2.316629 18.787247 0.000004 0.000001 10.751612 -0.479868 1.397905 -0.000000 -0.000000 0.000000 3.273803 0.305947 -0.580110 21.486792 11.830361 2.266133 8.162916 0.000003 0.000000 18.399054 -3.798979 -4.940565 0.000002 0.000001 -0.000002 14.079793 20.463575 -22.507805 -0.276391 -0.759315 21.817839 -14.598014 -1.223894 10.586501 1.688695 -1.908618 -1.346289 -0.000000 0.000000 0.000002 -18.586765 -8.450576 6.321685 0.247145 0.991876 19.389036 18.724913 10.912334 -13.729873 -1.457787 1.007269 -2.897483 0.000000 -0.000001 -0.000001 
14.302470 94.634392 8.182708 1.552425 -19.318771 -1.476308 1.403703 0.879902 1.064520 -0.435178 3.323216 -4.680300 -1.467113 1.932388 15.221656 -11.809925 12.414945 23.552635 1.087616 5.919243 -3.806372 -1.501009 6.101424 -17.048038 0.000077 -0.000022 0.000005 -0.073365 0.180793 0.054123 0.576413 -3.530129 -10.497327 -0.723476 3.872012 -10.476818 -1.690538 -0.516818 10.550721 -41.744186 -24.452036 -26.511662 179.022690 -49.941658 -179.764618 14.067461 -2.844053 -7.714256 -5.882102 9.861278 0.702590 -10.936858 -0.360574 7.156196 -0.000000 8.774817 -0.000002 -16.697985 18.334370 5.785076 -1.844030 2.498504 -2.507275 -10.163589 4.678939 4.621104 -20.975994 -0.000003 0.000002 -21.226255 2.451692 -3.593993 0.000000 -0.000007 -0.000002 -1.362680 2.240795 -0.746323 -21.334892 0.584908 3.008320 -13.821197 -0.000003 0.000003 -23.887129 -0.249079 -0.839481 -60.239227 2.446819 -0.921399 -0.294024 1.679686 0.833255 -14.218192 0.093215 1.300579 -34.212006 -0.287563 0.967169 -20.033178 0.964535 1.212840 0.000000 -0.000000 -0.000001 -3.440384 0.788234 0.501655 -15.928167 -3.167305 2.999703 -6.338817 -0.000002 0.000001 -18.123411 3.648175 -4.905661 -0.000003 -0.000000 -0.000003 4.386606 18.928898 12.882981 37.965626 58.319347 -3.254910 179.304718 66.134735 179.632568 -13.265803 3.634233 -24.767427 2.243540 -5.255034 -3.180157 14.282878 -0.826594 6.952494 -0.000002 -12.690590 -0.000002 16.452629 -18.028049 2.936514 1.665666 -1.955920 -2.878296 4.727793 -4.170582 4.993917 11.020513 0.000005 0.000000 12.109031 -3.735709 -2.866779 0.000000 0.000000 0.000000 1.291984 -1.928549 -1.498088 14.800113 0.567468 3.865601 14.242553 -1.341737 -6.660648 19.631939 0.143925 -0.648242 49.715504 -1.161958 -5.756631 0.353028 -1.511150 -0.031941 20.222769 3.684307 2.316629 18.787247 0.000005 0.000001 10.751609 -0.479867 1.397905 -0.000001 0.000000 0.000000 3.273805 0.305947 -0.580109 21.486792 11.830364 2.266132 8.162916 0.000003 0.000002 18.399054 -3.798980 -4.940568 0.000003 -0.000001 -0.000003 13.823405 19.542372 -21.188398 -0.232569 -0.747849 18.691231 -15.348952 -1.250674 12.205649 1.686251 -1.951347 -1.510055 0.000000 -0.000000 0.000002 -18.859062 -8.751963 5.441036 0.251864 1.045839 20.512653 18.157167 11.075461 -13.795558 -1.439754 0.975457 -2.961112 0.000000 0.000000 -0.000001 
14.185563 94.739441 7.842375 1.988592 -19.511957 -1.624100 1.364173 0.875676 0.868109 -0.409186 3.299311 -4.733380 -1.457351 1.905199 15.000688 -11.421039 12.208826 23.923889 1.185282 5.971115 -3.795897 -1.706706 6.141980 -16.692381 0.000077 -0.000022 0.000007 -0.056502 0.112941 0.055994 0.586523 -3.601210 -10.500679 -0.698202 3.805499 -10.478617 -1.759355 -0.366682 10.704613 -41.313473 -24.190483 -26.313347 178.645645 -50.155495 -179.464401 14.199013 -3.096995 -7.073242 -5.882101 9.861277 0.702590 -10.936857 -0.360573 7.156197 0.000001 8.774813 -0.000002 -16.680954 18.317236 5.842697 -1.844031 2.498503 -2.507276 -10.163588 4.678941 4.621104 -20.975994 -0.000003 0.000000 -21.226254 2.451691 -3.593995 -0.000000 -0.000005 -0.000001 -1.362680 2.240796 -0.746323 -21.334887 0.584906 3.008319 -13.821197 -0.000004 0.000003 -23.887129 -0.249079 -0.839481 -60.176250 2.458891 -0.897742 -0.294024 1.679685 0.833255 -14.218194 0.093214 1.300579 -34.212002 -0.287565 0.967168 -20.033178 0.964533 1.212840 0.000000 -0.000000 0.000001 -3.440386 0.788233 0.501655 -15.928164 -3.167306 2.999703 -6.338819 -0.000001 0.000001 -18.123415 3.648175 -4.905663 -0.000003 -0.000000 -0.000002 4.163413 18.838367 12.801956 37.928791 58.389214 -3.189625 178.794952 66.225876 179.143051 -13.208210 3.602756 -23.951904 2.243539 -5.255032 -3.180154 14.282875 -0.826593 6.952499 -0.000003 -12.690592 -0.000000 16.482155 -18.069965 2.958231 1.665664 -1.955921 -2.878297 4.727792 -4.170581 4.993921 11.020509 0.000003 0.000001 12.109030 -3.735709 -2.866779 0.000000 0.000000 0.000000 1.291983 -1.928546 -1.498088 14.800113 0.567468 3.865606 14.242551 -1.341735 -6.660648 19.631937 0.143926 -0.648244 49.733929 -1.154414 -5.776215 0.353029 -1.511150 -0.031939 20.222767 3.684305 2.316628 18.787245 0.000003 0.000002 10.751610 -0.479868 1.397904 -0.000000 -0.000001 0.000000 3.273803 0.305948 -0.580109 21.486792 11.830361 2.266132 8.162916 0.000002 0.000002 18.399052 -3.798980 -4.940565 0.000003 0.000000 -0.000003 13.555782 19.058710 -20.170317 -0.196823 -0.713990 16.595201 -15.733643 -1.237375 12.960845 1.682844 -1.982724 -1.570177 0.000000 -0.000000 0.000002 -19.140268 -8.744015 4.836176 0.247502 1.079335 21.204994 17.803545 11.094770 -13.935141 -1.431822 0.947758 -3.015040 0.000000 0.000000 -0.000001 
14.224048 94.713089 7.682163 2.262583 -19.799023 -1.842105 1.418440 0.926557 0.735056 -0.355106 3.256641 -4.806273 -1.325698 1.936252 14.842870 -11.102985 12.050842 24.178192 1.244739 5.983238 -3.793524 -1.853604 6.102305 -16.295553 0.000077 -0.000023 0.000004 -0.039784 0.063104 0.066107 0.598026 -3.656598 -10.517833 -0.678946 3.765591 -10.491070 -1.976452 -0.235771 10.821652 -40.544033 -24.219397 -26.472198 178.199295 -50.307293 -179.108536 14.375119 -3.348692 -6.424268 -5.882102 9.861273 0.702591 -10.936858 -0.360576 7.156197 0.000000 8.774814 -0.000001 -16.619961 18.240692 5.938506 -1.844030 2.498503 -2.507276 -10.163589 4.678938 4.621104 -20.975992 -0.000003 0.000003 -21.226250 2.451692 -3.593990 0.000000 -0.000008 -0.000001 -1.362680 2.240795 -0.746323 -21.334887 0.584906 3.008321 -13.821198 -0.000005 0.000004 -23.887131 -0.249078 -0.839479 -60.200294 2.502778 -0.895563 -0.294026 1.679685 0.833255 -14.218190 0.093214 1.300580 -34.211998 -0.287563 0.967171 -20.033178 0.964535 1.212843 -0.000000 0.000000 0.000000 -3.440383 0.788233 0.501655 -15.928164 -3.167306 2.999704 -6.338817 -0.000001 0.000002 -18.123411 3.648176 -4.905660 -0.000004 0.000001 -0.000002 4.194942 18.825895 12.750750 37.544147 58.523052 -3.315428 178.665802 66.310898 179.003647 -13.129625 3.573143 -23.109867 2.243540 -5.255033 -3.180153 14.282875 -0.826594 6.952493 -0.000003 -12.690590 0.000004 16.483570 -18.078861 3.013839 1.665665 -1.955921 -2.878296 4.727796 -4.170585 4.993918 11.020511 0.000001 -0.000002 12.109034 -3.735713 -2.866777 0.000000 0.000000 -0.000003 1.291985 -1.928549 -1.498089 14.800113 0.567465 3.865605 14.242553 -1.341736 -6.660650 19.631939 0.143924 -0.648245 49.704178 -1.099831 -5.787456 0.353027 -1.511150 -0.031939 20.222769 3.684304 2.316627 18.787245 0.000001 -0.000001 10.751610 -0.479870 1.397904 -0.000001 0.000001 -0.000000 3.273802 0.305946 -0.580109 21.486792 11.830362 2.266131 8.162916 0.000000 -0.000001 18.399055 -3.798980 -4.940568 0.000004 0.000000 -0.000001 13.424873 18.876860 -19.666002 -0.178358 -0.685282 15.848293 -15.992076 -1.391729 13.128739 1.676029 -2.010507 -1.531329 0.000000 -0.000000 0.000002 -19.379910 -8.485203 4.448644 0.233962 1.070688 21.622135 17.692724 10.937263 -14.330235 -1.427199 0.934467 -2.968884 0.000000 -0.000001 -0.000001 
14.392776 94.594193 7.695542 2.461740 -20.059053 -2.148668 1.501274 0.961492 0.653169 -0.303283 3.254474 -4.862585 -1.120027 1.995742 14.771941 -10.818042 11.907519 24.312307 1.234294 6.019256 -3.795159 -1.968002 6.028594 -15.920138 0.000077 -0.000023 0.000005 -0.030178 0.040748 0.063254 0.609718 -3.683917 -10.559489 -0.671826 3.752756 -10.538471 -2.218662 -0.192734 10.857317 -39.773640 -24.493847 -26.891035 177.940811 -50.368160 -178.916992 14.576074 -3.488815 -6.012850 -5.882102 9.861282 0.702589 -10.936856 -0.360575 7.156196 -0.000000 8.774813 -0.000001 -16.530161 18.112022 6.012329 -1.844030 2.498502 -2.507276 -10.163589 4.678937 4.621103 -20.975996 -0.000004 0.000003 -21.226254 2.451693 -3.593992 0.000000 -0.000005 -0.000002 -1.362680 2.240798 -0.746323 -21.334887 0.584907 3.008320 -13.821194 -0.000004 0.000002 -23.887129 -0.249079 -0.839481 -60.260174 2.486894 -0.893784 -0.294024 1.679686 0.833256 -14.218192 0.093215 1.300579 -34.211998 -0.287565 0.967170 -20.033180 0.964535 1.212842 0.000000 0.000000 0.000000 -3.440385 0.788231 0.501655 -15.928167 -3.167309 2.999705 -6.338817 -0.000001 0.000001 -18.123415 3.648176 -4.905662 -0.000003 0.000001 -0.000002 4.462818 18.881502 12.744354 36.977406 58.670372 -3.599863 178.726318 66.373550 179.007828 -13.117453 3.473252 -22.335556 2.243541 -5.255031 -3.180156 14.282877 -0.826592 6.952497 -0.000004 -12.690592 0.000001 16.426765 -17.994951 3.043958 1.665665 -1.955921 -2.878297 4.727792 -4.170583 4.993918 11.020510 0.000004 -0.000000 12.109033 -3.735710 -2.866780 0.000000 0.000000 0.000000 1.291983 -1.928548 -1.498086 14.800114 0.567467 3.865602 14.242553 -1.341734 -6.660648 19.631941 0.143928 -0.648244 49.637043 -1.018759 -5.753373 0.353028 -1.511150 -0.031938 20.222769 3.684309 2.316627 18.787245 0.000004 -0.000001 10.751611 -0.479867 1.397903 -0.000001 0.000001 -0.000000 3.273804 0.305946 -0.580111 21.486795 11.830367 2.266130 8.162917 0.000001 0.000002 18.399055 -3.798979 -4.940567 0.000003 -0.000002 -0.000002 13.268915 18.890352 -19.604050 -0.163393 -0.646606 16.406137 -16.146608 -1.816279 12.505011 1.667180 -2.014755 -1.402704 0.000000 -0.000000 0.000002 -19.762547 -8.144348 4.511469 0.221678 1.024705 21.805975 17.785862 10.800354 -14.591307 -1.423852 0.932727 -2.791116 0.000000 0.000000 -0.000001 
14.688995 94.393066 7.814661 2.655888 -20.221273 -2.508842 1.553952 0.990840 0.592149 -0.247899 3.263669 -4.908196 -0.904214 2.045879 14.799047 -10.604913 11.765411 24.318436 1.193948 6.101706 -3.770942 -2.085946 5.954701 -15.667047 0.000077 -0.000022 0.000005 -0.027455 0.051297 0.069453 0.611081 -3.683236 -10.578435 -0.670748 3.769240 -10.560182 -2.467130 -0.161508 10.823034 -39.244820 -24.945015 -27.431152 177.993744 -50.342796 -178.942703 14.764162 -3.557530 -5.942296 -5.882099 9.861275 0.702590 -10.936861 -0.360577 7.156197 0.000001 8.774809 -0.000000 -16.507288 18.003878 6.052361 -1.844032 2.498501 -2.507276 -10.163589 4.678936 4.621106 -20.975998 -0.000004 0.000003 -21.226255 2.451691 -3.593991 0.000000 -0.000005 -0.000002 -1.362679 2.240794 -0.746322 -21.334896 0.584909 3.008321 -13.821197 -0.000004 0.000002 -23.887133 -0.249080 -0.839480 -60.342251 2.467303 -0.898512 -0.294025 1.679686 0.833256 -14.218194 0.093213 1.300580 -34.212006 -0.287565 0.967172 -20.033180 0.964534 1.212844 0.000000 0.000000 0.000002 -3.440386 0.788232 0.501654 -15.928171 -3.167305 2.999705 -6.338820 -0.000002 0.000001 -18.123413 3.648174 -4.905658 -0.000004 0.000001 -0.000001 4.895515 19.004477 12.836492 36.566547 58.742016 -3.711393 178.983002 66.430351 179.227493 -13.191879 3.305012 -21.769697 2.243539 -5.255033 -3.180155 14.282875 -0.826594 6.952494 -0.000003 -12.690590 0.000003 16.311914 -17.892694 3.079468 1.665664 -1.955919 -2.878295 4.727792 -4.170584 4.993918 11.020508 0.000002 -0.000002 12.109034 -3.735711 -2.866779 -0.000000 0.000000 0.000001 1.291984 -1.928549 -1.498087 14.800109 0.567468 3.865600 14.242553 -1.341735 -6.660648 19.631937 0.143926 -0.648247 49.561264 -0.972562 -5.761780 0.353029 -1.511151 -0.031941 20.222769 3.684304 2.316625 18.787245 0.000004 -0.000002 10.751609 -0.479868 1.397902 -0.000001 0.000001 -0.000000 3.273805 0.305946 -0.580112 21.486792 11.830364 2.266127 8.162915 0.000002 0.000001 18.399054 -3.798978 -4.940569 0.000003 0.000000 -0.000002 13.007869 19.067825 -19.892612 -0.172679 -0.598501 17.758659 -16.151043 -2.456922 11.425148 1.661595 -2.005293 -1.258050 0.000000 0.000000 0.000002 -20.264845 -7.802935 4.683664 0.239716 0.973500 22.057381 17.957457 10.731878 -14.943656 -1.419163 0.918938 -2.602866 0.000000 0.000000 -0.000001 
14.945963 94.174866 8.006289 2.870578 -20.261650 -2.901208 1.567806 1.031297 0.546513 -0.204656 3.285650 -4.956178 -0.721856 2.071639 14.903009 -10.402997 11.631502 24.297260 1.119703 6.125047 -3.762903 -2.191771 5.884439 -15.434753 0.000077 -0.000022 0.000006 -0.035147 0.078469 0.062792 0.605275 -3.656757 -10.605231 -0.679812 3.798702 -10.584866 -2.652426 -0.112895 10.783372 -38.993149 -25.446957 -27.785202 178.106232 -50.250309 -179.038574 14.812868 -3.586596 -6.133753 -5.882098 9.861278 0.702589 -10.936858 -0.360575 7.156195 -0.000001 8.774814 -0.000002 -16.469681 17.967497 6.066233 -1.844032 2.498503 -2.507276 -10.163589 4.678938 4.621102 -20.975996 -0.000003 0.000001 -21.226255 2.451692 -3.593994 0.000000 -0.000006 -0.000002 -1.362681 2.240798 -0.746324 -21.334896 0.584911 3.008318 -13.821198 -0.000002 0.000001 -23.887133 -0.249080 -0.839483 -60.409809 2.438775 -0.957675 -0.294024 1.679686 0.833255 -14.218195 0.093215 1.300579 -34.212013 -0.287565 0.967169 -20.033184 0.964535 1.212840 0.000000 0.000000 0.000001 -3.440386 0.788233 0.501655 -15.928165 -3.167305 2.999703 -6.338820 -0.000001 0.000001 -18.123413 3.648174 -4.905661 -0.000004 0.000001 -0.000003 5.369629 19.098394 12.994254 36.568695 58.702747 -3.635717 179.108429 66.399483 179.381927 -13.279375 3.167239 -21.506617 2.243542 -5.255032 -3.180156 14.282878 -0.826594 6.952497 -0.000003 -12.690590 -0.000001 16.176537 -17.787273 3.110849 1.665664 -1.955920 -2.878296 4.727793 -4.170582 4.993918 11.020509 0.000003 -0.000001 12.109033 -3.735709 -2.866777 -0.000000 0.000000 -0.000000 1.291985 -1.928548 -1.498089 14.800114 0.567467 3.865603 14.242551 -1.341735 -6.660648 19.631935 0.143925 -0.648245 49.501831 -0.949498 -5.755494 0.353028 -1.511150 -0.031941 20.222769 3.684305 2.316629 18.787245 0.000004 -0.000000 10.751610 -0.479867 1.397904 -0.000001 0.000000 0.000001 3.273804 0.305948 -0.580112 21.486792 11.830363 2.266131 8.162916 0.000002 0.000000 18.399057 -3.798978 -4.940567 0.000003 0.000000 -0.000002 12.722294 19.341249 -20.189722 -0.205708 -0.560136 19.197830 -16.038296 -3.190913 10.342567 1.656303 -1.988577 -1.098996 0.000000 0.000000 0.000002 -20.684423 -7.562081 4.827602 0.257514 0.966174 22.489033 17.956009 10.692635 -15.547924 -1.414193 0.902766 -2.534889 -0.000000 -0.000001 -0.000001 
15.285277 94.002556 8.309969 3.084814 -20.118752 -3.266450 1.540341 1.078899 0.479317 -0.169304 3.308632 -4.991843 -0.577288 2.116085 14.993578 -10.167490 11.498178 24.332989 1.024568 6.031571 -3.742338 -2.274088 5.798742 -15.261453 0.000077 -0.000022 0.000005 -0.041135 0.098791 0.062951 0.600396 -3.630479 -10.595741 -0.687569 3.820221 -10.585032 -2.744218 -0.087918 10.789956 -39.026306 -25.913294 -27.847855 178.433456 -50.116489 -179.245300 14.821997 -3.524083 -6.228591 -5.882100 9.861277 0.702590 -10.936858 -0.360574 7.156198 0.000000 8.774814 -0.000001 -16.565010 17.984161 6.017072 -1.844031 2.498502 -2.507276 -10.163589 4.678939 4.621105 -20.975996 -0.000003 0.000003 -21.226254 2.451693 -3.593992 0.000001 -0.000006 -0.000000 -1.362680 2.240798 -0.746323 -21.334887 0.584906 3.008321 -13.821197 -0.000003 0.000003 -23.887131 -0.249078 -0.839479 -60.505337 2.439632 -1.021260 -0.294024 1.679685 0.833255 -14.218190 0.093214 1.300579 -34.211998 -0.287565 0.967173 -20.033178 0.964536 1.212843 0.000000 0.000000 -0.000001 -3.440385 0.788232 0.501655 -15.928167 -3.167306 2.999704 -6.338819 -0.000001 0.000002 -18.123415 3.648175 -4.905661 -0.000005 -0.000000 -0.000002 5.811435 19.084976 13.173573 37.052013 58.494495 -3.170455 179.110703 66.353355 179.466049 -13.313955 3.152747 -21.201462 2.243539 -5.255033 -3.180155 14.282878 -0.826594 6.952494 -0.000004 -12.690590 0.000001 16.088655 -17.754633 3.128622 1.665664 -1.955920 -2.878297 4.727793 -4.170584 4.993918 11.020508 0.000003 -0.000001 12.109031 -3.735711 -2.866781 -0.000000 0.000000 -0.000000 1.291985 -1.928549 -1.498088 14.800113 0.567465 3.865602 14.242553 -1.341734 -6.660648 19.631939 0.143926 -0.648242 49.530308 -0.935273 -5.758095 0.353027 -1.511150 -0.031938 20.222771 3.684305 2.316626 18.787245 0.000004 -0.000000 10.751611 -0.479868 1.397903 -0.000001 0.000000 -0.000000 3.273806 0.305947 -0.580110 21.486790 11.830362 2.266129 8.162916 0.000002 -0.000001 18.399054 -3.798978 -4.940568 0.000004 -0.000002 -0.000002 12.300226 19.628950 -20.579788 -0.234204 -0.536279 20.723772 -15.763724 -3.990875 9.330345 1.653973 -1.972370 -1.009013 0.000000 0.000000 0.000002 -21.226065 -7.279486 5.238144 0.262763 0.956802 22.629280 18.112082 10.562132 -15.655539 -1.410835 0.903523 -2.556021 -0.000000 -0.000001 -0.000001 
15.603028 93.844673 8.717701 3.259691 -19.871502 -3.581990 1.489919 1.087596 0.409165 -0.137775 3.346171 -5.013445 -0.456263 2.179018 15.042710 -9.956441 11.381327 24.401949 0.960715 5.862886 -3.727418 -2.338213 5.723526 -15.146086 0.000077 -0.000022 0.000006 -0.042621 0.114917 0.066044 0.601208 -3.610265 -10.575606 -0.691716 3.827684 -10.569935 -2.782790 -0.085240 10.840862 -39.093212 -26.264641 -27.662018 178.604218 -50.030659 -179.325317 14.730052 -3.423001 -6.091790 -5.882102 9.861279 0.702591 -10.936860 -0.360574 7.156197 0.000000 8.774814 -0.000001 -16.684916 18.003548 5.946269 -1.844030 2.498502 -2.507276 -10.163589 4.678941 4.621104 -20.975998 -0.000002 0.000002 -21.226254 2.451694 -3.593994 0.000000 -0.000006 0.000001 -1.362679 2.240796 -0.746323 -21.334892 0.584909 3.008320 -13.821197 -0.000001 0.000003 -23.887131 -0.249077 -0.839481 -60.557552 2.456004 -1.041274 -0.294025 1.679686 0.833255 -14.218195 0.093215 1.300579 -34.212002 -0.287562 0.967170 -20.033180 0.964533 1.212840 0.000000 0.000000 0.000001 -3.440386 0.788232 0.501655 -15.928169 -3.167305 2.999704 -6.338819 -0.000001 0.000001 -18.123415 3.648178 -4.905662 -0.000005 -0.000001 -0.000002 6.138340 19.002729 13.345650 37.692318 58.227299 -2.572753 179.041672 66.234192 179.532913 -13.259781 3.185442 -20.995411 2.243540 -5.255033 -3.180155 14.282875 -0.826592 6.952499 -0.000005 -12.690592 0.000001 16.044075 -17.769562 3.140650 1.665665 -1.955919 -2.878297 4.727792 -4.170582 4.993918 11.020511 0.000004 -0.000002 12.109034 -3.735710 -2.866779 0.000000 -0.000001 0.000001 1.291985 -1.928548 -1.498088 14.800113 0.567468 3.865606 14.242553 -1.341733 -6.660648 19.631937 0.143927 -0.648241 49.585403 -0.903734 -5.804081 0.353029 -1.511151 -0.031941 20.222767 3.684308 2.316627 18.787245 0.000006 -0.000001 10.751610 -0.479867 1.397904 -0.000001 -0.000001 0.000001 3.273803 0.305949 -0.580110 21.486790 11.830363 2.266132 8.162915 0.000002 0.000001 18.399054 -3.798978 -4.940566 0.000003 -0.000001 -0.000002 11.891720 19.860294 -20.955368 -0.264972 -0.539512 22.221230 -15.435970 -4.792610 8.275360 1.648989 -1.963181 -0.956878 0.000000 -0.000000 0.000002 -21.728903 -7.031376 5.877997 0.269872 0.964568 22.461435 18.344048 10.316388 -15.661973 -1.410103 0.911772 -2.654436 0.000000 0.000000 -0.000001 
15.916111 93.702850 9.147351 3.396225 -19.600479 -3.834171 1.422970 1.146240 0.349184 -0.107418 3.345477 -5.024837 -0.377662 2.246778 15.031028 -9.775391 11.285701 24.460722 0.898989 5.665288 -3.738300 -2.415711 5.648176 -15.063319 0.000077 -0.000022 0.000006 -0.040883 0.121209 0.065732 0.605767 -3.603387 -10.562653 -0.689534 3.824356 -10.554294 -2.786168 -0.089536 10.854609 -39.022102 -26.496027 -27.445421 178.737732 -50.053360 -179.409241 14.643629 -3.333014 -5.849447 -5.882101 9.861278 0.702589 -10.936861 -0.360574 7.156198 0.000000 8.774814 -0.000002 -16.785103 18.020281 5.898260 -1.844032 2.498505 -2.507275 -10.163589 4.678939 4.621104 -20.975992 -0.000004 0.000002 -21.226254 2.451692 -3.593995 0.000000 -0.000005 -0.000001 -1.362682 2.240795 -0.746323 -21.334892 0.584908 3.008320 -13.821197 -0.000002 0.000002 -23.887129 -0.249079 -0.839481 -60.614792 2.492549 -1.029962 -0.294024 1.679685 0.833255 -14.218189 0.093213 1.300578 -34.211998 -0.287563 0.967170 -20.033178 0.964537 1.212840 0.000000 0.000000 0.000000 -3.440385 0.788231 0.501655 -15.928164 -3.167307 2.999703 -6.338817 -0.000001 0.000002 -18.123413 3.648178 -4.905663 -0.000004 -0.000000 -0.000001 6.394423 18.881134 13.485859 38.209137 57.967510 -2.090725 178.934296 66.061180 179.551559 -13.243091 3.221454 -20.852402 2.243540 -5.255031 -3.180153 14.282878 -0.826593 6.952495 -0.000005 -12.690590 -0.000000 16.047871 -17.821421 3.160872 1.665663 -1.955920 -2.878298 4.727791 -4.170581 4.993919 11.020510 0.000003 -0.000001 12.109031 -3.735708 -2.866780 0.000001 -0.000001 -0.000000 1.291984 -1.928548 -1.498089 14.800111 0.567469 3.865604 14.242551 -1.341734 -6.660650 19.631935 0.143927 -0.648244 49.591072 -0.864386 -5.827889 0.353028 -1.511149 -0.031939 20.222769 3.684308 2.316630 18.787243 0.000005 0.000001 10.751610 -0.479868 1.397905 -0.000001 0.000000 0.000000 3.273804 0.305947 -0.580111 21.486790 11.830363 2.266132 8.162915 0.000003 0.000002 18.399052 -3.798979 -4.940566 0.000004 0.000001 -0.000001 11.508467 20.033251 -21.326500 -0.292946 -0.548405 23.624811 -15.134691 -5.514268 7.268596 1.644974 -1.970121 -0.930652 0.000000 0.000000 0.000002 -22.168972 -6.810636 6.531534 0.265327 1.019818 22.212605 18.626663 10.016851 -15.578355 -1.414404 0.937920 -2.807808 0.000000 0.000000 -0.000001 
16.253820 93.572052 9.578986 3.504414 -19.275255 -4.040058 1.354550 1.172191 0.307605 -0.097564 3.364742 -5.040917 -0.340161 2.310968 15.002028 -9.667281 11.223681 24.523102 0.872367 5.485341 -3.773389 -2.498518 5.531433 -15.045202 0.000077 -0.000023 0.000006 -0.036324 0.113542 0.065274 0.611178 -3.600926 -10.556539 -0.688365 3.807837 -10.552119 -2.769742 -0.093381 10.853954 -38.796398 -26.703856 -27.340155 178.803329 -50.144310 -179.445663 14.575983 -3.264296 -5.691101 -5.882102 9.861276 0.702590 -10.936858 -0.360575 7.156199 -0.000000 8.774812 -0.000001 -16.817820 18.043526 5.860247 -1.844031 2.498503 -2.507276 -10.163589 4.678937 4.621104 -20.975996 -0.000004 0.000004 -21.226254 2.451692 -3.593992 0.000000 -0.000007 -0.000000 -1.362681 2.240796 -0.746323 -21.334887 0.584908 3.008322 -13.821197 -0.000002 0.000004 -23.887129 -0.249078 -0.839479 -60.692711 2.504910 -1.035670 -0.294025 1.679687 0.833256 -14.218194 0.093214 1.300581 -34.212006 -0.287564 0.967174 -20.033178 0.964537 1.212843 -0.000000 0.000000 -0.000001 -3.440386 0.788232 0.501655 -15.928167 -3.167307 2.999704 -6.338817 -0.000001 0.000002 -18.123413 3.648175 -4.905660 -0.000004 -0.000001 -0.000002 6.564399 18.789894 13.577529 38.494164 57.762844 -1.915221 178.750290 65.897667 179.440994 -13.317987 3.232812 -20.863434 2.243541 -5.255033 -3.180158 14.282877 -0.826594 6.952497 -0.000003 -12.690590 0.000000 16.038546 -17.837296 3.176003 1.665664 -1.955919 -2.878295 4.727794 -4.170584 4.993918 11.020513 0.000001 -0.000002 12.109033 -3.735711 -2.866777 0.000001 -0.000001 -0.000000 1.291985 -1.928547 -1.498087 14.800113 0.567466 3.865601 14.242553 -1.341736 -6.660650 19.631939 0.143923 -0.648245 49.603733 -0.873149 -5.853650 0.353029 -1.511149 -0.031940 20.222771 3.684304 2.316627 18.787247 0.000003 -0.000000 10.751611 -0.479869 1.397903 -0.000001 0.000000 0.000000 3.273804 0.305947 -0.580111 21.486792 11.830363 2.266130 8.162916 0.000001 0.000001 18.399055 -3.798981 -4.940570 0.000004 0.000001 0.000000 11.187968 20.108147 -21.691849 -0.320971 -0.545829 25.034529 -14.894900 -6.173337 6.306661 1.641309 -1.962968 -0.897103 -0.000000 0.000000 0.000002 -22.594122 -6.629108 7.187263 0.259989 1.056410 21.932276 18.980917 9.695893 -15.375792 -1.418189 0.945779 -2.935323 -0.000000 -0.000001 -0.000001 
16.513466 93.432678 9.975544 3.593571 -18.993742 -4.205455 1.286568 1.195870 0.269509 -0.097540 3.438969 -5.045473 -0.343631 2.341048 14.974178 -9.603795 11.193593 24.563610 0.839362 5.340873 -3.788367 -2.564682 5.396946 -15.016235 0.000077 -0.000023 0.000006 -0.031145 0.100357 0.064918 0.617849 -3.603946 -10.561650 -0.687911 3.799118 -10.559588 -2.763705 -0.106835 10.828699 -38.377758 -26.930214 -27.360079 178.786377 -50.353771 -179.404861 14.567876 -3.232568 -5.628263 -5.882102 9.861280 0.702589 -10.936859 -0.360575 7.156199 -0.000002 8.774815 -0.000002 -16.861359 18.030926 5.833691 -1.844030 2.498502 -2.507276 -10.163589 4.678940 4.621103 -20.975998 -0.000001 0.000002 -21.226254 2.451693 -3.593995 -0.000000 -0.000006 0.000001 -1.362681 2.240798 -0.746323 -21.334894 0.584908 3.008321 -13.821195 -0.000002 0.000002 -23.887131 -0.249078 -0.839481 -60.739594 2.516679 -1.059779 -0.294025 1.679686 0.833255 -14.218195 0.093214 1.300580 -34.212002 -0.287564 0.967170 -20.033180 0.964536 1.212842 0.000000 -0.000001 0.000000 -3.440386 0.788233 0.501655 -15.928169 -3.167306 2.999704 -6.338818 -0.000002 0.000002 -18.123411 3.648178 -4.905663 -0.000005 -0.000001 -0.000002 6.677063 18.727667 13.664173 38.481987 57.696564 -2.081935 178.665878 65.767929 179.453247 -13.436448 3.262342 -21.075453 2.243540 -5.255033 -3.180156 14.282873 -0.826591 6.952496 -0.000005 -12.690590 0.000001 16.036882 -17.851143 3.194613 1.665664 -1.955918 -2.878295 4.727794 -4.170584 4.993920 11.020513 0.000003 0.000000 12.109033 -3.735709 -2.866779 0.000001 -0.000001 0.000001 1.291984 -1.928548 -1.498087 14.800114 0.567470 3.865602 14.242553 -1.341733 -6.660652 19.631939 0.143927 -0.648241 49.617413 -0.886920 -5.855137 0.353029 -1.511149 -0.031939 20.222767 3.684307 2.316629 18.787245 0.000006 0.000001 10.751611 -0.479867 1.397905 -0.000001 0.000000 0.000001 3.273803 0.305947 -0.580110 21.486792 11.830362 2.266131 8.162916 0.000001 0.000001 18.399050 -3.798979 -4.940567 0.000003 -0.000002 -0.000001 10.845999 20.162094 -22.138220 -0.330491 -0.547493 26.338223 -14.654926 -6.711999 5.497770 1.639053 -1.945181 -0.865854 0.000000 0.000000 0.000002 -22.976257 -6.556274 7.712646 0.266529 1.122039 21.822239 19.237514 9.498140 -15.250402 -1.419814 0.959870 -3.038325 -0.000000 -0.000000 -0.000001 
16.799232 93.291199 10.324710 3.655552 -18.753819 -4.339217 1.234259 1.241159 0.254272 -0.104311 3.463213 -5.062318 -0.382168 2.374831 14.986716 -9.608251 11.180901 24.566580 0.829125 5.255742 -3.811779 -2.620322 5.273665 -14.990589 0.000077 -0.000023 0.000006 -0.029045 0.096221 0.064563 0.624849 -3.614959 -10.582238 -0.687712 3.786823 -10.578343 -2.787416 -0.129354 10.780473 -37.891674 -27.125353 -27.496975 178.686234 -50.558422 -179.318665 14.539537 -3.280823 -5.625935 -5.882102 9.861279 0.702590 -10.936858 -0.360574 7.156197 -0.000001 8.774814 -0.000002 -16.814205 17.994286 5.866771 -1.844031 2.498501 -2.507277 -10.163590 4.678938 4.621103 -20.975994 -0.000003 0.000002 -21.226254 2.451691 -3.593994 0.000000 -0.000005 -0.000000 -1.362679 2.240796 -0.746323 -21.334887 0.584908 3.008320 -13.821197 -0.000002 0.000002 -23.887129 -0.249079 -0.839481 -60.738041 2.527110 -1.072510 -0.294024 1.679687 0.833256 -14.218190 0.093213 1.300578 -34.211998 -0.287566 0.967167 -20.033176 0.964533 1.212841 -0.000000 0.000000 0.000000 -3.440385 0.788232 0.501655 -15.928165 -3.167306 2.999703 -6.338819 -0.000002 0.000002 -18.123411 3.648176 -4.905662 -0.000004 -0.000000 -0.000003 6.748040 18.699081 13.699470 38.306259 57.722542 -2.416880 178.588516 65.736412 179.402634 -13.552919 3.295658 -21.265427 2.243542 -5.255035 -3.180158 14.282878 -0.826595 6.952495 -0.000004 -12.690590 0.000001 16.032454 -17.822212 3.190304 1.665666 -1.955920 -2.878299 4.727794 -4.170583 4.993919 11.020512 0.000002 0.000000 12.109033 -3.735709 -2.866779 0.000000 -0.000001 -0.000000 1.291985 -1.928547 -1.498089 14.800114 0.567466 3.865602 14.242553 -1.341735 -6.660653 19.631941 0.143924 -0.648246 49.645390 -0.874624 -5.846673 0.353030 -1.511149 -0.031941 20.222765 3.684306 2.316626 18.787247 0.000003 -0.000002 10.751611 -0.479868 1.397904 -0.000001 0.000000 -0.000001 3.273805 0.305947 -0.580110 21.486790 11.830360 2.266129 8.162917 0.000002 0.000000 18.399055 -3.798978 -4.940567 0.000004 0.000001 -0.000002 10.555537 20.218586 -22.618351 -0.343450 -0.541370 27.656267 -14.387873 -7.116572 4.772711 1.637521 -1.932279 -0.840010 0.000000 0.000000 0.000002 -23.340630 -6.497344 8.097428 0.269997 1.170793 21.848139 19.473045 9.359835 -15.092034 -1.425906 0.971380 -3.148569 0.000000 0.000000 -0.000001 
17.041435 93.121284 10.624525 3.676486 -18.558235 -4.445774 1.183155 1.272734 0.256044 -0.113209 3.489928 -5.062936 -0.427224 2.414981 14.992435 -9.639722 11.181524 24.532328 0.825569 5.201138 -3.817718 -2.693247 5.163373 -14.988312 0.000077 -0.000022 0.000006 -0.027131 0.079434 0.061650 0.632349 -3.633614 -10.596792 -0.690344 3.774076 -10.592488 -2.784546 -0.173712 10.742308 -37.520638 -27.357536 -27.679440 178.632660 -50.782322 -179.195618 14.494499 -3.374613 -5.690506 -5.882101 9.861279 0.702589 -10.936862 -0.360573 7.156197 -0.000001 8.774812 -0.000001 -16.795115 17.963989 5.903732 -1.844030 2.498501 -2.507276 -10.163589 4.678941 4.621104 -20.975994 -0.000004 0.000003 -21.226250 2.451694 -3.593993 0.000000 -0.000006 -0.000000 -1.362680 2.240795 -0.746323 -21.334885 0.584908 3.008320 -13.821195 -0.000003 0.000003 -23.887129 -0.249078 -0.839480 -60.805782 2.516058 -1.072515 -0.294025 1.679687 0.833255 -14.218189 0.093215 1.300579 -34.212002 -0.287563 0.967169 -20.033176 0.964534 1.212841 -0.000000 -0.000000 -0.000000 -3.440385 0.788233 0.501655 -15.928169 -3.167308 2.999705 -6.338817 -0.000002 0.000001 -18.123411 3.648176 -4.905661 -0.000004 -0.000001 -0.000002 6.796587 18.682615 13.708207 38.114422 57.810303 -2.718256 178.540222 65.790482 179.435135 -13.623282 3.347003 -21.385803 2.243540 -5.255032 -3.180156 14.282877 -0.826594 6.952497 -0.000003 -12.690590 0.000002 16.056688 -17.826710 3.188297 1.665665 -1.955919 -2.878296 4.727796 -4.170585 4.993919 11.020509 0.000005 -0.000000 12.109033 -3.735710 -2.866778 0.000002 -0.000001 0.000002 1.291983 -1.928547 -1.498088 14.800111 0.567469 3.865603 14.242553 -1.341733 -6.660649 19.631939 0.143924 -0.648243 49.652287 -0.890432 -5.826169 0.353028 -1.511150 -0.031939 20.222767 3.684305 2.316629 18.787245 0.000004 -0.000000 10.751611 -0.479867 1.397906 -0.000001 -0.000001 -0.000001 3.273804 0.305947 -0.580110 21.486788 11.830360 2.266130 8.162917 0.000001 0.000001 18.399052 -3.798979 -4.940567 0.000004 -0.000001 -0.000001 10.326268 20.262629 -23.030533 -0.350136 -0.527865 28.824087 -14.124743 -7.458642 3.905822 1.636005 -1.931562 -0.827241 0.000000 -0.000000 0.000002 -23.652157 -6.516290 8.354733 0.272521 1.219160 22.038315 19.629839 9.276999 -15.078137 -1.428156 0.970289 -3.234601 -0.000000 -0.000000 -0.000001 
17.311104 92.974319 10.901405 3.684067 -18.370682 -4.536778 1.135373 1.298720 0.285945 -0.125512 3.482291 -5.072411 -0.502816 2.444431 15.037174 -9.663167 11.209188 24.480175 0.793876 5.138126 -3.849316 -2.758038 5.032281 -15.048568 0.000077 -0.000023 0.000006 -0.025011 0.079760 0.071141 0.635845 -3.634661 -10.608037 -0.691677 3.776543 -10.601334 -2.789013 -0.252979 10.701496 -37.243004 -27.529362 -27.867640 178.602600 -50.910793 -179.142166 14.479508 -3.516135 -5.739746 -5.882099 9.861280 0.702589 -10.936858 -0.360575 7.156197 0.000000 8.774813 -0.000001 -16.779802 17.926073 5.899795 -1.844030 2.498503 -2.507275 -10.163589 4.678940 4.621105 -20.975994 -0.000002 0.000003 -21.226250 2.451691 -3.593993 0.000000 -0.000006 -0.000000 -1.362681 2.240796 -0.746322 -21.334890 0.584908 3.008321 -13.821194 -0.000003 0.000003 -23.887129 -0.249078 -0.839481 -60.829086 2.488016 -1.105656 -0.294024 1.679686 0.833256 -14.218194 0.093215 1.300580 -34.211998 -0.287564 0.967172 -20.033178 0.964535 1.212842 -0.000000 0.000000 0.000000 -3.440385 0.788234 0.501656 -15.928165 -3.167307 2.999704 -6.338820 -0.000002 0.000001 -18.123415 3.648175 -4.905662 -0.000004 -0.000001 -0.000003 6.811821 18.668470 13.683040 37.968853 57.883522 -2.975147 178.501266 65.908424 179.446426 -13.653424 3.478243 -21.462147 2.243540 -5.255031 -3.180157 14.282878 -0.826595 6.952495 -0.000005 -12.690588 0.000001 16.015945 -17.826328 3.228583 1.665666 -1.955919 -2.878298 4.727794 -4.170585 4.993919 11.020510 0.000003 -0.000001 12.109030 -3.735708 -2.866780 0.000001 -0.000001 0.000001 1.291983 -1.928547 -1.498087 14.800113 0.567469 3.865602 14.242553 -1.341736 -6.660651 19.631939 0.143925 -0.648245 49.667492 -0.906533 -5.795900 0.353028 -1.511150 -0.031939 20.222767 3.684304 2.316627 18.787245 0.000003 0.000000 10.751608 -0.479867 1.397904 -0.000001 0.000000 -0.000000 3.273803 0.305947 -0.580110 21.486788 11.830359 2.266129 8.162915 0.000003 0.000001 18.399054 -3.798980 -4.940568 0.000003 -0.000000 0.000001 10.122175 20.285671 -23.437098 -0.352050 -0.503632 29.949087 -13.841028 -7.753013 3.180356 1.634586 -1.927296 -0.815407 0.000000 0.000000 0.000002 -23.959026 -6.523126 8.617358 0.288624 1.256530 22.138569 19.812223 9.154025 -14.969917 -1.430450 0.969663 -3.289632 0.000000 -0.000001 -0.000001 
17.575796 92.825790 11.154729 3.676572 -18.222425 -4.584856 1.081456 1.309391 0.326628 -0.141193 3.489990 -5.082513 -0.583430 2.469493 15.082457 -9.690039 11.243652 24.340855 0.770666 5.056805 -3.828564 -2.841382 4.947588 -15.180441 0.000077 -0.000023 0.000005 -0.026359 0.087670 0.067431 0.630136 -3.623163 -10.603959 -0.693021 3.793390 -10.600609 -2.823479 -0.323485 10.647223 -37.041828 -27.710028 -27.971729 178.510941 -50.972466 -179.044952 14.473566 -3.693241 -5.765613 -5.882102 9.861279 0.702590 -10.936860 -0.360574 7.156197 -0.000001 8.774815 -0.000002 -16.783094 17.882463 5.903307 -1.844031 2.498504 -2.507276 -10.163589 4.678941 4.621104 -20.975992 -0.000001 0.000001 -21.226254 2.451694 -3.593994 -0.000000 -0.000007 0.000000 -1.362680 2.240797 -0.746323 -21.334887 0.584910 3.008320 -13.821197 -0.000004 0.000002 -23.887133 -0.249077 -0.839481 -60.887218 2.463727 -1.138109 -0.294025 1.679686 0.833255 -14.218189 0.093215 1.300578 -34.211998 -0.287562 0.967169 -20.033178 0.964535 1.212842 -0.000000 -0.000000 -0.000000 -3.440386 0.788233 0.501654 -15.928165 -3.167307 2.999702 -6.338815 -0.000001 0.000001 -18.123411 3.648177 -4.905662 -0.000004 -0.000000 -0.000003 6.834457 18.667156 13.669817 37.845131 57.945080 -3.223626 178.369370 66.081085 179.369675 -13.642055 3.641210 -21.547989 2.243540 -5.255032 -3.180154 14.282875 -0.826594 6.952495 -0.000004 -12.690590 0.000002 15.983170 -17.846649 3.227002 1.665666 -1.955920 -2.878297 4.727793 -4.170583 4.993920 11.020511 0.000002 -0.000003 12.109034 -3.735709 -2.866780 0.000001 -0.000001 -0.000000 1.291983 -1.928548 -1.498087 14.800111 0.567468 3.865604 14.242554 -1.341736 -6.660648 19.631939 0.143927 -0.648246 49.656891 -0.917771 -5.764581 0.353029 -1.511149 -0.031941 20.222769 3.684305 2.316629 18.787245 0.000004 -0.000000 10.751610 -0.479867 1.397903 -0.000000 0.000000 0.000000 3.273806 0.305947 -0.580109 21.486792 11.830362 2.266128 8.162916 0.000002 0.000000 18.399052 -3.798980 -4.940566 0.000003 0.000000 0.000000 9.946300 20.323828 -23.868919 -0.356690 -0.482364 30.992241 -13.582547 -7.996066 2.541123 1.632883 -1.921217 -0.769246 0.000000 0.000000 0.000002 -24.238480 -6.530798 8.793270 0.302916 1.274336 22.271332 19.944386 9.042339 -14.894637 -1.432946 0.981004 -3.355341 0.000000 0.000000 -0.000001 
17.857225 92.712166 11.420038 3.645899 -18.104710 -4.581765 1.023957 1.312038 0.365437 -0.150543 3.503883 -5.102976 -0.657376 2.461348 15.125557 -9.727472 11.289388 24.152477 0.732253 4.989655 -3.816044 -2.913584 4.862645 -15.331978 0.000077 -0.000023 0.000006 -0.035577 0.117455 0.073708 0.617583 -3.591549 -10.590398 -0.697079 3.812802 -10.585684 -2.878783 -0.408629 10.605668 -36.902687 -27.839043 -28.090473 178.535614 -50.986126 -179.104782 14.496377 -3.865320 -5.813973 -5.882101 9.861279 0.702590 -10.936859 -0.360575 7.156197 -0.000002 8.774813 -0.000002 -16.809422 17.914858 5.875089 -1.844030 2.498503 -2.507277 -10.163589 4.678942 4.621105 -20.975994 -0.000003 -0.000000 -21.226250 2.451694 -3.593996 -0.000000 -0.000005 0.000000 -1.362681 2.240798 -0.746323 -21.334887 0.584909 3.008318 -13.821195 -0.000003 0.000000 -23.887125 -0.249080 -0.839483 -60.946293 2.436973 -1.175342 -0.294024 1.679686 0.833256 -14.218190 0.093215 1.300578 -34.212002 -0.287566 0.967167 -20.033176 0.964534 1.212840 0.000000 0.000001 0.000000 -3.440385 0.788233 0.501655 -15.928167 -3.167306 2.999703 -6.338818 -0.000001 0.000000 -18.123413 3.648175 -4.905663 -0.000005 -0.000001 -0.000001 6.842196 18.681610 13.657139 37.786922 57.964874 -3.385591 178.143402 66.246078 179.207153 -13.613467 3.838353 -21.654928 2.243539 -5.255033 -3.180156 14.282877 -0.826593 6.952497 -0.000003 -12.690590 -0.000001 15.936332 -17.833574 3.241752 1.665665 -1.955921 -2.878296 4.727795 -4.170584 4.993919 11.020511 0.000004 0.000000 12.109032 -3.735708 -2.866781 0.000000 -0.000001 -0.000001 1.291985 -1.928548 -1.498087 14.800113 0.567468 3.865606 14.242554 -1.341735 -6.660648 19.631939 0.143927 -0.648242 49.653236 -0.943927 -5.746587 0.353029 -1.511150 -0.031941 20.222765 3.684308 2.316629 18.787245 0.000004 0.000002 10.751610 -0.479868 1.397903 -0.000001 0.000000 0.000001 3.273805 0.305947 -0.580111 21.486790 11.830366 2.266133 8.162917 0.000001 0.000001 18.399052 -3.798979 -4.940564 0.000004 0.000000 0.000000 9.746372 20.336979 -24.217308 -0.359596 -0.456151 31.876781 -13.275061 -8.177160 1.781877 1.629382 -1.915281 -0.671054 0.000000 -0.000000 0.000002 -24.500347 -6.555097 9.019884 0.304039 1.269747 22.173044 20.090761 8.919168 -14.683844 -1.431052 0.973532 -3.402272 -0.000000 -0.000000 -0.000001 
18.147955 92.646622 11.650883 3.593122 -18.017801 -4.516127 0.969769 1.320431 0.382661 -0.155945 3.506298 -5.105755 -0.707905 2.449653 15.132484 -9.805668 11.316548 24.006935 0.712545 4.911825 -3.825144 -2.995249 4.824417 -15.508657 0.000077 -0.000023 0.000006 -0.042391 0.141586 0.079636 0.607677 -3.560777 -10.581635 -0.697822 3.833613 -10.585332 -2.928254 -0.533708 10.559539 -36.830627 -27.902283 -28.204605 178.663757 -50.954548 -179.226288 14.539361 -3.912402 -5.802012 -5.882101 9.861279 0.702590 -10.936859 -0.360575 7.156198 -0.000002 8.774809 -0.000001 -16.831053 17.950291 5.880921 -1.844031 2.498501 -2.507275 -10.163589 4.678941 4.621103 -20.975994 -0.000002 0.000003 -21.226250 2.451692 -3.593992 0.000000 -0.000007 -0.000001 -1.362680 2.240797 -0.746322 -21.334890 0.584908 3.008321 -13.821197 -0.000002 0.000002 -23.887131 -0.249077 -0.839481 -60.992329 2.450875 -1.187105 -0.294024 1.679687 0.833255 -14.218192 0.093214 1.300578 -34.212006 -0.287565 0.967171 -20.033176 0.964536 1.212842 0.000000 -0.000000 0.000001 -3.440386 0.788232 0.501656 -15.928169 -3.167307 2.999704 -6.338818 -0.000001 0.000001 -18.123411 3.648176 -4.905661 -0.000005 0.000001 -0.000001 6.870163 18.689653 13.686233 37.652374 57.962349 -3.600455 177.946381 66.342476 179.032227 -13.603328 4.021709 -21.716635 2.243541 -5.255032 -3.180155 14.282875 -0.826595 6.952495 -0.000003 -12.690591 0.000000 15.938492 -17.846365 3.215349 1.665666 -1.955920 -2.878298 4.727792 -4.170582 4.993919 11.020510 0.000003 -0.000001 12.109033 -3.735710 -2.866778 0.000000 -0.000002 -0.000000 1.291984 -1.928549 -1.498088 14.800111 0.567468 3.865602 14.242553 -1.341735 -6.660647 19.631939 0.143925 -0.648242 49.744205 -0.979179 -5.752274 0.353029 -1.511149 -0.031939 20.222769 3.684304 2.316626 18.787245 0.000004 -0.000001 10.751610 -0.479868 1.397904 -0.000002 0.000000 0.000000 3.273804 0.305947 -0.580110 21.486790 11.830360 2.266130 8.162917 0.000002 0.000001 18.399054 -3.798980 -4.940567 0.000003 -0.000001 -0.000001 9.561920 20.314188 -24.558546 -0.371796 -0.446942 32.562515 -12.974523 -8.215423 1.212231 1.626554 -1.898960 -0.575598 0.000000 -0.000000 0.000002 -24.731508 -6.593997 9.258424 0.325817 1.244401 21.838518 20.273256 8.772099 -14.360884 -1.433820 0.985685 -3.490278 0.000000 0.000000 -0.000001 
18.448076 92.651543 11.903365 3.514376 -17.968576 -4.382782 0.922245 1.320807 0.374467 -0.160306 3.527311 -5.089696 -0.737842 2.420004 15.078663 -9.935499 11.343099 23.786558 0.719514 4.861259 -3.807629 -3.053860 4.846822 -15.647999 0.000077 -0.000023 0.000006 -0.047907 0.155214 0.079230 0.601120 -3.536797 -10.548474 -0.702412 3.843879 -10.560499 -2.950227 -0.650808 10.490253 -36.829735 -27.904457 -28.296812 178.859924 -50.951317 -179.320084 14.565067 -3.910470 -5.791063 -5.882102 9.861278 0.702589 -10.936858 -0.360575 7.156196 -0.000002 8.774809 -0.000000 -16.875023 18.033762 5.867277 -1.844030 2.498501 -2.507276 -10.163589 4.678939 4.621104 -20.975994 -0.000001 0.000002 -21.226250 2.451691 -3.593994 -0.000001 -0.000007 -0.000002 -1.362680 2.240797 -0.746322 -21.334892 0.584909 3.008321 -13.821193 -0.000002 0.000002 -23.887129 -0.249077 -0.839481 -60.988880 2.500930 -1.201046 -0.294025 1.679684 0.833255 -14.218192 0.093218 1.300577 -34.212002 -0.287561 0.967168 -20.033176 0.964535 1.212840 0.000000 0.000001 0.000000 -3.440384 0.788233 0.501655 -15.928165 -3.167305 2.999704 -6.338819 0.000000 0.000001 -18.123411 3.648177 -4.905661 -0.000005 -0.000001 -0.000002 6.911858 18.723570 13.703554 37.533253 57.950142 -3.788336 177.896103 66.393700 178.963501 -13.589297 4.217350 -21.825356 2.243541 -5.255032 -3.180155 14.282877 -0.826593 6.952497 -0.000003 -12.690590 -0.000001 15.995090 -17.902678 3.158540 1.665664 -1.955919 -2.878296 4.727793 -4.170584 4.993920 11.020513 0.000001 -0.000001 12.109033 -3.735710 -2.866777 0.000001 -0.000001 -0.000001 1.291983 -1.928548 -1.498089 14.800113 0.567466 3.865602 14.242554 -1.341734 -6.660649 19.631939 0.143925 -0.648243 49.846214 -1.004146 -5.809024 0.353028 -1.511149 -0.031941 20.222771 3.684305 2.316629 18.787245 0.000005 -0.000000 10.751611 -0.479869 1.397905 -0.000001 0.000000 0.000000 3.273805 0.305947 -0.580111 21.486792 11.830364 2.266129 8.162916 0.000002 0.000001 18.399054 -3.798979 -4.940567 0.000003 -0.000001 -0.000000 9.380038 20.194128 -24.802120 -0.373346 -0.450550 32.980907 -12.731155 -8.154159 0.706404 1.627434 -1.878754 -0.506445 0.000000 -0.000000 0.000002 -24.906111 -6.622581 9.582939 0.335288 1.259360 21.164181 20.529844 8.568010 -13.792492 -1.440897 1.010968 -3.673601 0.000000 -0.000001 -0.000001 
18.632561 92.726730 12.016122 3.415545 -17.898243 -4.203473 0.873941 1.313627 0.348860 -0.160411 3.550967 -5.059702 -0.761852 2.359743 14.968973 -10.034190 11.332657 23.575426 0.717432 4.808839 -3.802596 -3.073056 4.927291 -15.749649 0.000077 -0.000023 0.000006 -0.045122 0.152193 0.078938 0.601575 -3.536355 -10.528943 -0.703017 3.837175 -10.549108 -2.903729 -0.760622 10.421390 -36.781601 -27.863981 -28.374517 179.117554 -50.976166 -179.498352 14.639118 -3.863132 -5.707516 -5.882102 9.861278 0.702591 -10.936860 -0.360576 7.156198 -0.000002 8.774814 -0.000001 -16.889429 18.076786 5.864813 -1.844030 2.498505 -2.507276 -10.163591 4.678940 4.621106 -20.975998 -0.000004 0.000003 -21.226254 2.451693 -3.593993 0.000000 -0.000006 -0.000000 -1.362680 2.240797 -0.746323 -21.334894 0.584907 3.008320 -13.821198 -0.000003 0.000003 -23.887135 -0.249078 -0.839481 -60.923496 2.521364 -1.194744 -0.294024 1.679686 0.833255 -14.218197 0.093214 1.300580 -34.212002 -0.287563 0.967169 -20.033186 0.964535 1.212842 0.000000 0.000000 0.000000 -3.440386 0.788233 0.501655 -15.928165 -3.167308 2.999702 -6.338815 -0.000002 0.000001 -18.123415 3.648178 -4.905663 -0.000004 0.000001 -0.000002 6.944166 18.801243 13.726450 37.414925 58.003582 -4.053380 177.867508 66.422951 178.886414 -13.641303 4.320521 -22.080524 2.243538 -5.255031 -3.180155 14.282875 -0.826592 6.952495 -0.000003 -12.690590 -0.000000 16.115005 -17.984249 3.099813 1.665664 -1.955920 -2.878297 4.727793 -4.170583 4.993918 11.020507 0.000005 -0.000000 12.109030 -3.735709 -2.866778 0.000002 -0.000001 -0.000000 1.291985 -1.928548 -1.498088 14.800109 0.567469 3.865601 14.242551 -1.341735 -6.660648 19.631937 0.143927 -0.648242 49.934155 -1.018874 -5.887505 0.353028 -1.511149 -0.031941 20.222765 3.684309 2.316628 18.787245 0.000006 0.000001 10.751609 -0.479867 1.397903 -0.000001 0.000000 -0.000000 3.273802 0.305947 -0.580109 21.486788 11.830363 2.266130 8.162915 0.000002 0.000001 18.399050 -3.798978 -4.940567 0.000003 0.000001 0.000000 9.281686 19.973547 -24.958824 -0.378082 -0.466317 32.992542 -12.607452 -7.943880 0.582348 1.628400 -1.865633 -0.503304 -0.000000 0.000000 0.000002 -24.933285 -6.698951 9.694376 0.353086 1.291449 20.748314 20.705160 8.406466 -13.168029 -1.446419 1.019476 -3.989595 0.000000 0.000000 -0.000001 
18.746916 92.809265 12.088420 3.334954 -17.779825 -4.038855 0.811925 1.314545 0.334483 -0.168157 3.536909 -5.031255 -0.782109 2.341303 14.819737 -10.092221 11.298910 23.393656 0.735987 4.768563 -3.814619 -3.054585 5.026675 -15.751170 0.000077 -0.000022 0.000006 -0.038552 0.131214 0.072193 0.614509 -3.560198 -10.526830 -0.699035 3.807694 -10.545447 -2.858501 -0.851883 10.377998 -36.650955 -27.883738 -28.346230 179.276794 -51.115662 -179.619736 14.753258 -3.831308 -5.610179 -5.882098 9.861279 0.702590 -10.936857 -0.360576 7.156196 -0.000001 8.774816 -0.000001 -16.833277 18.058254 5.891907 -1.844030 2.498502 -2.507277 -10.163589 4.678941 4.621104 -20.975996 -0.000003 0.000002 -21.226254 2.451692 -3.593993 0.000000 -0.000006 -0.000000 -1.362678 2.240797 -0.746323 -21.334892 0.584907 3.008318 -13.821193 -0.000003 0.000001 -23.887125 -0.249081 -0.839481 -60.839279 2.532628 -1.166690 -0.294025 1.679686 0.833255 -14.218190 0.093215 1.300577 -34.211998 -0.287564 0.967170 -20.033176 0.964534 1.212842 0.000000 -0.000000 0.000001 -3.440383 0.788232 0.501655 -15.928165 -3.167306 2.999703 -6.338813 -0.000003 0.000001 -18.123413 3.648176 -4.905663 -0.000005 -0.000002 -0.000002 6.925560 18.875988 13.691673 37.403034 58.030720 -4.381342 177.815140 66.392014 178.828613 -13.665722 4.332382 -22.274307 2.243539 -5.255033 -3.180153 14.282871 -0.826591 6.952495 -0.000004 -12.690592 0.000000 16.261593 -18.052988 3.049911 1.665664 -1.955920 -2.878298 4.727790 -4.170582 4.993918 11.020512 0.000003 -0.000001 12.109028 -3.735708 -2.866779 0.000002 -0.000001 -0.000000 1.291984 -1.928548 -1.498086 14.800111 0.567468 3.865603 14.242554 -1.341733 -6.660648 19.631939 0.143926 -0.648242 49.975052 -1.014320 -5.936238 0.353028 -1.511149 -0.031941 20.222767 3.684307 2.316630 18.787243 0.000005 0.000000 10.751610 -0.479869 1.397905 -0.000000 -0.000000 -0.000001 3.273804 0.305947 -0.580112 21.486790 11.830364 2.266130 8.162915 0.000003 0.000001 18.399048 -3.798977 -4.940566 0.000004 0.000001 -0.000001 9.209309 19.687838 -25.045942 -0.376660 -0.477500 32.839447 -12.542014 -7.756876 0.546036 1.629651 -1.874645 -0.554093 0.000000 0.000000 0.000002 -24.879950 -6.745212 9.827180 0.334914 1.317185 20.327503 20.836866 8.186602 -12.679334 -1.448514 1.003227 -4.268833 -0.000000 -0.000000 -0.000001 
18.746042 92.861763 12.152080 3.302069 -17.591278 -3.910372 0.750196 1.314267 0.297990 -0.173126 3.509325 -5.027289 -0.834413 2.374331 14.693300 -10.122161 11.269850 23.247278 0.780275 4.747485 -3.827813 -2.999182 5.095926 -15.689471 0.000077 -0.000022 0.000006 -0.030707 0.087707 0.073475 0.625706 -3.606563 -10.532000 -0.692683 3.763275 -10.547132 -2.850397 -0.941592 10.341038 -36.358620 -27.961309 -28.121004 179.164139 -51.342564 -179.553650 14.915995 -3.793741 -5.488195 -5.882102 9.861277 0.702588 -10.936858 -0.360575 7.156196 -0.000003 8.774810 -0.000001 -16.738001 18.003979 5.912479 -1.844033 2.498502 -2.507276 -10.163589 4.678941 4.621103 -20.975998 -0.000004 -0.000000 -21.226254 2.451693 -3.593997 -0.000000 -0.000007 -0.000001 -1.362680 2.240796 -0.746323 -21.334894 0.584908 3.008318 -13.821197 -0.000004 0.000001 -23.887131 -0.249079 -0.839484 -60.717495 2.510584 -1.137387 -0.294026 1.679685 0.833256 -14.218194 0.093214 1.300578 -34.212002 -0.287565 0.967166 -20.033176 0.964534 1.212840 0.000000 -0.000001 0.000000 -3.440385 0.788234 0.501654 -15.928167 -3.167306 2.999701 -6.338818 -0.000002 0.000000 -18.123413 3.648174 -4.905663 -0.000004 -0.000000 -0.000003 6.844045 18.910637 13.580441 37.416328 58.065540 -4.629794 177.901062 66.308121 178.925980 -13.705421 4.387480 -22.282406 2.243539 -5.255031 -3.180156 14.282877 -0.826595 6.952496 -0.000003 -12.690585 0.000000 16.350317 -18.115040 3.072462 1.665665 -1.955919 -2.878296 4.727792 -4.170582 4.993918 11.020509 0.000002 -0.000002 12.109030 -3.735710 -2.866781 0.000002 -0.000001 0.000001 1.291985 -1.928548 -1.498088 14.800113 0.567466 3.865602 14.242554 -1.341735 -6.660647 19.631937 0.143927 -0.648246 49.899521 -1.008897 -5.926040 0.353028 -1.511150 -0.031940 20.222765 3.684305 2.316626 18.787245 0.000005 -0.000001 10.751610 -0.479866 1.397903 -0.000000 0.000000 -0.000000 3.273804 0.305947 -0.580110 21.486790 11.830359 2.266128 8.162915 0.000001 0.000000 18.399054 -3.798981 -4.940567 0.000004 0.000002 0.000000 9.162356 19.443899 -25.147781 -0.374618 -0.483681 32.754356 -12.532382 -7.732577 0.610423 1.628100 -1.896825 -0.628795 0.000000 0.000000 0.000002 -24.773552 -6.746686 9.998618 0.329016 1.371485 19.988028 20.887449 7.849386 -12.517399 -1.448518 0.994841 -4.416786 0.000000 0.000000 -0.000001 
18.707808 92.851288 12.167985 3.317390 -17.342850 -3.867440 0.717232 1.323364 0.259920 -0.194305 3.493089 -5.054484 -0.918378 2.417832 14.625355 -10.093266 11.253551 23.188349 0.800546 4.742836 -3.824186 -2.913448 5.124236 -15.621905 0.000077 -0.000023 0.000005 -0.021081 0.057538 0.073927 0.635799 -3.647784 -10.565427 -0.682931 3.744780 -10.571328 -2.886764 -1.029760 10.311144 -35.926220 -28.094334 -27.841385 178.838379 -51.569912 -179.274017 14.975134 -3.764186 -5.417263 -5.882100 9.861280 0.702589 -10.936859 -0.360574 7.156198 -0.000001 8.774816 -0.000001 -16.606800 17.971064 5.956993 -1.844031 2.498503 -2.507277 -10.163589 4.678938 4.621104 -20.975996 -0.000003 0.000002 -21.226255 2.451692 -3.593995 -0.000000 -0.000006 0.000001 -1.362680 2.240797 -0.746323 -21.334887 0.584910 3.008320 -13.821197 -0.000002 0.000002 -23.887133 -0.249078 -0.839481 -60.656914 2.503434 -1.122059 -0.294024 1.679686 0.833255 -14.218194 0.093214 1.300578 -34.212006 -0.287565 0.967170 -20.033180 0.964535 1.212842 0.000000 0.000000 0.000000 -3.440385 0.788235 0.501655 -15.928171 -3.167307 2.999705 -6.338817 -0.000002 0.000001 -18.123411 3.648176 -4.905662 -0.000005 -0.000000 -0.000003 6.710231 18.917925 13.407722 37.417084 58.151962 -4.816175 178.147430 66.362373 179.169662 -13.758302 4.463671 -22.100094 2.243539 -5.255033 -3.180154 14.282875 -0.826592 6.952499 -0.000001 -12.690591 -0.000002 16.341938 -18.113764 3.106167 1.665666 -1.955921 -2.878296 4.727796 -4.170583 4.993919 11.020512 0.000003 0.000000 12.109035 -3.735713 -2.866779 0.000000 -0.000001 0.000001 1.291984 -1.928548 -1.498087 14.800114 0.567468 3.865603 14.242554 -1.341738 -6.660648 19.631937 0.143923 -0.648242 49.810856 -0.962651 -5.897698 0.353029 -1.511148 -0.031941 20.222771 3.684305 2.316631 18.787247 0.000003 0.000000 10.751611 -0.479866 1.397905 -0.000000 0.000000 -0.000000 3.273805 0.305946 -0.580109 21.486790 11.830360 2.266132 8.162916 0.000002 0.000000 18.399055 -3.798983 -4.940567 0.000003 0.000001 -0.000002 9.099095 19.247717 -25.251881 -0.374192 -0.491271 32.739780 -12.566940 -7.814497 0.631338 1.624480 -1.906013 -0.669792 0.000000 -0.000000 0.000002 -24.685860 -6.723802 10.171771 0.310222 1.368159 19.813969 20.956257 7.534064 -12.695209 -1.447025 0.978215 -4.363263 0.000000 0.000000 -0.000001 
18.610826 92.782120 12.173864 3.379882 -17.053825 -3.898840 0.702679 1.355163 0.198784 -0.225170 3.476966 -5.092989 -1.026817 2.477494 14.633171 -10.036336 11.222791 23.163342 0.799040 4.807955 -3.826417 -2.839329 5.146333 -15.527159 0.000077 -0.000023 0.000006 -0.017021 0.051732 0.074629 0.637231 -3.654157 -10.586203 -0.675675 3.738639 -10.581880 -2.965164 -1.116230 10.304361 -35.420391 -28.339947 -27.699055 178.615173 -51.793831 -179.059601 15.013685 -3.799116 -5.247044 -5.882102 9.861276 0.702590 -10.936860 -0.360575 7.156197 -0.000002 8.774811 -0.000001 -16.588394 17.946985 6.005019 -1.844032 2.498502 -2.507276 -10.163589 4.678939 4.621103 -20.975994 -0.000004 0.000001 -21.226255 2.451692 -3.593992 0.000000 -0.000005 -0.000000 -1.362682 2.240795 -0.746323 -21.334887 0.584906 3.008319 -13.821194 -0.000003 0.000001 -23.887133 -0.249080 -0.839483 -60.701519 2.502575 -1.110283 -0.294024 1.679686 0.833255 -14.218194 0.093214 1.300578 -34.212006 -0.287563 0.967169 -20.033178 0.964534 1.212842 0.000000 0.000001 0.000000 -3.440386 0.788232 0.501655 -15.928171 -3.167305 2.999703 -6.338818 -0.000002 0.000001 -18.123413 3.648176 -4.905661 -0.000005 -0.000000 -0.000002 6.589059 18.901001 13.213295 37.490936 58.208488 -4.866488 178.354675 66.422508 179.457626 -13.808791 4.514657 -21.780304 2.243540 -5.255032 -3.180155 14.282875 -0.826595 6.952495 -0.000002 -12.690591 0.000000 16.240677 -18.074278 3.142787 1.665664 -1.955920 -2.878298 4.727792 -4.170582 4.993918 11.020511 0.000003 -0.000001 12.109033 -3.735709 -2.866782 0.000000 -0.000000 -0.000000 1.291984 -1.928548 -1.498088 14.800114 0.567466 3.865604 14.242554 -1.341736 -6.660648 19.631937 0.143926 -0.648243 49.702763 -0.929112 -5.841517 0.353028 -1.511150 -0.031941 20.222771 3.684305 2.316628 18.787245 0.000002 -0.000000 10.751610 -0.479870 1.397903 0.000000 0.000000 0.000000 3.273803 0.305947 -0.580110 21.486790 11.830360 2.266131 8.162917 0.000002 0.000001 18.399054 -3.798980 -4.940567 0.000004 0.000000 -0.000001 9.046052 19.092516 -25.363607 -0.380484 -0.490517 32.859470 -12.633479 -7.966744 0.607935 1.623247 -1.907248 -0.688790 -0.000000 0.000000 0.000002 -24.628735 -6.704820 10.323434 0.284547 1.332017 19.880682 20.989162 7.293784 -13.147305 -1.445507 0.987969 -4.162170 -0.000000 -0.000001 -0.000001 
18.524837 92.664230 12.149246 3.458303 -16.742188 -3.972652 0.704185 1.377294 0.133941 -0.252086 3.479845 -5.133298 -1.145823 2.513106 14.687356 -9.990885 11.214771 23.153559 0.790479 4.889656 -3.836208 -2.790928 5.170676 -15.494120 0.000077 -0.000023 0.000006 -0.021361 0.065075 0.070524 0.630238 -3.645353 -10.602577 -0.677669 3.760276 -10.592735 -3.074543 -1.170984 10.301189 -34.999603 -28.619801 -27.699949 178.418213 -51.913948 -178.838394 14.975619 -3.815664 -5.090513 -5.882102 9.861279 0.702590 -10.936858 -0.360576 7.156196 -0.000002 8.774815 -0.000002 -16.583952 17.940212 6.047235 -1.844032 2.498504 -2.507275 -10.163589 4.678939 4.621105 -20.975996 -0.000004 0.000002 -21.226254 2.451691 -3.593992 -0.000000 -0.000006 -0.000001 -1.362680 2.240794 -0.746323 -21.334892 0.584908 3.008321 -13.821197 -0.000001 0.000002 -23.887131 -0.249077 -0.839481 -60.798515 2.485033 -1.079290 -0.294024 1.679686 0.833255 -14.218194 0.093214 1.300579 -34.211998 -0.287568 0.967171 -20.033180 0.964536 1.212842 -0.000000 -0.000001 0.000000 -3.440387 0.788233 0.501655 -15.928165 -3.167306 2.999704 -6.338819 -0.000003 0.000001 -18.123411 3.648175 -4.905662 -0.000006 -0.000001 -0.000002 6.465057 18.906729 13.003624 37.622574 58.214104 -4.878127 178.484436 66.468002 179.589371 -13.835828 4.538511 -21.404755 2.243540 -5.255033 -3.180155 14.282878 -0.826593 6.952497 -0.000003 -12.690590 -0.000001 16.067217 -17.976860 3.151026 1.665665 -1.955922 -2.878297 4.727795 -4.170582 4.993918 11.020509 0.000003 -0.000001 12.109029 -3.735708 -2.866781 -0.000001 -0.000000 0.000000 1.291985 -1.928548 -1.498088 14.800114 0.567468 3.865604 14.242553 -1.341735 -6.660650 19.631937 0.143925 -0.648243 49.591564 -0.920814 -5.811942 0.353028 -1.511149 -0.031941 20.222765 3.684304 2.316629 18.787245 0.000003 -0.000000 10.751611 -0.479869 1.397904 -0.000000 0.000000 0.000000 3.273804 0.305947 -0.580109 21.486792 11.830361 2.266131 8.162917 0.000002 0.000001 18.399052 -3.798979 -4.940570 0.000004 0.000001 -0.000001 8.970330 19.005501 -25.523046 -0.382089 -0.480791 33.088753 -12.686408 -8.208755 0.523094 1.623171 -1.902680 -0.651772 0.000000 -0.000000 0.000002 -24.619143 -6.715836 10.398531 0.270592 1.285049 20.177816 20.984842 7.191700 -13.763645 -1.445633 0.997113 -3.955927 0.000000 -0.000001 -0.000001 
18.428934 92.569313 12.101924 3.519232 -16.409058 -4.017276 0.713901 1.375278 0.067812 -0.271445 3.486054 -5.180531 -1.254296 2.523859 14.727324 -9.966946 11.179120 23.080435 0.780605 4.986783 -3.808714 -2.772353 5.210003 -15.482903 0.000077 -0.000023 0.000006 -0.028754 0.091651 0.073183 0.623743 -3.623920 -10.606504 -0.684967 3.786362 -10.592482 -3.158737 -1.165900 10.249794 -34.799305 -28.936245 -27.711658 178.363785 -51.902500 -178.753876 14.920587 -3.826888 -4.943322 -5.882099 9.861276 0.702590 -10.936863 -0.360574 7.156198 0.000000 8.774813 -0.000001 -16.617687 17.959709 6.049764 -1.844031 2.498502 -2.507276 -10.163589 4.678939 4.621105 -20.975998 -0.000003 0.000003 -21.226254 2.451694 -3.593992 -0.000000 -0.000006 0.000001 -1.362681 2.240795 -0.746322 -21.334890 0.584909 3.008320 -13.821198 -0.000003 0.000002 -23.887133 -0.249079 -0.839480 -60.848717 2.475903 -1.082900 -0.294025 1.679686 0.833255 -14.218194 0.093214 1.300580 -34.212006 -0.287564 0.967171 -20.033180 0.964535 1.212842 0.000000 -0.000001 0.000000 -3.440387 0.788232 0.501656 -15.928167 -3.167306 2.999703 -6.338817 -0.000002 0.000001 -18.123415 3.648176 -4.905661 -0.000005 -0.000000 -0.000001 6.320062 18.940849 12.869186 37.826866 58.178715 -4.834120 178.627121 66.481384 179.684708 -13.848805 4.541226 -21.129990 2.243538 -5.255033 -3.180153 14.282878 -0.826592 6.952495 -0.000004 -12.690593 0.000000 15.940612 -17.889591 3.146068 1.665664 -1.955920 -2.878295 4.727794 -4.170584 4.993917 11.020512 0.000005 0.000000 12.109030 -3.735708 -2.866781 0.000000 -0.000000 0.000002 1.291985 -1.928547 -1.498088 14.800109 0.567469 3.865602 14.242553 -1.341734 -6.660649 19.631939 0.143929 -0.648243 49.601444 -0.884005 -5.762186 0.353028 -1.511150 -0.031940 20.222773 3.684308 2.316627 18.787247 0.000006 0.000001 10.751612 -0.479867 1.397905 -0.000000 0.000001 0.000001 3.273804 0.305947 -0.580111 21.486792 11.830369 2.266130 8.162918 0.000002 0.000002 18.399054 -3.798980 -4.940566 0.000004 0.000002 0.000000 8.901554 18.905655 -25.666479 -0.383901 -0.473423 33.193924 -12.725166 -8.407572 0.501945 1.620786 -1.889293 -0.600250 -0.000000 0.000000 0.000002 -24.591854 -6.786164 10.445036 0.264505 1.239849 20.484821 20.943846 7.057692 -14.302935 -1.443757 0.992532 -3.792390 -0.000000 0.000001 -0.000001 
18.284061 92.515396 12.005498 3.536574 -16.102539 -3.999467 0.725663 1.370292 0.012673 -0.274024 3.527855 -5.197386 -1.327501 2.508536 14.682880 -9.957023 11.139360 22.950205 0.775531 5.014694 -3.789748 -2.764127 5.274738 -15.500398 0.000077 -0.000023 0.000006 -0.037152 0.108061 0.070588 0.615119 -3.609134 -10.592463 -0.695177 3.816922 -10.579898 -3.209863 -1.141186 10.130124 -34.882755 -29.151651 -27.650045 178.523865 -51.772373 -178.846207 14.908000 -3.793875 -4.803220 -5.882098 9.861278 0.702590 -10.936856 -0.360575 7.156197 -0.000002 8.774813 0.000001 -16.675579 18.023893 6.034563 -1.844031 2.498502 -2.507276 -10.163589 4.678941 4.621104 -20.975992 -0.000004 0.000002 -21.226248 2.451692 -3.593994 0.000000 -0.000006 -0.000001 -1.362679 2.240797 -0.746323 -21.334885 0.584907 3.008320 -13.821194 -0.000004 0.000002 -23.887125 -0.249079 -0.839480 -60.826149 2.496473 -1.102666 -0.294024 1.679687 0.833255 -14.218189 0.093213 1.300579 -34.211998 -0.287565 0.967171 -20.033175 0.964534 1.212842 -0.000000 0.000001 -0.000000 -3.440384 0.788233 0.501655 -15.928165 -3.167308 2.999703 -6.338817 -0.000002 0.000001 -18.123411 3.648178 -4.905663 -0.000004 0.000001 -0.000001 6.189096 18.972982 12.749221 38.134151 58.080212 -4.578264 178.899673 66.425156 179.906433 -13.859147 4.523773 -20.872759 2.243540 -5.255030 -3.180155 14.282875 -0.826593 6.952493 -0.000004 -12.690590 -0.000001 15.885963 -17.839447 3.111571 1.665665 -1.955920 -2.878296 4.727795 -4.170585 4.993918 11.020511 0.000003 -0.000002 12.109032 -3.735708 -2.866780 -0.000001 -0.000000 0.000003 1.291984 -1.928547 -1.498088 14.800113 0.567467 3.865602 14.242553 -1.341733 -6.660651 19.631937 0.143928 -0.648245 49.672592 -0.865955 -5.758181 0.353028 -1.511150 -0.031939 20.222769 3.684308 2.316626 18.787243 0.000005 0.000000 10.751610 -0.479867 1.397904 -0.000001 0.000001 -0.000000 3.273804 0.305947 -0.580109 21.486788 11.830364 2.266128 8.162915 0.000002 -0.000001 18.399050 -3.798977 -4.940567 0.000004 0.000002 0.000000 8.895404 18.796083 -25.753141 -0.385373 -0.476838 33.045769 -12.797685 -8.534730 0.588049 1.621813 -1.872140 -0.558830 -0.000000 0.000000 0.000002 -24.479467 -6.927137 10.382923 0.260812 1.220799 20.843126 20.835587 6.950928 -14.765309 -1.446359 1.017552 -3.703986 0.000000 0.000000 -0.000001 
18.111658 92.519882 11.908745 3.492591 -15.829001 -3.891150 0.753051 1.379147 -0.055389 -0.267657 3.536664 -5.220729 -1.349480 2.495762 14.601222 -9.967637 11.080286 22.789938 0.771204 5.036479 -3.767509 -2.759752 5.335943 -15.550419 0.000077 -0.000023 0.000006 -0.039660 0.124932 0.072829 0.616486 -3.589347 -10.579034 -0.700918 3.828070 -10.563260 -3.231105 -1.152589 10.004035 -35.054535 -29.227942 -27.514368 178.670517 -51.590118 -178.962494 14.890319 -3.669110 -4.552594 -5.882100 9.861278 0.702591 -10.936857 -0.360576 7.156198 -0.000001 8.774812 -0.000001 -16.715611 18.054956 5.982210 -1.844032 2.498501 -2.507275 -10.163590 4.678940 4.621104 -20.975996 -0.000003 0.000003 -21.226250 2.451693 -3.593993 0.000000 -0.000006 -0.000000 -1.362680 2.240796 -0.746323 -21.334894 0.584909 3.008322 -13.821197 -0.000001 0.000003 -23.887133 -0.249078 -0.839480 -60.810173 2.496277 -1.109050 -0.294025 1.679687 0.833254 -14.218192 0.093214 1.300581 -34.212006 -0.287562 0.967173 -20.033178 0.964536 1.212843 0.000000 0.000000 0.000000 -3.440388 0.788232 0.501655 -15.928165 -3.167306 2.999704 -6.338817 -0.000002 0.000001 -18.123415 3.648176 -4.905660 -0.000005 0.000002 -0.000001 6.096959 19.031706 12.690753 38.258709 57.957985 -4.441451 179.049957 66.346657 179.948944 -13.891154 4.532299 -20.577034 2.243540 -5.255030 -3.180157 14.282877 -0.826596 6.952497 -0.000004 -12.690591 -0.000000 15.885795 -17.845436 3.093681 1.665662 -1.955920 -2.878297 4.727794 -4.170586 4.993921 11.020511 0.000003 0.000000 12.109030 -3.735711 -2.866779 -0.000001 -0.000000 0.000001 1.291984 -1.928547 -1.498090 14.800113 0.567466 3.865606 14.242551 -1.341735 -6.660648 19.631937 0.143926 -0.648241 49.760918 -0.890255 -5.776315 0.353029 -1.511150 -0.031939 20.222771 3.684304 2.316628 18.787245 0.000002 0.000001 10.751609 -0.479867 1.397904 -0.000000 0.000000 0.000000 3.273804 0.305947 -0.580110 21.486790 11.830365 2.266132 8.162916 0.000001 0.000000 18.399052 -3.798982 -4.940566 0.000004 0.000000 0.000000 8.953808 18.674461 -25.800924 -0.390403 -0.486392 32.691113 -12.884109 -8.564728 0.769714 1.620545 -1.858688 -0.528473 0.000000 0.000000 0.000002 -24.272253 -7.092751 10.276642 0.253252 1.188662 21.110048 20.730303 6.856395 -15.009412 -1.449355 1.036847 -3.694370 0.000000 -0.000001 -0.000001 
17.895144 92.598045 11.803402 3.404708 -15.575388 -3.697977 0.769218 1.376112 -0.141627 -0.257674 3.572480 -5.219862 -1.324249 2.447431 14.441363 -9.962162 11.013742 22.523533 0.792907 5.013888 -3.752904 -2.761975 5.453077 -15.578549 0.000077 -0.000022 0.000006 -0.043374 0.121680 0.076929 0.618117 -3.586746 -10.566769 -0.706622 3.824451 -10.550641 -3.224734 -1.159514 9.874238 -35.274044 -29.204269 -27.234962 178.765121 -51.427860 -179.050903 14.905516 -3.533080 -4.236750 -5.882100 9.861278 0.702590 -10.936861 -0.360575 7.156198 -0.000001 8.774812 -0.000001 -16.736019 18.050930 5.954436 -1.844031 2.498502 -2.507277 -10.163589 4.678940 4.621104 -20.975998 -0.000003 0.000002 -21.226254 2.451692 -3.593993 -0.000000 -0.000007 -0.000002 -1.362681 2.240797 -0.746322 -21.334894 0.584907 3.008320 -13.821197 -0.000002 0.000003 -23.887136 -0.249079 -0.839481 -60.791904 2.496087 -1.117802 -0.294025 1.679688 0.833256 -14.218192 0.093214 1.300579 -34.212006 -0.287563 0.967170 -20.033178 0.964535 1.212842 0.000000 -0.000000 0.000000 -3.440385 0.788232 0.501655 -15.928169 -3.167305 2.999704 -6.338819 -0.000002 0.000000 -18.123415 3.648176 -4.905660 -0.000004 0.000001 -0.000001 6.029905 19.058010 12.614370 38.494698 57.803452 -4.175786 179.008942 66.207176 179.874237 -13.888142 4.515912 -20.396290 2.243540 -5.255033 -3.180156 14.282875 -0.826593 6.952495 -0.000002 -12.690593 -0.000001 15.952127 -17.869593 3.034104 1.665665 -1.955920 -2.878297 4.727793 -4.170583 4.993920 11.020509 0.000003 -0.000001 12.109035 -3.735712 -2.866781 0.000001 -0.000000 0.000001 1.291985 -1.928546 -1.498087 14.800111 0.567469 3.865602 14.242553 -1.341734 -6.660648 19.631937 0.143928 -0.648243 49.836868 -0.903290 -5.824887 0.353029 -1.511150 -0.031939 20.222769 3.684306 2.316627 18.787245 0.000005 -0.000000 10.751609 -0.479865 1.397902 -0.000000 -0.000002 0.000000 3.273804 0.305947 -0.580110 21.486792 11.830366 2.266128 8.162915 0.000003 0.000000 18.399054 -3.798980 -4.940568 0.000004 0.000002 0.000000 9.069801 18.487116 -25.784231 -0.391492 -0.504302 32.070690 -13.037392 -8.497288 1.125464 1.625191 -1.848115 -0.537178 0.000000 -0.000000 0.000002 -23.976389 -7.346335 10.233714 0.233405 1.186607 21.058788 20.630386 6.725664 -15.075529 -1.449985 1.038142 -3.761662 0.000000 0.000000 -0.000001 
17.644682 92.735077 11.703189 3.284935 -15.336192 -3.452158 0.782111 1.359474 -0.237053 -0.253734 3.599473 -5.218528 -1.277050 2.400425 14.258638 -9.937089 10.948641 22.200598 0.829674 4.986330 -3.736375 -2.741208 5.563117 -15.582024 0.000077 -0.000022 0.000006 -0.035059 0.108519 0.073219 0.631150 -3.604211 -10.559841 -0.705010 3.805767 -10.540143 -3.168828 -1.147771 9.735559 -35.421986 -29.128767 -26.944984 178.833282 -51.328350 -179.139847 14.983479 -3.393893 -3.947091 -5.882102 9.861279 0.702589 -10.936862 -0.360574 7.156197 -0.000003 8.774814 -0.000001 -16.747644 18.036167 5.939719 -1.844032 2.498503 -2.507276 -10.163590 4.678941 4.621103 -20.975992 -0.000002 0.000002 -21.226254 2.451693 -3.593995 0.000000 -0.000006 -0.000001 -1.362680 2.240796 -0.746323 -21.334894 0.584907 3.008320 -13.821197 -0.000001 0.000003 -23.887135 -0.249076 -0.839483 -60.781597 2.508183 -1.115061 -0.294026 1.679686 0.833255 -14.218195 0.093215 1.300579 -34.212006 -0.287563 0.967167 -20.033178 0.964534 1.212840 0.000000 0.000000 -0.000000 -3.440386 0.788232 0.501655 -15.928167 -3.167305 2.999702 -6.338819 -0.000002 0.000001 -18.123415 3.648176 -4.905662 -0.000004 0.000002 -0.000001 5.974485 19.097883 12.544470 38.665825 57.639709 -4.015291 178.810822 66.029030 179.668274 -13.893604 4.487973 -20.238226 2.243540 -5.255033 -3.180157 14.282877 -0.826592 6.952495 -0.000002 -12.690591 -0.000001 16.082006 -17.947042 2.961230 1.665664 -1.955920 -2.878296 4.727793 -4.170584 4.993917 11.020512 0.000003 0.000000 12.109033 -3.735710 -2.866781 -0.000000 -0.000000 0.000001 1.291983 -1.928548 -1.498087 14.800114 0.567468 3.865606 14.242551 -1.341736 -6.660649 19.631937 0.143923 -0.648242 49.856918 -0.938126 -5.902401 0.353029 -1.511150 -0.031941 20.222767 3.684306 2.316630 18.787243 0.000003 0.000001 10.751611 -0.479868 1.397904 -0.000000 -0.000001 0.000000 3.273803 0.305946 -0.580111 21.486790 11.830360 2.266130 8.162916 0.000003 0.000001 18.399050 -3.798979 -4.940567 0.000003 0.000002 0.000001 9.237627 18.269407 -25.694548 -0.398312 -0.522318 31.244488 -13.247659 -8.377744 1.627405 1.628786 -1.861423 -0.546014 0.000000 -0.000000 0.000002 -23.617992 -7.632801 10.239557 0.217477 1.197037 20.804062 20.522604 6.557345 -14.962214 -1.450452 1.033889 -3.882290 0.000000 0.000000 -0.000001 
17.371626 92.890259 11.610098 3.174220 -15.098482 -3.202521 0.779462 1.346661 -0.325426 -0.255760 3.602801 -5.217569 -1.232322 2.380971 14.072078 -9.876977 10.848653 21.882759 0.841728 4.975750 -3.738554 -2.678161 5.649674 -15.566832 0.000077 -0.000022 0.000006 -0.028921 0.085274 0.076168 0.638007 -3.621893 -10.554889 -0.704130 3.782918 -10.531156 -3.098224 -1.131701 9.623876 -35.464447 -29.074263 -26.675085 178.808029 -51.272999 -179.138123 15.103031 -3.260257 -3.744689 -5.882101 9.861278 0.702590 -10.936857 -0.360574 7.156195 -0.000001 8.774813 0.000001 -16.762047 17.983009 5.932407 -1.844032 2.498501 -2.507275 -10.163588 4.678938 4.621102 -20.976000 -0.000003 0.000001 -21.226254 2.451691 -3.593994 -0.000000 -0.000005 -0.000001 -1.362681 2.240797 -0.746323 -21.334894 0.584908 3.008319 -13.821197 -0.000002 0.000001 -23.887129 -0.249082 -0.839483 -60.808815 2.518802 -1.103764 -0.294025 1.679687 0.833256 -14.218194 0.093213 1.300578 -34.212006 -0.287565 0.967167 -20.033176 0.964533 1.212841 0.000000 0.000000 0.000001 -3.440386 0.788231 0.501654 -15.928169 -3.167307 2.999703 -6.338817 -0.000003 0.000001 -18.123413 3.648174 -4.905662 -0.000004 0.000001 -0.000002 5.949756 19.117842 12.478472 38.804996 57.494499 -3.826930 178.791702 65.837448 179.633575 -13.866183 4.440519 -20.122936 2.243539 -5.255033 -3.180156 14.282878 -0.826592 6.952497 -0.000002 -12.690590 -0.000002 16.193373 -18.012283 2.940177 1.665665 -1.955920 -2.878296 4.727794 -4.170582 4.993918 11.020511 0.000004 -0.000001 12.109034 -3.735708 -2.866781 -0.000000 -0.000000 0.000001 1.291983 -1.928547 -1.498089 14.800111 0.567468 3.865605 14.242553 -1.341736 -6.660649 19.631939 0.143925 -0.648242 49.842644 -0.940833 -5.911407 0.353028 -1.511150 -0.031941 20.222773 3.684305 2.316629 18.787247 0.000004 0.000002 10.751611 -0.479867 1.397904 -0.000001 -0.000002 0.000000 3.273805 0.305946 -0.580111 21.486795 11.830361 2.266131 8.162916 0.000003 0.000001 18.399052 -3.798980 -4.940568 0.000003 0.000001 0.000000 9.405773 18.051371 -25.574446 -0.395054 -0.548758 30.358932 -13.469817 -8.308603 2.212652 1.632604 -1.879490 -0.580768 0.000000 -0.000000 0.000002 -23.268171 -7.949265 10.293091 0.215665 1.218498 20.445789 20.384893 6.370696 -14.806993 -1.447326 1.010383 -3.995082 0.000000 0.000000 -0.000001 
17.197752 93.007156 11.459261 3.087312 -14.862300 -2.988159 0.776233 1.343225 -0.398956 -0.264113 3.590304 -5.221400 -1.207514 2.390816 13.909333 -9.806286 10.746484 21.588226 0.862372 4.966134 -3.760405 -2.598909 5.712709 -15.502119 0.000077 -0.000023 0.000006 -0.023569 0.061507 0.070729 0.645613 -3.652167 -10.556898 -0.697560 3.758367 -10.532732 -3.053775 -1.117489 9.534289 -35.392200 -29.048363 -26.424034 178.712173 -51.283981 -179.063080 15.249579 -3.186034 -3.722996 -5.882099 9.861277 0.702590 -10.936859 -0.360575 7.156198 -0.000001 8.774812 -0.000001 -16.758352 17.971369 5.931656 -1.844032 2.498503 -2.507276 -10.163592 4.678938 4.621105 -20.975994 -0.000003 0.000003 -21.226255 2.451692 -3.593992 0.000000 -0.000006 -0.000000 -1.362681 2.240795 -0.746323 -21.334892 0.584908 3.008320 -13.821197 -0.000001 0.000002 -23.887129 -0.249077 -0.839481 -60.801201 2.509113 -1.094826 -0.294025 1.679686 0.833255 -14.218194 0.093215 1.300578 -34.211998 -0.287562 0.967168 -20.033176 0.964536 1.212842 -0.000000 -0.000000 -0.000000 -3.440386 0.788232 0.501655 -15.928167 -3.167306 2.999704 -6.338818 0.000001 0.000001 -18.123415 3.648176 -4.905661 -0.000004 0.000001 -0.000001 5.935332 19.119026 12.369873 38.972988 57.398285 -3.568312 179.019531 65.751564 179.815063 -13.805532 4.420863 -20.085752 2.243540 -5.255032 -3.180155 14.282875 -0.826593 6.952499 -0.000002 -12.690585 -0.000001 16.266228 -18.019039 2.911821 1.665664 -1.955920 -2.878297 4.727794 -4.170583 4.993917 11.020510 0.000001 -0.000002 12.109035 -3.735710 -2.866779 -0.000000 -0.000001 0.000001 1.291985 -1.928548 -1.498089 14.800114 0.567466 3.865602 14.242554 -1.341735 -6.660648 19.631939 0.143925 -0.648244 49.787296 -0.924997 -5.905656 0.353028 -1.511149 -0.031940 20.222769 3.684302 2.316627 18.787245 0.000002 -0.000001 10.751611 -0.479868 1.397904 -0.000000 0.000001 0.000001 3.273805 0.305946 -0.580109 21.486790 11.830360 2.266130 8.162916 0.000003 0.000000 18.399057 -3.798977 -4.940567 0.000004 0.000000 0.000000 9.494277 17.879150 -25.577070 -0.407300 -0.564830 29.656864 -13.596052 -8.291702 2.781444 1.633647 -1.883987 -0.603373 0.000000 -0.000000 0.000002 -22.974915 -8.261031 10.195363 0.211213 1.249508 20.280975 20.280033 6.226552 -14.807598 -1.446982 1.012892 -4.038130 -0.000000 -0.000000 -0.000001 
16.986244 93.101326 11.367328 3.019463 -14.650595 -2.832732 0.778722 1.345545 -0.452674 -0.277426 3.582038 -5.248092 -1.203547 2.390815 13.802918 -9.716700 10.634231 21.351480 0.870916 5.005729 -3.759196 -2.547057 5.741827 -15.414514 0.000077 -0.000023 0.000006 -0.019214 0.034497 0.067114 0.651583 -3.676651 -10.568645 -0.694917 3.730328 -10.542065 -3.039166 -1.116290 9.467463 -35.267879 -29.033009 -26.223623 178.526749 -51.306866 -178.898529 15.317134 -3.080284 -3.759839 -5.882100 9.861278 0.702590 -10.936858 -0.360573 7.156198 -0.000000 8.774812 -0.000001 -16.702505 17.948696 5.969470 -1.844030 2.498502 -2.507276 -10.163590 4.678940 4.621104 -20.975994 -0.000003 0.000002 -21.226254 2.451692 -3.593994 -0.000000 -0.000006 -0.000001 -1.362681 2.240795 -0.746323 -21.334887 0.584908 3.008321 -13.821194 -0.000003 0.000003 -23.887129 -0.249079 -0.839480 -60.759945 2.494845 -1.077961 -0.294026 1.679687 0.833256 -14.218194 0.093215 1.300579 -34.212006 -0.287564 0.967171 -20.033176 0.964535 1.212842 0.000000 0.000000 0.000000 -3.440386 0.788232 0.501654 -15.928167 -3.167306 2.999705 -6.338819 -0.000002 0.000001 -18.123413 3.648175 -4.905661 -0.000004 0.000001 -0.000001 5.935376 19.135820 12.251587 39.050861 57.331299 -3.432204 179.190857 65.687927 179.921066 -13.804030 4.395086 -20.069849 2.243541 -5.255032 -3.180155 14.282878 -0.826596 6.952500 0.000001 -12.690588 0.000001 16.317200 -18.025999 2.896142 1.665665 -1.955919 -2.878296 4.727794 -4.170583 4.993918 11.020513 0.000001 -0.000002 12.109031 -3.735710 -2.866782 -0.000000 -0.000000 0.000001 1.291984 -1.928547 -1.498087 14.800111 0.567466 3.865604 14.242554 -1.341737 -6.660647 19.631939 0.143922 -0.648246 49.755077 -0.915180 -5.913806 0.353029 -1.511149 -0.031939 20.222769 3.684302 2.316627 18.787247 0.000001 -0.000002 10.751611 -0.479868 1.397904 -0.000000 0.000000 0.000000 3.273804 0.305946 -0.580110 21.486788 11.830358 2.266131 8.162916 0.000000 0.000000 18.399054 -3.798983 -4.940569 0.000004 0.000001 -0.000001 9.603621 17.748661 -25.517443 -0.400427 -0.591465 29.052492 -13.741532 -8.346852 3.263149 1.633341 -1.893677 -0.633320 0.000000 -0.000000 0.000002 -22.755337 -8.536362 10.234423 0.198906 1.264213 20.135311 20.222635 6.184680 -14.683279 -1.444275 0.997988 -4.032723 -0.000000 0.000001 -0.000001 
16.819931 93.137756 11.322783 2.975220 -14.466729 -2.731492 0.789495 1.357849 -0.507630 -0.292237 3.581614 -5.260946 -1.213770 2.388496 13.724178 -9.627853 10.535270 21.155804 0.861750 5.059741 -3.740327 -2.507968 5.757655 -15.322796 0.000077 -0.000023 0.000006 -0.017154 0.024701 0.070035 0.656769 -3.685267 -10.578545 -0.696323 3.724774 -10.548619 -3.061418 -1.123022 9.415281 -35.142475 -29.013512 -25.999327 178.302658 -51.328003 -178.726257 15.325832 -2.953762 -3.880064 -5.882101 9.861279 0.702590 -10.936858 -0.360574 7.156197 -0.000002 8.774813 -0.000001 -16.642641 17.951485 5.998581 -1.844032 2.498502 -2.507275 -10.163588 4.678940 4.621102 -20.975992 -0.000003 0.000001 -21.226254 2.451692 -3.593993 0.000000 -0.000008 -0.000000 -1.362681 2.240796 -0.746322 -21.334888 0.584908 3.008320 -13.821194 -0.000002 0.000002 -23.887129 -0.249079 -0.839482 -60.689842 2.468542 -1.073503 -0.294025 1.679688 0.833256 -14.218194 0.093215 1.300579 -34.212006 -0.287564 0.967168 -20.033182 0.964535 1.212841 0.000000 0.000000 0.000000 -3.440386 0.788232 0.501656 -15.928169 -3.167307 2.999703 -6.338814 -0.000002 0.000000 -18.123411 3.648177 -4.905663 -0.000004 0.000001 -0.000001 5.941154 19.135193 12.150149 39.120399 57.310982 -3.297951 179.485260 65.683655 -179.811157 -13.773444 4.385733 -20.026814 2.243539 -5.255032 -3.180153 14.282878 -0.826592 6.952493 -0.000006 -12.690591 -0.000000 16.335394 -17.992384 2.882602 1.665666 -1.955919 -2.878296 4.727794 -4.170582 4.993917 11.020510 0.000005 -0.000002 12.109034 -3.735709 -2.866781 -0.000000 -0.000000 0.000001 1.291985 -1.928548 -1.498089 14.800111 0.567468 3.865604 14.242553 -1.341735 -6.660648 19.631937 0.143929 -0.648245 49.726780 -0.897017 -5.890148 0.353028 -1.511149 -0.031939 20.222767 3.684306 2.316627 18.787243 0.000007 -0.000001 10.751610 -0.479867 1.397904 -0.000000 -0.000002 0.000000 3.273804 0.305947 -0.580111 21.486794 11.830364 2.266133 8.162918 0.000003 0.000000 18.399050 -3.798978 -4.940566 0.000003 0.000000 0.000000 9.684067 17.682510 -25.509142 -0.396387 -0.598331 28.716364 -13.853802 -8.483953 3.535617 1.634454 -1.896983 -0.681606 -0.000000 0.000000 0.000002 -22.578951 -8.756747 10.331919 0.189695 1.279901 19.959827 20.177168 6.107173 -14.788492 -1.443222 1.000871 -3.923578 0.000000 -0.000001 -0.000001 
16.641893 93.128983 11.331514 2.938855 -14.247849 -2.692456 0.810300 1.348947 -0.552110 -0.300578 3.583086 -5.282609 -1.239686 2.390823 13.699605 -9.528002 10.465354 21.052738 0.850454 5.086423 -3.745774 -2.497252 5.769531 -15.264847 0.000077 -0.000023 0.000006 -0.017357 0.017931 0.074734 0.655866 -3.699062 -10.584332 -0.694709 3.718555 -10.552666 -3.115633 -1.115987 9.391929 -35.050320 -29.056559 -25.797716 178.193787 -51.383354 -178.642700 15.296235 -2.804439 -3.998901 -5.882103 9.861280 0.702590 -10.936858 -0.360575 7.156197 -0.000001 8.774815 -0.000001 -16.607019 17.955568 6.017015 -1.844033 2.498504 -2.507275 -10.163589 4.678941 4.621103 -20.975998 -0.000004 0.000002 -21.226255 2.451694 -3.593995 0.000000 -0.000007 -0.000001 -1.362680 2.240797 -0.746323 -21.334896 0.584908 3.008319 -13.821198 -0.000002 0.000002 -23.887135 -0.249080 -0.839482 -60.633148 2.467316 -1.074146 -0.294023 1.679686 0.833256 -14.218195 0.093213 1.300578 -34.212002 -0.287565 0.967168 -20.033186 0.964535 1.212842 0.000000 0.000001 0.000000 -3.440385 0.788233 0.501654 -15.928167 -3.167308 2.999703 -6.338817 -0.000003 0.000001 -18.123413 3.648174 -4.905662 -0.000004 0.000001 -0.000001 5.957288 19.132893 12.073221 39.098522 57.261230 -3.263788 179.585403 65.681343 -179.774460 -13.775822 4.367078 -19.955606 2.243540 -5.255032 -3.180157 14.282873 -0.826591 6.952497 -0.000004 -12.690590 -0.000001 16.298023 -17.974640 2.862020 1.665667 -1.955920 -2.878296 4.727792 -4.170581 4.993919 11.020511 0.000005 -0.000001 12.109034 -3.735711 -2.866780 -0.000000 -0.000000 0.000003 1.291985 -1.928548 -1.498089 14.800114 0.567468 3.865604 14.242550 -1.341733 -6.660650 19.631937 0.143927 -0.648242 49.630138 -0.901421 -5.906602 0.353028 -1.511148 -0.031940 20.222773 3.684307 2.316628 18.787247 0.000006 0.000000 10.751610 -0.479867 1.397904 -0.000001 0.000000 0.000000 3.273804 0.305947 -0.580110 21.486792 11.830366 2.266131 8.162917 0.000003 0.000001 18.399052 -3.798980 -4.940566 0.000003 0.000001 0.000000 9.779511 17.613438 -25.519373 -0.386827 -0.597076 28.598881 -13.943253 -8.659977 3.661478 1.634511 -1.898479 -0.726275 0.000000 -0.000000 0.000002 -22.437191 -8.929824 10.520131 0.187612 1.278940 19.755692 20.138596 6.020123 -15.038616 -1.440843 0.992379 -3.748112 0.000000 0.000000 -0.000001 
16.492216 93.098068 11.374976 2.912074 -14.024337 -2.694619 0.826546 1.356644 -0.590058 -0.305347 3.562230 -5.310294 -1.263946 2.410681 13.714775 -9.413067 10.382849 20.991888 0.825188 5.102104 -3.737564 -2.504615 5.749411 -15.235474 0.000077 -0.000023 0.000006 -0.017718 0.024847 0.079223 0.654432 -3.690979 -10.593334 -0.694823 3.733844 -10.562710 -3.179229 -1.152585 9.374643 -35.007835 -29.074484 -25.628664 178.103088 -51.414738 -178.616974 15.254785 -2.672077 -4.109035 -5.882103 9.861279 0.702588 -10.936857 -0.360575 7.156194 -0.000002 8.774813 -0.000001 -16.589113 17.969879 6.017854 -1.844031 2.498501 -2.507276 -10.163589 4.678938 4.621101 -20.975998 -0.000004 -0.000001 -21.226255 2.451693 -3.593997 0.000000 -0.000006 -0.000000 -1.362680 2.240797 -0.746323 -21.334887 0.584908 3.008318 -13.821197 -0.000002 0.000001 -23.887129 -0.249080 -0.839483 -60.626820 2.462320 -1.086941 -0.294022 1.679685 0.833254 -14.218194 0.093215 1.300577 -34.212006 -0.287565 0.967165 -20.033178 0.964533 1.212840 -0.000000 -0.000001 0.000000 -3.440384 0.788231 0.501654 -15.928167 -3.167305 2.999701 -6.338818 -0.000002 0.000001 -18.123413 3.648176 -4.905663 -0.000004 -0.000000 -0.000001 5.971679 19.115494 12.032153 39.058601 57.232098 -3.225434 179.796005 65.686485 -179.590942 -13.787557 4.363822 -19.884630 2.243539 -5.255033 -3.180156 14.282877 -0.826592 6.952497 -0.000003 -12.690590 -0.000002 16.219063 -17.968822 2.849080 1.665665 -1.955921 -2.878295 4.727793 -4.170581 4.993920 11.020512 0.000003 -0.000002 12.109033 -3.735708 -2.866780 -0.000000 -0.000000 0.000001 1.291983 -1.928547 -1.498087 14.800117 0.567468 3.865602 14.242554 -1.341735 -6.660649 19.631941 0.143926 -0.648242 49.577759 -0.908853 -5.896903 0.353030 -1.511150 -0.031940 20.222769 3.684305 2.316629 18.787245 0.000005 -0.000001 10.751610 -0.479868 1.397904 -0.000000 0.000002 -0.000000 3.273804 0.305947 -0.580111 21.486792 11.830362 2.266133 8.162918 0.000002 0.000000 18.399052 -3.798979 -4.940567 0.000003 0.000002 -0.000001 9.864032 17.556461 -25.524012 -0.391039 -0.588853 28.592186 -14.000172 -8.838492 3.669563 1.635209 -1.910473 -0.751778 0.000000 0.000000 0.000002 -22.323896 -9.062446 10.739573 0.184603 1.245267 19.630611 20.089319 5.994821 -15.298228 -1.438742 0.989536 -3.586020 0.000000 -0.000001 -0.000001 
16.354261 93.044754 11.380154 2.893492 -13.814244 -2.717744 0.846336 1.350723 -0.627603 -0.310515 3.557457 -5.323110 -1.284447 2.405117 13.731272 -9.336884 10.322659 20.941586 0.817312 5.092621 -3.739747 -2.518064 5.759493 -15.202177 0.000077 -0.000023 0.000006 -0.020311 0.035156 0.082717 0.650097 -3.683292 -10.591223 -0.696910 3.734655 -10.563192 -3.234709 -1.146387 9.316576 -35.067944 -29.079153 -25.411213 178.103043 -51.421017 -178.638367 15.245960 -2.549506 -4.202307 -5.882102 9.861279 0.702588 -10.936858 -0.360574 7.156197 -0.000002 8.774810 -0.000002 -16.580235 17.985832 6.045543 -1.844030 2.498502 -2.507276 -10.163589 4.678940 4.621104 -20.975994 -0.000001 -0.000001 -21.226254 2.451691 -3.593994 -0.000000 -0.000005 -0.000000 -1.362680 2.240795 -0.746323 -21.334894 0.584910 3.008320 -13.821195 -0.000003 0.000001 -23.887131 -0.249079 -0.839483 -60.645874 2.463919 -1.064575 -0.294023 1.679685 0.833255 -14.218192 0.093213 1.300578 -34.212006 -0.287564 0.967168 -20.033178 0.964533 1.212841 -0.000000 -0.000001 0.000000 -3.440386 0.788233 0.501654 -15.928165 -3.167305 2.999705 -6.338818 -0.000001 0.000001 -18.123413 3.648175 -4.905663 -0.000004 0.000001 -0.000001 5.990537 19.093641 12.006271 39.029743 57.211712 -3.194620 179.885330 65.712471 -179.530563 -13.812491 4.356189 -19.803370 2.243540 -5.255032 -3.180155 14.282875 -0.826591 6.952495 -0.000001 -12.690590 -0.000002 16.139727 -17.958464 2.848915 1.665665 -1.955920 -2.878299 4.727792 -4.170581 4.993918 11.020512 0.000002 -0.000001 12.109032 -3.735710 -2.866780 -0.000000 -0.000000 0.000002 1.291984 -1.928548 -1.498088 14.800109 0.567469 3.865602 14.242553 -1.341736 -6.660646 19.631937 0.143924 -0.648244 49.521385 -0.904221 -5.926897 0.353030 -1.511150 -0.031942 20.222769 3.684305 2.316627 18.787245 0.000005 -0.000001 10.751610 -0.479866 1.397904 0.000000 0.000001 0.000000 3.273805 0.305946 -0.580109 21.486790 11.830361 2.266131 8.162917 0.000003 0.000000 18.399052 -3.798979 -4.940569 0.000004 0.000000 -0.000001 9.934764 17.503139 -25.562016 -0.386577 -0.589682 28.637308 -14.026812 -9.017962 3.657478 1.637221 -1.922503 -0.770263 -0.000000 0.000000 0.000002 -22.252781 -9.196380 10.882304 0.179931 1.223702 19.664888 20.035488 5.971235 -15.590733 -1.437433 0.996937 -3.454189 -0.000000 -0.000000 -0.000001 
16.277153 92.999496 11.398102 2.878107 -13.633616 -2.752100 0.859282 1.361873 -0.665546 -0.311786 3.547269 -5.342866 -1.295406 2.404057 13.752544 -9.269046 10.298756 20.917196 0.809889 5.042367 -3.728359 -2.519413 5.746503 -15.176907 0.000077 -0.000022 0.000007 -0.020224 0.035204 0.082707 0.649681 -3.682949 -10.584369 -0.693260 3.743755 -10.558524 -3.280441 -1.147615 9.280506 -35.127361 -29.106003 -25.236097 178.124756 -51.421574 -178.666412 15.304230 -2.467811 -4.267897 -5.882101 9.861279 0.702589 -10.936861 -0.360577 7.156198 -0.000001 8.774815 -0.000002 -16.590750 18.007812 6.063733 -1.844032 2.498502 -2.507275 -10.163589 4.678939 4.621103 -20.976000 -0.000001 0.000003 -21.226255 2.451693 -3.593994 0.000000 -0.000007 -0.000000 -1.362681 2.240795 -0.746324 -21.334892 0.584909 3.008322 -13.821198 -0.000001 0.000002 -23.887131 -0.249077 -0.839481 -60.714169 2.473027 -1.064512 -0.294026 1.679686 0.833256 -14.218194 0.093215 1.300580 -34.212006 -0.287562 0.967171 -20.033180 0.964536 1.212841 0.000000 -0.000000 0.000000 -3.440386 0.788234 0.501656 -15.928171 -3.167304 2.999706 -6.338819 -0.000001 0.000002 -18.123415 3.648176 -4.905662 -0.000004 0.000001 -0.000001 6.030276 19.063070 11.980274 39.141048 57.192436 -3.039182 179.920441 65.727692 -179.466370 -13.807649 4.368080 -19.795872 2.243540 -5.255033 -3.180156 14.282878 -0.826594 6.952496 -0.000002 -12.690593 0.000000 16.065411 -17.927765 2.855436 1.665664 -1.955920 -2.878296 4.727794 -4.170583 4.993920 11.020511 0.000004 -0.000001 12.109034 -3.735712 -2.866778 -0.000000 -0.000001 0.000001 1.291985 -1.928547 -1.498089 14.800111 0.567469 3.865602 14.242554 -1.341735 -6.660646 19.631939 0.143925 -0.648243 49.496250 -0.886028 -5.898706 0.353030 -1.511150 -0.031940 20.222767 3.684306 2.316629 18.787247 0.000005 0.000001 10.751612 -0.479869 1.397905 0.000000 0.000000 0.000000 3.273804 0.305947 -0.580110 21.486790 11.830360 2.266134 8.162916 0.000001 0.000001 18.399055 -3.798981 -4.940568 0.000004 0.000001 -0.000001 9.972130 17.457493 -25.608376 -0.384391 -0.585226 28.738565 -14.005484 -9.190299 3.615508 1.639137 -1.918980 -0.777818 0.000000 -0.000000 0.000002 -22.199713 -9.322715 11.057606 0.184653 1.199480 19.654585 19.981983 5.982582 -15.829335 -1.440452 1.003896 -3.344182 0.000000 0.000000 -0.000001 
16.164528 92.959778 11.370834 2.862710 -13.439148 -2.782575 0.866582 1.379643 -0.698528 -0.309571 3.558595 -5.353159 -1.303885 2.362568 13.767406 -9.203157 10.253121 20.920015 0.782853 5.020231 -3.730016 -2.515849 5.716739 -15.148788 0.000077 -0.000023 0.000006 -0.019282 0.038112 0.074226 0.651383 -3.682041 -10.584958 -0.696622 3.743298 -10.560882 -3.302304 -1.141695 9.237371 -35.206085 -29.130230 -25.161104 178.131256 -51.422417 -178.682037 15.338394 -2.389570 -4.307054 -5.882102 9.861278 0.702589 -10.936856 -0.360576 7.156196 -0.000001 8.774814 -0.000002 -16.593977 18.034082 6.094256 -1.844031 2.498502 -2.507277 -10.163591 4.678940 4.621103 -20.975998 -0.000001 0.000002 -21.226255 2.451693 -3.593995 -0.000000 -0.000006 0.000000 -1.362681 2.240797 -0.746324 -21.334887 0.584910 3.008320 -13.821197 -0.000001 0.000002 -23.887133 -0.249079 -0.839482 -60.764515 2.481323 -1.036908 -0.294026 1.679687 0.833254 -14.218195 0.093215 1.300579 -34.212009 -0.287561 0.967169 -20.033180 0.964536 1.212840 0.000000 0.000000 0.000000 -3.440385 0.788234 0.501655 -15.928169 -3.167304 2.999704 -6.338818 -0.000001 0.000001 -18.123413 3.648177 -4.905662 -0.000005 0.000001 -0.000002 6.058494 19.048037 11.964916 39.243965 57.162270 -2.945436 179.900162 65.755852 -179.486618 -13.791529 4.372315 -19.811615 2.243540 -5.255033 -3.180156 14.282877 -0.826593 6.952495 -0.000004 -12.690593 -0.000000 16.030937 -17.920885 2.849206 1.665665 -1.955920 -2.878296 4.727794 -4.170582 4.993918 11.020512 0.000004 -0.000002 12.109029 -3.735708 -2.866780 -0.000000 -0.000001 0.000001 1.291984 -1.928548 -1.498089 14.800109 0.567470 3.865604 14.242553 -1.341733 -6.660648 19.631939 0.143925 -0.648243 49.499893 -0.896343 -5.880234 0.353029 -1.511150 -0.031938 20.222769 3.684305 2.316628 18.787245 0.000005 0.000001 10.751610 -0.479866 1.397904 0.000000 0.000000 0.000000 3.273806 0.305947 -0.580110 21.486794 11.830365 2.266133 8.162918 0.000002 0.000001 18.399054 -3.798978 -4.940565 0.000004 0.000000 -0.000001 10.024116 17.434059 -25.656822 -0.388534 -0.590529 28.772123 -14.007320 -9.322404 3.688563 1.640042 -1.918756 -0.777995 0.000000 -0.000000 0.000002 -22.150599 -9.438143 11.145417 0.193776 1.187270 19.798809 19.929707 6.038323 -16.010363 -1.440087 1.005028 -3.289703 -0.000000 -0.000000 -0.000001 
16.144045 92.926323 11.403963 2.844702 -13.269429 -2.808964 0.875612 1.376865 -0.720729 -0.303584 3.571152 -5.363781 -1.297849 2.336470 13.763741 -9.158421 10.244551 20.907436 0.759829 4.953585 -3.717155 -2.493248 5.700793 -15.152832 0.000077 -0.000023 0.000006 -0.021506 0.041622 0.076535 0.650591 -3.667623 -10.571659 -0.700413 3.747649 -10.548213 -3.323219 -1.137484 9.187517 -35.218811 -29.151102 -25.182775 178.193924 -51.422287 -178.739258 15.386862 -2.314499 -4.347914 -5.882101 9.861277 0.702589 -10.936858 -0.360573 7.156197 -0.000002 8.774813 -0.000002 -16.601801 18.039434 6.062777 -1.844032 2.498503 -2.507276 -10.163588 4.678940 4.621103 -20.975996 -0.000001 0.000001 -21.226250 2.451692 -3.593995 -0.000000 -0.000008 -0.000001 -1.362680 2.240797 -0.746322 -21.334888 0.584911 3.008318 -13.821197 -0.000001 0.000002 -23.887129 -0.249077 -0.839482 -60.748356 2.481208 -1.049441 -0.294024 1.679688 0.833256 -14.218190 0.093215 1.300578 -34.211998 -0.287563 0.967168 -20.033176 0.964534 1.212840 0.000000 0.000000 0.000000 -3.440385 0.788232 0.501656 -15.928169 -3.167307 2.999703 -6.338815 -0.000002 0.000001 -18.123411 3.648175 -4.905662 -0.000005 0.000001 -0.000002 6.090176 19.049807 11.954190 39.398785 57.148167 -2.864184 179.758408 65.781532 -179.618088 -13.767902 4.352558 -19.750269 2.243539 -5.255031 -3.180154 14.282877 -0.826593 6.952499 -0.000005 -12.690590 -0.000000 16.008852 -17.918365 2.842344 1.665664 -1.955919 -2.878294 4.727794 -4.170583 4.993919 11.020513 0.000004 -0.000000 12.109031 -3.735709 -2.866778 -0.000000 -0.000001 0.000001 1.291982 -1.928546 -1.498086 14.800114 0.567468 3.865606 14.242553 -1.341736 -6.660645 19.631939 0.143926 -0.648242 49.538563 -0.902237 -5.872705 0.353030 -1.511150 -0.031940 20.222767 3.684307 2.316630 18.787245 0.000005 0.000001 10.751610 -0.479868 1.397904 0.000000 0.000000 0.000000 3.273803 0.305948 -0.580110 21.486790 11.830361 2.266134 8.162916 0.000002 0.000000 18.399050 -3.798979 -4.940566 0.000003 0.000002 -0.000001 10.021549 17.381956 -25.732309 -0.378608 -0.586380 28.920692 -13.941283 -9.460570 3.626994 1.640512 -1.911388 -0.777144 0.000000 0.000000 0.000002 -22.122326 -9.524632 11.304460 0.198085 1.192637 19.766506 19.937323 6.039785 -16.129318 -1.441992 1.018475 -3.245874 -0.000000 -0.000000 -0.000001 
16.099253 92.912964 11.474666 2.827602 -13.119040 -2.829192 0.877463 1.366938 -0.739572 -0.297314 3.578994 -5.357442 -1.281155 2.318921 13.741271 -9.119852 10.217981 20.883696 0.736414 4.937198 -3.712820 -2.476618 5.682285 -15.130209 0.000077 -0.000022 0.000006 -0.021474 0.048471 0.069109 0.653985 -3.668304 -10.565561 -0.702641 3.742110 -10.548240 -3.333354 -1.131068 9.161247 -35.208633 -29.181530 -25.255499 178.280258 -51.426052 -178.821747 15.432950 -2.235820 -4.349866 -5.882100 9.861278 0.702590 -10.936858 -0.360574 7.156198 -0.000001 8.774812 -0.000001 -16.620504 18.034315 6.038170 -1.844031 2.498502 -2.507276 -10.163590 4.678939 4.621103 -20.975992 -0.000002 0.000002 -21.226255 2.451694 -3.593993 0.000000 -0.000007 0.000000 -1.362680 2.240797 -0.746323 -21.334894 0.584910 3.008321 -13.821194 -0.000001 0.000003 -23.887131 -0.249077 -0.839481 -60.703411 2.475307 -1.035192 -0.294026 1.679687 0.833255 -14.218189 0.093214 1.300579 -34.211998 -0.287562 0.967170 -20.033176 0.964537 1.212841 0.000000 -0.000001 0.000001 -3.440383 0.788233 0.501655 -15.928167 -3.167305 2.999705 -6.338817 -0.000002 0.000002 -18.123415 3.648175 -4.905662 -0.000004 0.000001 -0.000002 6.117640 19.053719 11.959038 39.511459 57.135254 -2.832602 179.601791 65.814400 -179.789993 -13.757414 4.398410 -19.625107 2.243539 -5.255033 -3.180154 14.282875 -0.826594 6.952492 -0.000004 -12.690591 0.000001 15.985613 -17.933161 2.857959 1.665664 -1.955920 -2.878297 4.727793 -4.170584 4.993918 11.020513 0.000003 -0.000001 12.109034 -3.735711 -2.866779 0.000001 -0.000001 0.000001 1.291984 -1.928547 -1.498087 14.800114 0.567466 3.865602 14.242554 -1.341736 -6.660649 19.631941 0.143926 -0.648246 49.533253 -0.926021 -5.865679 0.353029 -1.511150 -0.031940 20.222771 3.684305 2.316626 18.787245 0.000004 -0.000000 10.751610 -0.479868 1.397903 -0.000000 0.000003 -0.000000 3.273804 0.305948 -0.580110 21.486792 11.830363 2.266130 8.162918 0.000003 -0.000001 18.399054 -3.798979 -4.940569 0.000004 0.000001 -0.000001 10.047893 17.318613 -25.741455 -0.385254 -0.587319 29.006033 -13.906556 -9.569931 3.569372 1.643059 -1.905452 -0.767308 0.000000 -0.000000 0.000002 -22.093266 -9.601651 11.499763 0.202683 1.205197 19.630766 19.927958 6.030898 -16.177971 -1.442196 1.018679 -3.214018 0.000000 -0.000001 -0.000001 
16.068443 92.901939 11.569860 2.817831 -13.006973 -2.851240 0.878352 1.374000 -0.753257 -0.289813 3.569140 -5.364672 -1.260644 2.322862 13.734070 -9.087697 10.216783 20.838383 0.735734 4.904113 -3.712735 -2.454891 5.650618 -15.060479 0.000077 -0.000023 0.000006 -0.021325 0.034946 0.069828 0.659553 -3.674359 -10.568933 -0.706028 3.736735 -10.550548 -3.324674 -1.127919 9.135257 -35.202332 -29.190765 -25.249226 178.261215 -51.399372 -178.800873 15.511531 -2.211763 -4.297091 -5.882101 9.861278 0.702589 -10.936857 -0.360576 7.156196 -0.000000 8.774814 -0.000000 -16.626604 18.009003 6.023543 -1.844031 2.498502 -2.507275 -10.163591 4.678941 4.621103 -20.975996 -0.000002 0.000001 -21.226255 2.451692 -3.593995 -0.000001 -0.000007 0.000000 -1.362680 2.240796 -0.746323 -21.334888 0.584912 3.008320 -13.821197 -0.000002 0.000002 -23.887129 -0.249079 -0.839484 -60.672165 2.463851 -1.030313 -0.294024 1.679688 0.833255 -14.218190 0.093214 1.300578 -34.211998 -0.287566 0.967168 -20.033175 0.964536 1.212841 0.000000 -0.000000 0.000000 -3.440386 0.788232 0.501655 -15.928165 -3.167305 2.999703 -6.338817 -0.000001 0.000001 -18.123411 3.648177 -4.905663 -0.000005 -0.000001 -0.000001 6.143532 19.075960 11.975534 39.596378 57.164116 -2.749379 179.662399 65.833488 -179.748047 -13.704556 4.422369 -19.471428 2.243538 -5.255032 -3.180154 14.282875 -0.826593 6.952499 -0.000004 -12.690591 0.000002 15.961448 -17.950914 2.856701 1.665665 -1.955921 -2.878297 4.727791 -4.170582 4.993918 11.020512 0.000003 -0.000001 12.109034 -3.735709 -2.866780 -0.000000 -0.000001 0.000001 1.291984 -1.928548 -1.498087 14.800109 0.567468 3.865604 14.242551 -1.341733 -6.660647 19.631939 0.143928 -0.648243 49.553959 -0.934863 -5.864147 0.353029 -1.511149 -0.031940 20.222771 3.684309 2.316628 18.787243 0.000006 0.000001 10.751610 -0.479867 1.397905 -0.000000 0.000001 -0.000002 3.273803 0.305946 -0.580109 21.486792 11.830363 2.266130 8.162916 0.000002 -0.000001 18.399055 -3.798977 -4.940567 0.000003 0.000000 0.000000 10.065289 17.269941 -25.768892 -0.386514 -0.593577 29.178816 -13.870296 -9.659471 3.499327 1.643823 -1.901346 -0.746206 0.000000 0.000000 0.000002 -22.087311 -9.621337 11.671273 0.203820 1.206355 19.550303 19.947020 6.034400 -16.136778 -1.442087 1.018730 -3.198200 0.000000 0.000000 -0.000001 
16.048851 92.908905 11.655486 2.809711 -12.916043 -2.867806 0.875061 1.364371 -0.763102 -0.286686 3.570007 -5.360060 -1.233606 2.341647 13.708236 -9.070166 10.192511 20.773642 0.745004 4.880411 -3.725323 -2.445550 5.649294 -14.950512 0.000077 -0.000022 0.000006 -0.018196 0.024849 0.072359 0.662521 -3.691102 -10.566361 -0.702103 3.711986 -10.546919 -3.318505 -1.118155 9.093274 -35.156364 -29.204336 -25.179518 178.223724 -51.353630 -178.795181 15.605318 -2.182466 -4.112410 -5.882101 9.861277 0.702589 -10.936858 -0.360575 7.156197 0.000001 8.774813 -0.000000 -16.652943 17.998226 6.019890 -1.844032 2.498502 -2.507276 -10.163590 4.678941 4.621104 -20.975996 -0.000003 0.000001 -21.226255 2.451690 -3.593996 0.000000 -0.000007 -0.000001 -1.362680 2.240795 -0.746323 -21.334887 0.584908 3.008318 -13.821194 -0.000004 0.000001 -23.887129 -0.249080 -0.839482 -60.667999 2.457343 -1.022091 -0.294024 1.679687 0.833255 -14.218194 0.093214 1.300578 -34.211998 -0.287565 0.967167 -20.033176 0.964532 1.212842 -0.000000 -0.000001 0.000000 -3.440386 0.788232 0.501655 -15.928167 -3.167306 2.999703 -6.338815 -0.000002 0.000001 -18.123413 3.648174 -4.905662 -0.000004 0.000001 -0.000001 6.204161 19.100067 12.011363 39.604321 57.179775 -2.714101 179.742630 65.844116 -179.710480 -13.661896 4.437007 -19.289383 2.243538 -5.255032 -3.180157 14.282873 -0.826592 6.952496 -0.000004 -12.690590 0.000000 15.951937 -17.939690 2.884922 1.665665 -1.955920 -2.878296 4.727792 -4.170584 4.993920 11.020509 0.000004 -0.000000 12.109029 -3.735708 -2.866782 0.000001 -0.000001 0.000002 1.291982 -1.928548 -1.498086 14.800107 0.567470 3.865603 14.242551 -1.341733 -6.660649 19.631937 0.143927 -0.648241 49.540874 -0.929567 -5.875298 0.353029 -1.511149 -0.031941 20.222767 3.684308 2.316630 18.787241 0.000006 0.000002 10.751609 -0.479868 1.397905 0.000000 0.000001 0.000000 3.273803 0.305946 -0.580110 21.486790 11.830363 2.266129 8.162916 0.000002 0.000001 18.399050 -3.798980 -4.940565 0.000003 0.000000 -0.000001 10.083896 17.180792 -25.760532 -0.382546 -0.584891 29.273092 -13.858073 -9.716498 3.462909 1.644213 -1.895558 -0.707122 0.000000 -0.000000 0.000002 -22.075279 -9.664228 11.876579 0.203796 1.206059 19.321365 19.957691 5.992889 -16.099165 -1.441265 1.018603 -3.165920 0.000000 0.000000 -0.000001 
16.001211 92.899139 11.681691 2.798670 -12.856368 -2.885455 0.877348 1.360222 -0.761852 -0.283166 3.593937 -5.351297 -1.209000 2.348591 13.676770 -9.042755 10.181931 20.706093 0.740100 4.862793 -3.738538 -2.421624 5.641182 -14.821276 0.000077 -0.000022 0.000007 -0.013911 0.007657 0.063469 0.669330 -3.706262 -10.576141 -0.700852 3.699289 -10.554172 -3.330016 -1.101082 9.069052 -35.081436 -29.231951 -25.130014 178.233582 -51.324516 -178.784927 15.688358 -2.143650 -3.868429 -5.882102 9.861278 0.702589 -10.936857 -0.360575 7.156196 -0.000000 8.774810 -0.000002 -16.630455 17.944414 6.019436 -1.844032 2.498502 -2.507277 -10.163590 4.678938 4.621104 -20.975996 -0.000003 0.000002 -21.226254 2.451693 -3.593995 0.000000 -0.000006 -0.000000 -1.362680 2.240796 -0.746324 -21.334887 0.584910 3.008320 -13.821195 -0.000001 0.000003 -23.887131 -0.249078 -0.839482 -60.587475 2.433312 -1.012361 -0.294025 1.679686 0.833256 -14.218194 0.093215 1.300579 -34.212002 -0.287562 0.967167 -20.033178 0.964534 1.212840 0.000000 -0.000000 0.000000 -3.440386 0.788232 0.501655 -15.928171 -3.167305 2.999705 -6.338817 -0.000001 0.000001 -18.123413 3.648175 -4.905663 -0.000005 0.000001 -0.000002 6.268048 19.136604 12.034772 39.622005 57.185963 -2.640143 179.858398 65.838654 -179.594543 -13.633140 4.472663 -19.128683 2.243540 -5.255033 -3.180157 14.282877 -0.826590 6.952496 -0.000005 -12.690592 -0.000001 15.917835 -17.933607 2.903878 1.665665 -1.955920 -2.878298 4.727793 -4.170581 4.993915 11.020511 0.000005 -0.000001 12.109033 -3.735708 -2.866780 -0.000000 -0.000001 0.000001 1.291984 -1.928549 -1.498091 14.800111 0.567470 3.865603 14.242554 -1.341733 -6.660646 19.631939 0.143927 -0.648240 49.464439 -0.935270 -5.880967 0.353028 -1.511149 -0.031939 20.222773 3.684309 2.316628 18.787245 0.000007 -0.000001 10.751610 -0.479867 1.397904 0.000000 0.000001 0.000000 3.273806 0.305946 -0.580111 21.486792 11.830368 2.266133 8.162916 0.000004 -0.000001 18.399048 -3.798975 -4.940566 0.000003 0.000002 -0.000001 10.127456 17.103441 -25.728489 -0.371055 -0.578466 29.269955 -13.895869 -9.753502 3.428926 1.645841 -1.888204 -0.670378 0.000000 -0.000000 0.000002 -22.071592 -9.680768 11.951624 0.201506 1.213709 19.329914 19.982969 5.996915 -16.069666 -1.440984 1.006172 -3.141643 0.000000 0.000000 -0.000001 
15.979600 92.915825 11.676493 2.785141 -12.797121 -2.902208 0.882656 1.360191 -0.755392 -0.276160 3.591599 -5.350626 -1.192034 2.373825 13.670417 -9.000603 10.148059 20.628071 0.737341 4.832536 -3.742825 -2.390008 5.622197 -14.679932 0.000077 -0.000022 0.000006 -0.012119 0.007778 0.066809 0.671879 -3.710155 -10.590636 -0.702194 3.700766 -10.569249 -3.341658 -1.114396 9.059177 -35.004662 -29.257803 -25.064558 178.198318 -51.311539 -178.742462 15.779908 -2.108337 -3.660548 -5.882100 9.861275 0.702590 -10.936863 -0.360576 7.156199 0.000000 8.774812 -0.000002 -16.592180 17.902281 6.027287 -1.844029 2.498502 -2.507276 -10.163592 4.678937 4.621105 -20.976000 -0.000003 0.000006 -21.226257 2.451694 -3.593990 0.000000 -0.000007 -0.000001 -1.362682 2.240794 -0.746323 -21.334894 0.584906 3.008323 -13.821197 -0.000004 0.000004 -23.887133 -0.249079 -0.839478 -60.525867 2.432096 -1.000761 -0.294025 1.679686 0.833256 -14.218195 0.093214 1.300581 -34.212006 -0.287565 0.967173 -20.033180 0.964536 1.212844 0.000000 0.000001 0.000000 -3.440385 0.788231 0.501655 -15.928169 -3.167307 2.999705 -6.338818 -0.000002 0.000002 -18.123415 3.648175 -4.905660 -0.000004 -0.000000 -0.000001 6.302064 19.171535 12.052426 39.583954 57.227680 -2.707647 179.931854 65.858505 -179.579025 -13.635009 4.527880 -19.030497 2.243539 -5.255033 -3.180154 14.282877 -0.826595 6.952496 -0.000003 -12.690592 0.000001 15.908922 -17.896902 2.916347 1.665666 -1.955921 -2.878298 4.727793 -4.170583 4.993918 11.020513 0.000002 -0.000002 12.109033 -3.735711 -2.866778 -0.000000 -0.000001 0.000001 1.291986 -1.928548 -1.498088 14.800113 0.567466 3.865601 14.242553 -1.341734 -6.660650 19.631939 0.143927 -0.648245 49.432976 -0.908096 -5.861341 0.353030 -1.511150 -0.031941 20.222767 3.684304 2.316624 18.787247 0.000005 -0.000003 10.751611 -0.479869 1.397902 -0.000000 -0.000000 -0.000001 3.273805 0.305947 -0.580111 21.486788 11.830364 2.266128 8.162915 0.000001 -0.000001 18.399055 -3.798980 -4.940570 0.000004 0.000001 0.000000 10.154395 17.029606 -25.690678 -0.367607 -0.572725 29.205395 -13.897931 -9.737853 3.500605 1.644076 -1.890896 -0.663358 0.000000 -0.000000 0.000002 -22.067497 -9.714940 12.003445 0.204936 1.227004 19.377731 19.989985 6.020138 -15.925504 -1.438471 1.000194 -3.152477 -0.000000 0.000001 -0.000001 
15.979989 92.925659 11.658348 2.779660 -12.772463 -2.914273 0.873674 1.356820 -0.756776 -0.271547 3.624566 -5.345396 -1.166252 2.381051 13.655094 -8.965583 10.111884 20.542021 0.728126 4.827210 -3.742071 -2.349448 5.601432 -14.552052 0.000077 -0.000023 0.000006 -0.012947 -0.005783 0.064184 0.674274 -3.720216 -10.586524 -0.701515 3.697273 -10.566198 -3.380955 -1.101410 9.074372 -34.969326 -29.290026 -24.961098 178.228363 -51.283878 -178.712830 15.860470 -2.079048 -3.462628 -5.882101 9.861279 0.702591 -10.936859 -0.360575 7.156197 0.000001 8.774817 -0.000001 -16.593634 17.874075 6.005723 -1.844031 2.498503 -2.507276 -10.163591 4.678939 4.621105 -20.975998 -0.000005 0.000005 -21.226255 2.451692 -3.593990 -0.000001 -0.000006 0.000000 -1.362679 2.240797 -0.746323 -21.334892 0.584907 3.008320 -13.821198 -0.000003 0.000004 -23.887131 -0.249079 -0.839478 -60.428608 2.432813 -0.998456 -0.294023 1.679685 0.833256 -14.218195 0.093214 1.300580 -34.212002 -0.287565 0.967172 -20.033182 0.964534 1.212843 0.000000 -0.000001 0.000000 -3.440386 0.788233 0.501656 -15.928173 -3.167307 2.999705 -6.338817 -0.000002 0.000002 -18.123415 3.648176 -4.905660 -0.000005 0.000001 -0.000001 6.342955 19.203800 12.071116 39.691181 57.231499 -2.687055 179.949905 65.853386 -179.546143 -13.619845 4.636107 -18.963518 2.243540 -5.255033 -3.180155 14.282875 -0.826594 6.952495 -0.000003 -12.690593 0.000002 15.913006 -17.901524 2.917054 1.665665 -1.955920 -2.878297 4.727792 -4.170584 4.993917 11.020512 0.000002 -0.000002 12.109032 -3.735711 -2.866781 -0.000000 -0.000001 0.000001 1.291984 -1.928547 -1.498086 14.800111 0.567467 3.865602 14.242553 -1.341735 -6.660650 19.631939 0.143924 -0.648243 49.366989 -0.918401 -5.860479 0.353028 -1.511149 -0.031938 20.222767 3.684304 2.316627 18.787245 0.000005 -0.000003 10.751610 -0.479867 1.397905 0.000000 0.000001 0.000001 3.273802 0.305947 -0.580109 21.486790 11.830362 2.266129 8.162916 0.000000 0.000000 18.399050 -3.798980 -4.940567 0.000004 0.000000 -0.000001 10.160109 16.956079 -25.644371 -0.356228 -0.568918 29.107433 -13.889527 -9.683125 3.513319 1.645468 -1.888602 -0.666305 0.000000 0.000000 0.000002 -22.083788 -9.750535 12.018430 0.195668 1.245144 19.444336 20.011076 6.064626 -15.797042 -1.438526 1.012220 -3.146441 -0.000000 0.000001 -0.000001 
15.980538 92.943642 11.684689 2.769281 -12.716527 -2.921485 0.864583 1.356329 -0.757661 -0.264788 3.627737 -5.360724 -1.139400 2.402089 13.669523 -8.924649 10.049403 20.405575 0.716066 4.842408 -3.705676 -2.324109 5.568016 -14.451295 0.000077 -0.000022 0.000006 -0.011228 -0.001948 0.063879 0.674670 -3.718111 -10.580967 -0.703412 3.699046 -10.562671 -3.407415 -1.109217 9.110614 -34.973412 -29.339643 -24.804445 178.243103 -51.300529 -178.698456 15.943269 -2.046183 -3.395901 -5.882102 9.861279 0.702590 -10.936858 -0.360574 7.156197 0.000000 8.774814 -0.000001 -16.557434 17.861374 6.025192 -1.844031 2.498504 -2.507276 -10.163589 4.678940 4.621105 -20.975992 -0.000002 0.000001 -21.226254 2.451694 -3.593996 -0.000001 -0.000007 -0.000000 -1.362681 2.240795 -0.746322 -21.334892 0.584910 3.008320 -13.821197 -0.000002 0.000003 -23.887129 -0.249078 -0.839482 -60.375946 2.450980 -0.984196 -0.294025 1.679686 0.833255 -14.218192 0.093216 1.300578 -34.211998 -0.287562 0.967167 -20.033176 0.964536 1.212841 0.000000 -0.000000 0.000000 -3.440384 0.788232 0.501654 -15.928165 -3.167305 2.999703 -6.338817 -0.000001 0.000002 -18.123415 3.648178 -4.905663 -0.000005 0.000001 -0.000001 6.368834 19.221735 12.093032 39.757721 57.270763 -2.732626 179.850266 65.870178 -179.655945 -13.654962 4.729321 -18.910078 2.243540 -5.255032 -3.180156 14.282875 -0.826593 6.952495 -0.000004 -12.690586 0.000002 15.912541 -17.900814 2.897013 1.665665 -1.955920 -2.878296 4.727795 -4.170583 4.993918 11.020512 0.000003 -0.000001 12.109033 -3.735709 -2.866778 -0.000000 -0.000001 0.000001 1.291985 -1.928547 -1.498087 14.800114 0.567468 3.865606 14.242553 -1.341735 -6.660648 19.631939 0.143927 -0.648245 49.340630 -0.900095 -5.855165 0.353028 -1.511151 -0.031939 20.222771 3.684307 2.316628 18.787245 0.000005 0.000001 10.751612 -0.479866 1.397904 0.000000 0.000002 0.000000 3.273806 0.305946 -0.580110 21.486794 11.830361 2.266130 8.162918 0.000003 -0.000001 18.399054 -3.798977 -4.940566 0.000004 0.000000 -0.000001 10.167926 16.880724 -25.616938 -0.357277 -0.566754 29.080471 -13.836319 -9.631153 3.521757 1.643252 -1.889917 -0.678118 0.000000 -0.000000 0.000002 -22.088932 -9.819922 12.135380 0.203473 1.273929 19.322792 20.000931 6.029526 -15.699321 -1.439495 1.017467 -3.175831 -0.000000 0.000001 -0.000001 
15.972609 92.977592 11.733934 2.758507 -12.632953 -2.929111 0.855075 1.339975 -0.765871 -0.262078 3.628850 -5.362278 -1.126364 2.414193 13.680556 -8.873119 9.986993 20.304022 0.705277 4.838915 -3.705176 -2.322197 5.537086 -14.384892 0.000077 -0.000022 0.000006 -0.012192 0.001039 0.061951 0.676531 -3.711594 -10.573914 -0.704531 3.697979 -10.558178 -3.420656 -1.111058 9.091329 -35.035782 -29.347109 -24.621260 178.262527 -51.267433 -178.707520 15.997953 -1.994171 -3.443197 -5.882102 9.861278 0.702589 -10.936858 -0.360574 7.156196 -0.000001 8.774815 -0.000001 -16.484941 17.889420 6.062350 -1.844032 2.498502 -2.507275 -10.163589 4.678940 4.621104 -20.975996 -0.000004 0.000002 -21.226255 2.451692 -3.593994 -0.000001 -0.000006 -0.000001 -1.362679 2.240798 -0.746323 -21.334885 0.584908 3.008319 -13.821197 -0.000002 0.000003 -23.887129 -0.249079 -0.839481 -60.321735 2.471049 -0.969995 -0.294024 1.679686 0.833256 -14.218192 0.093214 1.300578 -34.212002 -0.287564 0.967169 -20.033180 0.964535 1.212842 0.000000 -0.000002 -0.000000 -3.440385 0.788232 0.501656 -15.928169 -3.167307 2.999703 -6.338816 -0.000002 0.000001 -18.123413 3.648177 -4.905662 -0.000003 -0.000000 -0.000001 6.395506 19.221849 12.091286 39.920506 57.276379 -2.705298 179.647018 65.834480 -179.826523 -13.686269 4.753901 -18.945377 2.243540 -5.255032 -3.180156 14.282877 -0.826594 6.952496 -0.000003 -12.690590 -0.000001 15.910819 -17.913383 2.910820 1.665665 -1.955919 -2.878295 4.727794 -4.170583 4.993919 11.020513 0.000004 -0.000001 12.109035 -3.735712 -2.866779 0.000001 -0.000001 0.000001 1.291984 -1.928547 -1.498089 14.800117 0.567467 3.865604 14.242553 -1.341735 -6.660649 19.631937 0.143925 -0.648247 49.325550 -0.885740 -5.821180 0.353027 -1.511149 -0.031941 20.222773 3.684305 2.316628 18.787245 0.000005 -0.000000 10.751613 -0.479869 1.397904 -0.000000 0.000001 -0.000000 3.273806 0.305948 -0.580110 21.486792 11.830363 2.266130 8.162917 0.000003 -0.000001 18.399054 -3.798978 -4.940569 0.000004 0.000000 0.000000 10.172873 16.799320 -25.569328 -0.354436 -0.564390 29.030935 -13.805017 -9.601125 3.571732 1.642750 -1.900085 -0.693576 0.000000 0.000000 0.000002 -22.085135 -9.874571 12.295757 0.202807 1.265659 19.124447 19.975950 5.949873 -15.542422 -1.438323 1.022154 -3.253944 -0.000000 0.000001 -0.000001 
15.999921 92.999275 11.799090 2.742255 -12.554721 -2.931289 0.844478 1.340063 -0.767119 -0.260256 3.615303 -5.361651 -1.107432 2.438091 13.673969 -8.830450 9.930724 20.222553 0.700860 4.813358 -3.703829 -2.327225 5.517124 -14.323411 0.000077 -0.000023 0.000006 -0.013040 0.007783 0.063467 0.675320 -3.703520 -10.577284 -0.707915 3.706347 -10.560351 -3.430913 -1.132231 9.048356 -35.103851 -29.312902 -24.476686 178.361053 -51.240467 -178.754074 16.046408 -1.936047 -3.504075 -5.882101 9.861278 0.702591 -10.936860 -0.360576 7.156198 0.000002 8.774814 -0.000001 -16.471518 17.897905 6.088652 -1.844031 2.498503 -2.507276 -10.163589 4.678941 4.621104 -20.975996 -0.000005 0.000003 -21.226255 2.451692 -3.593993 0.000000 -0.000008 -0.000001 -1.362681 2.240797 -0.746323 -21.334887 0.584907 3.008320 -13.821195 -0.000003 0.000002 -23.887129 -0.249079 -0.839482 -60.315128 2.469301 -0.942715 -0.294024 1.679686 0.833256 -14.218195 0.093214 1.300578 -34.212006 -0.287565 0.967170 -20.033180 0.964534 1.212842 0.000000 0.000001 0.000000 -3.440386 0.788232 0.501656 -15.928169 -3.167307 2.999703 -6.338817 -0.000002 0.000001 -18.123415 3.648174 -4.905661 -0.000005 0.000001 -0.000001 6.393939 19.226915 12.088701 40.067039 57.275871 -2.675426 179.593674 65.817574 -179.825119 -13.694660 4.809035 -18.951685 2.243539 -5.255031 -3.180154 14.282877 -0.826594 6.952497 -0.000004 -12.690590 0.000000 15.852654 -17.896055 2.917588 1.665666 -1.955920 -2.878296 4.727794 -4.170583 4.993918 11.020509 0.000003 -0.000003 12.109029 -3.735708 -2.866780 -0.000000 -0.000001 0.000001 1.291985 -1.928548 -1.498087 14.800113 0.567469 3.865606 14.242551 -1.341735 -6.660650 19.631939 0.143928 -0.648242 49.274876 -0.882934 -5.802686 0.353029 -1.511149 -0.031940 20.222767 3.684308 2.316626 18.787243 0.000005 -0.000000 10.751611 -0.479868 1.397904 -0.000000 -0.000001 0.000001 3.273803 0.305948 -0.580109 21.486790 11.830363 2.266131 8.162916 0.000002 0.000000 18.399054 -3.798978 -4.940567 0.000004 0.000001 -0.000001 10.162409 16.719200 -25.545469 -0.358365 -0.561568 29.034237 -13.754812 -9.602904 3.527055 1.642076 -1.896724 -0.697593 0.000000 -0.000000 0.000002 -22.087151 -9.964011 12.479048 0.200523 1.277124 18.877773 19.947365 5.872898 -15.435856 -1.438211 1.013918 -3.326936 0.000000 -0.000001 -0.000001 
15.984734 93.026863 11.835368 2.721267 -12.466502 -2.916796 0.839998 1.340562 -0.783087 -0.258871 3.606716 -5.365439 -1.090234 2.472838 13.658858 -8.795928 9.890440 20.160252 0.690277 4.761698 -3.714778 -2.320938 5.482680 -14.276626 0.000077 -0.000023 0.000006 -0.014724 0.011518 0.065791 0.674372 -3.693975 -10.566165 -0.710594 3.706175 -10.552602 -3.446737 -1.135795 9.006379 -35.145779 -29.281610 -24.375162 178.529984 -51.210560 -178.860825 16.104296 -1.903349 -3.551376 -5.882101 9.861277 0.702591 -10.936858 -0.360576 7.156199 -0.000001 8.774813 -0.000002 -16.466116 17.905928 6.097562 -1.844032 2.498502 -2.507277 -10.163589 4.678938 4.621105 -20.975996 -0.000005 0.000004 -21.226255 2.451692 -3.593992 -0.000000 -0.000007 -0.000000 -1.362681 2.240795 -0.746323 -21.334887 0.584907 3.008321 -13.821195 -0.000003 0.000003 -23.887125 -0.249078 -0.839479 -60.311489 2.498461 -0.930386 -0.294026 1.679687 0.833255 -14.218195 0.093215 1.300580 -34.211998 -0.287563 0.967172 -20.033178 0.964533 1.212843 0.000000 -0.000000 0.000000 -3.440384 0.788231 0.501656 -15.928165 -3.167307 2.999704 -6.338817 -0.000002 0.000002 -18.123411 3.648176 -4.905660 -0.000005 -0.000000 -0.000002 6.405418 19.226625 12.116440 40.193474 57.246536 -2.578148 179.588837 65.747917 -179.813431 -13.726849 4.852509 -18.985685 2.243539 -5.255031 -3.180156 14.282875 -0.826593 6.952496 -0.000004 -12.690588 0.000001 15.801868 -17.920536 2.933270 1.665666 -1.955919 -2.878295 4.727795 -4.170583 4.993917 11.020512 0.000002 -0.000002 12.109034 -3.735710 -2.866780 -0.000000 -0.000001 0.000001 1.291985 -1.928547 -1.498088 14.800113 0.567468 3.865603 14.242553 -1.341735 -6.660650 19.631939 0.143925 -0.648242 49.270542 -0.889871 -5.805382 0.353028 -1.511149 -0.031941 20.222771 3.684306 2.316625 18.787245 0.000004 -0.000000 10.751610 -0.479868 1.397903 -0.000000 0.000000 0.000000 3.273803 0.305947 -0.580110 21.486788 11.830363 2.266129 8.162916 0.000002 0.000001 18.399052 -3.798980 -4.940569 0.000004 0.000000 0.000000 10.179958 16.632185 -25.501530 -0.359840 -0.550675 28.932421 -13.743338 -9.567163 3.551672 1.640535 -1.898589 -0.706828 0.000000 -0.000000 0.000002 -22.082399 -10.043301 12.590339 0.205528 1.260414 18.754257 19.916397 5.847090 -15.277512 -1.443086 1.023879 -3.383195 0.000000 0.000000 -0.000001 
15.978177 93.050400 11.843479 2.697128 -12.380210 -2.907915 0.837862 1.334125 -0.799130 -0.252079 3.608579 -5.371970 -1.077913 2.486960 13.646545 -8.788178 9.862412 20.100832 0.687459 4.706443 -3.733796 -2.296390 5.442183 -14.232100 0.000077 -0.000023 0.000006 -0.016512 0.020993 0.061003 0.672155 -3.688784 -10.570978 -0.708186 3.708524 -10.558711 -3.478570 -1.120706 8.973537 -35.178753 -29.267471 -24.207111 178.606613 -51.171959 -178.890335 16.149870 -1.902530 -3.361814 -5.882102 9.861278 0.702590 -10.936858 -0.360573 7.156197 0.000001 8.774812 -0.000001 -16.482697 17.906591 6.098226 -1.844031 2.498503 -2.507277 -10.163589 4.678938 4.621104 -20.975994 -0.000002 0.000003 -21.226255 2.451691 -3.593991 -0.000000 -0.000007 -0.000001 -1.362679 2.240795 -0.746322 -21.334890 0.584907 3.008322 -13.821197 -0.000003 0.000003 -23.887131 -0.249076 -0.839480 -60.319725 2.521177 -0.916259 -0.294024 1.679685 0.833255 -14.218192 0.093215 1.300580 -34.211998 -0.287563 0.967169 -20.033175 0.964533 1.212842 0.000000 0.000000 0.000000 -3.440386 0.788232 0.501655 -15.928165 -3.167305 2.999703 -6.338817 -0.000001 0.000001 -18.123413 3.648174 -4.905661 -0.000003 0.000001 -0.000001 6.435096 19.225931 12.159685 40.358467 57.229801 -2.458029 179.683044 65.662094 -179.725372 -13.659426 4.914812 -18.914465 2.243540 -5.255033 -3.180154 14.282877 -0.826595 6.952496 -0.000002 -12.690590 0.000000 15.807179 -17.886795 2.924904 1.665666 -1.955920 -2.878298 4.727793 -4.170581 4.993916 11.020512 0.000004 -0.000001 12.109031 -3.735709 -2.866780 -0.000000 -0.000001 0.000001 1.291985 -1.928548 -1.498088 14.800113 0.567468 3.865601 14.242553 -1.341733 -6.660650 19.631941 0.143927 -0.648243 49.263458 -0.902626 -5.794319 0.353027 -1.511148 -0.031939 20.222769 3.684304 2.316629 18.787245 0.000003 -0.000001 10.751609 -0.479868 1.397902 -0.000000 -0.000001 0.000001 3.273803 0.305946 -0.580111 21.486790 11.830361 2.266131 8.162916 0.000002 0.000000 18.399054 -3.798979 -4.940567 0.000004 0.000000 0.000000 10.183066 16.559351 -25.466578 -0.348804 -0.555904 28.814026 -13.757444 -9.519380 3.593777 1.638412 -1.891885 -0.701653 0.000000 -0.000000 0.000002 -22.086264 -10.138812 12.668294 0.206961 1.250541 18.727230 19.911194 5.869189 -15.092246 -1.443842 1.028011 -3.456396 -0.000000 -0.000000 -0.000001 
15.931901 93.085670 11.847437 2.672808 -12.276385 -2.901294 0.839649 1.325487 -0.820316 -0.246767 3.631023 -5.362577 -1.069699 2.482295 13.623807 -8.792193 9.843199 20.036846 0.696822 4.679445 -3.741286 -2.264538 5.385812 -14.184478 0.000077 -0.000023 0.000006 -0.017408 0.031451 0.058812 0.668653 -3.668348 -10.561303 -0.711663 3.722945 -10.552115 -3.519556 -1.111232 8.968263 -35.147499 -29.293678 -24.043491 178.612518 -51.140045 -178.897720 16.183361 -1.913854 -3.029426 -5.882101 9.861278 0.702590 -10.936859 -0.360576 7.156196 -0.000001 8.774813 -0.000002 -16.496143 17.884951 6.066018 -1.844030 2.498503 -2.507276 -10.163590 4.678937 4.621104 -20.975996 -0.000003 0.000003 -21.226254 2.451693 -3.593992 -0.000001 -0.000006 -0.000000 -1.362680 2.240797 -0.746322 -21.334892 0.584908 3.008321 -13.821197 -0.000002 0.000003 -23.887133 -0.249078 -0.839480 -60.293362 2.521447 -0.911175 -0.294024 1.679687 0.833256 -14.218192 0.093215 1.300580 -34.212006 -0.287564 0.967169 -20.033178 0.964536 1.212841 0.000000 0.000000 0.000000 -3.440384 0.788231 0.501656 -15.928165 -3.167307 2.999703 -6.338819 -0.000003 0.000001 -18.123415 3.648175 -4.905661 -0.000004 0.000002 -0.000001 6.479270 19.235571 12.235447 40.479107 57.217518 -2.375154 179.745148 65.585327 -179.653381 -13.634306 4.985663 -18.794764 2.243540 -5.255033 -3.180154 14.282878 -0.826594 6.952498 -0.000004 -12.690591 0.000001 15.821151 -17.888348 2.922180 1.665666 -1.955919 -2.878297 4.727794 -4.170584 4.993921 11.020511 0.000004 -0.000001 12.109034 -3.735709 -2.866776 -0.000000 -0.000001 0.000001 1.291984 -1.928548 -1.498089 14.800113 0.567467 3.865602 14.242553 -1.341732 -6.660645 19.631939 0.143926 -0.648240 49.274792 -0.916543 -5.775589 0.353030 -1.511150 -0.031941 20.222769 3.684307 2.316628 18.787247 0.000005 -0.000000 10.751611 -0.479868 1.397904 0.000000 0.000001 0.000001 3.273804 0.305947 -0.580110 21.486794 11.830362 2.266132 8.162917 0.000003 -0.000001 18.399054 -3.798976 -4.940566 0.000004 0.000000 -0.000001 10.213634 16.500002 -25.407675 -0.348779 -0.558593 28.650505 -13.778847 -9.534141 3.723760 1.638168 -1.895098 -0.700453 0.000000 -0.000000 0.000002 -22.089676 -10.232525 12.725799 0.207516 1.273148 18.752987 19.942387 5.910180 -14.831962 -1.445668 1.014225 -3.515305 -0.000000 -0.000000 -0.000001 
15.921890 93.102112 11.937786 2.653836 -12.177359 -2.899264 0.832098 1.335480 -0.830498 -0.242601 3.624941 -5.374096 -1.051858 2.502836 13.598171 -8.780399 9.822204 19.974854 0.694222 4.664935 -3.731924 -2.224038 5.335744 -14.110922 0.000077 -0.000022 0.000006 -0.019657 0.035273 0.061404 0.670315 -3.662381 -10.549033 -0.717531 3.723933 -10.539758 -3.559231 -1.101941 8.962175 -35.155064 -29.315014 -23.786808 178.505447 -51.070423 -178.868835 16.207476 -1.941564 -2.628738 -5.882102 9.861279 0.702589 -10.936859 -0.360575 7.156196 -0.000001 8.774816 -0.000000 -16.481516 17.907745 6.062590 -1.844030 2.498503 -2.507276 -10.163589 4.678940 4.621103 -20.975996 -0.000003 0.000002 -21.226254 2.451693 -3.593994 0.000000 -0.000007 -0.000001 -1.362680 2.240797 -0.746323 -21.334887 0.584908 3.008318 -13.821195 -0.000003 0.000002 -23.887129 -0.249081 -0.839481 -60.254368 2.518900 -0.901317 -0.294025 1.679687 0.833256 -14.218189 0.093213 1.300577 -34.211998 -0.287564 0.967169 -20.033178 0.964535 1.212840 0.000000 0.000001 0.000000 -3.440384 0.788232 0.501655 -15.928169 -3.167308 2.999703 -6.338818 -0.000001 0.000000 -18.123411 3.648178 -4.905663 -0.000005 0.000001 -0.000002 6.528432 19.241074 12.291136 40.651707 57.188850 -2.283190 179.787445 65.500549 -179.607193 -13.584972 5.076466 -18.727448 2.243539 -5.255032 -3.180155 14.282875 -0.826592 6.952495 -0.000004 -12.690587 0.000002 15.858333 -17.916483 2.919443 1.665666 -1.955920 -2.878298 4.727792 -4.170582 4.993918 11.020510 0.000003 -0.000002 12.109033 -3.735709 -2.866778 -0.000000 -0.000001 0.000001 1.291985 -1.928548 -1.498089 14.800114 0.567467 3.865604 14.242553 -1.341734 -6.660650 19.631939 0.143928 -0.648244 49.258442 -0.941687 -5.789083 0.353029 -1.511148 -0.031941 20.222773 3.684305 2.316630 18.787247 0.000004 -0.000000 10.751610 -0.479868 1.397904 0.000000 -0.000000 0.000001 3.273804 0.305947 -0.580111 21.486792 11.830363 2.266129 8.162918 0.000001 0.000000 18.399048 -3.798976 -4.940567 0.000004 0.000000 0.000000 10.219370 16.452511 -25.383507 -0.348933 -0.561139 28.672169 -13.758430 -9.604293 3.677824 1.638098 -1.893125 -0.693985 0.000000 -0.000000 0.000002 -22.096836 -10.311856 12.922960 0.211864 1.279580 18.521200 19.989025 5.906916 -14.691166 -1.443876 1.014082 -3.572880 0.000000 0.000000 -0.000001 
15.868692 93.133064 12.034913 2.634771 -12.062722 -2.902761 0.836949 1.335476 -0.836901 -0.239526 3.624747 -5.383517 -1.037254 2.517123 13.570240 -8.775543 9.802629 19.927500 0.700695 4.647767 -3.753520 -2.194580 5.320766 -14.001305 0.000077 -0.000023 0.000006 -0.016563 0.027541 0.055229 0.674450 -3.673297 -10.553955 -0.713852 3.705430 -10.544436 -3.601149 -1.099586 8.923880 -35.150326 -29.319887 -23.558510 178.426819 -51.032944 -178.824936 16.227564 -1.959201 -2.283487 -5.882101 9.861278 0.702590 -10.936858 -0.360573 7.156197 -0.000002 8.774813 -0.000000 -16.474028 17.910326 6.035449 -1.844030 2.498503 -2.507275 -10.163589 4.678941 4.621103 -20.975996 -0.000002 0.000001 -21.226254 2.451693 -3.593995 -0.000000 -0.000006 -0.000000 -1.362681 2.240798 -0.746322 -21.334888 0.584910 3.008319 -13.821195 -0.000003 0.000002 -23.887129 -0.249076 -0.839483 -60.209663 2.503259 -0.904172 -0.294025 1.679685 0.833256 -14.218189 0.093217 1.300579 -34.212002 -0.287562 0.967166 -20.033176 0.964534 1.212840 0.000000 0.000000 0.000000 -3.440386 0.788233 0.501655 -15.928167 -3.167302 2.999703 -6.338818 -0.000001 0.000000 -18.123413 3.648176 -4.905662 -0.000006 0.000001 -0.000001 6.539971 19.244589 12.318224 40.784565 57.144493 -2.225319 179.777161 65.413452 -179.651917 -13.598785 5.137509 -18.653139 2.243540 -5.255032 -3.180155 14.282873 -0.826591 6.952495 -0.000005 -12.690592 0.000001 15.886650 -17.885084 2.925883 1.665665 -1.955920 -2.878297 4.727795 -4.170583 4.993917 11.020514 0.000004 -0.000002 12.109033 -3.735710 -2.866779 0.000000 -0.000001 0.000001 1.291983 -1.928545 -1.498089 14.800114 0.567471 3.865602 14.242553 -1.341733 -6.660646 19.631941 0.143927 -0.648241 49.245247 -0.941660 -5.769245 0.353028 -1.511150 -0.031939 20.222773 3.684308 2.316627 18.787245 0.000008 -0.000001 10.751611 -0.479867 1.397903 -0.000000 0.000000 0.000001 3.273804 0.305947 -0.580110 21.486794 11.830366 2.266130 8.162919 0.000002 -0.000001 18.399052 -3.798975 -4.940566 0.000004 0.000000 0.000000 10.257709 16.380239 -25.334673 -0.346381 -0.559552 28.671541 -13.766626 -9.675086 3.719919 1.636959 -1.899886 -0.662999 0.000000 -0.000000 0.000002 -22.098770 -10.388220 13.182414 0.210340 1.285906 18.405403 19.990009 5.959756 -14.336957 -1.440449 0.994419 -3.627291 0.000000 0.000000 -0.000001 
15.866359 93.145401 12.177091 2.624088 -11.948009 -2.901865 0.840167 1.329942 -0.861807 -0.236207 3.651057 -5.387962 -1.030834 2.523895 13.548940 -8.754335 9.809830 19.862871 0.709372 4.602132 -3.753737 -2.162101 5.311774 -13.862387 0.000077 -0.000022 0.000006 -0.013942 0.007176 0.052780 0.679795 -3.696966 -10.566760 -0.712000 3.684826 -10.555882 -3.627527 -1.086871 8.889435 -35.161724 -29.369211 -23.320829 178.390366 -50.977222 -178.782501 16.238655 -1.972639 -2.074749 -5.882098 9.861278 0.702592 -10.936862 -0.360578 7.156197 -0.000002 8.774815 -0.000001 -16.473602 17.911537 6.030674 -1.844031 2.498502 -2.507277 -10.163589 4.678941 4.621102 -20.975998 -0.000002 0.000002 -21.226255 2.451694 -3.593995 0.000000 -0.000007 -0.000001 -1.362679 2.240797 -0.746322 -21.334894 0.584907 3.008320 -13.821197 -0.000005 0.000003 -23.887131 -0.249080 -0.839481 -60.184456 2.491453 -0.901882 -0.294023 1.679688 0.833255 -14.218194 0.093214 1.300579 -34.212013 -0.287566 0.967170 -20.033182 0.964534 1.212842 0.000000 0.000001 0.000000 -3.440386 0.788233 0.501655 -15.928169 -3.167308 2.999703 -6.338817 -0.000003 0.000001 -18.123415 3.648175 -4.905663 -0.000004 0.000001 -0.000001 6.545970 19.235403 12.313750 41.053200 57.071228 -2.044153 179.786255 65.305962 -179.599899 -13.587554 5.216548 -18.654802 2.243539 -5.255031 -3.180156 14.282875 -0.826594 6.952497 -0.000004 -12.690588 -0.000000 15.913307 -17.867464 2.919737 1.665665 -1.955920 -2.878296 4.727795 -4.170583 4.993918 11.020512 0.000003 0.000000 12.109033 -3.735708 -2.866779 0.000000 -0.000001 -0.000000 1.291984 -1.928547 -1.498088 14.800113 0.567468 3.865605 14.242553 -1.341735 -6.660647 19.631937 0.143924 -0.648242 49.238483 -0.934262 -5.778588 0.353027 -1.511150 -0.031938 20.222767 3.684304 2.316630 18.787245 0.000003 0.000001 10.751611 -0.479869 1.397905 -0.000000 0.000002 0.000002 3.273804 0.305948 -0.580110 21.486790 11.830361 2.266135 8.162918 0.000001 0.000002 18.399050 -3.798978 -4.940565 0.000004 0.000000 -0.000001 10.266129 16.289356 -25.330933 -0.368782 -0.557582 28.799532 -13.713722 -9.732030 3.608715 1.638744 -1.901249 -0.650408 0.000000 0.000000 0.000002 -22.133047 -10.430986 13.494269 0.214116 1.274667 18.072941 20.009855 5.931510 -14.102663 -1.441822 0.985708 -3.671116 0.000000 0.000000 -0.000001 
15.879891 93.149994 12.278253 2.622042 -11.855621 -2.899189 0.844622 1.344499 -0.889874 -0.239165 3.658577 -5.385006 -1.023714 2.542561 13.512910 -8.733791 9.791759 19.833586 0.713068 4.606300 -3.764399 -2.134468 5.313825 -13.730803 0.000077 -0.000022 0.000006 -0.006494 -0.016231 0.049270 0.686439 -3.712123 -10.577968 -0.708957 3.672751 -10.563557 -3.668319 -1.064258 8.839696 -35.159275 -29.410595 -23.069035 178.339142 -50.943798 -178.698929 16.265995 -2.010631 -1.910665 -5.882100 9.861278 0.702589 -10.936860 -0.360576 7.156195 -0.000000 8.774815 -0.000000 -16.479830 17.904966 6.002494 -1.844032 2.498501 -2.507276 -10.163589 4.678939 4.621101 -20.975996 -0.000002 0.000001 -21.226255 2.451695 -3.593996 0.000000 -0.000007 0.000000 -1.362679 2.240798 -0.746322 -21.334887 0.584908 3.008319 -13.821197 -0.000004 0.000002 -23.887133 -0.249078 -0.839482 -60.163090 2.489141 -0.923292 -0.294024 1.679687 0.833255 -14.218194 0.093215 1.300578 -34.211998 -0.287564 0.967166 -20.033176 0.964533 1.212840 0.000000 0.000002 0.000000 -3.440386 0.788234 0.501654 -15.928169 -3.167305 2.999703 -6.338814 -0.000002 0.000001 -18.123415 3.648175 -4.905663 -0.000005 -0.000000 -0.000001 6.559582 19.235765 12.248899 41.379864 56.985878 -1.751258 179.868408 65.241516 -179.496323 -13.577896 5.257235 -18.698675 2.243540 -5.255033 -3.180157 14.282875 -0.826593 6.952494 -0.000004 -12.690590 0.000000 15.921834 -17.846354 2.934604 1.665665 -1.955920 -2.878297 4.727793 -4.170582 4.993917 11.020511 0.000003 -0.000001 12.109031 -3.735710 -2.866781 -0.000000 -0.000001 0.000001 1.291983 -1.928547 -1.498087 14.800111 0.567468 3.865601 14.242553 -1.341733 -6.660650 19.631939 0.143928 -0.648244 49.207104 -0.948029 -5.787955 0.353030 -1.511149 -0.031941 20.222767 3.684308 2.316627 18.787243 0.000006 0.000000 10.751608 -0.479867 1.397904 -0.000000 0.000001 0.000002 3.273805 0.305947 -0.580111 21.486788 11.830364 2.266129 8.162915 0.000002 0.000000 18.399052 -3.798976 -4.940566 0.000005 -0.000002 -0.000002 10.247783 16.206570 -25.372671 -0.369572 -0.557205 28.954727 -13.673138 -9.744345 3.532549 1.641494 -1.897913 -0.624496 0.000000 -0.000000 0.000002 -22.174128 -10.473547 13.709394 0.216282 1.277292 17.849998 20.025721 5.854654 -13.939446 -1.441175 0.964554 -3.697519 -0.000000 0.000001 -0.000001 
15.847346 93.150436 12.341497 2.626604 -11.755948 -2.902334 0.845228 1.361928 -0.921571 -0.244455 3.653958 -5.399069 -1.023662 2.554143 13.511311 -8.705408 9.778095 19.817003 0.720205 4.623916 -3.779774 -2.105219 5.299846 -13.599971 0.000077 -0.000022 0.000006 -0.002666 -0.025998 0.043927 0.692608 -3.730417 -10.595632 -0.704935 3.655427 -10.577466 -3.709843 -1.029703 8.837612 -35.101437 -29.474207 -22.855284 178.223572 -50.914360 -178.600113 16.305176 -2.061187 -1.726819 -5.882102 9.861278 0.702588 -10.936860 -0.360575 7.156196 -0.000003 8.774813 0.000000 -16.476585 17.896322 5.983926 -1.844033 2.498501 -2.507276 -10.163589 4.678940 4.621104 -20.975994 -0.000002 0.000000 -21.226254 2.451691 -3.593995 -0.000000 -0.000007 0.000000 -1.362679 2.240797 -0.746323 -21.334887 0.584910 3.008319 -13.821197 -0.000002 0.000002 -23.887131 -0.249077 -0.839483 -60.135044 2.499270 -0.928854 -0.294024 1.679685 0.833255 -14.218194 0.093214 1.300578 -34.212006 -0.287562 0.967168 -20.033180 0.964536 1.212841 0.000000 0.000001 0.000000 -3.440384 0.788232 0.501655 -15.928165 -3.167305 2.999701 -6.338818 -0.000002 0.000001 -18.123415 3.648176 -4.905664 -0.000005 -0.000000 -0.000001 6.579495 19.248486 12.231371 41.665905 56.910625 -1.484232 -179.946854 65.164818 -179.400406 -13.525270 5.273082 -18.718447 2.243539 -5.255033 -3.180155 14.282878 -0.826593 6.952497 -0.000005 -12.690590 -0.000000 15.915956 -17.822548 2.932510 1.665665 -1.955919 -2.878296 4.727792 -4.170582 4.993917 11.020511 0.000004 -0.000001 12.109032 -3.735708 -2.866780 -0.000000 -0.000001 0.000002 1.291986 -1.928548 -1.498089 14.800113 0.567468 3.865603 14.242553 -1.341735 -6.660646 19.631941 0.143926 -0.648241 49.183155 -0.929126 -5.774409 0.353029 -1.511151 -0.031940 20.222771 3.684306 2.316630 18.787249 0.000005 -0.000000 10.751610 -0.479868 1.397906 0.000000 0.000002 0.000001 3.273804 0.305947 -0.580110 21.486792 11.830366 2.266131 8.162918 0.000002 0.000001 18.399054 -3.798978 -4.940567 0.000004 0.000000 0.000000 10.254586 16.129963 -25.386387 -0.376587 -0.556559 29.022648 -13.659989 -9.752065 3.516929 1.643394 -1.895994 -0.600959 0.000000 -0.000000 0.000002 -22.174925 -10.521433 13.822199 0.202932 1.276009 17.822775 19.997824 5.816281 -13.864076 -1.442774 0.962491 -3.675381 0.000000 0.000000 -0.000001 
15.808667 93.136047 12.363647 2.626991 -11.654425 -2.928538 0.851120 1.373147 -0.933151 -0.252280 3.646406 -5.421061 -1.022613 2.572068 13.522369 -8.680736 9.744744 19.782488 0.719306 4.673830 -3.761340 -2.072649 5.293226 -13.494625 0.000077 -0.000022 0.000006 -0.000078 -0.025865 0.043469 0.693286 -3.731059 -10.603983 -0.702660 3.662828 -10.582018 -3.768134 -0.997723 8.872496 -35.029896 -29.560026 -22.698004 178.131927 -50.865185 -178.533752 16.367102 -2.118080 -1.578173 -5.882101 9.861279 0.702589 -10.936855 -0.360577 7.156196 -0.000002 8.774815 -0.000002 -16.441240 17.901756 5.988131 -1.844031 2.498503 -2.507276 -10.163590 4.678940 4.621104 -20.975994 -0.000002 0.000001 -21.226248 2.451692 -3.593995 -0.000000 -0.000005 0.000000 -1.362681 2.240797 -0.746323 -21.334887 0.584910 3.008320 -13.821198 -0.000001 0.000002 -23.887125 -0.249078 -0.839482 -60.050556 2.482038 -0.929133 -0.294023 1.679686 0.833254 -14.218190 0.093215 1.300580 -34.211998 -0.287564 0.967168 -20.033175 0.964534 1.212841 0.000000 0.000001 0.000000 -3.440386 0.788234 0.501655 -15.928169 -3.167306 2.999705 -6.338815 0.000000 0.000001 -18.123411 3.648176 -4.905663 -0.000004 -0.000001 -0.000001 6.598258 19.265800 12.215459 41.957260 56.822002 -1.234731 -179.803680 65.103409 -179.390823 -13.473890 5.236772 -18.748484 2.243540 -5.255031 -3.180153 14.282879 -0.826593 6.952496 -0.000004 -12.690591 -0.000000 15.919186 -17.803617 2.904837 1.665663 -1.955920 -2.878296 4.727794 -4.170583 4.993919 11.020510 0.000003 -0.000001 12.109030 -3.735709 -2.866779 0.000000 -0.000001 0.000001 1.291986 -1.928549 -1.498089 14.800111 0.567468 3.865605 14.242551 -1.341734 -6.660645 19.631937 0.143926 -0.648243 49.175262 -0.892522 -5.753644 0.353029 -1.511148 -0.031941 20.222769 3.684307 2.316631 18.787247 0.000003 0.000001 10.751610 -0.479867 1.397904 -0.000001 0.000000 0.000001 3.273806 0.305946 -0.580109 21.486795 11.830363 2.266132 8.162919 0.000000 0.000000 18.399054 -3.798980 -4.940567 0.000004 0.000000 0.000000 10.271470 16.080330 -25.421467 -0.381367 -0.555406 29.123409 -13.643014 -9.753953 3.535887 1.642730 -1.892849 -0.580440 0.000000 0.000000 0.000002 -22.168898 -10.564989 13.848646 0.202990 1.272952 17.982077 19.966658 5.803493 -13.873793 -1.445438 0.979692 -3.658451 0.000000 0.000000 -0.000001 
15.780005 93.124062 12.374372 2.626716 -11.528438 -2.954976 0.855641 1.373018 -0.934957 -0.256583 3.647219 -5.430640 -1.026032 2.571440 13.524732 -8.663426 9.711337 19.753057 0.721167 4.716035 -3.761547 -2.053299 5.319269 -13.428480 0.000077 -0.000023 0.000006 -0.000288 -0.029527 0.043926 0.691239 -3.733003 -10.622782 -0.703807 3.668828 -10.598169 -3.808498 -0.983750 8.913104 -34.962833 -29.638491 -22.670622 178.099121 -50.825119 -178.512909 16.449282 -2.154521 -1.527725 -5.882101 9.861279 0.702590 -10.936858 -0.360574 7.156197 -0.000001 8.774815 -0.000000 -16.456682 17.907841 5.992582 -1.844031 2.498502 -2.507277 -10.163590 4.678940 4.621105 -20.975994 -0.000004 0.000004 -21.226250 2.451693 -3.593994 0.000000 -0.000006 -0.000000 -1.362680 2.240798 -0.746324 -21.334892 0.584908 3.008322 -13.821197 -0.000003 0.000003 -23.887129 -0.249077 -0.839480 -60.042652 2.476912 -0.931841 -0.294024 1.679686 0.833255 -14.218190 0.093214 1.300580 -34.211998 -0.287563 0.967170 -20.033182 0.964538 1.212842 -0.000000 0.000001 -0.000000 -3.440384 0.788234 0.501656 -15.928169 -3.167307 2.999705 -6.338819 -0.000003 0.000001 -18.123411 3.648178 -4.905660 -0.000005 -0.000001 -0.000001 6.588541 19.288425 12.175361 42.318504 56.741470 -1.035318 -179.807220 65.057320 -179.479187 -13.417764 5.235925 -18.775177 2.243540 -5.255033 -3.180154 14.282878 -0.826594 6.952497 -0.000001 -12.690593 -0.000001 15.932262 -17.784695 2.915673 1.665663 -1.955920 -2.878293 4.727795 -4.170585 4.993919 11.020510 0.000003 0.000000 12.109031 -3.735711 -2.866780 0.000000 -0.000002 0.000001 1.291983 -1.928547 -1.498089 14.800113 0.567466 3.865605 14.242553 -1.341735 -6.660648 19.631941 0.143923 -0.648238 49.177937 -0.878955 -5.722478 0.353029 -1.511150 -0.031939 20.222773 3.684305 2.316628 18.787249 0.000003 0.000001 10.751610 -0.479869 1.397905 0.000000 -0.000000 0.000001 3.273803 0.305947 -0.580110 21.486792 11.830365 2.266134 8.162918 0.000001 0.000001 18.399057 -3.798982 -4.940567 0.000005 -0.000001 -0.000000 10.280600 15.991205 -25.445414 -0.380327 -0.537050 29.172724 -13.633483 -9.744658 3.555800 1.642802 -1.891016 -0.550068 0.000000 -0.000000 0.000002 -22.164583 -10.626060 13.886658 0.205269 1.285139 18.120827 19.942822 5.774098 -13.882010 -1.443618 0.978652 -3.627033 0.000000 0.000000 -0.000001 
15.734044 93.106552 12.457748 2.623932 -11.388620 -2.978183 0.864609 1.370028 -0.931492 -0.260750 3.657132 -5.438945 -1.033934 2.553555 13.525824 -8.656674 9.681860 19.678135 0.711199 4.761817 -3.756622 -2.021729 5.296403 -13.375251 0.000077 -0.000023 0.000006 -0.005171 0.000893 0.042981 0.690749 -3.708773 -10.634500 -0.706162 3.687979 -10.607632 -3.852621 -0.969824 8.931730 -34.943153 -29.684860 -22.663557 178.087692 -50.780975 -178.518234 16.461119 -2.172512 -1.546236 -5.882101 9.861278 0.702590 -10.936860 -0.360575 7.156199 -0.000001 8.774814 -0.000003 -16.449148 17.870234 5.996732 -1.844031 2.498502 -2.507277 -10.163591 4.678937 4.621105 -20.975998 -0.000002 0.000004 -21.226255 2.451693 -3.593992 -0.000000 -0.000006 0.000000 -1.362679 2.240795 -0.746322 -21.334894 0.584909 3.008322 -13.821198 -0.000002 0.000003 -23.887136 -0.249078 -0.839479 -60.066734 2.457900 -0.923057 -0.294026 1.679684 0.833255 -14.218195 0.093215 1.300580 -34.212013 -0.287563 0.967174 -20.033180 0.964535 1.212844 0.000000 0.000001 0.000000 -3.440387 0.788231 0.501654 -15.928169 -3.167306 2.999705 -6.338817 -0.000002 0.000001 -18.123415 3.648174 -4.905661 -0.000004 -0.000000 -0.000001 6.581646 19.301172 12.124683 42.662380 56.643188 -0.885595 -179.902451 64.981735 -179.612396 -13.370234 5.181195 -18.832399 2.243538 -5.255032 -3.180154 14.282873 -0.826594 6.952497 -0.000002 -12.690592 0.000000 15.949444 -17.799698 2.886221 1.665664 -1.955920 -2.878299 4.727793 -4.170582 4.993918 11.020512 0.000004 -0.000001 12.109032 -3.735709 -2.866776 -0.000001 -0.000001 0.000000 1.291983 -1.928548 -1.498087 14.800109 0.567468 3.865604 14.242553 -1.341735 -6.660650 19.631937 0.143928 -0.648246 49.186447 -0.866380 -5.722609 0.353028 -1.511149 -0.031939 20.222769 3.684306 2.316628 18.787245 0.000003 -0.000001 10.751609 -0.479869 1.397903 -0.000000 0.000000 0.000002 3.273805 0.305947 -0.580110 21.486788 11.830361 2.266129 8.162916 -0.000001 -0.000001 18.399055 -3.798978 -4.940568 0.000004 0.000000 0.000000 10.300075 15.889324 -25.463816 -0.377490 -0.536797 29.299177 -13.621726 -9.711943 3.478557 1.641916 -1.901989 -0.506749 0.000000 0.000000 0.000002 -22.168093 -10.697106 14.089718 0.207531 1.303571 18.028416 19.954376 5.731935 -13.863374 -1.445023 0.991043 -3.590458 0.000000 -0.000001 -0.000001 
15.683253 93.096123 12.557119 2.612600 -11.214159 -2.996210 0.873399 1.378961 -0.922440 -0.260572 3.666986 -5.447112 -1.039583 2.533396 13.528317 -8.653523 9.662262 19.624521 0.710481 4.755493 -3.773955 -1.983653 5.294609 -13.331547 0.000077 -0.000022 0.000006 -0.006024 0.014467 0.045731 0.690272 -3.695584 -10.645189 -0.711717 3.708855 -10.615229 -3.904366 -0.983542 8.941368 -34.912125 -29.707998 -22.717892 178.142578 -50.738762 -178.587616 16.470547 -2.220160 -1.552709 -5.882100 9.861278 0.702590 -10.936862 -0.360576 7.156198 -0.000001 8.774815 -0.000000 -16.428310 17.870005 6.016499 -1.844031 2.498503 -2.507275 -10.163589 4.678939 4.621104 -20.975992 -0.000004 0.000004 -21.226248 2.451692 -3.593991 -0.000001 -0.000006 -0.000001 -1.362681 2.240795 -0.746322 -21.334892 0.584909 3.008320 -13.821195 -0.000004 0.000003 -23.887129 -0.249079 -0.839480 -60.073818 2.442173 -0.908024 -0.294025 1.679687 0.833256 -14.218190 0.093213 1.300579 -34.211998 -0.287564 0.967171 -20.033175 0.964534 1.212842 0.000000 0.000000 0.000001 -3.440385 0.788232 0.501655 -15.928167 -3.167305 2.999704 -6.338817 -0.000001 0.000001 -18.123413 3.648176 -4.905661 -0.000005 -0.000000 -0.000001 6.575805 19.308115 12.088554 42.918728 56.540989 -0.850472 179.854279 64.942169 -179.892044 -13.361091 5.152217 -18.986134 2.243538 -5.255033 -3.180154 14.282878 -0.826595 6.952497 -0.000003 -12.690591 0.000002 15.933166 -17.776821 2.875225 1.665665 -1.955920 -2.878296 4.727795 -4.170585 4.993920 11.020510 0.000003 -0.000001 12.109032 -3.735710 -2.866782 -0.000001 -0.000001 0.000000 1.291985 -1.928548 -1.498087 14.800109 0.567467 3.865605 14.242548 -1.341733 -6.660649 19.631939 0.143926 -0.648243 49.208900 -0.861047 -5.695976 0.353030 -1.511150 -0.031941 20.222771 3.684306 2.316629 18.787245 0.000004 -0.000000 10.751612 -0.479868 1.397905 0.000000 0.000000 0.000002 3.273804 0.305946 -0.580111 21.486790 11.830365 2.266128 8.162917 0.000000 0.000000 18.399050 -3.798981 -4.940567 0.000005 -0.000001 -0.000000 10.323183 15.764373 -25.470387 -0.363726 -0.521414 29.396549 -13.632971 -9.688581 3.407831 1.638942 -1.894155 -0.473015 0.000000 -0.000000 0.000002 -22.144180 -10.755182 14.332890 0.190315 1.292113 17.896103 19.965000 5.687908 -13.789571 -1.447053 1.001815 -3.585908 0.000000 0.000000 -0.000001 
15.668562 93.066284 12.623487 2.586441 -11.040681 -2.989012 0.882844 1.375419 -0.928234 -0.258597 3.687640 -5.445290 -1.039788 2.508436 13.513225 -8.669827 9.636517 19.554775 0.731488 4.754991 -3.753827 -1.957611 5.303046 -13.323620 0.000077 -0.000022 0.000006 -0.013497 0.048869 0.043743 0.686561 -3.665914 -10.640661 -0.718711 3.736057 -10.611030 -3.936149 -1.015809 8.956190 -34.962948 -29.718521 -22.763042 178.276077 -50.701435 -178.678711 16.445248 -2.265802 -1.501134 -5.882101 9.861279 0.702589 -10.936853 -0.360574 7.156195 -0.000002 8.774813 -0.000001 -16.438591 17.862621 6.023733 -1.844031 2.498503 -2.507277 -10.163589 4.678940 4.621105 -20.975992 -0.000002 -0.000001 -21.226250 2.451692 -3.593998 -0.000001 -0.000007 -0.000001 -1.362680 2.240797 -0.746323 -21.334887 0.584911 3.008319 -13.821195 -0.000003 0.000000 -23.887125 -0.249080 -0.839483 -60.101978 2.424403 -0.893093 -0.294023 1.679686 0.833255 -14.218192 0.093215 1.300579 -34.211998 -0.287562 0.967166 -20.033176 0.964536 1.212840 -0.000000 -0.000001 0.000000 -3.440384 0.788234 0.501656 -15.928165 -3.167306 2.999704 -6.338815 -0.000001 -0.000000 -18.123411 3.648180 -4.905665 -0.000006 -0.000000 -0.000001 6.574185 19.290785 12.072914 43.151493 56.434967 -0.748814 179.808487 64.881538 -179.944321 -13.331929 5.145181 -19.170279 2.243538 -5.255031 -3.180156 14.282877 -0.826591 6.952497 -0.000004 -12.690590 -0.000000 15.927465 -17.745985 2.873418 1.665664 -1.955918 -2.878296 4.727793 -4.170582 4.993918 11.020511 0.000004 -0.000000 12.109030 -3.735708 -2.866778 -0.000001 -0.000001 -0.000002 1.291984 -1.928547 -1.498090 14.800113 0.567470 3.865603 14.242553 -1.341731 -6.660648 19.631939 0.143929 -0.648243 49.272720 -0.852567 -5.719365 0.353029 -1.511150 -0.031940 20.222767 3.684311 2.316629 18.787245 0.000007 0.000002 10.751610 -0.479867 1.397905 -0.000000 0.000000 0.000001 3.273802 0.305947 -0.580110 21.486792 11.830367 2.266133 8.162916 0.000003 0.000000 18.399050 -3.798978 -4.940564 0.000003 -0.000002 -0.000002 10.322075 15.641895 -25.515137 -0.352834 -0.526542 29.461233 -13.612979 -9.684123 3.239188 1.637198 -1.887755 -0.429416 0.000000 -0.000000 0.000002 -22.110321 -10.809642 14.521047 0.185520 1.286238 17.766073 19.980583 5.637689 -13.829181 -1.447814 1.007475 -3.640623 -0.000000 -0.000001 -0.000001 
15.580423 93.068657 12.655863 2.550309 -10.863233 -2.954923 0.897273 1.380136 -0.945425 -0.251305 3.714891 -5.435526 -1.033339 2.500413 13.478675 -8.693724 9.628017 19.512129 0.757790 4.754711 -3.741838 -1.931434 5.322592 -13.359141 0.000077 -0.000024 0.000005 -0.015817 0.051670 0.049227 0.685892 -3.654640 -10.612947 -0.722691 3.757995 -10.585440 -3.963291 -1.059692 8.946948 -35.011356 -29.702339 -22.753870 178.392639 -50.680454 -178.785248 16.466286 -2.328268 -1.379804 -5.882102 9.861278 0.702590 -10.936858 -0.360575 7.156197 -0.000002 8.774814 -0.000003 -16.413622 17.860172 6.050070 -1.844029 2.498502 -2.507277 -10.163588 4.678938 4.621104 -20.975996 -0.000002 0.000002 -21.226255 2.451695 -3.593995 -0.000001 -0.000007 -0.000001 -1.362681 2.240796 -0.746323 -21.334887 0.584909 3.008319 -13.821195 -0.000003 0.000001 -23.887131 -0.249077 -0.839481 -60.124615 2.419213 -0.860960 -0.294025 1.679687 0.833255 -14.218192 0.093214 1.300578 -34.212002 -0.287564 0.967169 -20.033178 0.964534 1.212842 0.000000 -0.000000 0.000000 -3.440386 0.788234 0.501655 -15.928169 -3.167306 2.999703 -6.338817 -0.000002 0.000000 -18.123411 3.648177 -4.905662 -0.000005 0.000001 -0.000002 6.587864 19.283388 12.055962 43.270279 56.294998 -0.705337 179.842529 64.819710 -179.968979 -13.307536 5.194379 -19.383438 2.243539 -5.255033 -3.180158 14.282875 -0.826591 6.952497 -0.000003 -12.690590 -0.000002 15.952375 -17.753906 2.879593 1.665665 -1.955921 -2.878295 4.727792 -4.170582 4.993919 11.020509 0.000003 -0.000001 12.109031 -3.735709 -2.866779 -0.000001 0.000000 -0.000000 1.291984 -1.928548 -1.498088 14.800111 0.567467 3.865604 14.242553 -1.341734 -6.660649 19.631939 0.143926 -0.648242 49.340832 -0.885444 -5.711705 0.353028 -1.511150 -0.031940 20.222771 3.684306 2.316629 18.787247 0.000004 0.000001 10.751611 -0.479868 1.397904 -0.000001 0.000000 0.000000 3.273806 0.305947 -0.580110 21.486792 11.830364 2.266132 8.162916 0.000003 0.000000 18.399055 -3.798979 -4.940568 0.000005 0.000001 -0.000002 10.369566 15.568118 -25.534494 -0.355723 -0.542396 29.390165 -13.640904 -9.710022 3.282007 1.637626 -1.880077 -0.414220 0.000000 0.000000 0.000002 -21.995529 -10.864761 14.600053 0.182101 1.267418 17.790817 19.945953 5.594753 -13.825498 -1.450270 1.012594 -3.717860 0.000000 0.000000 -0.000001 
15.497224 93.093208 12.641251 2.493734 -10.698586 -2.902020 0.916091 1.401016 -0.960223 -0.248498 3.722656 -5.426296 -1.013921 2.478434 13.430125 -8.694461 9.639518 19.483475 0.769400 4.758553 -3.729336 -1.905537 5.344566 -13.402033 0.000077 -0.000023 0.000006 -0.016353 0.075840 0.053422 0.680848 -3.629122 -10.588082 -0.721263 3.769755 -10.559569 -3.973614 -1.102570 8.980521 -35.066116 -29.679464 -22.783489 178.459335 -50.642887 -178.839478 16.473372 -2.373236 -1.169891 -5.882101 9.861280 0.702587 -10.936858 -0.360576 7.156196 -0.000002 8.774813 -0.000001 -16.413654 17.873167 6.030657 -1.844032 2.498505 -2.507276 -10.163589 4.678941 4.621103 -20.975994 -0.000003 0.000002 -21.226255 2.451693 -3.593993 -0.000000 -0.000006 -0.000001 -1.362679 2.240795 -0.746323 -21.334890 0.584908 3.008321 -13.821197 -0.000002 0.000002 -23.887129 -0.249077 -0.839482 -60.134048 2.437639 -0.842892 -0.294025 1.679685 0.833254 -14.218192 0.093215 1.300580 -34.212002 -0.287562 0.967168 -20.033176 0.964536 1.212840 0.000000 -0.000001 0.000001 -3.440386 0.788233 0.501656 -15.928165 -3.167305 2.999704 -6.338815 0.000000 0.000001 -18.123411 3.648178 -4.905663 -0.000006 0.000001 -0.000002 6.595731 19.278193 12.054290 43.348621 56.199200 -0.652542 179.833359 64.755089 -179.968552 -13.299597 5.230782 -19.555479 2.243540 -5.255031 -3.180155 14.282875 -0.826593 6.952497 -0.000002 -12.690587 -0.000001 16.000303 -17.769899 2.877945 1.665665 -1.955920 -2.878297 4.727797 -4.170584 4.993919 11.020511 0.000001 -0.000001 12.109034 -3.735711 -2.866779 -0.000001 -0.000001 0.000000 1.291985 -1.928549 -1.498086 14.800114 0.567467 3.865606 14.242551 -1.341736 -6.660648 19.631939 0.143924 -0.648242 49.419960 -0.895616 -5.708771 0.353029 -1.511150 -0.031940 20.222767 3.684307 2.316628 18.787245 0.000004 0.000001 10.751610 -0.479869 1.397903 0.000000 0.000000 0.000000 3.273803 0.305946 -0.580110 21.486790 11.830360 2.266130 8.162918 0.000001 0.000000 18.399054 -3.798980 -4.940567 0.000004 0.000000 -0.000002 10.423697 15.541271 -25.541178 -0.358867 -0.557851 29.200287 -13.640532 -9.729870 3.424746 1.638466 -1.866476 -0.374761 0.000000 -0.000000 0.000002 -21.833128 -10.900395 14.591484 0.184116 1.250694 17.878267 19.905403 5.567905 -13.779501 -1.454002 1.017751 -3.840655 -0.000000 0.000001 -0.000001 
15.404369 93.119583 12.608917 2.435477 -10.515621 -2.827260 0.928107 1.361199 -0.980087 -0.242950 3.780552 -5.416758 -0.985555 2.443838 13.373827 -8.697226 9.650674 19.460127 0.767569 4.777266 -3.749295 -1.876184 5.377521 -13.417846 0.000077 -0.000022 0.000006 -0.020943 0.089042 0.053666 0.678632 -3.616266 -10.567208 -0.722148 3.783010 -10.541822 -3.973264 -1.141440 9.019107 -35.106441 -29.680319 -22.847757 178.472443 -50.591869 -178.872253 16.460285 -2.417245 -0.863078 -5.882100 9.861278 0.702590 -10.936861 -0.360574 7.156197 -0.000002 8.774814 -0.000000 -16.381042 17.881502 6.013360 -1.844031 2.498503 -2.507275 -10.163589 4.678939 4.621103 -20.975996 -0.000005 0.000004 -21.226254 2.451692 -3.593992 -0.000000 -0.000006 -0.000000 -1.362679 2.240796 -0.746323 -21.334888 0.584907 3.008321 -13.821197 -0.000004 0.000003 -23.887131 -0.249079 -0.839480 -60.101284 2.466269 -0.820260 -0.294023 1.679686 0.833255 -14.218194 0.093213 1.300579 -34.212006 -0.287565 0.967174 -20.033182 0.964535 1.212844 -0.000000 0.000000 0.000000 -3.440385 0.788230 0.501656 -15.928169 -3.167306 2.999706 -6.338819 -0.000002 0.000002 -18.123415 3.648177 -4.905661 -0.000004 0.000002 -0.000001 6.582462 19.268223 12.057418 43.345490 56.132343 -0.724221 179.853958 64.683220 -179.923599 -13.294423 5.330015 -19.658163 2.243540 -5.255032 -3.180156 14.282878 -0.826594 6.952493 -0.000004 -12.690591 0.000000 16.118999 -17.802704 2.850950 1.665665 -1.955919 -2.878296 4.727795 -4.170585 4.993918 11.020512 0.000001 -0.000001 12.109035 -3.735713 -2.866779 -0.000001 0.000000 -0.000000 1.291984 -1.928548 -1.498088 14.800114 0.567466 3.865602 14.242553 -1.341735 -6.660649 19.631937 0.143926 -0.648243 49.536774 -0.928007 -5.737901 0.353030 -1.511149 -0.031939 20.222767 3.684306 2.316627 18.787245 0.000004 -0.000000 10.751610 -0.479868 1.397903 -0.000001 0.000000 0.000001 3.273805 0.305946 -0.580110 21.486790 11.830361 2.266128 8.162921 0.000000 -0.000001 18.399055 -3.798980 -4.940569 0.000004 -0.000001 -0.000003 10.476505 15.495842 -25.578648 -0.358750 -0.569351 28.988632 -13.640520 -9.755955 3.608742 1.642758 -1.860965 -0.378835 0.000000 0.000000 0.000002 -21.651514 -10.981220 14.527633 0.178268 1.277595 18.028809 19.873623 5.509971 -13.760035 -1.450295 0.998684 -3.988272 0.000000 -0.000001 -0.000001 
15.277514 93.163940 12.600078 2.394963 -10.350088 -2.736192 0.932676 1.324120 -1.002994 -0.248917 3.817329 -5.407026 -0.956205 2.405525 13.296566 -8.705329 9.682507 19.414539 0.748020 4.814704 -3.759038 -1.848747 5.429617 -13.400778 0.000077 -0.000022 0.000006 -0.020697 0.088704 0.042714 0.674092 -3.611798 -10.548288 -0.720471 3.769854 -10.523770 -3.963795 -1.169599 9.081057 -35.153324 -29.693439 -22.992220 178.490128 -50.507866 -178.885330 16.380474 -2.462330 -0.599866 -5.882101 9.861277 0.702590 -10.936859 -0.360575 7.156200 0.000000 8.774809 -0.000001 -16.341551 17.910761 6.002671 -1.844030 2.498501 -2.507276 -10.163589 4.678937 4.621103 -20.975998 -0.000005 0.000004 -21.226255 2.451690 -3.593990 -0.000000 -0.000006 -0.000000 -1.362681 2.240797 -0.746323 -21.334890 0.584907 3.008322 -13.821198 -0.000004 0.000004 -23.887133 -0.249078 -0.839480 -60.041042 2.495880 -0.799772 -0.294025 1.679687 0.833255 -14.218194 0.093214 1.300579 -34.212002 -0.287565 0.967172 -20.033180 0.964535 1.212844 -0.000000 -0.000001 0.000000 -3.440386 0.788232 0.501656 -15.928169 -3.167307 2.999705 -6.338817 -0.000002 0.000002 -18.123411 3.648174 -4.905660 -0.000005 0.000001 -0.000002 6.559126 19.279411 12.071049 43.336430 56.059170 -0.799068 179.778397 64.552811 -179.990814 -13.343360 5.449843 -19.720623 2.243541 -5.255033 -3.180157 14.282873 -0.826592 6.952496 -0.000002 -12.690591 0.000000 16.251730 -17.882973 2.806037 1.665666 -1.955918 -2.878300 4.727793 -4.170583 4.993917 11.020511 0.000003 -0.000001 12.109035 -3.735709 -2.866780 -0.000001 -0.000001 0.000000 1.291987 -1.928548 -1.498089 14.800111 0.567468 3.865602 14.242553 -1.341735 -6.660651 19.631939 0.143928 -0.648246 49.588215 -0.920017 -5.793131 0.353029 -1.511150 -0.031940 20.222767 3.684309 2.316625 18.787247 0.000005 -0.000001 10.751610 -0.479866 1.397905 0.000000 0.000000 0.000000 3.273803 0.305947 -0.580110 21.486792 11.830363 2.266130 8.162917 0.000003 -0.000001 18.399055 -3.798979 -4.940569 0.000004 0.000000 -0.000003 10.538108 15.432648 -25.543900 -0.366317 -0.586812 28.651871 -13.691803 -9.770185 3.807491 1.649039 -1.861291 -0.381704 0.000000 0.000000 0.000002 -21.481953 -11.084182 14.456611 0.178472 1.319713 18.183270 19.842335 5.489302 -13.665076 -1.452299 0.987169 -4.106858 -0.000000 -0.000000 -0.000001 
15.213644 93.198433 12.652273 2.376402 -10.216949 -2.639419 0.921637 1.312822 -1.024754 -0.260446 3.804699 -5.420423 -0.923576 2.384315 13.226616 -8.714778 9.733986 19.361559 0.743548 4.886547 -3.756361 -1.823515 5.451209 -13.376767 0.000077 -0.000024 0.000006 -0.023027 0.081503 0.031593 0.669377 -3.612479 -10.534575 -0.721402 3.762381 -10.511721 -3.919597 -1.198252 9.136431 -35.254971 -29.738468 -23.196756 178.456589 -50.422550 -178.802490 16.239300 -2.426866 -0.523098 -5.882100 9.861278 0.702589 -10.936860 -0.360576 7.156199 -0.000002 8.774811 -0.000002 -16.302494 17.950842 6.003782 -1.844031 2.498504 -2.507276 -10.163591 4.678941 4.621105 -20.975998 -0.000002 0.000006 -21.226254 2.451692 -3.593991 -0.000000 -0.000006 -0.000000 -1.362680 2.240796 -0.746323 -21.334890 0.584908 3.008323 -13.821197 -0.000003 0.000003 -23.887129 -0.249077 -0.839480 -59.965965 2.516776 -0.788679 -0.294024 1.679686 0.833255 -14.218195 0.093216 1.300581 -34.212002 -0.287563 0.967173 -20.033178 0.964535 1.212844 0.000000 0.000001 0.000000 -3.440387 0.788232 0.501656 -15.928165 -3.167307 2.999704 -6.338817 0.000001 0.000003 -18.123411 3.648178 -4.905660 -0.000005 0.000001 -0.000001 6.499850 19.297695 12.101586 43.234386 56.085148 -0.958770 179.658066 64.462738 179.930664 -13.501737 5.617729 -19.672781 2.243541 -5.255031 -3.180157 14.282875 -0.826595 6.952495 -0.000002 -12.690587 0.000000 16.394888 -17.962000 2.749787 1.665665 -1.955921 -2.878294 4.727796 -4.170585 4.993918 11.020511 0.000002 0.000000 12.109033 -3.735712 -2.866781 -0.000001 -0.000000 -0.000001 1.291987 -1.928549 -1.498091 14.800114 0.567466 3.865603 14.242553 -1.341736 -6.660650 19.631939 0.143923 -0.648246 49.545506 -0.911880 -5.857305 0.353030 -1.511150 -0.031940 20.222769 3.684302 2.316627 18.787247 0.000003 -0.000000 10.751610 -0.479868 1.397904 -0.000001 0.000000 0.000001 3.273805 0.305945 -0.580109 21.486788 11.830360 2.266129 8.162916 0.000002 -0.000002 18.399052 -3.798980 -4.940568 0.000004 -0.000001 -0.000002 10.537486 15.386389 -25.513222 -0.370628 -0.604102 28.391592 -13.754157 -9.805183 3.843242 1.656834 -1.873983 -0.409491 0.000000 0.000000 0.000002 -21.369928 -11.137795 14.461282 0.154654 1.357933 18.180153 19.835365 5.451829 -13.516629 -1.447459 0.975250 -4.247704 0.000000 0.000000 -0.000001 
15.165774 93.208229 12.766615 2.386599 -10.143422 -2.567966 0.905177 1.305369 -1.020196 -0.273124 3.801546 -5.450995 -0.908329 2.340865 13.157349 -8.700516 9.773515 19.334215 0.726983 4.963390 -3.769656 -1.808930 5.487114 -13.304873 0.000077 -0.000023 0.000006 -0.022922 0.050074 0.018954 0.668925 -3.635796 -10.528637 -0.717074 3.729754 -10.504746 -3.833437 -1.226130 9.201235 -35.387478 -29.756842 -23.467453 178.490631 -50.318649 -178.740372 16.138830 -2.329209 -0.762221 -5.882102 9.861279 0.702591 -10.936862 -0.360574 7.156196 -0.000002 8.774813 -0.000000 -16.286152 18.051180 6.027604 -1.844032 2.498503 -2.507276 -10.163589 4.678940 4.621104 -20.975996 -0.000003 0.000001 -21.226254 2.451692 -3.593995 -0.000000 -0.000006 -0.000001 -1.362680 2.240796 -0.746323 -21.334890 0.584909 3.008318 -13.821197 -0.000001 0.000002 -23.887131 -0.249079 -0.839483 -59.917927 2.504662 -0.753255 -0.294025 1.679686 0.833255 -14.218194 0.093213 1.300577 -34.212006 -0.287563 0.967168 -20.033180 0.964534 1.212842 0.000000 0.000001 0.000000 -3.440385 0.788233 0.501655 -15.928167 -3.167306 2.999702 -6.338819 -0.000001 0.000001 -18.123415 3.648176 -4.905662 -0.000005 -0.000000 -0.000001 6.408093 19.342056 12.122459 43.121861 56.143894 -1.135975 179.463333 64.381210 179.847534 -13.803904 5.776136 -19.574646 2.243540 -5.255033 -3.180154 14.282873 -0.826593 6.952497 -0.000002 -12.690593 -0.000002 16.518766 -18.065559 2.693618 1.665664 -1.955919 -2.878299 4.727791 -4.170581 4.993918 11.020513 0.000004 -0.000002 12.109029 -3.735707 -2.866777 -0.000001 0.000000 0.000000 1.291984 -1.928549 -1.498090 14.800113 0.567470 3.865606 14.242551 -1.341734 -6.660648 19.631935 0.143925 -0.648242 49.442043 -0.910180 -5.935302 0.353028 -1.511150 -0.031941 20.222767 3.684306 2.316628 18.787245 0.000002 0.000001 10.751610 -0.479867 1.397905 0.000000 0.000001 0.000002 3.273803 0.305947 -0.580110 21.486792 11.830366 2.266130 8.162916 0.000003 0.000000 18.399048 -3.798977 -4.940565 0.000004 0.000000 -0.000001 10.536047 15.307790 -25.448105 -0.385497 -0.613737 28.238520 -13.816782 -9.860020 3.688141 1.662237 -1.906519 -0.407340 0.000000 -0.000000 0.000002 -21.327290 -11.144063 14.551311 0.153084 1.431529 18.070538 19.847921 5.400548 -13.419662 -1.444787 0.975545 -4.408352 -0.000000 -0.000001 -0.000001 
15.150367 93.231354 12.839963 2.394021 -10.043680 -2.523642 0.916080 1.259137 -0.999446 -0.295478 3.789283 -5.486970 -0.889012 2.307200 13.109053 -8.710855 9.797981 19.254883 0.749991 5.010020 -3.768647 -1.769156 5.476634 -13.201249 0.000077 -0.000023 0.000006 -0.020771 0.034022 0.008914 0.669685 -3.655402 -10.529248 -0.713852 3.714611 -10.499771 -3.713932 -1.194777 9.307395 -35.591019 -29.850145 -23.828150 178.672729 -50.291088 -178.815872 16.081085 -2.317888 -1.062849 -5.882101 9.861279 0.702590 -10.936863 -0.360575 7.156199 -0.000001 8.774814 -0.000003 -16.279181 18.139418 6.048063 -1.844029 2.498503 -2.507275 -10.163592 4.678940 4.621105 -20.976000 -0.000002 0.000006 -21.226254 2.451694 -3.593989 -0.000000 -0.000006 -0.000000 -1.362682 2.240796 -0.746323 -21.334892 0.584909 3.008322 -13.821197 -0.000005 0.000004 -23.887131 -0.249077 -0.839478 -59.878502 2.518328 -0.718240 -0.294024 1.679686 0.833256 -14.218195 0.093214 1.300580 -34.212013 -0.287562 0.967175 -20.033180 0.964536 1.212844 0.000000 0.000001 0.000000 -3.440385 0.788233 0.501655 -15.928171 -3.167307 2.999705 -6.338819 -0.000001 0.000002 -18.123415 3.648177 -4.905659 -0.000005 0.000001 -0.000001 6.286227 19.396490 12.048251 43.036400 56.140633 -1.348190 179.125427 64.283630 179.655899 -14.022939 5.752470 -19.482994 2.243541 -5.255033 -3.180154 14.282878 -0.826596 6.952496 -0.000001 -12.690591 0.000001 16.483393 -18.143471 2.622674 1.665666 -1.955920 -2.878296 4.727796 -4.170586 4.993916 11.020513 0.000001 -0.000001 12.109035 -3.735712 -2.866779 -0.000001 0.000001 -0.000001 1.291985 -1.928548 -1.498088 14.800114 0.567464 3.865605 14.242553 -1.341736 -6.660650 19.631937 0.143924 -0.648246 49.204609 -0.863170 -5.973096 0.353029 -1.511149 -0.031941 20.222773 3.684303 2.316625 18.787249 0.000001 -0.000002 10.751612 -0.479869 1.397901 0.000001 -0.000000 0.000001 3.273802 0.305947 -0.580112 21.486790 11.830365 2.266129 8.162918 0.000001 -0.000001 18.399057 -3.798981 -4.940570 0.000003 -0.000001 -0.000002 10.528027 15.165106 -25.362022 -0.415721 -0.619181 28.030914 -13.853454 -9.802551 3.594738 1.665045 -1.956416 -0.424825 0.000000 -0.000000 0.000002 -21.278688 -11.117496 14.615161 0.135020 1.459739 18.025110 19.869032 5.279617 -13.259147 -1.441709 0.969765 -4.608102 0.000000 -0.000001 -0.000001 
