HIERARCHY
ROOT Hips
{
	OFFSET 0.000000 0.000000 0.000000
	CHANNELS 6 Xposition Yposition Zposition Zrotation Yrotation Xrotation 
	JOINT Spine1
	{
		OFFSET -0.013727 5.003763 -0.053727
		CHANNELS 3 Zrotation Yrotation Xrotation
		JOINT Spine2
		{
			OFFSET -0.000000 7.125301 -0.029825
			CHANNELS 3 Zrotation Yrotation Xrotation
			JOINT Chest
			{
				OFFSET -0.000001 7.550063 -0.815971
				CHANNELS 3 Zrotation Yrotation Xrotation
				JOINT Neck1
				{
					OFFSET -0.181677 26.311296 -0.553348
					CHANNELS 3 Zrotation Yrotation Xrotation
					JOINT Neck2
					{
						OFFSET -0.000003 7.709399 2.302586
						CHANNELS 3 Zrotation Yrotation Xrotation
						JOINT Head
						{
							OFFSET -0.000005 6.128913 1.953708
							CHANNELS 3 Zrotation Yrotation Xrotation
							JOINT HeadEnd
							{
								OFFSET 0.003598 16.065401 -1.835379
								CHANNELS 3 Zrotation Yrotation Xrotation
								End Site
								{
									OFFSET 0.000000 0.000000 0.000000
								}
							}
							JOINT Jaw
							{
								OFFSET 0.002637 0.475592 3.094940
								CHANNELS 3 Zrotation Yrotation Xrotation
								End Site
								{
									OFFSET 0.000000 0.000000 0.000000
								}
							}
							JOINT LeftEye
							{
								OFFSET 3.206381 5.380208 7.586883
								CHANNELS 3 Zrotation Yrotation Xrotation
								End Site
								{
									OFFSET 0.000000 0.000000 0.000000
								}
							}
							JOINT RightEye
							{
								OFFSET -3.222440 5.361867 7.558233
								CHANNELS 3 Zrotation Yrotation Xrotation
								End Site
								{
									OFFSET 0.000000 0.000000 0.000000
								}
							}
						}
					}
				}
				JOINT LeftShoulder
				{
					OFFSET 1.621652 23.237164 5.113413
					CHANNELS 3 Zrotation Yrotation Xrotation
					JOINT LeftArm
					{
						OFFSET 14.919845 0.000000 -5.502326
						CHANNELS 3 Zrotation Yrotation Xrotation
						JOINT LeftForeArm
						{
							OFFSET 28.739313 0.000003 -0.002588
							CHANNELS 3 Zrotation Yrotation Xrotation
							JOINT LeftHand
							{
								OFFSET 27.093979 -0.000003 0.002609
								CHANNELS 3 Zrotation Yrotation Xrotation
								JOINT LeftHandThumb1
								{
									OFFSET 2.276481 -1.392045 3.191414
									CHANNELS 3 Zrotation Yrotation Xrotation
									JOINT LeftHandThumb2
									{
										OFFSET 4.012841 -1.828127 1.641655
										CHANNELS 3 Zrotation Yrotation Xrotation
										JOINT LeftHandThumb3
										{
											OFFSET 2.798516 0.000001 -0.000003
											CHANNELS 3 Zrotation Yrotation Xrotation
											JOINT LeftHandThumbEnd
											{
												OFFSET 3.180791 -0.000001 0.000004
												CHANNELS 3 Zrotation Yrotation Xrotation
												End Site
												{
													OFFSET 0.000000 0.000000 0.000000
												}
											}
										}
									}
								}
								JOINT LeftHandIndex1
								{
									OFFSET 3.247554 -0.531998 2.296170
									CHANNELS 3 Zrotation Yrotation Xrotation
									JOINT LeftHandIndex2
									{
										OFFSET 6.364580 0.012062 0.178600
										CHANNELS 3 Zrotation Yrotation Xrotation
										JOINT LeftHandIndex3
										{
											OFFSET 3.662366 0.000000 -0.000000
											CHANNELS 3 Zrotation Yrotation Xrotation
											JOINT LeftHandIndex4
											{
												OFFSET 2.329243 0.000002 0.000004
												CHANNELS 3 Zrotation Yrotation Xrotation
												JOINT LeftHandIndexEnd
												{
													OFFSET 2.759619 -0.180539 -0.113023
													CHANNELS 3 Zrotation Yrotation Xrotation
													End Site
													{
														OFFSET 0.000000 0.000000 0.000000
													}
												}
											}
										}
									}
								}
								JOINT LeftHandMiddle1
								{
									OFFSET 3.163499 0.240982 1.000333
									CHANNELS 3 Zrotation Yrotation Xrotation
									JOINT LeftHandMiddle2
									{
										OFFSET 6.190778 -0.259276 -1.002549
										CHANNELS 3 Zrotation Yrotation Xrotation
										JOINT LeftHandMiddle3
										{
											OFFSET 4.356522 -0.000007 -0.000000
											CHANNELS 3 Zrotation Yrotation Xrotation
											JOINT LeftHandMiddle4
											{
												OFFSET 2.996876 -0.000006 0.000001
												CHANNELS 3 Zrotation Yrotation Xrotation
												JOINT LeftHandMiddleEnd
												{
													OFFSET 2.304294 -0.294571 -0.031740
													CHANNELS 3 Zrotation Yrotation Xrotation
													End Site
													{
														OFFSET 0.000000 0.000000 0.000000
													}
												}
											}
										}
									}
								}
								JOINT LeftHandRing1
								{
									OFFSET 2.882642 -0.053650 -0.322542
									CHANNELS 3 Zrotation Yrotation Xrotation
									JOINT LeftHandRing2
									{
										OFFSET 5.854542 -0.486203 -1.373842
										CHANNELS 3 Zrotation Yrotation Xrotation
										JOINT LeftHandRing3
										{
											OFFSET 4.350580 0.000001 0.000004
											CHANNELS 3 Zrotation Yrotation Xrotation
											JOINT LeftHandRing4
											{
												OFFSET 2.651323 0.000007 0.000003
												CHANNELS 3 Zrotation Yrotation Xrotation
												JOINT LeftHandRingEnd
												{
													OFFSET 1.936111 0.077684 -0.000071
													CHANNELS 3 Zrotation Yrotation Xrotation
													End Site
													{
														OFFSET 0.000000 0.000000 0.000000
													}
												}
											}
										}
									}
								}
								JOINT LeftHandPinky1
								{
									OFFSET 2.865500 -0.310003 -1.600377
									CHANNELS 3 Zrotation Yrotation Xrotation
									JOINT LeftHandPinky2
									{
										OFFSET 5.087853 -1.331141 -1.771231
										CHANNELS 3 Zrotation Yrotation Xrotation
										JOINT LeftHandPinky3
										{
											OFFSET 3.070974 0.000003 0.000000
											CHANNELS 3 Zrotation Yrotation Xrotation
											JOINT LeftHandPinky4
											{
												OFFSET 1.549667 -0.000000 0.000000
												CHANNELS 3 Zrotation Yrotation Xrotation
												JOINT LeftHandPinkyEnd
												{
													OFFSET 1.944894 -0.157802 0.057219
													CHANNELS 3 Zrotation Yrotation Xrotation
													End Site
													{
														OFFSET 0.000000 0.000000 0.000000
													}
												}
											}
										}
									}
								}
							}
						}
					}
				}
				JOINT RightShoulder
				{
					OFFSET -1.380118 23.180307 5.214158
					CHANNELS 3 Zrotation Yrotation Xrotation
					JOINT RightArm
					{
						OFFSET -15.037197 0.000011 -5.545604
						CHANNELS 3 Zrotation Yrotation Xrotation
						JOINT RightForeArm
						{
							OFFSET -28.736639 0.000002 -0.002598
							CHANNELS 3 Zrotation Yrotation Xrotation
							JOINT RightHand
							{
								OFFSET -27.133619 -0.000000 0.002613
								CHANNELS 3 Zrotation Yrotation Xrotation
								JOINT RightHandThumb1
								{
									OFFSET -2.274038 -1.383990 3.163128
									CHANNELS 3 Zrotation Yrotation Xrotation
									JOINT RightHandThumb2
									{
										OFFSET -4.011429 -1.827468 1.640914
										CHANNELS 3 Zrotation Yrotation Xrotation
										JOINT RightHandThumb3
										{
											OFFSET -2.794934 -0.000003 -0.000004
											CHANNELS 3 Zrotation Yrotation Xrotation
											JOINT RightHandThumbEnd
											{
												OFFSET -3.183855 0.000003 0.000000
												CHANNELS 3 Zrotation Yrotation Xrotation
												End Site
												{
													OFFSET 0.000000 0.000000 0.000000
												}
											}
										}
									}
								}
								JOINT RightHandIndex1
								{
									OFFSET -3.253271 -0.520060 2.282867
									CHANNELS 3 Zrotation Yrotation Xrotation
									JOINT RightHandIndex2
									{
										OFFSET -6.341916 0.012472 0.178264
										CHANNELS 3 Zrotation Yrotation Xrotation
										JOINT RightHandIndex3
										{
											OFFSET -3.654874 -0.000009 -0.000001
											CHANNELS 3 Zrotation Yrotation Xrotation
											JOINT RightHandIndex4
											{
												OFFSET -2.327586 0.000000 0.000000
												CHANNELS 3 Zrotation Yrotation Xrotation
												JOINT RightHandIndexEnd
												{
													OFFSET -2.761789 -0.180657 -0.113079
													CHANNELS 3 Zrotation Yrotation Xrotation
													End Site
													{
														OFFSET 0.000000 0.000000 0.000000
													}
												}
											}
										}
									}
								}
								JOINT RightHandMiddle1
								{
									OFFSET -3.168106 0.246593 1.001030
									CHANNELS 3 Zrotation Yrotation Xrotation
									JOINT RightHandMiddle2
									{
										OFFSET -6.180831 -0.258836 -1.000896
										CHANNELS 3 Zrotation Yrotation Xrotation
										JOINT RightHandMiddle3
										{
											OFFSET -4.348906 -0.000001 -0.000001
											CHANNELS 3 Zrotation Yrotation Xrotation
											JOINT RightHandMiddle4
											{
												OFFSET -3.000243 -0.000004 -0.000002
												CHANNELS 3 Zrotation Yrotation Xrotation
												JOINT RightHandMiddleEnd
												{
													OFFSET -2.302518 -0.294371 -0.031706
													CHANNELS 3 Zrotation Yrotation Xrotation
													End Site
													{
														OFFSET 0.000000 0.000000 0.000000
													}
												}
											}
										}
									}
								}
								JOINT RightHandRing1
								{
									OFFSET -2.885693 -0.067952 -0.308858
									CHANNELS 3 Zrotation Yrotation Xrotation
									JOINT RightHandRing2
									{
										OFFSET -5.854198 -0.486132 -1.373731
										CHANNELS 3 Zrotation Yrotation Xrotation
										JOINT RightHandRing3
										{
											OFFSET -4.338814 -0.000003 -0.000001
											CHANNELS 3 Zrotation Yrotation Xrotation
											JOINT RightHandRing4
											{
												OFFSET -2.654906 -0.000004 0.000005
												CHANNELS 3 Zrotation Yrotation Xrotation
												JOINT RightHandRingEnd
												{
													OFFSET -1.933570 0.077524 -0.000052
													CHANNELS 3 Zrotation Yrotation Xrotation
													End Site
													{
														OFFSET 0.000000 0.000000 0.000000
													}
												}
											}
										}
									}
								}
								JOINT RightHandPinky1
								{
									OFFSET -2.866430 -0.342798 -1.584144
									CHANNELS 3 Zrotation Yrotation Xrotation
									JOINT RightHandPinky2
									{
										OFFSET -5.091369 -1.332054 -1.772386
										CHANNELS 3 Zrotation Yrotation Xrotation
										JOINT RightHandPinky3
										{
											OFFSET -3.062666 -0.000007 0.000000
											CHANNELS 3 Zrotation Yrotation Xrotation
											JOINT RightHandPinky4
											{
												OFFSET -1.546528 0.000006 -0.000002
												CHANNELS 3 Zrotation Yrotation Xrotation
												JOINT RightHandPinkyEnd
												{
													OFFSET -1.945122 -0.157721 0.057211
													CHANNELS 3 Zrotation Yrotation Xrotation
													End Site
													{
														OFFSET 0.000000 0.000000 0.000000
													}
												}
											}
										}
									}
								}
							}
						}
					}
				}
			}
		}
	}
	JOINT LeftLeg
	{
		OFFSET 10.043214 -8.434526 2.595654
		CHANNELS 3 Zrotation Yrotation Xrotation
		JOINT LeftShin
		{
			OFFSET -0.000001 -43.221752 -0.802913
			CHANNELS 3 Zrotation Yrotation Xrotation
			JOINT LeftFoot
			{
				OFFSET 0.000002 -42.155094 -3.481523
				CHANNELS 3 Zrotation Yrotation Xrotation
				JOINT LeftToeBase
				{
					OFFSET 0.000001 -5.059475 13.231529
					CHANNELS 3 Zrotation Yrotation Xrotation
					JOINT LeftToeEnd
					{
						OFFSET -0.009607 -1.647616 6.513017
						CHANNELS 3 Zrotation Yrotation Xrotation
						End Site
						{
							OFFSET 0.000000 0.000000 0.000000
						}
					}
				}
			}
		}
	}
	JOINT RightLeg
	{
		OFFSET -10.047277 -8.295259 2.620317
		CHANNELS 3 Zrotation Yrotation Xrotation
		JOINT RightShin
		{
			OFFSET 0.000001 -43.362209 -0.805556
			CHANNELS 3 Zrotation Yrotation Xrotation
			JOINT RightFoot
			{
				OFFSET 0.000002 -42.117393 -3.478399
				CHANNELS 3 Zrotation Yrotation Xrotation
				JOINT RightToeBase
				{
					OFFSET -0.000001 -5.079610 13.284196
					CHANNELS 3 Zrotation Yrotation Xrotation
					JOINT RightToeEnd
					{
						OFFSET 0.009532 -1.634383 6.460591
						CHANNELS 3 Zrotation Yrotation Xrotation
						End Site
						{
							OFFSET 0.000000 0.000000 0.000000
						}
					}
				}
			}
		}
	}
}
MOTION
Frames: 90
Frame Time: 0.033333
-1.485139 91.869858 1.570738 1.604720 0.282918 -8.736673 0.866157 0.567635 1.480541 -0.387617 1.580161 -4.032242 1.364159 -0.152644 13.862006 -7.953352 9.338297 22.592644 0.359846 2.550500 -3.772543 -1.353191 2.857406 -9.606478 0.000077 -0.000022 0.000006 -0.010161 0.012592 0.014508 0.730692 -3.674187 -10.573968 -0.763033 3.692521 -10.514715 -7.860313 -5.055537 9.794532 -52.863453 -21.021095 0.287742 176.925858 -47.479210 -177.954803 20.661602 -5.903892 -10.416567 -5.882100 9.861279 0.702590 -10.936858 -0.360576 7.156196 0.000002 8.774813 -0.000001 -15.750603 18.996510 6.417749 -1.844031 2.498501 -2.507276 -10.163589 4.678937 4.621104 -20.975996 -0.000004 0.000003 -21.226255 2.451692 -3.593992 -0.000000 -0.000004 -0.000002 -1.362681 2.240798 -0.746323 -21.334892 0.584907 3.008320 -13.821197 -0.000001 0.000002 -23.887136 -0.249077 -0.839482 -60.800285 2.662564 -1.198553 -0.294024 1.679685 0.833255 -14.218190 0.093215 1.300579 -34.212006 -0.287565 0.967171 -20.033176 0.964535 1.212843 -0.000000 0.000000 0.000000 -3.440385 0.788232 0.501655 -15.928165 -3.167306 2.999704 -6.338817 -0.000002 0.000001 -18.123413 3.648177 -4.905660 -0.000005 -0.000002 -0.000003 11.537106 14.732709 11.204330 54.095715 42.479927 26.000578 -173.252792 62.492355 -174.128265 -20.662773 10.752571 -8.509212 2.243540 -5.255031 -3.180156 14.282878 -0.826593 6.952496 -0.000000 -12.690590 0.000000 16.123798 -18.536671 2.751766 1.665665 -1.955919 -2.878297 4.727792 -4.170582 4.993920 11.020511 0.000004 -0.000001 12.109031 -3.735708 -2.866781 0.000002 -0.000000 -0.000001 1.291984 -1.928548 -1.498086 14.800114 0.567467 3.865603 14.242554 -1.341736 -6.660649 19.631939 0.143926 -0.648243 50.062386 -0.489539 -6.655046 0.353028 -1.511151 -0.031940 20.222769 3.684306 2.316627 18.787245 0.000005 0.000000 10.751613 -0.479866 1.397903 -0.000000 -0.000002 0.000001 3.273803 0.305947 -0.580109 21.486794 11.830362 2.266130 8.162918 0.000001 0.000000 18.399055 -3.798979 -4.940568 0.000003 0.000001 -0.000003 14.683289 22.587780 -21.450520 -0.488167 -0.702394 37.179916 -13.768884 -8.444011 4.326592 1.655003 -1.849275 -0.723769 -0.000000 0.000000 0.000002 -15.705666 -19.849169 3.122525 0.076480 0.636264 40.652920 9.344730 7.409548 -27.540848 -1.480284 0.794561 -1.766032 -0.000000 -0.000000 -0.000001 
-2.096826 92.088425 1.390103 1.995287 0.470728 -9.218289 0.816139 0.511573 0.926547 -0.355427 1.311309 -4.055620 1.088504 -0.653455 14.516092 -7.972678 9.757872 24.097609 0.363010 2.304292 -3.752565 -1.803845 2.799664 -8.150282 0.000077 -0.000023 0.000006 -0.024779 0.067450 0.050678 0.716502 -3.606592 -10.576093 -0.773098 3.736929 -10.575539 -11.419962 -4.749290 10.739598 -48.368431 -15.883829 1.955791 176.898209 -55.901093 -178.251755 20.218214 -7.424366 -12.782700 -5.882102 9.861278 0.702590 -10.936860 -0.360575 7.156199 0.000002 8.774812 -0.000000 -15.939283 18.994253 6.322271 -1.844031 2.498503 -2.507276 -10.163589 4.678938 4.621104 -20.975992 -0.000005 0.000005 -21.226248 2.451694 -3.593993 -0.000001 -0.000005 -0.000002 -1.362681 2.240796 -0.746322 -21.334890 0.584908 3.008320 -13.821195 -0.000004 0.000004 -23.887133 -0.249077 -0.839480 -60.583187 2.664644 -1.188541 -0.294024 1.679689 0.833255 -14.218194 0.093213 1.300581 -34.212002 -0.287562 0.967171 -20.033178 0.964535 1.212840 0.000000 0.000000 0.000002 -3.440385 0.788231 0.501655 -15.928165 -3.167307 2.999704 -6.338817 -0.000001 0.000002 -18.123407 3.648177 -4.905660 -0.000005 -0.000000 -0.000002 13.631453 13.251718 12.044718 52.525269 41.107483 27.656717 -176.077957 65.560593 -176.358124 -22.024307 11.363163 -7.143907 2.243540 -5.255033 -3.180155 14.282877 -0.826592 6.952493 -0.000002 -12.690590 0.000000 16.000477 -18.369911 2.885304 1.665664 -1.955920 -2.878297 4.727794 -4.170584 4.993918 11.020514 0.000004 -0.000003 12.109031 -3.735712 -2.866778 -0.000001 -0.000002 -0.000002 1.291984 -1.928547 -1.498087 14.800114 0.567468 3.865602 14.242553 -1.341735 -6.660650 19.631939 0.143927 -0.648245 50.096741 -0.430719 -6.346887 0.353029 -1.511150 -0.031940 20.222769 3.684308 2.316626 18.787245 0.000004 -0.000001 10.751610 -0.479867 1.397903 -0.000001 0.000000 -0.000000 3.273804 0.305946 -0.580109 21.486794 11.830365 2.266132 8.162917 0.000002 0.000000 18.399054 -3.798981 -4.940569 0.000001 0.000000 -0.000002 14.729324 21.614616 -19.514404 -0.512981 -0.658903 34.173512 -14.542583 -8.450401 4.571306 1.670239 -1.846612 -0.447327 0.000000 -0.000000 0.000002 -15.630362 -19.503574 3.858003 0.141506 0.715729 39.902943 8.667830 7.341061 -27.807682 -1.462360 0.692354 -1.647190 0.000000 0.000000 -0.000001 
-2.617071 93.110092 1.326907 2.602783 0.855773 -9.342262 0.807047 0.285691 0.176233 -0.273443 1.130624 -4.217426 0.922827 -1.011265 14.809823 -8.256833 10.632215 25.843979 0.270982 1.963261 -3.586655 -1.935860 2.445539 -6.152109 0.000077 -0.000022 0.000006 -0.039775 0.131302 0.051528 0.678588 -3.554455 -10.567851 -0.768087 3.811187 -10.608297 -14.609853 -3.674917 11.202654 -45.480782 -9.995298 4.900031 176.714340 -68.033890 -178.282974 19.336607 -8.371826 -15.571588 -5.882101 9.861278 0.702590 -10.936858 -0.360574 7.156199 -0.000001 8.774812 -0.000000 -15.777858 18.180176 6.208918 -1.844032 2.498503 -2.507276 -10.163589 4.678940 4.621104 -20.975992 -0.000001 0.000004 -21.226248 2.451694 -3.593993 0.000001 -0.000006 -0.000000 -1.362680 2.240796 -0.746323 -21.334887 0.584910 3.008322 -13.821197 -0.000000 0.000004 -23.887125 -0.249076 -0.839479 -60.080711 2.376974 -1.009099 -0.294025 1.679686 0.833256 -14.218190 0.093217 1.300581 -34.211998 -0.287558 0.967171 -20.033176 0.964538 1.212842 0.000000 -0.000000 0.000001 -3.440386 0.788231 0.501656 -15.928165 -3.167305 2.999704 -6.338817 0.000001 0.000001 -18.123411 3.648179 -4.905660 -0.000005 -0.000001 -0.000002 15.728827 12.516830 12.587432 50.147751 38.357758 28.506811 -177.990219 69.101807 -177.707077 -23.655098 10.743997 -5.684679 2.243539 -5.255033 -3.180153 14.282877 -0.826594 6.952497 -0.000001 -12.690592 -0.000001 16.088203 -17.833363 2.670816 1.665666 -1.955920 -2.878296 4.727795 -4.170583 4.993918 11.020511 0.000000 0.000002 12.109032 -3.735712 -2.866779 0.000000 0.000001 -0.000001 1.291985 -1.928550 -1.498089 14.800113 0.567466 3.865606 14.242553 -1.341739 -6.660647 19.631939 0.143923 -0.648242 50.059162 -0.488737 -5.933352 0.353029 -1.511151 -0.031939 20.222769 3.684305 2.316630 18.787245 0.000001 0.000001 10.751611 -0.479870 1.397905 0.000001 -0.000001 0.000001 3.273803 0.305947 -0.580109 21.486790 11.830360 2.266132 8.162915 0.000001 0.000001 18.399052 -3.798984 -4.940565 0.000003 0.000000 -0.000003 14.177983 19.815241 -17.324488 -0.425149 -0.640612 29.364702 -16.058172 -7.223103 7.513864 1.691544 -1.826271 -0.964863 -0.000000 0.000000 0.000002 -15.572137 -19.058420 5.375287 0.151020 0.771401 36.692482 8.579128 7.257608 -26.249189 -1.438775 0.762193 -1.906657 -0.000000 0.000001 -0.000001 
-3.102485 94.433640 1.037139 3.249845 1.712045 -9.482214 1.114965 0.166839 0.107156 -0.147524 1.322898 -4.298005 0.447937 -1.508012 14.597835 -8.865523 11.503406 26.967754 0.016781 1.642911 -3.649402 -1.781582 2.088944 -4.567904 0.000077 -0.000023 0.000005 -0.073901 0.229765 0.011437 0.601482 -3.480160 -10.628590 -0.762633 3.932863 -10.680360 -15.524321 -2.121573 11.132368 -46.733479 -5.973954 7.514850 178.451065 -79.082191 -179.994431 18.336367 -8.008109 -18.975527 -5.882100 9.861278 0.702590 -10.936859 -0.360575 7.156198 0.000001 8.774813 -0.000002 -15.611265 17.413427 5.946286 -1.844031 2.498503 -2.507275 -10.163589 4.678940 4.621106 -20.976002 -0.000005 0.000004 -21.226254 2.451693 -3.593992 0.000000 -0.000006 -0.000000 -1.362680 2.240797 -0.746323 -21.334890 0.584908 3.008321 -13.821197 -0.000003 0.000002 -23.887131 -0.249079 -0.839480 -59.756214 2.104808 -0.840410 -0.294025 1.679686 0.833255 -14.218194 0.093214 1.300580 -34.212006 -0.287564 0.967171 -20.033176 0.964535 1.212842 0.000000 0.000000 0.000000 -3.440386 0.788232 0.501655 -15.928169 -3.167306 2.999703 -6.338817 0.000000 0.000001 -18.123415 3.648176 -4.905661 -0.000004 0.000000 -0.000003 15.564662 13.156993 12.429218 47.922585 35.301208 27.144508 -178.528748 70.478424 -177.881042 -25.264595 10.372433 -7.440284 2.243542 -5.255030 -3.180156 14.282878 -0.826591 6.952493 -0.000004 -12.690590 0.000001 16.067642 -17.546228 2.603887 1.665664 -1.955921 -2.878298 4.727795 -4.170583 4.993918 11.020511 0.000004 -0.000002 12.109035 -3.735708 -2.866780 -0.000001 0.000000 -0.000000 1.291983 -1.928550 -1.498089 14.800113 0.567468 3.865601 14.242553 -1.341733 -6.660648 19.631941 0.143929 -0.648244 49.909801 -0.755260 -5.518278 0.353029 -1.511149 -0.031941 20.222769 3.684305 2.316626 18.787245 0.000006 -0.000001 10.751610 -0.479867 1.397903 0.000001 0.000000 0.000000 3.273805 0.305947 -0.580111 21.486792 11.830361 2.266129 8.162916 0.000002 -0.000002 18.399052 -3.798977 -4.940567 0.000003 0.000001 -0.000003 13.128901 18.146612 -17.650452 -0.398850 -0.673103 28.225510 -15.916496 -4.735178 11.405558 1.726015 -2.001217 -2.033020 -0.000000 -0.000000 0.000002 -15.322742 -18.308630 7.529636 0.135656 0.735471 31.936167 9.054260 6.452002 -23.968384 -1.442568 0.746398 -2.326301 -0.000000 -0.000000 -0.000001 
-3.413838 95.493217 0.442928 4.092904 3.684808 -10.204574 1.632387 0.331021 1.266132 -0.164156 1.477451 -4.043217 -0.136153 -1.200330 14.316887 -9.277677 12.114431 27.011086 -0.372781 0.198089 -3.787253 -1.132490 0.935622 -5.149572 0.000077 -0.000023 0.000005 -0.030923 0.177242 -0.002492 0.635734 -3.530008 -10.660863 -0.705456 3.877074 -10.698864 -13.990626 -0.816599 11.498586 -51.049751 -5.066456 7.842656 -173.829193 -80.694069 172.563522 15.608576 -6.988456 -19.680399 -5.882101 9.861279 0.702590 -10.936858 -0.360575 7.156197 0.000002 8.774813 -0.000002 -15.822045 17.335033 5.671731 -1.844031 2.498503 -2.507276 -10.163589 4.678940 4.621105 -20.975992 -0.000003 0.000002 -21.226254 2.451693 -3.593993 -0.000001 -0.000006 -0.000000 -1.362680 2.240797 -0.746323 -21.334894 0.584909 3.008322 -13.821194 -0.000003 0.000003 -23.887131 -0.249077 -0.839481 -59.852398 2.323382 -0.777365 -0.294024 1.679685 0.833255 -14.218192 0.093215 1.300580 -34.212002 -0.287562 0.967171 -20.033180 0.964537 1.212842 -0.000001 -0.000000 -0.000000 -3.440385 0.788233 0.501655 -15.928167 -3.167306 2.999706 -6.338817 -0.000000 0.000002 -18.123413 3.648177 -4.905660 -0.000003 -0.000000 -0.000002 12.897468 14.651859 12.282265 42.758297 32.565884 21.701456 -179.291489 68.451561 -178.591171 -25.569242 11.429683 -10.597558 2.243539 -5.255031 -3.180155 14.282878 -0.826594 6.952496 -0.000002 -12.690584 0.000000 16.031111 -17.626492 2.395749 1.665667 -1.955919 -2.878297 4.727794 -4.170582 4.993919 11.020509 0.000003 -0.000001 12.109034 -3.735710 -2.866780 0.000000 0.000001 0.000000 1.291983 -1.928548 -1.498088 14.800114 0.567466 3.865602 14.242554 -1.341733 -6.660649 19.631941 0.143927 -0.648245 49.328506 -0.953642 -5.631890 0.353028 -1.511148 -0.031940 20.222767 3.684304 2.316627 18.787245 0.000006 0.000000 10.751609 -0.479868 1.397908 -0.000000 0.000000 -0.000001 3.273803 0.305947 -0.580110 21.486795 11.830361 2.266131 8.162916 0.000002 -0.000001 18.399055 -3.798978 -4.940567 0.000003 0.000000 -0.000003 10.851738 18.642342 -22.960854 -0.503466 -0.756523 37.371197 -13.313581 -4.409884 14.488051 1.779547 -2.165300 -2.979691 0.000000 0.000000 0.000002 -15.574692 -17.606985 10.703891 0.117369 0.639120 26.707115 9.011311 5.161398 -22.347820 -1.453990 0.719867 -2.215466 -0.000000 0.000000 -0.000001 
-3.675209 96.080170 -0.396609 5.185282 6.541210 -12.048015 2.058747 0.747090 3.534353 -0.188029 1.942381 -3.498694 -0.619625 -0.362388 14.426154 -9.567393 12.410021 27.106560 -0.819980 -1.827842 -3.840667 -0.206840 -0.974929 -8.054026 0.000077 -0.000023 0.000005 0.029254 0.068069 0.005849 0.696298 -3.626266 -10.606993 -0.651282 3.750854 -10.638182 -11.442045 0.022956 11.740275 -55.160255 -7.150602 6.321806 -175.337418 -70.278236 175.073318 13.966305 -5.832667 -18.665359 -5.882101 9.861279 0.702589 -10.936857 -0.360575 7.156197 0.000000 8.774812 -0.000001 -16.299881 17.585577 5.211246 -1.844031 2.498503 -2.507276 -10.163589 4.678941 4.621104 -20.975994 -0.000003 0.000002 -21.226255 2.451694 -3.593994 -0.000001 -0.000006 -0.000000 -1.362680 2.240797 -0.746323 -21.334892 0.584910 3.008321 -13.821197 -0.000003 0.000003 -23.887131 -0.249077 -0.839481 -60.325996 2.463099 -1.018439 -0.294025 1.679686 0.833255 -14.218192 0.093215 1.300580 -34.211998 -0.287561 0.967170 -20.033175 0.964536 1.212842 0.000000 0.000000 -0.000001 -3.440385 0.788232 0.501656 -15.928165 -3.167305 2.999704 -6.338817 -0.000001 0.000001 -18.123413 3.648176 -4.905662 -0.000005 -0.000000 -0.000002 9.594282 16.062790 12.879676 33.580879 28.587164 12.826479 -179.643906 64.149109 -178.982834 -26.710682 12.914890 -12.888461 2.243538 -5.255033 -3.180154 14.282877 -0.826593 6.952495 -0.000003 -12.690593 0.000001 15.825888 -17.801485 2.176455 1.665664 -1.955921 -2.878297 4.727795 -4.170582 4.993920 11.020509 0.000003 -0.000001 12.109032 -3.735710 -2.866781 0.000000 0.000000 0.000000 1.291984 -1.928547 -1.498088 14.800109 0.567470 3.865603 14.242553 -1.341735 -6.660647 19.631935 0.143925 -0.648243 48.468224 -0.875583 -6.170833 0.353030 -1.511149 -0.031941 20.222769 3.684306 2.316628 18.787243 0.000004 -0.000000 10.751610 -0.479868 1.397903 -0.000000 0.000001 -0.000001 3.273803 0.305947 -0.580110 21.486788 11.830364 2.266129 8.162914 0.000001 0.000002 18.399050 -3.798980 -4.940566 0.000003 0.000002 -0.000003 7.471270 19.685028 -30.744633 -0.671063 -0.535185 55.215813 -10.002488 -5.167389 12.677115 1.818728 -2.187196 -2.959493 -0.000000 0.000001 0.000002 -16.464342 -16.625031 14.807462 0.158575 0.542538 22.487736 8.023748 3.707158 -21.565239 -1.476060 0.704781 -1.668113 0.000000 0.000000 -0.000001 
-3.919597 96.369118 -1.241528 6.942591 9.696918 -13.833671 1.762097 1.225208 5.724219 -0.186489 2.508456 -2.953533 -1.162540 0.470596 14.961184 -9.624109 12.649404 27.966146 -1.281623 -3.360465 -3.844754 0.757824 -3.142349 -11.184940 0.000077 -0.000021 0.000006 0.043414 -0.033105 0.027689 0.716130 -3.709619 -10.579396 -0.643493 3.641885 -10.606686 -8.942600 -0.021478 11.549473 -56.143135 -12.705388 2.986551 -178.545395 -56.662212 179.050674 15.544818 -5.167901 -20.604065 -5.882101 9.861278 0.702589 -10.936857 -0.360574 7.156197 -0.000000 8.774813 -0.000002 -16.477167 17.949417 4.962667 -1.844031 2.498503 -2.507275 -10.163589 4.678941 4.621105 -20.975996 -0.000004 0.000003 -21.226254 2.451692 -3.593994 -0.000001 -0.000006 -0.000001 -1.362680 2.240800 -0.746323 -21.334892 0.584909 3.008320 -13.821197 -0.000001 0.000001 -23.887131 -0.249078 -0.839481 -60.304283 2.384598 -1.376072 -0.294024 1.679687 0.833255 -14.218192 0.093215 1.300580 -34.211998 -0.287561 0.967169 -20.033178 0.964536 1.212844 0.000000 0.000000 0.000000 -3.440385 0.788235 0.501654 -15.928165 -3.167307 2.999704 -6.338814 -0.000001 0.000001 -18.123415 3.648177 -4.905663 -0.000005 0.000001 -0.000003 7.840598 16.848122 13.710075 23.945047 23.190008 3.728405 -179.394485 60.692196 -179.179459 -28.535812 12.480519 -14.776845 2.243541 -5.255033 -3.180155 14.282878 -0.826597 6.952496 -0.000002 -12.690590 0.000000 15.559865 -18.036175 2.238925 1.665666 -1.955919 -2.878297 4.727793 -4.170584 4.993918 11.020511 0.000003 -0.000001 12.109033 -3.735710 -2.866779 0.000001 0.000001 0.000001 1.291983 -1.928547 -1.498086 14.800113 0.567466 3.865603 14.242553 -1.341735 -6.660649 19.631939 0.143924 -0.648245 48.440220 -0.653060 -6.804465 0.353028 -1.511149 -0.031940 20.222771 3.684304 2.316626 18.787245 0.000003 -0.000001 10.751612 -0.479868 1.397903 -0.000000 -0.000000 -0.000002 3.273807 0.305945 -0.580109 21.486794 11.830360 2.266131 8.162915 0.000002 -0.000001 18.399055 -3.798981 -4.940569 0.000004 0.000001 0.000000 3.110438 19.127159 -39.470432 -0.480776 -0.164110 75.055405 -7.119860 -4.787837 6.053102 1.801840 -2.133411 -2.344961 0.000000 -0.000000 0.000003 -17.867781 -15.182031 17.706423 0.142544 0.480652 21.078693 7.298769 1.913917 -21.380386 -1.490475 0.717816 -1.519315 0.000000 0.000000 -0.000001 
-4.236654 96.671272 -2.055247 8.977637 12.937078 -15.099785 0.766896 1.825426 7.558902 -0.275711 2.930127 -2.409671 -1.572304 0.740926 15.819172 -9.537127 12.822635 28.991669 -1.515522 -4.261998 -3.720865 1.425060 -4.771105 -13.412945 0.000077 -0.000021 0.000006 0.048196 -0.139939 0.020366 0.712986 -3.816971 -10.570184 -0.626541 3.527418 -10.585110 -5.192699 -1.577646 10.534730 -53.824574 -21.095051 -3.979456 179.021545 -48.463314 -178.995392 20.150331 -5.753164 -23.301662 -5.882101 9.861278 0.702590 -10.936858 -0.360579 7.156198 0.000001 8.774812 -0.000001 -16.379166 18.154974 4.972336 -1.844030 2.498502 -2.507276 -10.163589 4.678938 4.621105 -20.975994 -0.000002 0.000005 -21.226254 2.451694 -3.593993 0.000000 -0.000003 -0.000001 -1.362680 2.240795 -0.746323 -21.334887 0.584909 3.008322 -13.821197 -0.000003 0.000003 -23.887129 -0.249076 -0.839480 -59.557777 2.354300 -1.661729 -0.294025 1.679687 0.833255 -14.218194 0.093213 1.300580 -34.211998 -0.287564 0.967172 -20.033180 0.964536 1.212843 -0.000002 0.000000 0.000001 -3.440385 0.788231 0.501655 -15.928169 -3.167306 2.999706 -6.338818 -0.000002 0.000002 -18.123415 3.648177 -4.905661 -0.000004 -0.000000 -0.000003 6.608402 17.447067 13.816691 18.002235 19.161335 -3.476694 -179.882996 60.510357 179.706421 -28.880886 11.291158 -15.310715 2.243540 -5.255031 -3.180156 14.282878 -0.826593 6.952497 -0.000003 -12.690592 0.000000 15.758491 -18.214951 2.267653 1.665665 -1.955921 -2.878295 4.727792 -4.170581 4.993918 11.020513 0.000002 -0.000002 12.109033 -3.735710 -2.866777 -0.000001 0.000000 0.000002 1.291984 -1.928548 -1.498089 14.800114 0.567466 3.865605 14.242553 -1.341735 -6.660648 19.631941 0.143924 -0.648243 49.529903 -0.594353 -6.954769 0.353029 -1.511149 -0.031941 20.222771 3.684304 2.316628 18.787245 0.000004 -0.000000 10.751610 -0.479868 1.397904 0.000000 -0.000000 -0.000003 3.273805 0.305946 -0.580110 21.486792 11.830361 2.266134 8.162916 0.000002 0.000002 18.399054 -3.798980 -4.940565 0.000004 0.000000 -0.000001 -1.263554 18.336416 -48.809471 -0.063109 0.075906 93.061554 -5.699859 -5.997581 1.357528 1.772900 -2.011058 -2.319068 -0.000001 0.000001 0.000003 -19.172148 -13.620304 20.038176 0.008056 0.439422 20.049183 6.779556 -0.146039 -21.160549 -1.480286 0.797171 -1.840069 -0.000000 -0.000000 -0.000001 
-4.520856 96.948669 -2.631953 10.928406 15.328728 -16.258875 -0.635119 2.388257 9.329504 -0.468610 3.090402 -1.826222 -1.820025 0.712925 16.736385 -9.025034 12.585043 29.842573 -1.572382 -4.516984 -3.586685 1.570874 -5.486170 -14.802347 0.000077 -0.000023 0.000006 0.002350 -0.024439 0.020429 0.658700 -3.725314 -10.635316 -0.669583 3.644956 -10.648750 -0.532582 -3.948805 8.787798 -48.251343 -28.421946 -13.530984 176.422882 -46.550720 -177.666412 24.815800 -7.764608 -25.717737 -5.882102 9.861278 0.702589 -10.936858 -0.360575 7.156196 0.000001 8.774817 0.000000 -16.703531 18.391790 5.209782 -1.844030 2.498502 -2.507276 -10.163589 4.678941 4.621103 -20.975994 -0.000004 0.000000 -21.226254 2.451690 -3.593995 0.000002 -0.000006 -0.000003 -1.362680 2.240796 -0.746323 -21.334887 0.584909 3.008318 -13.821197 -0.000003 0.000001 -23.887131 -0.249080 -0.839483 -59.576771 2.555764 -1.619720 -0.294024 1.679686 0.833256 -14.218190 0.093213 1.300578 -34.211998 -0.287565 0.967166 -20.033178 0.964532 1.212840 0.000000 0.000001 0.000000 -3.440385 0.788233 0.501654 -15.928165 -3.167307 2.999702 -6.338817 -0.000002 0.000001 -18.123415 3.648177 -4.905663 -0.000004 -0.000000 -0.000001 5.081065 17.987928 13.427277 15.992365 18.567900 -8.490966 -179.918335 62.100582 179.075363 -28.205776 10.918599 -15.637697 2.243541 -5.255033 -3.180158 14.282875 -0.826591 6.952496 -0.000004 -12.690586 -0.000000 16.014147 -18.420771 2.574970 1.665664 -1.955919 -2.878296 4.727793 -4.170583 4.993917 11.020510 0.000004 -0.000001 12.109032 -3.735708 -2.866778 -0.000000 0.000000 0.000001 1.291982 -1.928548 -1.498088 14.800111 0.567469 3.865604 14.242553 -1.341733 -6.660648 19.631939 0.143927 -0.648243 50.652222 -0.881588 -6.656572 0.353027 -1.511149 -0.031940 20.222769 3.684306 2.316628 18.787243 0.000006 0.000000 10.751610 -0.479866 1.397904 0.000000 0.000000 -0.000001 3.273804 0.305947 -0.580110 21.486792 11.830361 2.266129 8.162917 0.000003 0.000000 18.399052 -3.798978 -4.940567 0.000003 0.000001 -0.000002 -4.625650 18.353704 -58.051243 0.152930 0.121217 106.855576 -5.840360 -9.387715 0.655039 1.702095 -1.892044 -2.472384 -0.000001 0.000000 0.000003 -20.584875 -12.202702 21.910147 -0.069324 0.534462 19.881876 6.376249 -1.165744 -20.602402 -1.482404 0.935988 -1.949258 -0.000000 -0.000000 -0.000001 
-4.726280 97.483047 -3.032746 12.196092 16.309385 -17.136827 -1.824207 2.691294 10.745303 -0.676607 3.130395 -1.219341 -1.876097 0.609091 17.438084 -8.416981 12.036441 30.461802 -1.548309 -4.379901 -3.484370 1.493012 -5.349542 -15.485510 0.000077 -0.000021 0.000007 -0.042054 0.097900 0.035923 0.628847 -3.613023 -10.698040 -0.731241 3.800198 -10.698719 4.060282 -6.236586 6.908756 -41.405563 -32.310337 -22.489067 174.299911 -48.515808 -176.852570 27.808527 -9.750617 -27.951584 -5.882101 9.861278 0.702590 -10.936860 -0.360574 7.156197 -0.000000 8.774812 -0.000001 -17.060535 18.260748 5.008242 -1.844031 2.498503 -2.507276 -10.163591 4.678941 4.621105 -20.975996 -0.000003 0.000003 -21.226255 2.451695 -3.593994 0.000001 -0.000006 -0.000000 -1.362680 2.240797 -0.746322 -21.334892 0.584909 3.008320 -13.821197 -0.000002 0.000003 -23.887131 -0.249078 -0.839481 -59.762356 2.727961 -1.798230 -0.294025 1.679686 0.833255 -14.218190 0.093215 1.300580 -34.212002 -0.287561 0.967169 -20.033182 0.964536 1.212841 -0.000000 0.000000 0.000000 -3.440386 0.788233 0.501656 -15.928169 -3.167305 2.999704 -6.338817 -0.000002 0.000001 -18.123413 3.648177 -4.905662 -0.000006 -0.000001 -0.000001 3.338670 18.613546 12.315307 17.259478 20.497015 -11.561090 -179.796570 63.326546 178.750015 -26.578159 11.124107 -15.185634 2.243540 -5.255033 -3.180155 14.282878 -0.826593 6.952497 -0.000002 -12.690591 -0.000001 16.172783 -18.436535 2.763239 1.665662 -1.955918 -2.878296 4.727793 -4.170582 4.993922 11.020510 0.000003 -0.000001 12.109032 -3.735710 -2.866779 -0.000001 0.000000 0.000001 1.291983 -1.928546 -1.498087 14.800113 0.567470 3.865603 14.242553 -1.341733 -6.660648 19.631939 0.143928 -0.648242 51.083569 -1.190694 -6.367922 0.353029 -1.511151 -0.031941 20.222769 3.684307 2.316627 18.787245 0.000006 -0.000002 10.751610 -0.479867 1.397903 0.000000 -0.000001 -0.000000 3.273804 0.305946 -0.580109 21.486794 11.830365 2.266131 8.162917 0.000002 0.000001 18.399054 -3.798979 -4.940567 0.000003 0.000000 -0.000002 -5.975280 19.139240 -66.436737 0.098573 0.052266 114.575645 -7.146008 -12.300811 2.563609 1.702794 -1.851245 -2.916546 -0.000001 0.000000 0.000002 -21.558506 -11.077167 22.290619 -0.039786 0.516103 21.474150 6.051893 -1.149050 -18.301199 -1.493375 1.035879 -2.581455 0.000000 0.000000 -0.000001 
-4.590899 98.504601 -3.400411 13.263238 15.989460 -17.104254 -2.866605 2.834271 11.576838 -0.822742 3.172769 -0.802808 -1.994056 0.516157 17.714422 -8.018967 11.456540 30.789652 -1.464127 -4.128592 -3.433790 1.199645 -4.355800 -15.789595 0.000077 -0.000023 0.000007 -0.063412 0.179170 0.041161 0.622306 -3.526064 -10.671264 -0.762614 3.883241 -10.661469 7.172025 -7.971974 5.696508 -37.020336 -32.319130 -28.262426 173.295715 -51.537956 -176.344696 28.883163 -9.852748 -28.809887 -5.882102 9.861279 0.702591 -10.936858 -0.360576 7.156196 0.000000 8.774815 0.000000 -16.978024 18.311403 5.138341 -1.844030 2.498502 -2.507276 -10.163589 4.678941 4.621103 -20.975998 -0.000005 0.000002 -21.226254 2.451693 -3.593993 0.000001 -0.000008 -0.000000 -1.362681 2.240796 -0.746322 -21.334896 0.584907 3.008320 -13.821197 -0.000003 0.000002 -23.887129 -0.249078 -0.839481 -60.092567 2.717119 -2.127317 -0.294025 1.679686 0.833255 -14.218192 0.093214 1.300579 -34.212002 -0.287564 0.967168 -20.033180 0.964533 1.212841 -0.000000 0.000000 0.000000 -3.440388 0.788233 0.501655 -15.928165 -3.167307 2.999702 -6.338815 -0.000002 0.000000 -18.123415 3.648176 -4.905662 -0.000005 -0.000000 -0.000002 2.092469 19.091095 11.266734 20.483658 23.528463 -13.607397 179.131409 63.457855 177.712708 -25.371645 10.872527 -13.663568 2.243541 -5.255033 -3.180157 14.282875 -0.826593 6.952495 -0.000004 -12.690587 0.000002 16.168175 -18.169571 2.872468 1.665663 -1.955918 -2.878297 4.727795 -4.170582 4.993916 11.020510 0.000003 -0.000002 12.109031 -3.735708 -2.866778 0.000000 0.000000 -0.000001 1.291986 -1.928547 -1.498086 14.800113 0.567468 3.865604 14.242553 -1.341733 -6.660649 19.631935 0.143926 -0.648242 51.184456 -1.259759 -6.239544 0.353029 -1.511149 -0.031940 20.222769 3.684305 2.316627 18.787245 0.000003 -0.000003 10.751610 -0.479869 1.397905 0.000000 0.000001 0.000000 3.273802 0.305946 -0.580110 21.486790 11.830359 2.266131 8.162914 0.000004 0.000001 18.399052 -3.798978 -4.940566 0.000003 0.000000 -0.000002 -6.306285 20.646305 -73.109238 -0.240299 -0.093960 115.903740 -8.470478 -12.877890 5.651941 1.725772 -1.912010 -3.106012 0.000000 0.000000 0.000003 -22.682505 -9.537581 20.239737 0.042865 0.668058 24.543070 6.897017 -0.976996 -13.417086 -1.522105 1.051415 -4.694717 0.000000 0.000000 -0.000001 
-4.186259 99.602402 -3.910691 14.200315 14.942196 -15.836868 -3.538205 2.722035 11.835384 -1.021660 3.002478 -0.832354 -2.456133 0.334776 17.569916 -8.154698 11.226870 30.409992 -1.438561 -3.243816 -3.461324 1.007866 -3.507288 -16.286823 0.000077 -0.000023 0.000006 -0.126599 0.313451 -0.002441 0.554549 -3.420369 -10.706835 -0.819974 4.018228 -10.699197 8.263294 -8.535815 5.994071 -36.798111 -29.851244 -30.732674 173.742828 -53.925556 -176.567612 27.794046 -8.351844 -28.454834 -5.882102 9.861278 0.702591 -10.936859 -0.360576 7.156197 0.000001 8.774813 -0.000000 -17.140926 18.463373 5.343684 -1.844030 2.498501 -2.507276 -10.163589 4.678938 4.621104 -20.975996 -0.000005 0.000004 -21.226255 2.451692 -3.593992 0.000001 -0.000007 0.000000 -1.362679 2.240796 -0.746323 -21.334890 0.584908 3.008321 -13.821197 -0.000002 0.000002 -23.887133 -0.249079 -0.839480 -60.862289 2.671781 -2.015109 -0.294024 1.679686 0.833255 -14.218194 0.093214 1.300580 -34.211998 -0.287565 0.967171 -20.033180 0.964533 1.212842 -0.000000 0.000000 0.000001 -3.440386 0.788233 0.501656 -15.928169 -3.167306 2.999703 -6.338818 -0.000001 0.000002 -18.123415 3.648175 -4.905660 -0.000005 -0.000001 -0.000001 1.461957 19.090357 10.427120 25.483540 26.946980 -13.737339 177.585571 62.820011 176.726135 -25.520367 10.751251 -12.216103 2.243540 -5.255033 -3.180154 14.282877 -0.826594 6.952493 -0.000002 -12.690591 0.000001 16.306633 -18.250692 3.060134 1.665665 -1.955920 -2.878295 4.727794 -4.170583 4.993918 11.020513 0.000003 -0.000002 12.109033 -3.735710 -2.866778 0.000000 -0.000000 -0.000001 1.291986 -1.928548 -1.498087 14.800111 0.567467 3.865603 14.242553 -1.341735 -6.660653 19.631937 0.143927 -0.648242 51.445534 -1.245795 -6.189686 0.353029 -1.511149 -0.031940 20.222765 3.684306 2.316627 18.787243 0.000005 -0.000002 10.751610 -0.479868 1.397904 0.000000 0.000000 0.000000 3.273804 0.305947 -0.580110 21.486788 11.830364 2.266129 8.162916 0.000002 0.000000 18.399054 -3.798980 -4.940567 0.000003 0.000001 -0.000001 -6.155896 22.214911 -76.992859 -0.335549 -0.124041 111.709663 -10.966746 -12.927190 8.763109 1.680512 -1.986194 -3.139666 -0.000001 0.000000 0.000003 -23.308458 -8.499815 16.183104 0.163254 0.744699 28.193823 7.470696 -1.986769 -8.210485 -1.511890 0.993755 -7.229499 0.000000 0.000000 -0.000001 
-3.512859 100.561401 -4.116827 14.509961 13.228371 -14.424261 -3.545628 2.534437 11.522882 -1.030880 2.742869 -0.995513 -2.813338 0.484659 17.247372 -8.735883 11.259949 29.888657 -1.141696 -2.693965 -3.510172 0.447497 -2.340115 -16.630573 0.000077 -0.000022 0.000005 -0.113623 0.283680 -0.005982 0.573741 -3.409156 -10.602101 -0.808394 3.967723 -10.590464 6.614433 -8.153021 7.199751 -38.623051 -26.258211 -28.918432 175.085464 -54.862652 -177.065796 26.320967 -7.385545 -27.458879 -5.882100 9.861279 0.702587 -10.936858 -0.360575 7.156195 0.000001 8.774816 -0.000001 -17.455791 18.831894 5.877366 -1.844030 2.498503 -2.507276 -10.163589 4.678939 4.621102 -20.975996 -0.000005 0.000002 -21.226254 2.451691 -3.593994 0.000000 -0.000006 -0.000001 -1.362680 2.240798 -0.746323 -21.334887 0.584908 3.008319 -13.821191 -0.000003 0.000000 -23.887129 -0.249081 -0.839483 -62.251442 2.637281 -2.026309 -0.294024 1.679686 0.833255 -14.218190 0.093213 1.300576 -34.212006 -0.287566 0.967167 -20.033178 0.964532 1.212842 0.000000 0.000000 0.000000 -3.440385 0.788231 0.501655 -15.928169 -3.167307 2.999703 -6.338817 0.000000 0.000002 -18.123411 3.648176 -4.905662 -0.000003 0.000001 -0.000001 1.506062 18.473248 10.423825 29.627768 29.562105 -12.826753 176.135803 61.995819 175.553314 -25.218376 11.054186 -10.917868 2.243541 -5.255032 -3.180154 14.282875 -0.826592 6.952497 -0.000003 -12.690590 -0.000001 16.331179 -18.019745 3.095816 1.665665 -1.955920 -2.878297 4.727791 -4.170583 4.993918 11.020510 0.000004 -0.000001 12.109033 -3.735708 -2.866780 0.000000 -0.000000 -0.000000 1.291984 -1.928548 -1.498089 14.800113 0.567469 3.865602 14.242553 -1.341733 -6.660651 19.631939 0.143928 -0.648244 51.230247 -1.230012 -6.214483 0.353030 -1.511149 -0.031941 20.222763 3.684305 2.316623 18.787241 0.000005 -0.000003 10.751610 -0.479867 1.397905 -0.000000 0.000001 -0.000001 3.273804 0.305947 -0.580110 21.486790 11.830364 2.266129 8.162915 0.000002 0.000000 18.399052 -3.798976 -4.940567 0.000003 0.000000 -0.000002 -5.435666 24.182581 -77.176468 -0.509846 -0.197772 105.220459 -14.619105 -12.733617 12.786690 1.646931 -2.090301 -3.329003 0.000000 -0.000000 0.000001 -22.474842 -8.256616 12.639856 0.225609 1.014842 30.427675 7.490865 -2.671726 -4.590770 -1.496237 0.926903 -8.551439 0.000000 0.000000 -0.000001 
-2.653522 100.679291 -3.992992 14.142643 10.993039 -13.190511 -2.966786 2.387546 10.804057 -0.975239 2.402640 -1.389561 -2.871129 0.592987 16.950716 -9.691073 11.700221 29.503212 -0.796123 -1.873676 -3.543461 -0.152923 -1.555664 -17.220356 0.000077 -0.000022 0.000006 -0.128436 0.312768 -0.001388 0.537878 -3.376351 -10.500042 -0.797759 3.980432 -10.483716 2.986193 -6.717967 9.285793 -40.718693 -22.044113 -25.098989 176.825043 -55.109322 -177.864914 22.574392 -7.946348 -25.178913 -5.882101 9.861274 0.702590 -10.936862 -0.360573 7.156197 0.000001 8.774810 -0.000000 -17.610811 18.966173 5.806159 -1.844031 2.498503 -2.507276 -10.163589 4.678939 4.621104 -20.975994 -0.000005 0.000001 -21.226250 2.451690 -3.593994 0.000001 -0.000005 -0.000000 -1.362681 2.240798 -0.746324 -21.334888 0.584909 3.008320 -13.821197 -0.000006 0.000002 -23.887131 -0.249079 -0.839482 -62.382534 2.839634 -2.039092 -0.294025 1.679685 0.833255 -14.218192 0.093215 1.300578 -34.212006 -0.287567 0.967169 -20.033176 0.964535 1.212841 0.000000 0.000002 0.000000 -3.440384 0.788231 0.501653 -15.928167 -3.167306 2.999703 -6.338816 -0.000003 0.000003 -18.123411 3.648174 -4.905658 -0.000003 -0.000000 -0.000002 2.268031 17.394091 10.955076 32.209400 31.262901 -10.520578 175.954971 61.061588 175.672241 -24.407206 11.587514 -10.644722 2.243542 -5.255033 -3.180157 14.282875 -0.826594 6.952498 -0.000001 -12.690592 -0.000001 16.157818 -18.034811 3.095092 1.665665 -1.955921 -2.878297 4.727793 -4.170582 4.993920 11.020511 0.000002 -0.000002 12.109030 -3.735710 -2.866779 -0.000001 -0.000000 -0.000001 1.291986 -1.928548 -1.498088 14.800113 0.567466 3.865603 14.242553 -1.341734 -6.660648 19.631937 0.143926 -0.648244 50.770916 -1.116126 -6.180828 0.353030 -1.511149 -0.031939 20.222767 3.684305 2.316628 18.787245 0.000006 0.000001 10.751609 -0.479866 1.397904 -0.000001 0.000001 -0.000000 3.273805 0.305945 -0.580110 21.486788 11.830365 2.266130 8.162915 0.000002 -0.000001 18.399052 -3.798980 -4.940566 0.000003 -0.000001 -0.000002 -3.869378 26.207220 -74.234505 -0.413606 -0.227277 99.412773 -17.545410 -13.057088 16.345848 1.600495 -2.085886 -3.418370 0.000000 -0.000001 0.000002 -21.164240 -8.225174 10.193048 0.250340 1.073641 30.917683 7.486477 -2.860384 -4.073144 -1.477337 0.914538 -8.052005 0.000000 0.000000 -0.000001 
-1.683053 100.489494 -3.438414 13.097145 8.578892 -12.195625 -2.106694 2.241603 9.562998 -0.829666 2.129547 -1.782794 -2.489597 0.674148 16.562923 -10.551895 12.394745 29.650068 -0.413905 -1.390440 -3.607116 -0.702998 -0.747144 -17.407558 0.000077 -0.000023 0.000006 -0.124154 0.302974 0.037853 0.524689 -3.357723 -10.332194 -0.770605 3.947664 -10.319309 -1.114658 -4.886978 11.261685 -43.046635 -17.531801 -20.244110 178.756348 -55.526505 -178.579834 18.911077 -8.019800 -22.083128 -5.882100 9.861277 0.702590 -10.936858 -0.360574 7.156198 0.000002 8.774811 0.000000 -17.589640 19.007772 5.880998 -1.844030 2.498502 -2.507275 -10.163589 4.678940 4.621106 -20.975992 -0.000003 0.000005 -21.226250 2.451692 -3.593992 0.000001 -0.000006 -0.000001 -1.362679 2.240797 -0.746322 -21.334887 0.584908 3.008322 -13.821195 -0.000003 0.000002 -23.887129 -0.249080 -0.839480 -62.395557 2.918519 -1.906847 -0.294024 1.679684 0.833256 -14.218190 0.093215 1.300578 -34.212002 -0.287564 0.967174 -20.033178 0.964535 1.212843 0.000000 0.000001 0.000000 -3.440385 0.788234 0.501657 -15.928165 -3.167305 2.999704 -6.338816 -0.000004 0.000002 -18.123411 3.648175 -4.905660 -0.000004 0.000001 -0.000003 3.555469 16.053749 11.907003 33.711250 31.773996 -7.579980 175.888260 60.071114 175.802933 -23.657551 11.780909 -10.782113 2.243538 -5.255033 -3.180156 14.282878 -0.826592 6.952499 -0.000003 -12.690588 -0.000001 16.149012 -17.827372 2.861849 1.665664 -1.955919 -2.878297 4.727796 -4.170583 4.993918 11.020513 0.000002 -0.000001 12.109031 -3.735708 -2.866777 -0.000000 0.000000 0.000001 1.291984 -1.928547 -1.498087 14.800114 0.567466 3.865602 14.242554 -1.341736 -6.660647 19.631941 0.143925 -0.648245 50.482754 -0.900339 -6.087162 0.353028 -1.511150 -0.031939 20.222771 3.684305 2.316629 18.787245 0.000002 0.000000 10.751611 -0.479870 1.397904 -0.000001 0.000000 0.000001 3.273805 0.305947 -0.580110 21.486790 11.830362 2.266130 8.162914 0.000002 0.000002 18.399054 -3.798980 -4.940568 0.000003 0.000001 -0.000003 -1.708337 27.895367 -68.645699 -0.540921 -0.297250 94.130226 -18.823763 -13.546947 19.597387 1.622550 -2.019612 -3.235842 -0.000000 -0.000001 0.000001 -20.264681 -7.574382 8.939286 0.241026 1.140406 29.861961 8.068293 -2.659850 -5.464826 -1.479639 0.952347 -6.912660 -0.000000 -0.000000 -0.000001 
-0.596453 99.865814 -2.587400 11.358076 6.159339 -11.410510 -0.932236 1.871778 8.052217 -0.628126 1.912993 -2.208239 -1.852227 0.509944 16.054752 -11.399152 13.298742 30.279409 -0.036189 -1.025587 -3.676267 -1.161120 -0.076675 -17.136688 0.000077 -0.000022 0.000006 -0.114868 0.285095 0.069999 0.502035 -3.353633 -10.226687 -0.729510 3.900359 -10.213133 -5.329397 -2.780492 12.995384 -45.555702 -12.814667 -15.875707 -179.482910 -56.424496 -179.523651 16.065804 -7.985823 -18.876968 -5.882100 9.861278 0.702590 -10.936859 -0.360575 7.156196 0.000001 8.774816 -0.000001 -17.383015 18.912668 5.889405 -1.844031 2.498503 -2.507276 -10.163591 4.678941 4.621105 -20.975998 -0.000005 0.000002 -21.226250 2.451692 -3.593992 -0.000000 -0.000005 0.000001 -1.362680 2.240798 -0.746323 -21.334894 0.584907 3.008321 -13.821198 -0.000001 0.000002 -23.887133 -0.249079 -0.839476 -61.996387 2.944628 -1.754125 -0.294024 1.679685 0.833256 -14.218194 0.093213 1.300580 -34.212002 -0.287567 0.967172 -20.033180 0.964535 1.212843 0.000001 0.000001 -0.000001 -3.440386 0.788232 0.501655 -15.928171 -3.167308 2.999705 -6.338818 -0.000003 0.000002 -18.123415 3.648177 -4.905658 -0.000005 0.000001 -0.000002 5.258864 14.551611 13.079203 34.460773 31.538328 -3.773756 176.276672 59.072212 176.355698 -23.116488 11.703287 -11.238954 2.243540 -5.255031 -3.180155 14.282877 -0.826593 6.952496 -0.000004 -12.690590 0.000000 16.408060 -17.743059 2.689216 1.665666 -1.955921 -2.878296 4.727797 -4.170584 4.993919 11.020512 0.000004 -0.000000 12.109033 -3.735710 -2.866775 -0.000001 -0.000000 -0.000003 1.291982 -1.928545 -1.498087 14.800111 0.567467 3.865602 14.242554 -1.341734 -6.660648 19.631939 0.143928 -0.648244 50.595448 -0.717169 -5.997873 0.353029 -1.511149 -0.031939 20.222771 3.684307 2.316629 18.787247 0.000005 0.000001 10.751610 -0.479868 1.397903 -0.000002 0.000001 -0.000000 3.273803 0.305949 -0.580109 21.486792 11.830364 2.266132 8.162916 0.000002 0.000001 18.399055 -3.798980 -4.940567 0.000003 0.000000 -0.000001 1.265723 29.190615 -60.246651 -0.747319 -0.420597 86.889900 -19.207993 -13.837339 23.058159 1.652915 -1.975120 -2.845511 0.000000 -0.000000 0.000003 -18.866127 -7.079452 8.255671 0.231663 1.109275 28.534122 8.435302 -2.468240 -8.235067 -1.486532 0.996348 -5.527504 0.000000 0.000000 -0.000001 
0.580393 98.891708 -1.529749 9.230278 3.723128 -10.736581 0.400429 1.284878 6.353147 -0.482309 1.723582 -2.611687 -1.109913 0.143984 15.398836 -11.916494 14.201711 31.067291 0.287381 -0.684834 -3.767622 -1.856729 0.573984 -16.250147 0.000077 -0.000023 0.000005 -0.097177 0.224049 0.102517 0.484587 -3.418020 -10.194341 -0.681146 3.854253 -10.185920 -9.346989 -0.646600 14.197016 -47.862175 -8.061764 -11.796053 -178.787598 -57.840660 179.812180 14.499869 -8.431674 -16.312334 -5.882101 9.861276 0.702590 -10.936858 -0.360574 7.156197 -0.000000 8.774811 0.000001 -17.137848 18.824305 5.879856 -1.844031 2.498501 -2.507275 -10.163589 4.678938 4.621104 -20.975994 -0.000002 0.000003 -21.226254 2.451691 -3.593994 0.000000 -0.000006 -0.000000 -1.362680 2.240796 -0.746323 -21.334892 0.584907 3.008320 -13.821197 -0.000002 0.000002 -23.887133 -0.249078 -0.839483 -61.621395 3.001090 -1.736298 -0.294024 1.679686 0.833254 -14.218194 0.093214 1.300578 -34.212013 -0.287565 0.967170 -20.033176 0.964536 1.212842 0.000000 0.000000 0.000002 -3.440386 0.788233 0.501656 -15.928167 -3.167306 2.999703 -6.338818 0.000000 0.000003 -18.123415 3.648177 -4.905662 -0.000003 -0.000001 -0.000002 7.219408 12.916280 14.058022 34.923935 31.001564 0.870935 177.102509 58.251305 177.318787 -22.358507 11.166927 -11.542259 2.243541 -5.255033 -3.180156 14.282877 -0.826594 6.952495 -0.000003 -12.690585 0.000002 16.753162 -17.868822 2.602228 1.665666 -1.955921 -2.878296 4.727794 -4.170582 4.993916 11.020511 0.000004 -0.000004 12.109032 -3.735708 -2.866781 0.000001 0.000000 0.000000 1.291985 -1.928547 -1.498089 14.800113 0.567469 3.865603 14.242550 -1.341734 -6.660645 19.631939 0.143927 -0.648244 50.856529 -0.591296 -5.862197 0.353028 -1.511149 -0.031938 20.222773 3.684305 2.316625 18.787247 0.000005 -0.000001 10.751611 -0.479868 1.397905 0.000000 -0.000000 -0.000001 3.273805 0.305944 -0.580110 21.486790 11.830361 2.266127 8.162917 0.000000 0.000003 18.399054 -3.798978 -4.940567 0.000003 0.000000 -0.000002 4.795471 30.014328 -49.454945 -0.847892 -0.579655 76.101891 -19.291346 -13.941787 27.399031 1.689044 -1.966903 -2.467055 -0.000000 0.000000 0.000003 -17.418497 -7.045669 8.037593 0.216725 1.017643 26.970568 8.703669 -2.457476 -11.904838 -1.484746 1.007725 -3.916610 0.000000 0.000000 -0.000001 
1.891380 97.439537 -0.221420 7.243877 1.057057 -10.148954 1.614367 0.623275 4.666687 -0.351456 1.677361 -2.864088 -0.481566 -0.419811 14.691589 -12.254104 14.897598 31.519794 0.542333 -0.030040 -3.882297 -2.908846 1.364922 -15.278513 0.000077 -0.000023 0.000005 -0.055523 0.096744 0.133314 0.513384 -3.547887 -10.213587 -0.620719 3.734566 -10.211390 -12.956164 1.183746 14.868299 -49.276840 -3.549200 -8.041183 -178.744736 -60.091194 179.223831 14.140273 -9.758329 -14.610745 -5.882101 9.861279 0.702588 -10.936858 -0.360576 7.156196 0.000001 8.774815 -0.000000 -16.846296 18.556587 5.651000 -1.844032 2.498501 -2.507276 -10.163590 4.678941 4.621101 -20.975994 -0.000004 0.000002 -21.226255 2.451691 -3.593995 0.000000 -0.000007 -0.000000 -1.362681 2.240796 -0.746324 -21.334892 0.584908 3.008320 -13.821197 -0.000003 -0.000000 -23.887131 -0.249081 -0.839481 -61.101948 3.011089 -1.794847 -0.294024 1.679685 0.833256 -14.218194 0.093215 1.300578 -34.212006 -0.287567 0.967169 -20.033178 0.964533 1.212841 0.000000 0.000000 0.000000 -3.440386 0.788232 0.501655 -15.928169 -3.167306 2.999702 -6.338818 -0.000003 0.000000 -18.123415 3.648174 -4.905664 -0.000003 -0.000000 -0.000003 9.084340 11.583123 14.582805 35.322544 30.674549 5.557573 177.950989 57.874596 178.202499 -21.825695 10.209858 -11.902004 2.243540 -5.255032 -3.180153 14.282875 -0.826592 6.952496 -0.000003 -12.690590 0.000000 16.938267 -18.105247 2.743835 1.665666 -1.955921 -2.878295 4.727793 -4.170582 4.993919 11.020512 0.000002 -0.000001 12.109032 -3.735708 -2.866780 0.000000 -0.000000 0.000001 1.291983 -1.928550 -1.498089 14.800114 0.567468 3.865602 14.242553 -1.341732 -6.660649 19.631939 0.143926 -0.648242 51.167606 -0.607367 -5.796699 0.353029 -1.511148 -0.031941 20.222769 3.684306 2.316628 18.787247 0.000004 0.000002 10.751610 -0.479869 1.397904 0.000001 -0.000001 0.000001 3.273804 0.305946 -0.580110 21.486788 11.830362 2.266131 8.162915 0.000001 0.000002 18.399052 -3.798979 -4.940566 0.000003 0.000000 0.000000 8.374314 30.286798 -37.373791 -0.670220 -0.684852 62.044662 -18.946939 -13.757689 32.974850 1.716803 -1.931555 -3.072250 -0.000000 -0.000000 0.000003 -16.800928 -7.802495 7.383554 0.179585 0.734510 27.069208 9.258327 -1.226400 -16.297943 -1.463800 0.998036 -2.807554 -0.000000 -0.000000 -0.000001 
3.227180 95.597961 0.963680 5.590685 -2.224901 -9.485159 2.631199 0.419861 3.550108 -0.179998 1.237852 -3.306020 0.094134 -0.613051 14.335851 -12.578971 15.252681 30.840527 0.162351 0.913719 -3.804498 -3.692625 1.787971 -14.295212 0.000077 -0.000022 0.000006 -0.073532 0.138679 0.123339 0.515176 -3.530510 -10.318845 -0.660198 3.793461 -10.347755 -15.765667 2.467622 14.906427 -49.855881 0.140683 -4.635887 -177.567841 -64.367935 177.371277 14.190096 -11.778428 -14.334125 -5.882101 9.861278 0.702590 -10.936858 -0.360575 7.156196 0.000001 8.774813 -0.000002 -16.202530 18.118782 5.609212 -1.844031 2.498504 -2.507276 -10.163589 4.678938 4.621104 -20.975994 -0.000003 0.000002 -21.226250 2.451691 -3.593995 -0.000000 -0.000006 0.000000 -1.362680 2.240796 -0.746323 -21.334890 0.584907 3.008319 -13.821194 -0.000003 0.000003 -23.887131 -0.249079 -0.839481 -60.444519 2.644339 -1.360910 -0.294025 1.679685 0.833255 -14.218190 0.093215 1.300580 -34.211998 -0.287564 0.967167 -20.033176 0.964534 1.212841 -0.000001 -0.000000 -0.000001 -3.440385 0.788231 0.501654 -15.928164 -3.167305 2.999703 -6.338817 0.000000 0.000001 -18.123415 3.648176 -4.905663 -0.000003 0.000000 -0.000000 10.947713 10.657305 14.687358 35.658585 31.061052 10.175070 179.540466 58.006096 179.511795 -21.267399 9.616104 -11.662333 2.243539 -5.255033 -3.180155 14.282877 -0.826593 6.952497 -0.000004 -12.690591 -0.000001 16.517258 -17.784389 2.894356 1.665665 -1.955923 -2.878297 4.727793 -4.170584 4.993919 11.020510 0.000002 -0.000002 12.109032 -3.735710 -2.866779 -0.000001 -0.000000 -0.000001 1.291984 -1.928547 -1.498088 14.800111 0.567467 3.865603 14.242551 -1.341735 -6.660649 19.631939 0.143925 -0.648242 50.572006 -0.462751 -5.463358 0.353029 -1.511150 -0.031941 20.222769 3.684309 2.316629 18.787247 0.000003 0.000002 10.751611 -0.479868 1.397903 -0.000000 -0.000001 0.000001 3.273804 0.305946 -0.580110 21.486790 11.830364 2.266133 8.162915 0.000002 0.000001 18.399054 -3.798980 -4.940567 0.000003 -0.000000 -0.000001 11.104642 30.125597 -26.382017 -0.275404 -0.378758 48.621101 -15.968714 -14.548949 34.475937 1.871227 -1.765952 -14.100298 0.000000 -0.000000 0.000002 -16.942919 -9.083134 4.644321 0.253710 0.749815 31.067926 10.126467 1.994300 -20.398520 -1.452901 0.781789 -1.830988 -0.000000 -0.000000 -0.000001 
4.584372 94.006851 1.780766 4.585022 -5.456326 -8.710893 2.806485 0.323800 2.952381 0.067952 1.432743 -3.467911 0.611612 -1.320679 14.221397 -13.081125 15.400409 28.987089 0.083057 1.563931 -3.909200 -4.513862 2.858871 -14.504075 0.000077 -0.000023 0.000005 -0.055757 0.091394 0.112732 0.546463 -3.622689 -10.459094 -0.647355 3.781941 -10.493621 -17.168232 2.903586 14.223012 -49.844372 2.370375 -0.612375 -176.595047 -71.113289 176.355591 14.272836 -12.127151 -15.840696 -5.882101 9.861279 0.702590 -10.936859 -0.360575 7.156197 0.000001 8.774813 -0.000002 -15.986115 18.346401 5.754657 -1.844030 2.498502 -2.507276 -10.163589 4.678939 4.621104 -20.975996 -0.000004 0.000002 -21.226250 2.451694 -3.593993 0.000001 -0.000005 -0.000000 -1.362680 2.240796 -0.746322 -21.334888 0.584909 3.008320 -13.821197 -0.000002 0.000002 -23.887131 -0.249077 -0.839482 -60.008255 2.455318 -1.289784 -0.294024 1.679686 0.833256 -14.218194 0.093214 1.300578 -34.211998 -0.287563 0.967171 -20.033178 0.964536 1.212841 0.000001 0.000000 -0.000000 -3.440386 0.788233 0.501655 -15.928167 -3.167307 2.999705 -6.338818 0.000000 0.000001 -18.123411 3.648176 -4.905662 -0.000004 0.000000 -0.000002 12.811728 10.426983 14.589045 36.277367 32.434040 13.215871 -179.075897 58.474545 -179.457214 -19.766388 8.353084 -13.020883 2.243540 -5.255033 -3.180155 14.282877 -0.826593 6.952496 -0.000004 -12.690592 0.000001 16.040743 -17.820007 2.860494 1.665664 -1.955920 -2.878298 4.727797 -4.170582 4.993918 11.020511 0.000002 0.000000 12.109032 -3.735711 -2.866779 -0.000001 -0.000000 -0.000001 1.291985 -1.928550 -1.498088 14.800113 0.567470 3.865602 14.242553 -1.341733 -6.660647 19.631935 0.143927 -0.648241 49.352116 -0.869121 -5.541554 0.353029 -1.511148 -0.031940 20.222771 3.684305 2.316629 18.787245 0.000005 0.000003 10.751611 -0.479868 1.397903 0.000001 -0.000001 -0.000000 3.273803 0.305947 -0.580109 21.486792 11.830364 2.266132 8.162916 0.000001 0.000001 18.399050 -3.798979 -4.940566 0.000001 0.000000 -0.000003 12.218135 29.021029 -20.212357 -0.366733 -0.295628 43.511524 -14.695752 -15.017588 13.953731 1.807894 -2.067156 -6.364135 -0.000000 0.000000 0.000002 -17.589285 -9.800356 0.836285 0.341996 0.741255 36.489185 9.937246 5.410828 -22.399609 -1.452966 0.627764 -2.190880 0.000000 0.000000 -0.000001 
5.445941 93.811119 1.703238 5.174980 -6.548288 -7.927207 1.841259 0.063206 2.660215 0.008726 1.494056 -3.618939 0.017795 -1.479891 15.067921 -13.262608 15.039502 27.047861 0.206436 2.305910 -3.862521 -4.293998 3.629541 -15.077345 0.000077 -0.000022 0.000004 -0.046466 0.079473 0.059069 0.582406 -3.617070 -10.492039 -0.672009 3.767047 -10.514838 -18.123447 1.723493 13.496708 -48.171280 1.651061 1.834522 -173.804352 -80.310257 173.372696 14.863473 -13.164500 -18.990837 -5.882101 9.861279 0.702590 -10.936857 -0.360575 7.156197 0.000002 8.774814 -0.000001 -15.899653 18.137516 5.864956 -1.844031 2.498502 -2.507275 -10.163589 4.678940 4.621103 -20.975994 -0.000003 0.000002 -21.226254 2.451694 -3.593994 0.000001 -0.000005 -0.000001 -1.362681 2.240797 -0.746323 -21.334892 0.584909 3.008321 -13.821194 -0.000002 0.000002 -23.887129 -0.249077 -0.839481 -59.541454 2.604421 -1.092681 -0.294025 1.679686 0.833255 -14.218190 0.093215 1.300579 -34.212006 -0.287562 0.967170 -20.033178 0.964535 1.212841 -0.000000 -0.000000 0.000000 -3.440386 0.788233 0.501655 -15.928167 -3.167306 2.999704 -6.338815 -0.000001 0.000001 -18.123411 3.648178 -4.905663 -0.000005 0.000000 -0.000003 15.776536 10.562585 14.446895 36.976021 33.629444 14.125992 -179.466553 60.198395 -179.797989 -17.921944 7.840730 -14.421561 2.243540 -5.255032 -3.180157 14.282878 -0.826593 6.952497 -0.000004 -12.690591 0.000000 16.117550 -17.794436 2.964664 1.665665 -1.955921 -2.878298 4.727792 -4.170583 4.993918 11.020509 0.000003 -0.000001 12.109034 -3.735710 -2.866779 -0.000002 -0.000001 -0.000001 1.291983 -1.928549 -1.498089 14.800109 0.567470 3.865605 14.242551 -1.341732 -6.660649 19.631937 0.143927 -0.648243 49.423607 -0.988340 -5.502378 0.353028 -1.511148 -0.031939 20.222767 3.684308 2.316631 18.787245 0.000006 0.000003 10.751611 -0.479869 1.397904 0.000001 -0.000001 0.000001 3.273805 0.305946 -0.580111 21.486794 11.830365 2.266135 8.162917 0.000002 0.000002 18.399054 -3.798979 -4.940563 0.000002 0.000000 -0.000001 10.354193 26.086870 -19.513294 -0.350225 -0.327761 40.420368 -14.137408 -11.645109 7.146228 1.729385 -2.122312 -3.103529 -0.000000 0.000000 0.000002 -18.879698 -10.072368 -1.754845 0.350939 0.802210 38.925770 9.947912 6.295532 -21.457527 -1.434881 0.620803 -2.632117 -0.000000 -0.000000 -0.000001 
5.913028 94.957199 1.395618 4.954169 -7.619069 -7.388617 1.712207 0.037399 3.141424 -0.018576 2.001335 -3.660923 -0.561422 -0.907761 15.453806 -13.175198 15.065722 26.402559 0.291475 2.439863 -3.884629 -3.440504 3.937257 -15.100577 0.000077 -0.000022 0.000006 -0.051087 0.149067 0.020295 0.567968 -3.536118 -10.537127 -0.667933 3.823182 -10.545254 -17.886345 0.495258 13.087392 -49.113590 -0.830112 0.386281 -166.360184 -85.240036 165.953903 15.254846 -13.284587 -17.530638 -5.882100 9.861276 0.702590 -10.936859 -0.360575 7.156197 0.000002 8.774812 -0.000002 -16.194239 17.936131 5.849205 -1.844031 2.498502 -2.507276 -10.163589 4.678940 4.621104 -20.975994 -0.000004 0.000001 -21.226254 2.451692 -3.593993 -0.000002 -0.000006 0.000000 -1.362681 2.240796 -0.746323 -21.334896 0.584908 3.008321 -13.821197 -0.000003 0.000002 -23.887131 -0.249079 -0.839481 -59.802757 2.747635 -1.112426 -0.294024 1.679686 0.833255 -14.218194 0.093214 1.300578 -34.212006 -0.287565 0.967170 -20.033180 0.964534 1.212842 -0.000002 -0.000001 0.000000 -3.440385 0.788233 0.501655 -15.928169 -3.167306 2.999703 -6.338817 -0.000002 0.000001 -18.123415 3.648175 -4.905660 -0.000004 -0.000000 -0.000002 15.124716 12.250458 13.956871 42.255077 32.024448 13.826372 178.660797 61.595474 178.666260 -16.443300 7.260554 -12.487274 2.243538 -5.255032 -3.180153 14.282873 -0.826594 6.952494 -0.000004 -12.690588 0.000002 16.568176 -17.876911 2.923585 1.665664 -1.955918 -2.878296 4.727795 -4.170582 4.993916 11.020508 0.000004 -0.000001 12.109032 -3.735709 -2.866780 0.000000 0.000000 0.000000 1.291984 -1.928547 -1.498087 14.800111 0.567468 3.865602 14.242556 -1.341736 -6.660650 19.631939 0.143925 -0.648246 50.315098 -1.028562 -5.746475 0.353029 -1.511149 -0.031939 20.222769 3.684309 2.316624 18.787243 0.000006 -0.000003 10.751610 -0.479866 1.397900 0.000000 -0.000001 -0.000001 3.273805 0.305945 -0.580111 21.486788 11.830360 2.266127 8.162916 0.000002 -0.000002 18.399050 -3.798979 -4.940570 0.000002 0.000001 0.000000 9.880445 23.229605 -18.625610 -0.323208 -0.346203 37.417671 -13.902369 -7.676913 8.201627 1.728366 -2.109654 -2.785203 -0.000000 -0.000000 0.000001 -18.581358 -10.021356 -1.752254 0.252014 0.940045 36.118366 10.560595 5.583766 -17.951170 -1.432619 0.681878 -2.843434 -0.000000 -0.000000 -0.000001 
5.989367 96.620163 0.950867 4.268684 -10.159616 -6.444776 1.771648 0.336601 3.905975 -0.105412 2.702760 -3.429850 -0.799919 0.172578 14.928196 -13.625869 15.497779 26.404875 0.366116 2.840166 -3.961006 -2.490059 4.251748 -15.363827 0.000076 -0.000021 0.000007 -0.037292 0.105299 -0.004981 0.589160 -3.576348 -10.565269 -0.661134 3.778564 -10.588343 -16.762432 0.642434 11.898628 -52.775726 -2.575974 -3.569554 -175.758316 -79.928833 175.274139 14.359365 -12.302388 -17.740509 -5.882102 9.861279 0.702590 -10.936857 -0.360575 7.156197 -0.000002 8.774815 -0.000001 -16.747576 18.117840 5.531587 -1.844031 2.498502 -2.507275 -10.163589 4.678940 4.621105 -20.975996 -0.000003 0.000003 -21.226248 2.451693 -3.593993 -0.000002 -0.000006 -0.000000 -1.362680 2.240797 -0.746322 -21.334892 0.584909 3.008321 -13.821198 -0.000003 0.000002 -23.887125 -0.249078 -0.839481 -60.487865 2.795402 -1.255996 -0.294024 1.679686 0.833255 -14.218192 0.093214 1.300579 -34.212002 -0.287563 0.967171 -20.033182 0.964535 1.212842 -0.000002 -0.000000 0.000000 -3.440385 0.788233 0.501655 -15.928167 -3.167306 2.999705 -6.338817 -0.000000 0.000001 -18.123411 3.648178 -4.905661 -0.000004 -0.000000 -0.000001 12.418419 14.811488 13.372198 47.119965 30.794733 13.112174 177.740311 61.627468 178.157578 -14.744279 7.085186 -11.763225 2.243540 -5.255033 -3.180156 14.282878 -0.826593 6.952495 -0.000003 -12.690590 0.000000 16.978621 -17.744698 2.683726 1.665667 -1.955919 -2.878298 4.727794 -4.170583 4.993919 11.020511 0.000003 -0.000003 12.109034 -3.735708 -2.866781 -0.000000 -0.000001 0.000001 1.291983 -1.928548 -1.498089 14.800109 0.567469 3.865602 14.242553 -1.341733 -6.660649 19.631935 0.143928 -0.648242 50.545395 -1.136663 -5.783575 0.353029 -1.511148 -0.031939 20.222767 3.684308 2.316626 18.787245 0.000005 -0.000001 10.751610 -0.479868 1.397903 -0.000000 -0.000001 0.000000 3.273804 0.305947 -0.580112 21.486788 11.830363 2.266131 8.162913 0.000003 -0.000003 18.399052 -3.798979 -4.940565 0.000003 -0.000001 -0.000000 10.467097 22.335611 -17.220242 -0.306961 -0.510227 33.455090 -14.209992 -4.699180 11.873272 1.786853 -2.138171 -4.239170 0.000000 -0.000000 0.000002 -17.424116 -10.073681 -1.490666 0.103692 0.892788 30.755503 11.216569 5.385500 -13.318653 -1.430586 0.676080 -3.221549 0.000000 0.000000 -0.000001 
5.899266 98.326462 0.023545 2.928318 -13.501841 -4.745492 1.849390 0.745628 4.640659 -0.208051 3.422619 -3.165815 -0.804298 1.292808 14.199297 -14.688538 15.797832 25.525873 0.640242 3.809854 -3.992384 -1.319981 4.798355 -15.931330 0.000077 -0.000022 0.000005 -0.019829 0.037632 -0.000239 0.622116 -3.646590 -10.553073 -0.658512 3.713403 -10.576362 -15.160888 1.432337 10.583322 -55.900211 -5.175792 -7.898561 179.486710 -69.464943 -179.735229 12.847376 -10.478188 -17.459734 -5.882101 9.861277 0.702590 -10.936860 -0.360575 7.156197 0.000003 8.774813 -0.000000 -16.990208 18.426767 5.383142 -1.844031 2.498501 -2.507276 -10.163589 4.678938 4.621104 -20.975998 -0.000005 0.000003 -21.226254 2.451692 -3.593991 0.000000 -0.000006 -0.000001 -1.362680 2.240795 -0.746323 -21.334890 0.584906 3.008320 -13.821195 -0.000003 0.000002 -23.887131 -0.249079 -0.839480 -61.505646 2.707511 -1.509471 -0.294024 1.679687 0.833255 -14.218194 0.093213 1.300579 -34.212006 -0.287566 0.967170 -20.033180 0.964535 1.212843 0.000000 -0.000000 -0.000002 -3.440385 0.788232 0.501655 -15.928167 -3.167307 2.999703 -6.338818 -0.000003 0.000001 -18.123413 3.648174 -4.905661 -0.000004 0.000000 -0.000002 9.242001 17.168287 12.593493 49.107922 31.752308 12.150346 177.864639 60.209625 178.470108 -13.200859 7.072036 -12.797541 2.243540 -5.255031 -3.180154 14.282877 -0.826595 6.952494 -0.000001 -12.690587 0.000000 16.905794 -17.686455 2.448010 1.665665 -1.955921 -2.878298 4.727796 -4.170584 4.993919 11.020513 0.000001 -0.000002 12.109034 -3.735708 -2.866781 0.000000 -0.000001 0.000000 1.291984 -1.928548 -1.498087 14.800114 0.567465 3.865602 14.242554 -1.341735 -6.660648 19.631941 0.143926 -0.648246 50.483688 -1.135012 -5.926456 0.353030 -1.511151 -0.031940 20.222769 3.684305 2.316627 18.787245 0.000002 -0.000000 10.751610 -0.479868 1.397902 0.000000 -0.000001 -0.000002 3.273804 0.305947 -0.580109 21.486792 11.830361 2.266129 8.162916 0.000001 -0.000002 18.399054 -3.798979 -4.940570 0.000003 0.000001 -0.000001 11.815804 22.480722 -16.556761 -0.268944 -0.660829 29.587736 -14.806112 -1.890325 16.801693 1.853999 -2.153907 -6.376108 0.000000 -0.000000 0.000002 -15.677843 -11.813114 -2.602045 0.133024 0.777599 26.104059 12.236235 7.257128 -6.781087 -1.427074 0.674643 -3.979908 -0.000000 0.000001 -0.000001 
5.691685 99.460098 -1.226211 1.589478 -15.925613 -3.202263 1.651845 1.085281 5.301125 -0.228601 3.798629 -2.898892 -0.675103 1.968206 13.816862 -15.683080 15.752430 24.094957 1.049726 4.936387 -3.914885 -0.546997 5.416238 -16.415094 0.000077 -0.000023 0.000004 -0.014698 0.011845 0.026189 0.658539 -3.661948 -10.508709 -0.681391 3.671385 -10.520967 -12.490819 1.256644 9.809720 -56.041298 -8.965821 -12.608250 178.979950 -59.723095 -178.978271 13.602386 -8.604778 -17.305565 -5.882101 9.861278 0.702590 -10.936858 -0.360575 7.156198 0.000001 8.774815 -0.000002 -16.539993 18.646757 5.626352 -1.844030 2.498502 -2.507276 -10.163589 4.678940 4.621104 -20.975994 -0.000002 0.000004 -21.226250 2.451697 -3.593993 -0.000001 -0.000006 0.000002 -1.362680 2.240795 -0.746323 -21.334892 0.584909 3.008322 -13.821192 -0.000002 0.000004 -23.887129 -0.249077 -0.839480 -61.537899 2.588233 -1.725237 -0.294025 1.679687 0.833255 -14.218192 0.093215 1.300579 -34.212006 -0.287562 0.967171 -20.033176 0.964535 1.212843 -0.000001 -0.000000 -0.000001 -3.440385 0.788234 0.501655 -15.928167 -3.167305 2.999705 -6.338817 -0.000001 0.000001 -18.123413 3.648174 -4.905661 -0.000004 -0.000000 -0.000002 6.247043 18.823574 11.530805 47.930180 35.209084 10.670730 179.021042 58.624317 179.253860 -12.882663 6.870627 -15.488153 2.243541 -5.255035 -3.180157 14.282877 -0.826594 6.952497 -0.000000 -12.690590 0.000000 16.513668 -17.626068 2.410599 1.665664 -1.955919 -2.878298 4.727793 -4.170584 4.993918 11.020511 0.000003 -0.000001 12.109033 -3.735711 -2.866780 0.000000 -0.000000 -0.000002 1.291985 -1.928547 -1.498087 14.800111 0.567469 3.865603 14.242553 -1.341735 -6.660649 19.631937 0.143926 -0.648244 50.157272 -1.075974 -6.171592 0.353028 -1.511151 -0.031940 20.222769 3.684303 2.316626 18.787245 0.000003 -0.000000 10.751611 -0.479869 1.397902 0.000000 0.000000 0.000000 3.273804 0.305947 -0.580109 21.486788 11.830361 2.266129 8.162916 0.000001 -0.000001 18.399052 -3.798980 -4.940568 0.000003 0.000000 0.000000 13.199850 23.132763 -16.861536 -0.227301 -0.771250 27.338459 -15.159906 -0.395830 21.557718 1.893273 -2.138449 -8.125261 0.000000 0.000000 0.000002 -14.393977 -15.030667 -4.621326 0.373004 0.782318 24.872356 15.077667 11.715086 -0.738688 -1.417950 0.645983 -4.557188 -0.000000 -0.000001 -0.000001 
5.476588 99.641251 -2.391279 0.350276 -16.759537 -2.327509 1.531895 1.184979 5.962563 -0.199597 3.778539 -2.871080 -0.347287 2.065547 13.867028 -16.106735 15.673620 23.312281 1.372406 5.501362 -3.866574 -0.206272 5.823841 -16.375708 0.000077 -0.000023 0.000006 -0.018000 -0.010539 0.016521 0.651777 -3.675682 -10.538052 -0.686055 3.650178 -10.542154 -9.130945 0.107570 9.314232 -51.494118 -12.849210 -18.272636 179.145996 -53.669849 -179.233368 16.514235 -7.326702 -17.331671 -5.882102 9.861279 0.702590 -10.936858 -0.360574 7.156199 0.000002 8.774812 -0.000002 -16.250572 18.737284 5.865993 -1.844031 2.498501 -2.507275 -10.163591 4.678940 4.621104 -20.975996 -0.000001 0.000005 -21.226255 2.451695 -3.593993 0.000000 -0.000006 -0.000001 -1.362680 2.240795 -0.746323 -21.334896 0.584910 3.008321 -13.821197 -0.000001 0.000004 -23.887129 -0.249075 -0.839480 -60.780361 2.476594 -1.616906 -0.294024 1.679684 0.833255 -14.218194 0.093216 1.300580 -34.212002 -0.287560 0.967172 -20.033178 0.964538 1.212841 0.000000 0.000000 0.000000 -3.440386 0.788231 0.501656 -15.928167 -3.167305 2.999703 -6.338817 0.000001 0.000003 -18.123413 3.648180 -4.905660 -0.000006 0.000001 -0.000003 4.087087 19.796104 10.620623 43.616669 40.379475 8.182600 -179.217712 57.997871 -179.520798 -14.214576 6.758825 -19.659939 2.243537 -5.255030 -3.180155 14.282873 -0.826592 6.952499 -0.000003 -12.690588 0.000000 16.311422 -17.689381 2.485532 1.665664 -1.955920 -2.878297 4.727793 -4.170583 4.993917 11.020508 0.000003 -0.000001 12.109030 -3.735710 -2.866777 -0.000000 0.000001 -0.000002 1.291983 -1.928550 -1.498088 14.800114 0.567468 3.865606 14.242551 -1.341734 -6.660649 19.631937 0.143927 -0.648241 49.892872 -0.810399 -6.252415 0.353027 -1.511150 -0.031939 20.222771 3.684306 2.316629 18.787245 0.000005 0.000003 10.751611 -0.479868 1.397904 0.000000 -0.000000 0.000001 3.273804 0.305947 -0.580110 21.486792 11.830365 2.266132 8.162914 0.000002 0.000000 18.399052 -3.798977 -4.940564 0.000003 0.000000 -0.000003 14.530066 23.749273 -17.833700 -0.245939 -0.785713 27.073906 -15.768373 -0.557557 23.349234 1.885757 -2.093885 -8.295358 0.000000 -0.000000 0.000003 -13.873289 -16.549721 -6.474967 0.482982 0.688907 27.712753 17.373714 13.826559 1.028328 -1.383844 0.652633 -4.276605 -0.000000 0.000001 -0.000001 
5.075483 99.214111 -3.389631 -0.460052 -16.262880 -2.249879 1.529104 1.029608 6.385231 -0.153285 3.458557 -2.831452 -0.014729 1.883668 14.058377 -15.708655 15.418240 23.483740 1.475862 5.873715 -3.872845 -0.244521 5.830956 -16.204653 0.000077 -0.000023 0.000005 -0.027193 0.002083 0.017367 0.623221 -3.659817 -10.521641 -0.679469 3.660972 -10.517375 -6.816539 -1.561342 8.977276 -41.380413 -15.644349 -24.665348 178.653717 -51.928341 -179.052689 21.037037 -6.075351 -18.464388 -5.882102 9.861277 0.702590 -10.936858 -0.360576 7.156198 -0.000000 8.774812 -0.000000 -16.261652 18.570002 5.803113 -1.844030 2.498501 -2.507276 -10.163589 4.678940 4.621102 -20.975996 -0.000004 0.000002 -21.226255 2.451691 -3.593994 0.000003 -0.000005 -0.000001 -1.362680 2.240794 -0.746323 -21.334894 0.584906 3.008321 -13.821197 -0.000003 0.000002 -23.887129 -0.249079 -0.839480 -59.947605 2.326892 -1.428874 -0.294024 1.679685 0.833255 -14.218192 0.093214 1.300579 -34.212002 -0.287566 0.967170 -20.033176 0.964534 1.212842 -0.000000 -0.000000 -0.000002 -3.440385 0.788234 0.501655 -15.928169 -3.167307 2.999704 -6.338817 -0.000003 0.000001 -18.123411 3.648174 -4.905657 -0.000005 -0.000000 -0.000003 3.359368 20.188696 10.013184 37.367516 45.597668 5.095893 -177.339828 58.773407 -178.108505 -16.487436 6.580011 -23.685007 2.243541 -5.255032 -3.180156 14.282875 -0.826592 6.952494 -0.000003 -12.690590 0.000001 16.091827 -17.844782 2.591122 1.665665 -1.955920 -2.878296 4.727792 -4.170585 4.993918 11.020510 0.000003 -0.000002 12.109031 -3.735708 -2.866780 -0.000000 0.000001 0.000001 1.291984 -1.928549 -1.498089 14.800114 0.567469 3.865604 14.242553 -1.341733 -6.660650 19.631937 0.143928 -0.648244 49.787563 -0.778463 -6.201038 0.353028 -1.511149 -0.031941 20.222769 3.684308 2.316628 18.787245 0.000006 0.000001 10.751610 -0.479866 1.397905 0.000000 -0.000000 -0.000000 3.273805 0.305947 -0.580109 21.486790 11.830360 2.266131 8.162915 0.000002 0.000000 18.399050 -3.798978 -4.940565 0.000003 0.000001 -0.000003 15.558144 24.052971 -18.548189 -0.293948 -0.766542 27.123154 -16.487410 -1.921844 22.926331 1.840493 -2.011119 -7.465765 -0.000000 0.000000 0.000002 -14.823317 -15.509897 -7.037520 0.490566 0.697973 33.326183 14.643268 11.045238 -2.030798 -1.410646 0.702694 -3.943240 -0.000000 -0.000000 -0.000001 
4.447553 98.472931 -4.179923 -0.551790 -15.215060 -2.634240 1.482182 0.809471 6.396792 -0.173556 3.208838 -2.855824 0.184723 1.793081 14.463474 -14.796007 14.960024 24.122452 1.247657 6.111978 -3.946855 -0.423340 5.552348 -16.247112 0.000077 -0.000024 0.000005 -0.054236 0.095190 0.026641 0.581501 -3.576682 -10.532890 -0.691787 3.763186 -10.520407 -5.960916 -3.039353 8.948942 -30.821764 -16.374924 -29.566320 176.894424 -52.381222 -177.923904 24.972223 -5.042686 -19.096336 -5.882102 9.861278 0.702589 -10.936859 -0.360573 7.156197 -0.000001 8.774812 -0.000001 -16.413570 18.630871 5.655736 -1.844032 2.498502 -2.507275 -10.163591 4.678938 4.621105 -20.975996 -0.000002 0.000003 -21.226255 2.451694 -3.593993 0.000000 -0.000006 -0.000001 -1.362680 2.240797 -0.746323 -21.334894 0.584908 3.008322 -13.821197 -0.000001 0.000003 -23.887135 -0.249076 -0.839479 -59.639454 2.348414 -1.379544 -0.294024 1.679687 0.833255 -14.218195 0.093216 1.300580 -34.212006 -0.287561 0.967171 -20.033184 0.964535 1.212841 -0.000000 -0.000000 -0.000001 -3.440385 0.788233 0.501655 -15.928169 -3.167306 2.999704 -6.338816 -0.000001 0.000002 -18.123415 3.648176 -4.905659 -0.000005 -0.000001 -0.000003 3.932194 20.143223 9.825865 31.709944 49.261349 1.979933 -176.394974 60.003521 -177.065948 -18.433956 5.927950 -26.915451 2.243541 -5.255033 -3.180156 14.282875 -0.826593 6.952496 -0.000002 -12.690591 0.000002 15.914555 -17.885820 2.655185 1.665665 -1.955918 -2.878297 4.727795 -4.170585 4.993918 11.020512 0.000003 -0.000001 12.109033 -3.735709 -2.866778 -0.000001 0.000001 -0.000001 1.291983 -1.928548 -1.498085 14.800111 0.567469 3.865601 14.242553 -1.341735 -6.660648 19.631939 0.143924 -0.648243 49.964603 -0.839342 -6.147544 0.353030 -1.511150 -0.031940 20.222767 3.684308 2.316628 18.787243 0.000005 0.000001 10.751609 -0.479868 1.397905 0.000000 0.000000 -0.000001 3.273804 0.305948 -0.580109 21.486792 11.830363 2.266133 8.162914 0.000003 -0.000001 18.399054 -3.798978 -4.940567 0.000003 0.000000 -0.000002 15.995854 24.051519 -19.181553 -0.366266 -0.728882 27.501707 -17.264662 -3.423798 21.831524 1.799957 -1.950499 -6.304865 -0.000000 0.000000 0.000002 -17.148598 -12.989206 -5.794582 0.438020 0.944965 37.940201 10.567058 5.466448 -5.562681 -1.430121 0.737007 -3.734401 0.000000 -0.000001 -0.000001 
3.783177 97.637032 -4.877058 -0.122384 -14.354609 -2.968513 1.425687 0.724169 6.051375 -0.226700 3.175141 -2.931756 0.322674 1.878699 14.842209 -14.100903 14.625657 24.474745 0.948223 5.976833 -3.985754 -0.530755 5.243748 -16.497219 0.000077 -0.000024 0.000005 -0.095341 0.204452 0.018870 0.550032 -3.489384 -10.570037 -0.734487 3.883443 -10.552853 -5.245277 -3.479713 9.025064 -26.177195 -16.090847 -31.920670 176.281662 -52.398350 -177.829315 27.180874 -4.745757 -19.379416 -5.882100 9.861276 0.702590 -10.936860 -0.360575 7.156196 -0.000002 8.774813 -0.000002 -16.783812 18.913904 5.546488 -1.844033 2.498504 -2.507276 -10.163589 4.678941 4.621105 -20.975994 -0.000002 0.000001 -21.226254 2.451692 -3.593995 0.000001 -0.000006 -0.000002 -1.362681 2.240796 -0.746322 -21.334887 0.584910 3.008319 -13.821197 -0.000001 0.000003 -23.887129 -0.249078 -0.839482 -60.004539 2.419093 -1.280996 -0.294025 1.679686 0.833255 -14.218194 0.093215 1.300580 -34.212006 -0.287562 0.967167 -20.033176 0.964535 1.212842 0.000000 -0.000000 0.000002 -3.440385 0.788233 0.501656 -15.928167 -3.167305 2.999704 -6.338820 0.000000 0.000001 -18.123415 3.648177 -4.905662 -0.000004 -0.000001 -0.000001 5.042794 19.974586 10.023360 29.045248 50.671108 0.345199 -176.246704 60.590305 -176.582016 -19.308109 5.236600 -29.071156 2.243541 -5.255033 -3.180156 14.282877 -0.826591 6.952494 -0.000004 -12.690592 0.000001 15.838218 -17.748194 2.689401 1.665664 -1.955920 -2.878297 4.727793 -4.170586 4.993919 11.020509 0.000004 -0.000001 12.109032 -3.735710 -2.866781 -0.000001 0.000001 -0.000002 1.291984 -1.928547 -1.498088 14.800111 0.567467 3.865601 14.242553 -1.341732 -6.660649 19.631939 0.143930 -0.648241 50.313839 -0.794733 -6.010012 0.353029 -1.511150 -0.031940 20.222771 3.684309 2.316627 18.787245 0.000008 0.000001 10.751610 -0.479865 1.397905 -0.000000 -0.000002 0.000001 3.273805 0.305948 -0.580111 21.486792 11.830368 2.266128 8.162916 0.000001 -0.000001 18.399052 -3.798976 -4.940567 0.000003 0.000000 -0.000002 15.852093 23.748350 -20.091732 -0.417885 -0.808751 28.274488 -17.760008 -4.140775 20.619083 1.782281 -1.933996 -5.223825 -0.000000 0.000000 0.000002 -19.557079 -10.025954 -3.290783 0.390185 1.241360 38.509785 8.214444 1.717428 -6.571182 -1.449054 0.798606 -3.715053 0.000000 0.000001 -0.000003 
2.923716 96.916977 -5.570459 0.397761 -14.081927 -3.156743 1.514194 0.852339 5.677698 -0.249665 3.354313 -2.913799 0.459494 2.135386 14.864730 -14.218886 14.676561 24.779219 0.941842 5.753778 -3.984515 -0.527132 5.071668 -16.759190 0.000077 -0.000023 0.000004 -0.100394 0.256157 0.015187 0.552428 -3.440826 -10.546130 -0.752606 3.933511 -10.530521 -4.598169 -2.788112 9.339837 -27.500868 -15.838072 -31.691772 177.453094 -50.902664 -178.797684 27.878128 -4.282373 -19.451199 -5.882100 9.861279 0.702589 -10.936859 -0.360575 7.156199 0.000001 8.774814 -0.000001 -17.084545 19.223797 5.564284 -1.844032 2.498503 -2.507276 -10.163589 4.678937 4.621102 -20.976000 -0.000001 0.000003 -21.226254 2.451694 -3.593993 0.000000 -0.000005 0.000000 -1.362678 2.240796 -0.746323 -21.334887 0.584908 3.008320 -13.821198 -0.000004 0.000003 -23.887131 -0.249079 -0.839483 -60.337452 2.471474 -1.052516 -0.294026 1.679686 0.833255 -14.218195 0.093216 1.300580 -34.212002 -0.287566 0.967172 -20.033178 0.964535 1.212841 -0.000000 0.000001 0.000001 -3.440385 0.788233 0.501655 -15.928167 -3.167306 2.999703 -6.338815 0.000001 0.000001 -18.123411 3.648176 -4.905662 -0.000003 0.000001 -0.000001 5.834995 20.042124 10.333498 29.932678 50.313602 1.027965 -176.619400 60.251457 -176.842682 -19.582371 4.834326 -30.360647 2.243540 -5.255033 -3.180156 14.282877 -0.826592 6.952492 -0.000003 -12.690591 0.000000 16.157036 -17.672062 2.639394 1.665666 -1.955920 -2.878297 4.727797 -4.170585 4.993918 11.020513 0.000003 -0.000002 12.109035 -3.735712 -2.866778 0.000000 -0.000001 -0.000000 1.291984 -1.928549 -1.498085 14.800114 0.567466 3.865602 14.242553 -1.341735 -6.660648 19.631939 0.143926 -0.648244 50.647160 -0.719140 -6.055574 0.353028 -1.511149 -0.031941 20.222771 3.684304 2.316629 18.787245 0.000004 -0.000000 10.751610 -0.479869 1.397902 0.000000 -0.000002 0.000000 3.273804 0.305947 -0.580110 21.486790 11.830365 2.266130 8.162917 0.000000 0.000000 18.399052 -3.798980 -4.940566 0.000002 -0.000001 -0.000003 15.924573 23.035082 -21.065727 -0.443467 -0.923771 29.397259 -18.338112 -3.863496 20.412830 1.809207 -1.969941 -5.048701 0.000000 -0.000000 0.000001 -20.904577 -7.053030 0.080863 0.357190 1.466741 34.004227 9.447943 1.782564 -4.989868 -1.499303 0.903093 -4.823177 -0.000000 0.000002 -0.000001 
1.729298 96.015465 -6.445514 1.000069 -14.008224 -3.351297 1.628482 1.189970 5.469300 -0.254290 3.564398 -2.901954 0.439301 2.377274 14.808218 -14.769710 15.010392 24.912830 1.165815 5.396502 -4.019670 -0.352471 4.718064 -16.721678 0.000077 -0.000023 0.000004 -0.073575 0.208432 0.021852 0.575755 -3.481103 -10.510351 -0.723044 3.891983 -10.492596 -4.193875 -1.252869 9.547150 -34.218945 -15.631623 -27.315884 178.485809 -48.739059 -179.080215 25.473051 -4.108775 -19.323484 -5.882100 9.861278 0.702589 -10.936856 -0.360575 7.156196 -0.000001 8.774815 -0.000001 -16.997366 19.223612 5.798272 -1.844029 2.498500 -2.507276 -10.163589 4.678939 4.621104 -20.975994 -0.000001 0.000004 -21.226250 2.451695 -3.593993 0.000000 -0.000005 -0.000001 -1.362681 2.240797 -0.746324 -21.334896 0.584908 3.008321 -13.821197 -0.000002 0.000003 -23.887135 -0.249076 -0.839479 -60.785225 2.470157 -1.002322 -0.294025 1.679682 0.833256 -14.218194 0.093215 1.300580 -34.212006 -0.287561 0.967170 -20.033178 0.964536 1.212842 0.000000 0.000000 0.000000 -3.440385 0.788232 0.501656 -15.928167 -3.167305 2.999704 -6.338817 0.000000 0.000001 -18.123413 3.648176 -4.905661 -0.000004 -0.000000 -0.000002 5.806172 20.214001 10.541389 33.445992 49.176029 3.403154 -176.847870 59.155521 -177.200989 -19.088158 4.603002 -31.362833 2.243538 -5.255032 -3.180154 14.282875 -0.826595 6.952495 -0.000004 -12.690588 0.000002 16.503935 -17.584658 2.711859 1.665665 -1.955919 -2.878296 4.727793 -4.170582 4.993917 11.020510 0.000004 -0.000001 12.109030 -3.735709 -2.866780 -0.000000 -0.000000 -0.000001 1.291984 -1.928547 -1.498088 14.800114 0.567467 3.865602 14.242554 -1.341735 -6.660650 19.631939 0.143926 -0.648243 50.410698 -0.738419 -5.828944 0.353029 -1.511150 -0.031940 20.222771 3.684307 2.316627 18.787245 0.000006 -0.000002 10.751611 -0.479869 1.397904 0.000000 -0.000002 -0.000001 3.273803 0.305948 -0.580109 21.486790 11.830361 2.266132 8.162915 -0.000001 -0.000000 18.399052 -3.798980 -4.940567 0.000003 0.000001 -0.000002 16.283592 21.621319 -22.610888 -0.495338 -0.979952 31.560055 -19.334740 -3.063867 20.890863 1.875459 -2.071322 -5.895565 -0.000000 0.000000 0.000002 -20.986885 -4.132809 4.185162 0.209435 1.814942 25.118708 15.813189 4.281381 -2.768906 -1.541708 1.054110 -9.583659 -0.000000 -0.000000 -0.000000 
0.309879 94.930260 -7.620652 1.794824 -13.724612 -3.716887 1.861672 1.399572 5.454023 -0.279895 3.681144 -3.059902 -0.006176 2.731606 15.104770 -15.186903 15.550056 25.045197 1.106140 4.682167 -4.075618 -0.055467 4.239810 -16.803959 0.000077 -0.000023 0.000006 -0.060845 0.151634 0.034922 0.566411 -3.542174 -10.550630 -0.686123 3.835680 -10.532081 -6.201177 0.059560 10.090566 -40.976925 -15.118633 -21.340172 179.089142 -47.585609 -178.847610 20.612761 -4.982790 -18.685682 -5.882101 9.861277 0.702590 -10.936860 -0.360574 7.156198 -0.000000 8.774811 0.000001 -16.503721 18.806307 5.848086 -1.844031 2.498502 -2.507276 -10.163589 4.678942 4.621106 -20.975994 -0.000001 0.000002 -21.226254 2.451691 -3.593994 0.000001 -0.000005 -0.000003 -1.362682 2.240796 -0.746322 -21.334890 0.584909 3.008320 -13.821198 -0.000004 0.000003 -23.887136 -0.249077 -0.839480 -61.069584 2.411407 -1.202253 -0.294025 1.679687 0.833256 -14.218194 0.093213 1.300579 -34.212006 -0.287561 0.967169 -20.033180 0.964535 1.212841 0.000000 0.000000 -0.000001 -3.440386 0.788234 0.501656 -15.928169 -3.167308 2.999705 -6.338814 -0.000003 0.000000 -18.123413 3.648175 -4.905661 -0.000006 -0.000002 -0.000003 6.354906 20.234154 10.934465 35.794910 48.378635 5.238776 -177.405258 58.339813 -177.918427 -18.187082 4.281696 -32.962044 2.243539 -5.255031 -3.180155 14.282877 -0.826593 6.952496 -0.000004 -12.690590 0.000000 16.445742 -17.563520 2.615809 1.665664 -1.955920 -2.878296 4.727794 -4.170584 4.993918 11.020513 0.000005 -0.000003 12.109035 -3.735711 -2.866780 0.000001 -0.000000 0.000002 1.291985 -1.928548 -1.498088 14.800114 0.567468 3.865601 14.242554 -1.341734 -6.660652 19.631939 0.143929 -0.648244 50.316807 -0.666440 -5.691662 0.353027 -1.511149 -0.031938 20.222767 3.684306 2.316627 18.787245 0.000007 -0.000001 10.751610 -0.479866 1.397903 0.000000 0.000000 -0.000001 3.273803 0.305948 -0.580110 21.486792 11.830367 2.266128 8.162913 0.000002 -0.000002 18.399054 -3.798976 -4.940569 0.000002 0.000001 -0.000003 16.648869 20.423386 -24.387583 -0.625306 -1.126086 34.095333 -20.487413 -2.901854 22.186077 1.892217 -2.087651 -6.864507 0.000000 -0.000000 0.000002 -20.557812 -3.453078 7.361391 0.074448 1.581690 18.618172 18.780569 4.117646 -9.397248 -1.454445 1.000707 -5.570887 0.000000 0.000000 -0.000001 
-0.860723 94.199303 -9.020120 2.659737 -13.549099 -4.455239 2.448392 1.404233 5.600989 -0.245471 3.823324 -2.837955 -0.856660 2.851269 15.898280 -16.213783 16.036827 24.519388 1.104334 4.162077 -4.159901 -0.443945 3.936248 -17.321739 0.000077 -0.000022 0.000007 -0.010162 0.017299 0.043595 0.626571 -3.668331 -10.516076 -0.647754 3.683679 -10.525523 -11.708302 1.373224 10.385205 -44.844326 -14.115883 -16.691931 -179.936615 -48.133385 -179.254013 15.756359 -6.240755 -17.919189 -5.882102 9.861279 0.702591 -10.936858 -0.360573 7.156196 -0.000000 8.774810 -0.000000 -16.157288 18.502569 5.730972 -1.844031 2.498502 -2.507275 -10.163589 4.678939 4.621104 -20.975994 -0.000004 0.000003 -21.226250 2.451693 -3.593994 0.000001 -0.000007 -0.000000 -1.362680 2.240796 -0.746324 -21.334892 0.584909 3.008320 -13.821195 -0.000001 0.000001 -23.887133 -0.249078 -0.839481 -60.750862 2.237839 -1.446099 -0.294025 1.679685 0.833256 -14.218194 0.093212 1.300579 -34.212002 -0.287566 0.967170 -20.033175 0.964534 1.212841 0.000000 0.000000 0.000000 -3.440386 0.788232 0.501656 -15.928167 -3.167307 2.999702 -6.338817 -0.000003 -0.000001 -18.123411 3.648176 -4.905662 -0.000004 0.000002 -0.000002 8.041420 20.418100 12.250764 35.466640 48.060284 6.286133 -177.205811 58.139545 -178.007446 -17.574234 4.200480 -35.520206 2.243540 -5.255031 -3.180157 14.282875 -0.826593 6.952493 -0.000003 -12.690590 0.000000 16.381035 -17.464724 2.597652 1.665665 -1.955919 -2.878296 4.727794 -4.170582 4.993920 11.020510 0.000003 -0.000001 12.109030 -3.735708 -2.866778 0.000000 -0.000000 -0.000000 1.291985 -1.928547 -1.498089 14.800114 0.567468 3.865606 14.242553 -1.341736 -6.660648 19.631939 0.143925 -0.648245 49.928074 -0.696060 -5.572091 0.353029 -1.511149 -0.031941 20.222769 3.684306 2.316627 18.787245 0.000006 0.000000 10.751610 -0.479868 1.397905 0.000000 0.000001 0.000000 3.273805 0.305947 -0.580110 21.486794 11.830360 2.266131 8.162916 0.000001 -0.000001 18.399055 -3.798980 -4.940567 0.000002 0.000001 -0.000001 16.856001 19.620905 -25.525488 -0.680796 -1.203299 35.716042 -21.044870 -2.749674 25.394262 1.900182 -2.029007 -7.579637 -0.000000 0.000000 0.000003 -20.450577 -3.685726 7.598444 0.032704 1.258086 17.843750 19.000828 4.037152 -15.889400 -1.424934 0.881405 -2.245080 0.000000 0.000000 -0.000001 
-1.694131 93.920395 -10.566154 3.414172 -12.956303 -5.417917 3.068266 1.199750 5.898330 -0.113294 3.831657 -2.610385 -1.469560 2.433323 17.205900 -17.751162 16.589756 23.638428 0.888269 3.954401 -4.191640 -0.978051 3.696399 -18.382050 0.000077 -0.000023 0.000006 -0.010866 0.004999 0.065603 0.639383 -3.681570 -10.466458 -0.661836 3.682219 -10.515773 -17.510620 2.308709 10.685801 -48.844311 -12.514677 -14.561090 -178.788757 -50.607502 179.944382 12.057467 -7.796739 -19.344070 -5.882101 9.861278 0.702590 -10.936858 -0.360574 7.156196 0.000000 8.774812 -0.000001 -15.942473 18.185379 5.622102 -1.844031 2.498501 -2.507276 -10.163589 4.678942 4.621104 -20.975996 -0.000005 0.000002 -21.226250 2.451691 -3.593992 0.000000 -0.000006 -0.000001 -1.362680 2.240793 -0.746323 -21.334892 0.584909 3.008322 -13.821197 -0.000002 0.000003 -23.887131 -0.249078 -0.839478 -60.313786 2.115981 -1.522490 -0.294025 1.679690 0.833255 -14.218190 0.093214 1.300579 -34.211998 -0.287563 0.967169 -20.033178 0.964535 1.212842 0.000000 0.000001 0.000000 -3.440386 0.788231 0.501655 -15.928169 -3.167305 2.999704 -6.338817 0.000000 0.000002 -18.123413 3.648175 -4.905659 -0.000007 -0.000000 -0.000002 9.165093 20.339825 13.856575 35.549896 47.676994 7.406486 -177.505737 59.201038 -178.220612 -17.063866 4.620929 -39.158844 2.243541 -5.255033 -3.180155 14.282875 -0.826593 6.952494 -0.000002 -12.690592 0.000000 16.262085 -17.241991 2.633386 1.665664 -1.955921 -2.878296 4.727794 -4.170585 4.993918 11.020511 0.000004 -0.000001 12.109031 -3.735710 -2.866779 0.000000 -0.000001 0.000002 1.291985 -1.928547 -1.498089 14.800111 0.567469 3.865603 14.242553 -1.341735 -6.660648 19.631939 0.143927 -0.648243 49.308552 -0.608453 -5.386787 0.353028 -1.511149 -0.031942 20.222769 3.684306 2.316628 18.787245 0.000006 -0.000001 10.751610 -0.479867 1.397903 -0.000001 0.000001 -0.000001 3.273804 0.305946 -0.580109 21.486792 11.830363 2.266130 8.162916 0.000002 -0.000002 18.399052 -3.798977 -4.940569 0.000003 0.000000 -0.000001 16.739408 18.857740 -25.569521 -0.683310 -1.239649 35.086147 -21.603470 -2.479291 28.938547 1.924279 -2.057244 -7.380762 0.000000 -0.000000 0.000002 -20.789255 -4.620307 6.107282 0.066034 1.054449 21.438940 18.749517 5.499359 -18.430000 -1.423233 0.872213 -1.370031 -0.000000 0.000001 -0.000001 
-2.430704 93.937859 -11.948416 4.434610 -11.412648 -6.177707 3.023315 0.888367 6.007289 -0.059243 3.804101 -2.420388 -1.957604 1.835877 18.054405 -18.123306 16.905195 23.511471 0.767183 3.620184 -4.162155 -1.437121 3.608345 -18.933693 0.000077 -0.000022 0.000005 -0.032791 0.066802 0.063554 0.604552 -3.614650 -10.423534 -0.670035 3.739060 -10.500832 -19.793791 2.546439 11.365831 -53.544971 -11.345267 -14.665645 -177.791779 -54.404797 178.892090 10.696140 -8.460206 -21.763412 -5.882100 9.861278 0.702589 -10.936858 -0.360575 7.156196 0.000001 8.774814 -0.000002 -16.074738 17.977507 5.462641 -1.844031 2.498503 -2.507276 -10.163588 4.678938 4.621103 -20.975994 -0.000004 0.000002 -21.226254 2.451692 -3.593997 0.000001 -0.000006 -0.000000 -1.362680 2.240797 -0.746323 -21.334894 0.584907 3.008321 -13.821197 -0.000003 0.000003 -23.887129 -0.249078 -0.839481 -60.718002 2.185485 -1.475978 -0.294024 1.679687 0.833255 -14.218190 0.093214 1.300579 -34.211998 -0.287565 0.967170 -20.033173 0.964535 1.212842 -0.000000 -0.000000 -0.000002 -3.440385 0.788231 0.501655 -15.928169 -3.167308 2.999704 -6.338815 -0.000001 0.000001 -18.123411 3.648176 -4.905662 -0.000004 0.000001 -0.000001 9.540130 19.691938 14.645264 37.623062 45.965687 9.474436 -178.302490 61.285740 -178.763016 -15.833982 4.955720 -41.635311 2.243541 -5.255033 -3.180156 14.282877 -0.826593 6.952496 -0.000003 -12.690590 -0.000001 16.438427 -17.196318 2.647878 1.665666 -1.955921 -2.878296 4.727794 -4.170586 4.993918 11.020513 0.000005 -0.000001 12.109033 -3.735711 -2.866780 0.000000 -0.000001 -0.000000 1.291985 -1.928549 -1.498089 14.800111 0.567468 3.865603 14.242554 -1.341734 -6.660649 19.631939 0.143930 -0.648244 49.552002 -0.523505 -5.278139 0.353029 -1.511150 -0.031941 20.222771 3.684307 2.316627 18.787245 0.000005 0.000001 10.751612 -0.479867 1.397904 -0.000001 -0.000000 0.000000 3.273805 0.305947 -0.580111 21.486794 11.830364 2.266129 8.162917 -0.000000 -0.000000 18.399054 -3.798978 -4.940569 0.000003 0.000000 0.000000 15.733302 17.953293 -25.312105 -0.646421 -1.306348 32.769089 -21.935173 -2.247568 32.629265 1.912410 -2.044776 -6.971939 -0.000000 0.000000 0.000003 -21.654366 -6.287059 5.064067 0.155265 1.058143 24.688059 18.234671 6.378222 -19.272202 -1.420874 0.915989 -1.170342 -0.000000 -0.000000 -0.000001 
-3.106395 94.119316 -12.989458 4.886853 -8.932589 -6.578106 2.899667 0.658327 6.039103 -0.023295 3.737656 -2.340029 -1.884521 1.335119 18.173866 -17.308544 16.876530 24.215910 0.701499 3.108275 -4.133975 -1.549815 3.350212 -18.839499 0.000076 -0.000021 0.000007 -0.050505 0.126274 0.053483 0.562105 -3.543648 -10.380879 -0.671058 3.788128 -10.463451 -19.026617 2.431477 11.880643 -56.980541 -10.898760 -14.640857 -177.708618 -56.951782 178.316635 10.771704 -7.978215 -24.132181 -5.882101 9.861279 0.702589 -10.936858 -0.360577 7.156196 0.000001 8.774812 -0.000001 -16.223452 17.839611 5.353724 -1.844031 2.498501 -2.507276 -10.163589 4.678939 4.621103 -20.975994 -0.000002 0.000001 -21.226250 2.451692 -3.593993 0.000001 -0.000006 0.000001 -1.362680 2.240798 -0.746323 -21.334887 0.584910 3.008320 -13.821193 -0.000003 0.000001 -23.887129 -0.249079 -0.839482 -61.303951 2.276127 -1.433392 -0.294024 1.679687 0.833255 -14.218192 0.093215 1.300579 -34.212006 -0.287563 0.967168 -20.033178 0.964534 1.212841 -0.000000 0.000000 -0.000002 -3.440385 0.788232 0.501655 -15.928164 -3.167307 2.999703 -6.338816 0.000000 0.000002 -18.123413 3.648177 -4.905661 -0.000004 0.000001 -0.000003 9.776340 18.976198 14.772112 40.084476 42.746887 10.776307 -179.630264 62.980537 -179.826843 -14.525872 5.130272 -42.594971 2.243538 -5.255031 -3.180155 14.282877 -0.826592 6.952497 -0.000002 -12.690591 -0.000001 16.863775 -17.272017 2.587051 1.665664 -1.955920 -2.878295 4.727793 -4.170583 4.993919 11.020512 0.000003 0.000000 12.109032 -3.735709 -2.866779 0.000000 -0.000001 -0.000000 1.291986 -1.928548 -1.498089 14.800114 0.567469 3.865604 14.242554 -1.341736 -6.660648 19.631939 0.143926 -0.648243 50.358414 -0.406181 -5.334672 0.353028 -1.511148 -0.031941 20.222771 3.684307 2.316629 18.787245 0.000004 0.000000 10.751610 -0.479869 1.397904 0.000001 0.000001 0.000000 3.273803 0.305946 -0.580109 21.486790 11.830361 2.266132 8.162916 0.000002 0.000001 18.399054 -3.798977 -4.940566 0.000003 -0.000000 -0.000000 14.852539 16.593557 -24.932955 -0.568478 -1.320431 29.465376 -21.962503 -2.364185 35.699001 1.884286 -2.037271 -6.353087 -0.000000 0.000000 0.000003 -21.937899 -8.184930 5.377745 0.165276 1.034007 25.969175 17.714773 6.285360 -19.358820 -1.420597 0.944957 -1.244171 -0.000000 -0.000000 -0.000001 
-3.739317 94.464561 -13.797431 4.693079 -6.099696 -6.513640 2.931181 0.581025 5.866687 0.031825 3.657291 -2.379589 -1.296233 1.065873 17.805079 -15.914822 16.226484 25.071850 0.670845 2.776518 -4.056901 -1.373421 3.023499 -18.404320 0.000077 -0.000021 0.000006 -0.052403 0.134022 0.055337 0.559920 -3.531934 -10.354853 -0.665792 3.798875 -10.415841 -17.028282 2.197436 12.046362 -57.713703 -11.237554 -13.660282 -178.148529 -56.855087 178.399368 11.192642 -7.293873 -25.349678 -5.882102 9.861278 0.702589 -10.936860 -0.360574 7.156196 0.000001 8.774814 -0.000001 -16.135763 17.885300 5.356580 -1.844031 2.498503 -2.507276 -10.163590 4.678939 4.621103 -20.975998 -0.000004 -0.000000 -21.226259 2.451691 -3.593994 0.000001 -0.000007 0.000001 -1.362681 2.240796 -0.746323 -21.334892 0.584907 3.008317 -13.821198 -0.000004 -0.000000 -23.887131 -0.249082 -0.839482 -61.286049 2.301845 -1.479567 -0.294024 1.679686 0.833255 -14.218192 0.093214 1.300578 -34.212006 -0.287566 0.967167 -20.033180 0.964534 1.212840 0.000002 0.000000 0.000001 -3.440386 0.788232 0.501655 -15.928167 -3.167307 2.999702 -6.338817 -0.000002 0.000001 -18.123415 3.648175 -4.905662 -0.000005 0.000001 -0.000001 10.249804 18.528797 14.558391 41.440170 39.619881 10.580691 179.545334 63.312271 179.502136 -13.972642 5.220390 -42.323895 2.243540 -5.255031 -3.180156 14.282878 -0.826592 6.952493 -0.000003 -12.690585 -0.000000 17.193928 -17.349052 2.490789 1.665666 -1.955920 -2.878296 4.727793 -4.170583 4.993917 11.020513 0.000003 -0.000001 12.109034 -3.735708 -2.866779 0.000000 0.000001 -0.000000 1.291985 -1.928547 -1.498088 14.800111 0.567468 3.865600 14.242554 -1.341731 -6.660648 19.631939 0.143929 -0.648246 50.891716 -0.265212 -5.451434 0.353028 -1.511150 -0.031939 20.222771 3.684306 2.316625 18.787247 0.000007 -0.000002 10.751610 -0.479865 1.397903 0.000000 0.000000 -0.000000 3.273803 0.305947 -0.580109 21.486794 11.830363 2.266130 8.162917 0.000002 -0.000001 18.399052 -3.798978 -4.940567 0.000004 -0.000000 -0.000001 14.411644 14.913289 -24.295919 -0.504366 -1.317500 24.976164 -22.124125 -2.216102 38.278088 1.873527 -2.056467 -5.788486 -0.000000 0.000000 0.000003 -21.425385 -10.078923 6.415265 0.119483 0.958221 25.513870 17.247301 5.432285 -18.949154 -1.422529 0.933457 -1.447487 0.000000 0.000002 -0.000001 
-4.294398 94.913025 -14.434962 4.220635 -3.489644 -6.050077 3.035017 0.595313 5.535919 0.077585 3.569938 -2.533877 -0.574032 1.123253 17.266041 -14.242004 14.971224 25.553698 0.653982 2.705803 -4.048636 -1.138122 2.811826 -17.831776 0.000077 -0.000022 0.000006 -0.029535 0.085648 0.049197 0.597283 -3.580057 -10.352870 -0.662055 3.752315 -10.380951 -15.011736 1.950948 11.919359 -55.439575 -12.812091 -12.215739 -178.828857 -54.762733 178.913651 11.655622 -7.199035 -24.937017 -5.882101 9.861278 0.702589 -10.936860 -0.360576 7.156196 0.000002 8.774813 -0.000001 -16.112637 18.151749 5.425004 -1.844031 2.498502 -2.507276 -10.163589 4.678938 4.621102 -20.975994 -0.000005 0.000001 -21.226255 2.451690 -3.593996 -0.000002 -0.000006 0.000001 -1.362680 2.240795 -0.746323 -21.334890 0.584908 3.008318 -13.821198 -0.000003 0.000002 -23.887135 -0.249081 -0.839482 -60.946957 2.305668 -1.491078 -0.294024 1.679686 0.833255 -14.218192 0.093213 1.300578 -34.212006 -0.287567 0.967169 -20.033180 0.964533 1.212840 -0.000001 -0.000000 -0.000001 -3.440385 0.788234 0.501655 -15.928169 -3.167306 2.999701 -6.338817 -0.000003 0.000001 -18.123415 3.648175 -4.905663 -0.000005 -0.000000 -0.000001 10.791675 18.547199 14.218839 41.592552 37.856144 9.095964 178.991028 62.638317 178.977463 -14.279510 5.454012 -41.588058 2.243539 -5.255031 -3.180156 14.282877 -0.826592 6.952495 -0.000003 -12.690587 0.000000 17.168482 -17.476894 2.452418 1.665666 -1.955918 -2.878296 4.727795 -4.170581 4.993918 11.020513 0.000003 -0.000002 12.109034 -3.735706 -2.866780 -0.000000 -0.000001 -0.000000 1.291984 -1.928547 -1.498088 14.800114 0.567469 3.865603 14.242553 -1.341733 -6.660648 19.631939 0.143928 -0.648244 50.944393 -0.206846 -5.617577 0.353029 -1.511148 -0.031941 20.222771 3.684308 2.316627 18.787245 0.000006 -0.000001 10.751610 -0.479866 1.397904 0.000000 0.000000 0.000000 3.273806 0.305944 -0.580110 21.486792 11.830362 2.266129 8.162916 0.000002 -0.000000 18.399052 -3.798976 -4.940566 0.000003 0.000000 -0.000000 14.223428 13.393808 -23.729223 -0.455657 -1.381426 20.187042 -22.845249 -1.777434 41.409817 1.862612 -2.077926 -5.412326 -0.000000 0.000000 0.000003 -20.508547 -11.858080 7.493879 0.035855 0.863595 23.963236 16.756538 4.257390 -18.230282 -1.422379 0.949073 -1.582518 0.000000 0.000001 -0.000001 
-4.677865 95.281586 -14.993496 3.592724 -1.428759 -5.388727 3.232436 0.631153 5.182924 0.082313 3.481060 -2.743550 0.070745 1.454586 16.625330 -12.588698 13.466196 25.627483 0.527907 2.815643 -3.976886 -0.764417 2.477177 -17.351246 0.000077 -0.000023 0.000006 0.006482 0.019471 0.055107 0.652448 -3.655020 -10.354259 -0.650252 3.697152 -10.365097 -13.354210 1.589957 11.638966 -51.283825 -15.781059 -11.138477 -179.801941 -52.237701 179.834137 12.544158 -7.873922 -23.608116 -5.882100 9.861279 0.702589 -10.936857 -0.360574 7.156196 -0.000000 8.774812 -0.000001 -16.156923 18.586246 5.598152 -1.844031 2.498501 -2.507276 -10.163589 4.678938 4.621104 -20.975992 -0.000003 0.000004 -21.226248 2.451695 -3.593993 -0.000001 -0.000006 0.000000 -1.362680 2.240797 -0.746323 -21.334888 0.584908 3.008322 -13.821191 -0.000002 0.000004 -23.887125 -0.249076 -0.839481 -60.767651 2.461293 -1.448629 -0.294025 1.679687 0.833255 -14.218190 0.093215 1.300579 -34.211998 -0.287560 0.967171 -20.033175 0.964536 1.212841 -0.000001 0.000000 0.000000 -3.440385 0.788234 0.501656 -15.928165 -3.167305 2.999703 -6.338816 0.000000 0.000002 -18.123411 3.648177 -4.905661 -0.000003 0.000001 -0.000002 10.970535 18.987667 13.765185 41.195496 37.831055 6.937091 178.269547 61.907150 178.318436 -14.892762 5.706699 -40.106880 2.243539 -5.255032 -3.180156 14.282875 -0.826593 6.952495 -0.000003 -12.690588 -0.000001 17.122286 -17.515419 2.412463 1.665665 -1.955918 -2.878298 4.727794 -4.170582 4.993918 11.020512 0.000005 -0.000001 12.109031 -3.735710 -2.866779 -0.000000 -0.000001 0.000000 1.291985 -1.928547 -1.498088 14.800113 0.567468 3.865603 14.242553 -1.341734 -6.660650 19.631935 0.143927 -0.648243 50.553329 -0.197788 -5.656668 0.353029 -1.511147 -0.031938 20.222769 3.684305 2.316628 18.787245 0.000006 0.000001 10.751610 -0.479868 1.397905 0.000001 -0.000000 0.000000 3.273805 0.305947 -0.580111 21.486790 11.830363 2.266131 8.162916 -0.000000 0.000001 18.399050 -3.798978 -4.940566 0.000003 0.000000 0.000000 14.561216 12.596428 -23.031727 -0.471742 -1.439466 15.493876 -25.211840 -0.815625 43.151875 1.812046 -2.070166 -4.770040 0.000000 -0.000000 0.000003 -19.503263 -13.553990 8.190020 -0.003238 0.823925 22.216904 16.196499 3.269723 -17.568419 -1.411117 0.977424 -1.690423 0.000000 0.000000 -0.000001 
-4.873043 95.544228 -15.403560 2.863673 -0.221006 -4.905740 3.429161 0.717863 4.822475 0.094751 3.581083 -2.871243 0.587744 1.815297 16.088646 -11.080130 12.042467 25.580532 0.548277 2.930975 -3.943193 -0.438897 2.308205 -16.796329 0.000077 -0.000022 0.000006 0.007217 0.000892 0.031056 0.667460 -3.671363 -10.352201 -0.653985 3.667305 -10.336742 -12.017967 1.110576 10.994096 -46.759892 -19.427094 -11.217358 179.237869 -50.125900 -179.484253 13.791900 -8.929682 -21.522127 -5.882102 9.861279 0.702591 -10.936860 -0.360576 7.156199 -0.000001 8.774814 -0.000000 -16.373306 18.857048 5.824392 -1.844031 2.498502 -2.507276 -10.163591 4.678942 4.621105 -20.975992 -0.000004 0.000004 -21.226250 2.451695 -3.593991 0.000001 -0.000007 -0.000001 -1.362680 2.240797 -0.746323 -21.334892 0.584910 3.008323 -13.821194 0.000001 0.000002 -23.887131 -0.249074 -0.839479 -60.856606 2.605212 -1.362456 -0.294025 1.679685 0.833255 -14.218192 0.093216 1.300581 -34.212002 -0.287560 0.967171 -20.033180 0.964537 1.212843 -0.000000 0.000000 -0.000001 -3.440385 0.788236 0.501655 -15.928169 -3.167307 2.999707 -6.338818 -0.000002 0.000001 -18.123413 3.648179 -4.905659 -0.000005 -0.000000 -0.000003 10.847469 19.731550 13.162879 40.067326 39.074791 4.944095 178.216003 61.599930 178.207413 -15.546604 5.949175 -38.007286 2.243539 -5.255030 -3.180155 14.282873 -0.826593 6.952495 -0.000002 -12.690593 0.000001 16.852001 -17.619692 2.587913 1.665664 -1.955919 -2.878297 4.727793 -4.170584 4.993918 11.020513 0.000004 -0.000001 12.109032 -3.735711 -2.866781 0.000001 -0.000001 0.000000 1.291985 -1.928548 -1.498088 14.800109 0.567466 3.865600 14.242553 -1.341734 -6.660650 19.631939 0.143927 -0.648244 50.374870 -0.364307 -5.723773 0.353029 -1.511149 -0.031939 20.222767 3.684306 2.316627 18.787245 0.000005 -0.000001 10.751609 -0.479866 1.397904 0.000002 0.000001 0.000000 3.273804 0.305945 -0.580109 21.486792 11.830362 2.266128 8.162916 0.000002 -0.000000 18.399054 -3.798981 -4.940568 0.000003 0.000000 -0.000002 15.520081 12.387794 -22.255077 -0.457759 -1.490911 13.193675 -28.613886 -0.585540 41.116264 1.745702 -2.106322 -3.790409 -0.000000 -0.000000 0.000003 -18.591663 -14.861557 8.670896 -0.009799 0.745082 20.690302 15.661692 2.709101 -16.804455 -1.415649 0.958020 -1.773813 0.000000 0.000000 -0.000001 
-4.757495 95.633904 -15.565944 1.990343 0.286804 -4.764575 3.615411 0.806346 4.451903 0.093932 3.653451 -2.997323 1.068779 2.122255 15.677876 -9.834440 10.945317 25.684706 0.718726 3.013287 -3.954089 -0.101909 2.258846 -16.183798 0.000077 -0.000023 0.000006 0.008619 0.012427 0.036439 0.664763 -3.666369 -10.359092 -0.655920 3.681574 -10.327518 -10.866284 0.569532 10.352665 -43.128300 -22.956610 -12.509392 178.692551 -49.012432 -179.160736 15.096112 -9.885023 -19.985403 -5.882101 9.861278 0.702589 -10.936859 -0.360573 7.156198 -0.000001 8.774815 -0.000001 -16.316301 18.812807 6.049905 -1.844030 2.498502 -2.507276 -10.163590 4.678942 4.621102 -20.975996 -0.000004 0.000003 -21.226257 2.451692 -3.593992 0.000001 -0.000004 -0.000000 -1.362680 2.240796 -0.746323 -21.334892 0.584907 3.008320 -13.821197 -0.000002 0.000002 -23.887133 -0.249078 -0.839482 -60.692142 2.693416 -1.208094 -0.294025 1.679687 0.833255 -14.218194 0.093216 1.300580 -34.212006 -0.287563 0.967172 -20.033180 0.964535 1.212845 0.000000 0.000000 0.000000 -3.440386 0.788233 0.501655 -15.928171 -3.167307 2.999705 -6.338819 0.000000 0.000002 -18.123415 3.648177 -4.905662 -0.000006 -0.000001 -0.000002 10.568078 20.406113 12.582483 38.620819 41.193867 3.246660 178.513718 61.907562 178.506241 -16.087233 6.234386 -35.661369 2.243539 -5.255033 -3.180155 14.282875 -0.826593 6.952496 -0.000002 -12.690592 0.000000 16.521317 -17.657528 2.776843 1.665665 -1.955922 -2.878296 4.727793 -4.170582 4.993917 11.020509 0.000005 0.000001 12.109030 -3.735713 -2.866778 -0.000000 0.000000 -0.000001 1.291984 -1.928547 -1.498088 14.800113 0.567467 3.865604 14.242551 -1.341735 -6.660647 19.631939 0.143925 -0.648241 50.185822 -0.492102 -5.790896 0.353029 -1.511148 -0.031941 20.222767 3.684304 2.316629 18.787245 0.000003 0.000001 10.751610 -0.479869 1.397904 -0.000001 0.000000 -0.000000 3.273804 0.305946 -0.580110 21.486790 11.830365 2.266134 8.162917 0.000001 0.000000 18.399054 -3.798982 -4.940566 0.000003 0.000001 -0.000000 17.059134 12.346919 -21.067913 -0.436946 -1.455553 13.721488 -28.887405 -1.731650 35.899624 1.745430 -2.096722 -3.380448 0.000000 0.000000 0.000002 -17.837467 -15.696416 9.343319 -0.007017 0.717793 19.253735 15.261429 2.576507 -16.074537 -1.424435 0.900737 -1.803747 0.000000 0.000000 -0.000001 
-4.318906 95.549782 -15.446988 1.071129 0.176451 -4.934044 3.770637 0.839594 4.016787 0.103032 3.650923 -3.128589 1.476431 2.328364 15.403374 -8.881225 10.186189 25.891104 0.881293 3.218281 -3.952660 0.224989 2.224490 -15.557741 0.000077 -0.000023 0.000006 -0.001479 0.030087 0.044923 0.656421 -3.676150 -10.432736 -0.664431 3.715651 -10.394488 -9.919385 0.235361 9.787786 -40.758045 -25.915409 -14.339263 178.573761 -48.866070 -179.180084 16.018938 -10.253633 -19.326305 -5.882100 9.861278 0.702590 -10.936855 -0.360576 7.156196 0.000001 8.774815 -0.000001 -16.133123 18.645819 6.223041 -1.844031 2.498505 -2.507276 -10.163588 4.678939 4.621102 -20.975994 -0.000003 0.000001 -21.226248 2.451694 -3.593995 0.000001 -0.000007 -0.000000 -1.362680 2.240795 -0.746323 -21.334887 0.584909 3.008318 -13.821197 -0.000003 0.000001 -23.887129 -0.249079 -0.839481 -60.354527 2.670408 -1.035556 -0.294024 1.679686 0.833255 -14.218190 0.093214 1.300578 -34.211998 -0.287566 0.967168 -20.033176 0.964532 1.212841 0.000000 0.000000 -0.000001 -3.440385 0.788233 0.501655 -15.928164 -3.167307 2.999703 -6.338816 0.000000 0.000001 -18.123413 3.648175 -4.905663 -0.000005 0.000001 -0.000003 10.325755 20.911402 12.241956 37.008114 43.574646 1.771693 179.248154 62.403309 179.292786 -16.711485 6.664669 -33.584023 2.243540 -5.255032 -3.180155 14.282875 -0.826593 6.952496 -0.000002 -12.690592 -0.000002 16.266548 -17.674109 2.923250 1.665665 -1.955920 -2.878297 4.727793 -4.170583 4.993918 11.020511 0.000005 -0.000002 12.109033 -3.735711 -2.866780 0.000000 -0.000000 -0.000001 1.291984 -1.928547 -1.498088 14.800111 0.567468 3.865604 14.242551 -1.341734 -6.660651 19.631937 0.143925 -0.648244 50.020218 -0.547798 -5.920798 0.353028 -1.511150 -0.031941 20.222769 3.684306 2.316626 18.787245 0.000005 -0.000001 10.751610 -0.479867 1.397903 -0.000002 0.000001 -0.000003 3.273804 0.305948 -0.580111 21.486788 11.830360 2.266129 8.162916 0.000001 -0.000001 18.399052 -3.798981 -4.940567 0.000003 0.000002 -0.000002 18.914516 11.804903 -19.060759 -0.352330 -1.349003 15.710463 -24.942839 -3.214942 29.466616 1.765705 -2.030003 -3.396814 -0.000000 -0.000000 0.000002 -17.368971 -16.032728 10.134068 0.026817 0.755002 18.181551 15.188174 2.639014 -15.404277 -1.427490 0.867670 -1.983476 0.000000 0.000001 -0.000001 
-3.585072 95.163223 -15.017912 0.135186 -0.390613 -5.243419 3.979728 0.914494 3.550872 0.148557 3.520864 -3.360044 1.887865 2.463847 15.110386 -8.169518 9.737024 26.018286 0.880616 3.371550 -3.914468 0.516040 2.156561 -14.746020 0.000077 -0.000023 0.000005 0.003455 0.017567 0.048909 0.656232 -3.699290 -10.556288 -0.653405 3.731327 -10.517241 -9.335998 0.200433 9.302062 -39.361866 -28.416771 -15.990214 178.772919 -49.461918 -179.375610 16.544064 -10.162651 -18.997183 -5.882102 9.861276 0.702591 -10.936858 -0.360573 7.156197 0.000001 8.774814 -0.000000 -15.969096 18.417414 6.309035 -1.844031 2.498502 -2.507276 -10.163589 4.678938 4.621104 -20.975996 -0.000003 0.000003 -21.226248 2.451693 -3.593992 0.000002 -0.000006 -0.000002 -1.362682 2.240796 -0.746324 -21.334888 0.584909 3.008321 -13.821197 -0.000002 0.000002 -23.887133 -0.249079 -0.839482 -60.137218 2.507674 -0.958955 -0.294024 1.679686 0.833255 -14.218194 0.093214 1.300579 -34.212002 -0.287563 0.967170 -20.033180 0.964535 1.212842 0.000000 -0.000000 0.000001 -3.440384 0.788232 0.501654 -15.928167 -3.167306 2.999704 -6.338817 -0.000002 0.000002 -18.123413 3.648175 -4.905658 -0.000003 -0.000001 -0.000003 10.078932 21.206564 12.109984 35.377522 45.871246 0.486070 -179.659851 62.959751 -179.620087 -17.321419 7.355107 -31.402147 2.243541 -5.255032 -3.180156 14.282875 -0.826592 6.952494 -0.000003 -12.690591 -0.000001 16.033028 -17.637110 2.994297 1.665665 -1.955920 -2.878298 4.727793 -4.170583 4.993917 11.020511 0.000005 -0.000002 12.109033 -3.735710 -2.866782 0.000001 -0.000002 -0.000001 1.291984 -1.928549 -1.498088 14.800109 0.567467 3.865600 14.242553 -1.341733 -6.660648 19.631937 0.143929 -0.648243 49.729496 -0.477681 -5.941471 0.353029 -1.511149 -0.031940 20.222767 3.684307 2.316627 18.787247 0.000005 -0.000002 10.751610 -0.479866 1.397903 -0.000001 0.000000 0.000000 3.273804 0.305949 -0.580110 21.486790 11.830362 2.266129 8.162918 0.000001 0.000000 18.399054 -3.798977 -4.940569 0.000002 0.000001 -0.000003 20.624853 10.675982 -16.010517 -0.223834 -1.209642 16.793953 -20.364624 -3.301862 21.644503 1.751599 -1.973308 -4.063867 -0.000000 -0.000000 0.000001 -17.091049 -15.817844 10.856216 0.030359 0.749578 17.637575 15.614394 2.509526 -15.434901 -1.423716 0.850245 -1.955445 -0.000000 -0.000000 -0.000001 
-2.786807 94.497704 -14.442420 -0.735628 -1.062418 -5.475953 4.279814 0.905696 2.977754 0.211331 3.538002 -3.660043 2.248816 2.239712 14.827655 -7.863031 9.603219 25.666935 0.882691 3.353086 -3.884604 0.570523 2.249212 -13.940099 0.000077 -0.000025 0.000004 0.000631 0.034858 0.069513 0.657467 -3.709287 -10.599152 -0.655600 3.755093 -10.568121 -9.393532 0.212459 8.660758 -38.594448 -30.230627 -17.197428 179.044601 -50.265747 -179.490234 16.706583 -9.510839 -19.252209 -5.882100 9.861279 0.702589 -10.936855 -0.360575 7.156195 -0.000000 8.774816 -0.000003 -16.090759 18.390598 6.443123 -1.844033 2.498502 -2.507276 -10.163588 4.678941 4.621102 -20.975992 -0.000004 -0.000000 -21.226248 2.451694 -3.593996 0.000001 -0.000006 -0.000003 -1.362681 2.240796 -0.746323 -21.334887 0.584909 3.008318 -13.821192 -0.000002 0.000001 -23.887129 -0.249080 -0.839481 -60.136047 2.324022 -0.923765 -0.294026 1.679685 0.833255 -14.218190 0.093216 1.300577 -34.211998 -0.287564 0.967165 -20.033173 0.964534 1.212840 -0.000000 0.000000 -0.000000 -3.440384 0.788232 0.501655 -15.928164 -3.167306 2.999702 -6.338815 -0.000002 0.000001 -18.123415 3.648177 -4.905663 -0.000004 -0.000000 -0.000003 9.900485 21.455479 11.881737 34.025513 47.715565 -0.360497 -178.523254 63.297585 -178.682846 -17.785389 7.874047 -29.371000 2.243539 -5.255033 -3.180154 14.282875 -0.826592 6.952496 -0.000002 -12.690591 -0.000001 15.850068 -17.777794 3.003233 1.665664 -1.955920 -2.878294 4.727793 -4.170582 4.993918 11.020511 0.000005 -0.000000 12.109033 -3.735710 -2.866780 0.000001 -0.000003 -0.000001 1.291984 -1.928547 -1.498086 14.800114 0.567470 3.865604 14.242551 -1.341732 -6.660648 19.631939 0.143926 -0.648241 49.406151 -0.663156 -5.970054 0.353029 -1.511148 -0.031940 20.222767 3.684307 2.316630 18.787245 0.000004 0.000002 10.751611 -0.479868 1.397905 -0.000001 -0.000000 -0.000001 3.273803 0.305948 -0.580109 21.486792 11.830362 2.266133 8.162916 0.000002 0.000002 18.399052 -3.798979 -4.940563 0.000003 0.000002 -0.000002 21.748888 9.870828 -13.131918 -0.111791 -0.919930 15.360016 -20.693144 -3.443809 13.264168 1.723707 -1.996356 -2.927896 -0.000000 0.000000 0.000002 -16.874485 -15.268851 11.011067 0.060061 0.681735 18.227331 16.099516 2.426213 -16.430702 -1.431092 0.803406 -1.984397 0.000000 0.000000 -0.000001 
-1.911130 93.940125 -14.002198 -0.803218 -1.078259 -5.524185 4.107452 0.866162 2.415296 0.281593 3.416338 -3.915552 2.279212 2.069145 14.803485 -7.901636 9.469484 24.667538 0.786132 3.294974 -3.816365 0.793999 2.183105 -13.720663 0.000077 -0.000022 0.000006 -0.010222 0.032814 0.099275 0.644132 -3.728061 -10.618908 -0.665978 3.783538 -10.598692 -10.308415 0.013916 8.278739 -37.797451 -32.169430 -17.750076 178.774414 -51.115929 -179.286957 16.773165 -9.451033 -19.703302 -5.882100 9.861280 0.702590 -10.936858 -0.360574 7.156196 0.000002 8.774814 -0.000002 -16.169434 18.237389 6.348812 -1.844031 2.498502 -2.507275 -10.163590 4.678941 4.621104 -20.975994 -0.000003 0.000003 -21.226255 2.451693 -3.593994 0.000001 -0.000006 -0.000002 -1.362681 2.240796 -0.746323 -21.334887 0.584908 3.008320 -13.821198 -0.000003 0.000003 -23.887131 -0.249078 -0.839480 -60.397671 2.241086 -0.925284 -0.294023 1.679686 0.833255 -14.218194 0.093216 1.300579 -34.212006 -0.287563 0.967170 -20.033180 0.964534 1.212843 -0.000000 0.000000 0.000001 -3.440385 0.788231 0.501655 -15.928167 -3.167307 2.999704 -6.338819 -0.000001 0.000002 -18.123413 3.648176 -4.905661 -0.000004 -0.000000 -0.000002 10.477729 21.368420 11.632014 32.602512 48.765163 -1.488204 -178.599716 63.066425 -178.618683 -17.917145 7.824811 -28.417025 2.243541 -5.255036 -3.180156 14.282877 -0.826592 6.952497 -0.000003 -12.690591 -0.000001 16.133041 -17.840851 2.700152 1.665665 -1.955921 -2.878297 4.727795 -4.170584 4.993918 11.020512 0.000004 -0.000002 12.109033 -3.735711 -2.866779 -0.000000 -0.000002 0.000000 1.291985 -1.928549 -1.498089 14.800111 0.567469 3.865605 14.242553 -1.341733 -6.660651 19.631939 0.143928 -0.648242 49.347157 -0.776139 -6.053859 0.353028 -1.511151 -0.031938 20.222771 3.684307 2.316629 18.787245 0.000004 -0.000002 10.751611 -0.479868 1.397905 -0.000001 0.000002 -0.000001 3.273805 0.305948 -0.580110 21.486795 11.830366 2.266130 8.162916 0.000003 -0.000002 18.399052 -3.798976 -4.940569 0.000002 -0.000001 -0.000001 21.266191 10.545762 -13.228103 -0.122716 -0.769810 16.286964 -21.214626 -4.723868 9.041658 1.674339 -1.982581 -2.176390 0.000000 -0.000000 0.000002 -17.552412 -15.049763 10.904408 0.078711 0.629990 19.178059 16.596237 2.472662 -17.353762 -1.439430 0.800573 -1.986608 0.000000 0.000000 -0.000001 
-0.995233 93.639015 -13.760264 0.025436 -0.785988 -5.534739 3.721491 0.889247 2.193216 0.245864 3.465299 -4.047593 1.590756 2.115189 14.864166 -7.840071 9.273153 23.628288 0.640222 3.036919 -3.801196 0.875460 1.915251 -13.913281 0.000077 -0.000022 0.000006 -0.023364 0.063399 0.089656 0.639889 -3.694734 -10.611720 -0.690726 3.806988 -10.607993 -10.643807 -0.421100 7.954249 -38.728863 -33.764286 -17.346375 178.504440 -51.676937 -179.184738 16.438795 -9.591328 -20.420164 -5.882102 9.861277 0.702590 -10.936858 -0.360573 7.156196 0.000002 8.774810 0.000000 -16.247234 18.318041 6.210831 -1.844030 2.498502 -2.507275 -10.163589 4.678937 4.621104 -20.975994 -0.000004 0.000003 -21.226255 2.451692 -3.593992 0.000001 -0.000006 0.000001 -1.362680 2.240795 -0.746323 -21.334892 0.584909 3.008321 -13.821195 -0.000003 0.000002 -23.887131 -0.249078 -0.839480 -60.304092 2.399312 -0.917065 -0.294023 1.679688 0.833255 -14.218194 0.093216 1.300579 -34.212002 -0.287564 0.967169 -20.033180 0.964535 1.212841 -0.000000 -0.000000 0.000000 -3.440385 0.788232 0.501655 -15.928169 -3.167304 2.999702 -6.338815 -0.000002 0.000001 -18.123413 3.648175 -4.905660 -0.000004 -0.000000 -0.000002 10.728872 21.301407 11.422948 32.984756 48.743050 -2.102180 -178.825714 62.138817 -178.748260 -18.084509 7.589722 -28.340712 2.243539 -5.255031 -3.180152 14.282878 -0.826595 6.952498 -0.000001 -12.690587 0.000000 16.254820 -17.798018 2.729807 1.665666 -1.955920 -2.878296 4.727794 -4.170584 4.993922 11.020512 0.000002 0.000000 12.109031 -3.735710 -2.866776 -0.000000 -0.000002 0.000001 1.291984 -1.928548 -1.498088 14.800113 0.567468 3.865606 14.242554 -1.341736 -6.660644 19.631937 0.143923 -0.648244 49.674091 -0.753831 -5.974457 0.353029 -1.511150 -0.031939 20.222767 3.684303 2.316627 18.787245 0.000003 -0.000000 10.751610 -0.479870 1.397904 -0.000000 0.000003 -0.000002 3.273805 0.305948 -0.580110 21.486788 11.830360 2.266131 8.162916 0.000002 -0.000002 18.399055 -3.798980 -4.940567 0.000003 0.000000 0.000000 19.753407 11.818752 -15.032523 -0.222636 -0.708097 19.965494 -21.042326 -6.903098 7.624140 1.663518 -1.993709 -2.069416 0.000000 0.000000 0.000002 -19.275291 -15.121649 10.667868 0.096449 0.633250 20.217812 17.144194 2.835835 -17.633951 -1.431574 0.846908 -2.058646 0.000000 0.000000 -0.000001 
-0.095521 93.401833 -13.574511 0.647824 -0.653689 -5.555748 3.615322 0.972154 2.202011 0.256985 3.690401 -4.052767 1.004564 2.076597 14.734321 -8.266726 9.541764 22.963575 0.476515 2.696810 -3.795438 0.822192 1.687839 -14.299073 0.000077 -0.000024 0.000005 -0.030960 0.083820 0.062186 0.634448 -3.658591 -10.581471 -0.697487 3.814932 -10.587552 -10.577570 -0.453455 7.809150 -41.203720 -34.656910 -16.219860 178.694107 -51.818222 -179.355194 15.745502 -9.291018 -20.777157 -5.882100 9.861278 0.702590 -10.936859 -0.360575 7.156198 -0.000001 8.774813 -0.000001 -16.334864 18.437365 6.082106 -1.844031 2.498502 -2.507276 -10.163590 4.678941 4.621105 -20.975994 -0.000003 0.000003 -21.226255 2.451694 -3.593992 0.000001 -0.000007 -0.000000 -1.362679 2.240797 -0.746323 -21.334892 0.584909 3.008322 -13.821197 -0.000001 0.000002 -23.887133 -0.249075 -0.839480 -60.335285 2.444487 -1.006284 -0.294025 1.679685 0.833255 -14.218194 0.093215 1.300581 -34.211998 -0.287561 0.967171 -20.033180 0.964537 1.212842 -0.000000 0.000000 0.000000 -3.440385 0.788231 0.501655 -15.928167 -3.167305 2.999705 -6.338818 -0.000001 0.000002 -18.123411 3.648178 -4.905660 -0.000005 -0.000000 -0.000001 10.042583 21.513123 11.295652 35.092281 48.171368 -1.828587 -179.032928 61.085732 -178.893448 -18.133284 7.292476 -28.649706 2.243540 -5.255033 -3.180155 14.282878 -0.826593 6.952495 -0.000002 -12.690593 -0.000001 16.438450 -17.907204 2.790574 1.665666 -1.955921 -2.878296 4.727794 -4.170586 4.993921 11.020512 0.000005 -0.000003 12.109033 -3.735711 -2.866781 -0.000000 -0.000002 0.000000 1.291984 -1.928546 -1.498087 14.800111 0.567469 3.865602 14.242556 -1.341735 -6.660651 19.631939 0.143926 -0.648245 50.041874 -0.845589 -5.908528 0.353029 -1.511151 -0.031939 20.222769 3.684308 2.316627 18.787247 0.000005 -0.000002 10.751611 -0.479867 1.397904 -0.000001 0.000002 -0.000001 3.273804 0.305947 -0.580113 21.486795 11.830366 2.266130 8.162916 0.000003 -0.000001 18.399054 -3.798977 -4.940570 0.000003 -0.000001 -0.000000 18.504606 12.951495 -16.468620 -0.337881 -0.745216 23.005814 -20.587280 -8.550899 6.521061 1.658217 -1.990317 -1.960240 0.000000 -0.000000 0.000002 -20.769075 -15.184947 10.544064 0.136449 0.648634 20.864870 17.703514 3.284328 -17.542189 -1.426805 0.864228 -2.238035 0.000000 0.000000 -0.000001 
0.633362 93.262627 -13.373563 1.030928 -0.755637 -5.538544 3.565247 1.090999 2.227471 0.298632 3.886288 -4.043126 0.714693 2.152431 14.613959 -8.879922 10.051474 22.538101 0.337288 2.408637 -3.797354 0.733473 1.512705 -14.679042 0.000077 -0.000022 0.000006 -0.034124 0.110679 0.068310 0.626469 -3.619784 -10.545630 -0.697175 3.837895 -10.552853 -10.576443 -0.175855 7.707428 -43.396187 -34.686947 -14.857351 178.937820 -51.737934 -179.637680 14.837418 -8.674639 -20.505413 -5.882102 9.861278 0.702589 -10.936860 -0.360575 7.156197 -0.000000 8.774812 -0.000002 -16.438326 18.528715 6.043923 -1.844032 2.498502 -2.507275 -10.163591 4.678940 4.621104 -20.975996 -0.000002 0.000003 -21.226257 2.451694 -3.593994 0.000000 -0.000006 -0.000002 -1.362680 2.240797 -0.746323 -21.334894 0.584909 3.008321 -13.821198 -0.000001 0.000003 -23.887131 -0.249076 -0.839481 -60.471260 2.409924 -1.068037 -0.294024 1.679686 0.833255 -14.218192 0.093214 1.300580 -34.212013 -0.287561 0.967172 -20.033184 0.964537 1.212842 -0.000001 0.000000 0.000000 -3.440385 0.788232 0.501655 -15.928169 -3.167306 2.999704 -6.338818 -0.000001 0.000002 -18.123413 3.648176 -4.905662 -0.000004 0.000000 -0.000002 9.488018 21.737646 11.376776 36.772762 47.589268 -1.370504 -179.309479 60.351295 -179.053909 -18.159157 6.990801 -29.009771 2.243539 -5.255033 -3.180155 14.282877 -0.826594 6.952497 -0.000001 -12.690591 0.000000 16.585848 -18.016762 2.830702 1.665664 -1.955919 -2.878296 4.727793 -4.170582 4.993919 11.020512 0.000003 -0.000001 12.109033 -3.735711 -2.866778 0.000001 -0.000002 -0.000000 1.291984 -1.928547 -1.498088 14.800111 0.567468 3.865603 14.242554 -1.341736 -6.660648 19.631939 0.143925 -0.648242 50.183170 -0.948725 -5.851594 0.353028 -1.511149 -0.031938 20.222771 3.684304 2.316629 18.787251 0.000003 -0.000000 10.751610 -0.479868 1.397905 -0.000001 0.000002 -0.000002 3.273804 0.305947 -0.580110 21.486794 11.830361 2.266132 8.162916 0.000002 0.000000 18.399054 -3.798979 -4.940568 0.000003 0.000001 -0.000001 17.653736 13.581049 -17.226404 -0.384146 -0.789483 24.844889 -20.120623 -9.342318 5.468588 1.652608 -1.974901 -1.874315 0.000000 -0.000000 0.000002 -21.853065 -15.249514 10.510198 0.157964 0.708066 21.070812 18.212908 3.696042 -17.147657 -1.423325 0.857132 -2.481757 0.000000 0.000000 -0.000001 
1.160561 93.176529 -13.211274 1.247031 -0.944086 -5.503540 3.502601 1.156988 2.214923 0.328160 4.084008 -4.039586 0.575074 2.295961 14.573531 -9.414483 10.501448 22.251272 0.278398 2.237686 -3.822838 0.675199 1.446987 -15.002064 0.000077 -0.000022 0.000006 -0.033128 0.111428 0.077591 0.620558 -3.600680 -10.513953 -0.690924 3.838990 -10.520335 -10.577486 0.176567 7.634670 -44.831413 -34.189419 -13.789627 179.030197 -51.519329 -179.762283 14.051455 -8.130082 -20.042824 -5.882098 9.861278 0.702590 -10.936857 -0.360577 7.156196 0.000002 8.774813 -0.000001 -16.529644 18.571537 6.042555 -1.844030 2.498502 -2.507276 -10.163589 4.678938 4.621103 -20.975994 -0.000007 0.000002 -21.226255 2.451690 -3.593992 0.000000 -0.000005 -0.000001 -1.362680 2.240796 -0.746323 -21.334887 0.584905 3.008319 -13.821194 -0.000006 0.000003 -23.887129 -0.249082 -0.839480 -60.614223 2.382724 -1.117270 -0.294025 1.679687 0.833256 -14.218190 0.093212 1.300578 -34.212002 -0.287569 0.967171 -20.033180 0.964533 1.212842 -0.000000 0.000000 0.000001 -3.440385 0.788232 0.501655 -15.928167 -3.167309 2.999703 -6.338819 -0.000002 0.000002 -18.123411 3.648175 -4.905661 -0.000004 -0.000001 -0.000003 9.219449 21.867962 11.525897 37.830666 47.213367 -0.993896 -179.570404 59.871933 -179.247452 -18.084171 6.808686 -29.261435 2.243540 -5.255033 -3.180155 14.282875 -0.826591 6.952495 -0.000002 -12.690592 -0.000001 16.611631 -18.083075 2.851467 1.665666 -1.955920 -2.878296 4.727793 -4.170582 4.993918 11.020512 0.000003 -0.000002 12.109033 -3.735709 -2.866778 -0.000000 -0.000002 0.000000 1.291985 -1.928549 -1.498088 14.800114 0.567469 3.865605 14.242553 -1.341734 -6.660649 19.631935 0.143928 -0.648245 50.169094 -0.983064 -5.809635 0.353028 -1.511148 -0.031941 20.222771 3.684305 2.316629 18.787245 0.000005 -0.000001 10.751610 -0.479866 1.397903 -0.000001 0.000001 -0.000002 3.273804 0.305947 -0.580109 21.486790 11.830360 2.266129 8.162916 0.000002 -0.000002 18.399054 -3.798977 -4.940568 0.000003 -0.000001 -0.000000 17.131750 13.877592 -17.642841 -0.408714 -0.814952 25.985420 -19.742329 -9.701795 4.591861 1.647639 -1.964482 -1.868899 -0.000000 -0.000000 0.000002 -22.593086 -15.351613 10.491916 0.170277 0.765548 21.086308 18.643259 4.032670 -16.736647 -1.422655 0.840702 -2.668097 0.000000 0.000000 -0.000001 
1.500825 93.091621 -13.056689 1.331196 -1.109685 -5.499163 3.440766 1.212814 2.181729 0.339857 4.225056 -4.037568 0.485465 2.466384 14.601472 -9.791034 10.817458 22.095182 0.266697 2.198935 -3.832139 0.659813 1.437466 -15.281769 0.000077 -0.000023 0.000006 -0.031415 0.111865 0.083760 0.618585 -3.603346 -10.513961 -0.686461 3.831986 -10.514452 -10.496263 0.494839 7.637849 -45.618565 -33.410389 -13.289818 179.037537 -51.201538 -179.780670 13.401615 -7.690018 -19.570293 -5.882102 9.861277 0.702589 -10.936861 -0.360574 7.156196 -0.000001 8.774814 -0.000001 -16.554575 18.554935 6.074044 -1.844033 2.498503 -2.507275 -10.163591 4.678940 4.621104 -20.976000 -0.000001 0.000003 -21.226254 2.451694 -3.593994 0.000000 -0.000006 -0.000002 -1.362680 2.240795 -0.746323 -21.334892 0.584909 3.008321 -13.821197 -0.000001 0.000004 -23.887131 -0.249076 -0.839479 -60.755840 2.362325 -1.151927 -0.294025 1.679686 0.833255 -14.218197 0.093214 1.300580 -34.212002 -0.287563 0.967171 -20.033182 0.964536 1.212842 -0.000000 0.000000 0.000000 -3.440387 0.788233 0.501655 -15.928167 -3.167308 2.999704 -6.338815 -0.000001 0.000001 -18.123415 3.648177 -4.905663 -0.000004 0.000001 -0.000003 9.084026 21.924833 11.663657 38.529911 46.985798 -0.816592 -179.830597 59.521675 -179.490677 -18.049454 6.607593 -29.536499 2.243540 -5.255033 -3.180155 14.282878 -0.826593 6.952496 -0.000002 -12.690591 -0.000002 16.599003 -18.086342 2.860780 1.665665 -1.955920 -2.878296 4.727794 -4.170583 4.993918 11.020513 0.000003 -0.000001 12.109033 -3.735709 -2.866779 0.000000 -0.000002 -0.000000 1.291985 -1.928549 -1.498087 14.800117 0.567467 3.865604 14.242554 -1.341735 -6.660647 19.631941 0.143923 -0.648244 50.136627 -0.954985 -5.777680 0.353028 -1.511148 -0.031941 20.222773 3.684305 2.316628 18.787249 0.000004 -0.000001 10.751610 -0.479866 1.397903 -0.000001 0.000001 -0.000001 3.273805 0.305947 -0.580111 21.486795 11.830361 2.266130 8.162919 0.000002 0.000001 18.399055 -3.798979 -4.940568 0.000003 0.000000 0.000000 16.886883 13.981270 -17.907074 -0.427426 -0.834279 26.853743 -19.480516 -9.850132 3.841626 1.644114 -1.958174 -1.890637 0.000000 -0.000000 0.000002 -23.083986 -15.516553 10.584462 0.193797 0.817200 20.982874 18.979382 4.350625 -16.494701 -1.424023 0.834039 -2.796417 0.000000 0.000000 -0.000001 
1.653946 92.994095 -12.979213 1.331107 -1.195793 -5.556129 3.388015 1.231600 2.140074 0.337872 4.335316 -4.048680 0.399904 2.597080 14.692494 -9.942843 10.958045 22.087284 0.291643 2.246907 -3.852967 0.663840 1.488782 -15.466572 0.000077 -0.000023 0.000006 -0.032125 0.097719 0.082259 0.616929 -3.622976 -10.520619 -0.681508 3.810943 -10.515513 -10.357558 0.774777 7.713228 -45.986763 -32.546230 -13.156634 178.968765 -50.861294 -179.761002 12.865083 -7.365861 -19.062620 -5.882101 9.861279 0.702590 -10.936858 -0.360574 7.156199 0.000001 8.774813 0.000001 -16.559010 18.505793 6.117261 -1.844031 2.498503 -2.507276 -10.163589 4.678940 4.621105 -20.975992 -0.000003 0.000001 -21.226246 2.451695 -3.593992 0.000000 -0.000007 -0.000002 -1.362680 2.240797 -0.746323 -21.334887 0.584908 3.008320 -13.821198 -0.000002 0.000003 -23.887131 -0.249078 -0.839481 -60.889610 2.366071 -1.201135 -0.294025 1.679686 0.833255 -14.218190 0.093216 1.300579 -34.211998 -0.287562 0.967169 -20.033178 0.964536 1.212840 0.000000 -0.000000 0.000001 -3.440384 0.788231 0.501655 -15.928167 -3.167306 2.999705 -6.338819 -0.000001 0.000002 -18.123415 3.648176 -4.905660 -0.000004 -0.000000 -0.000003 8.993742 21.872129 11.736762 39.127720 46.911446 -0.575643 -179.858353 59.324028 -179.487534 -17.934553 6.409699 -29.764908 2.243540 -5.255031 -3.180156 14.282877 -0.826594 6.952496 -0.000003 -12.690586 0.000002 16.558157 -18.055227 2.893800 1.665664 -1.955920 -2.878296 4.727793 -4.170582 4.993918 11.020511 0.000004 -0.000003 12.109033 -3.735708 -2.866780 -0.000002 -0.000001 -0.000001 1.291985 -1.928546 -1.498089 14.800114 0.567468 3.865603 14.242550 -1.341733 -6.660650 19.631939 0.143928 -0.648243 50.089516 -0.939952 -5.750480 0.353028 -1.511148 -0.031941 20.222767 3.684305 2.316629 18.787245 0.000004 -0.000001 10.751610 -0.479868 1.397906 0.000000 -0.000002 0.000000 3.273803 0.305947 -0.580110 21.486792 11.830361 2.266132 8.162916 0.000002 0.000000 18.399052 -3.798977 -4.940567 0.000003 0.000001 0.000000 16.843479 13.954620 -18.091768 -0.418433 -0.833295 27.514338 -19.336674 -9.933711 3.332378 1.641027 -1.964310 -1.965020 -0.000000 -0.000000 0.000002 -23.355150 -15.730753 10.633308 0.203899 0.878850 21.099318 19.212152 4.636698 -16.496080 -1.425639 0.836659 -2.827439 0.000000 0.000000 -0.000001 
1.723878 92.895081 -12.913198 1.235785 -1.269879 -5.672047 3.358422 1.232816 2.071187 0.331552 4.416994 -4.054487 0.324284 2.696022 14.808183 -9.906618 10.953355 22.208094 0.311303 2.346557 -3.864855 0.678905 1.576149 -15.601321 0.000077 -0.000024 0.000006 -0.030151 0.067854 0.083156 0.613790 -3.652508 -10.538479 -0.676165 3.787961 -10.527394 -10.223273 0.972432 7.812462 -46.064793 -31.562819 -13.251368 178.900681 -50.648724 -179.697372 12.429045 -7.147459 -18.512770 -5.882102 9.861278 0.702591 -10.936860 -0.360575 7.156197 -0.000001 8.774815 -0.000000 -16.544268 18.510740 6.172086 -1.844031 2.498503 -2.507276 -10.163589 4.678940 4.621104 -20.975998 -0.000003 0.000004 -21.226255 2.451693 -3.593992 0.000000 -0.000005 -0.000001 -1.362681 2.240798 -0.746322 -21.334896 0.584910 3.008322 -13.821197 -0.000003 0.000004 -23.887131 -0.249077 -0.839480 -60.994835 2.377574 -1.238911 -0.294025 1.679688 0.833255 -14.218194 0.093213 1.300580 -34.212002 -0.287562 0.967173 -20.033180 0.964537 1.212844 0.000000 -0.000000 0.000002 -3.440385 0.788234 0.501655 -15.928169 -3.167306 2.999705 -6.338818 -0.000002 0.000002 -18.123413 3.648178 -4.905659 -0.000004 -0.000000 -0.000003 8.950399 21.703270 11.776639 39.669025 46.850483 -0.264065 -179.850388 59.247353 -179.511353 -17.749794 6.334007 -29.733007 2.243540 -5.255032 -3.180155 14.282875 -0.826592 6.952497 -0.000002 -12.690590 -0.000001 16.457762 -18.053640 2.933123 1.665665 -1.955919 -2.878297 4.727794 -4.170580 4.993918 11.020513 0.000003 0.000000 12.109032 -3.735711 -2.866780 -0.000000 -0.000001 -0.000001 1.291984 -1.928547 -1.498088 14.800111 0.567468 3.865603 14.242553 -1.341734 -6.660648 19.631941 0.143925 -0.648244 49.969917 -0.925873 -5.740238 0.353029 -1.511148 -0.031942 20.222767 3.684308 2.316629 18.787247 0.000005 0.000001 10.751610 -0.479867 1.397906 0.000000 0.000000 -0.000001 3.273805 0.305947 -0.580111 21.486790 11.830362 2.266130 8.162917 0.000003 -0.000001 18.399052 -3.798977 -4.940567 0.000002 -0.000001 -0.000000 16.980719 13.823808 -18.213367 -0.406445 -0.815247 28.150373 -19.212509 -9.934408 2.897544 1.638095 -1.966241 -2.010900 0.000000 -0.000000 0.000002 -23.482178 -15.936239 10.781147 0.209939 0.904046 21.155642 19.426226 4.929745 -16.554609 -1.424797 0.847090 -2.768805 0.000000 0.000000 -0.000001 
1.707611 92.783501 -12.863395 1.073673 -1.308921 -5.840967 3.354399 1.231175 1.988305 0.315800 4.442811 -4.059211 0.264738 2.762299 14.938852 -9.725643 10.857129 22.390110 0.328732 2.466488 -3.876418 0.694184 1.662016 -15.629909 0.000077 -0.000022 0.000006 -0.021353 0.037054 0.083812 0.621478 -3.676509 -10.553084 -0.671324 3.762415 -10.540272 -10.129178 1.079278 7.929828 -46.014793 -30.563353 -13.338543 178.872131 -50.512348 -179.656372 12.015010 -6.976159 -17.921957 -5.882102 9.861279 0.702588 -10.936858 -0.360575 7.156196 -0.000002 8.774812 0.000001 -16.542383 18.516253 6.183360 -1.844031 2.498504 -2.507275 -10.163589 4.678941 4.621104 -20.975998 -0.000001 0.000001 -21.226255 2.451693 -3.593995 0.000003 -0.000007 -0.000001 -1.362680 2.240797 -0.746323 -21.334890 0.584912 3.008319 -13.821197 -0.000001 0.000001 -23.887131 -0.249079 -0.839483 -61.033482 2.406342 -1.264725 -0.294025 1.679687 0.833255 -14.218190 0.093215 1.300578 -34.211998 -0.287561 0.967166 -20.033176 0.964535 1.212842 0.000000 0.000000 -0.000001 -3.440386 0.788232 0.501655 -15.928169 -3.167305 2.999704 -6.338817 -0.000002 0.000002 -18.123415 3.648175 -4.905663 -0.000005 -0.000000 -0.000003 8.972327 21.435152 11.805688 40.205257 46.706985 0.218604 -179.753815 59.243256 -179.445679 -17.481123 6.289112 -29.463919 2.243540 -5.255033 -3.180156 14.282878 -0.826593 6.952496 -0.000004 -12.690592 0.000002 16.345779 -18.004396 2.974390 1.665664 -1.955919 -2.878296 4.727794 -4.170583 4.993920 11.020513 0.000005 -0.000000 12.109035 -3.735711 -2.866780 0.000000 -0.000002 -0.000001 1.291985 -1.928550 -1.498087 14.800113 0.567468 3.865603 14.242554 -1.341734 -6.660647 19.631939 0.143928 -0.648241 49.893074 -0.918018 -5.719901 0.353029 -1.511150 -0.031939 20.222771 3.684309 2.316628 18.787245 0.000007 0.000000 10.751609 -0.479868 1.397904 -0.000001 0.000001 -0.000000 3.273804 0.305949 -0.580110 21.486795 11.830367 2.266131 8.162916 0.000003 -0.000002 18.399055 -3.798976 -4.940566 0.000003 0.000001 -0.000001 17.254330 13.601696 -18.262480 -0.396493 -0.801597 28.703445 -19.132042 -9.883025 2.495460 1.638021 -1.968158 -2.048459 0.000000 -0.000000 0.000002 -23.483276 -16.129660 10.980292 0.218488 0.935569 21.248869 19.568535 5.193499 -16.744400 -1.425338 0.858988 -2.666317 -0.000000 0.000001 -0.000001 
1.652390 92.671875 -12.897054 0.865327 -1.313557 -6.039452 3.369939 1.215479 1.900669 0.307660 4.463693 -4.069015 0.222428 2.767486 15.084916 -9.489496 10.716231 22.559174 0.344749 2.541421 -3.889784 0.702001 1.808820 -15.592710 0.000077 -0.000022 0.000006 -0.021299 0.030649 0.093632 0.627670 -3.696916 -10.554953 -0.674567 3.740607 -10.540824 -10.064342 1.132561 8.048874 -45.962914 -29.644457 -13.447864 178.907639 -50.448753 -179.665817 11.590652 -6.814723 -17.373522 -5.882099 9.861278 0.702590 -10.936858 -0.360574 7.156196 0.000000 8.774812 -0.000000 -16.564941 18.545654 6.204362 -1.844030 2.498503 -2.507277 -10.163589 4.678938 4.621104 -20.975996 -0.000002 0.000002 -21.226250 2.451692 -3.593995 0.000001 -0.000005 -0.000001 -1.362681 2.240797 -0.746323 -21.334887 0.584907 3.008320 -13.821194 -0.000002 0.000002 -23.887131 -0.249079 -0.839483 -61.069065 2.433539 -1.269795 -0.294024 1.679687 0.833255 -14.218194 0.093215 1.300580 -34.211998 -0.287563 0.967169 -20.033176 0.964534 1.212842 0.000000 0.000000 0.000000 -3.440385 0.788233 0.501655 -15.928165 -3.167307 2.999703 -6.338815 0.000001 0.000001 -18.123411 3.648176 -4.905663 -0.000004 0.000001 -0.000002 9.078914 21.147194 11.860292 40.645969 46.485432 0.641055 -179.770798 59.282581 -179.502838 -17.227859 6.221694 -29.153608 2.243539 -5.255034 -3.180156 14.282877 -0.826592 6.952497 -0.000001 -12.690593 -0.000002 16.294161 -17.942690 2.953729 1.665664 -1.955920 -2.878296 4.727794 -4.170583 4.993918 11.020510 0.000002 0.000000 12.109031 -3.735709 -2.866777 0.000000 -0.000003 -0.000001 1.291984 -1.928547 -1.498088 14.800113 0.567468 3.865606 14.242554 -1.341737 -6.660646 19.631939 0.143924 -0.648243 49.900555 -0.904808 -5.725664 0.353029 -1.511149 -0.031939 20.222769 3.684304 2.316631 18.787247 0.000002 0.000001 10.751610 -0.479869 1.397906 -0.000001 0.000001 -0.000000 3.273804 0.305946 -0.580110 21.486794 11.830363 2.266134 8.162919 0.000001 -0.000001 18.399054 -3.798980 -4.940566 0.000001 0.000001 0.000000 17.588087 13.317902 -18.305374 -0.387651 -0.794810 29.157064 -19.048229 -9.746068 2.185839 1.640409 -1.969822 -2.069333 0.000000 -0.000000 0.000002 -23.375612 -16.282564 11.085835 0.222460 0.950618 21.514147 19.615980 5.428745 -16.994768 -1.425732 0.867709 -2.572275 -0.000000 -0.000000 -0.000001 
1.519542 92.570023 -12.935554 0.644620 -1.339584 -6.238949 3.381514 1.195101 1.818835 0.295461 4.431867 -4.078345 0.209705 2.737993 15.224135 -9.263481 10.572813 22.657385 0.361609 2.648626 -3.886512 0.708556 1.914662 -15.544401 0.000077 -0.000022 0.000006 -0.020573 0.029517 0.098332 0.632649 -3.705210 -10.546531 -0.675646 3.745572 -10.531091 -10.001806 1.170062 8.133235 -45.963318 -28.845572 -13.501837 178.959900 -50.459145 -179.684967 11.173088 -6.680754 -16.895857 -5.882101 9.861279 0.702589 -10.936857 -0.360574 7.156196 -0.000002 8.774813 -0.000002 -16.491123 18.536213 6.206911 -1.844031 2.498502 -2.507275 -10.163589 4.678940 4.621104 -20.975994 -0.000003 0.000003 -21.226255 2.451694 -3.593995 0.000003 -0.000006 -0.000000 -1.362680 2.240796 -0.746323 -21.334888 0.584908 3.008321 -13.821197 -0.000002 0.000002 -23.887131 -0.249077 -0.839481 -61.020420 2.421071 -1.238488 -0.294025 1.679685 0.833255 -14.218190 0.093215 1.300578 -34.211998 -0.287562 0.967168 -20.033180 0.964536 1.212843 0.000000 0.000000 0.000000 -3.440384 0.788232 0.501655 -15.928165 -3.167306 2.999703 -6.338818 -0.000001 0.000002 -18.123413 3.648176 -4.905663 -0.000004 0.000001 -0.000002 9.233796 20.857925 11.936590 41.015423 46.178139 1.184470 -179.710144 59.311378 -179.496445 -16.974060 6.157239 -28.818991 2.243540 -5.255033 -3.180156 14.282877 -0.826595 6.952497 -0.000001 -12.690590 -0.000001 16.283503 -17.907930 2.918594 1.665664 -1.955919 -2.878294 4.727795 -4.170583 4.993919 11.020510 0.000004 -0.000001 12.109034 -3.735711 -2.866780 -0.000000 -0.000003 -0.000001 1.291985 -1.928547 -1.498088 14.800111 0.567468 3.865605 14.242553 -1.341733 -6.660645 19.631939 0.143927 -0.648242 49.888420 -0.880233 -5.771061 0.353029 -1.511150 -0.031941 20.222767 3.684306 2.316630 18.787247 0.000003 0.000001 10.751611 -0.479868 1.397904 0.000000 -0.000002 -0.000001 3.273803 0.305948 -0.580110 21.486794 11.830360 2.266134 8.162919 0.000002 0.000000 18.399055 -3.798981 -4.940567 0.000003 0.000002 0.000000 17.985739 13.008774 -18.262512 -0.376097 -0.801074 29.451982 -19.019815 -9.550537 1.950724 1.644100 -1.973995 -2.087390 0.000000 0.000000 0.000002 -23.188681 -16.409765 11.152637 0.225009 0.959627 21.842865 19.573862 5.620719 -17.301071 -1.424758 0.883482 -2.487287 -0.000000 0.000001 -0.000001 
1.384808 92.483131 -12.971083 0.402487 -1.390052 -6.459961 3.408983 1.181034 1.770995 0.278891 4.370315 -4.080324 0.232307 2.692948 15.343102 -9.038707 10.410751 22.696934 0.387475 2.784455 -3.883478 0.675728 2.037806 -15.464600 0.000077 -0.000022 0.000006 -0.019380 0.036135 0.097698 0.633192 -3.687129 -10.536526 -0.674997 3.745633 -10.522294 -9.925531 1.141444 8.214325 -45.948036 -28.157856 -13.588114 179.025558 -50.472015 -179.761642 10.838797 -6.562156 -16.475031 -5.882102 9.861278 0.702589 -10.936861 -0.360575 7.156197 0.000001 8.774814 -0.000001 -16.476810 18.529871 6.192854 -1.844031 2.498503 -2.507276 -10.163590 4.678940 4.621104 -20.975994 -0.000002 0.000002 -21.226255 2.451692 -3.593995 0.000002 -0.000006 -0.000002 -1.362680 2.240797 -0.746323 -21.334892 0.584907 3.008321 -13.821198 -0.000002 0.000001 -23.887133 -0.249080 -0.839479 -61.074368 2.408170 -1.246407 -0.294024 1.679688 0.833255 -14.218194 0.093214 1.300579 -34.212006 -0.287564 0.967169 -20.033180 0.964534 1.212841 -0.000000 0.000000 0.000000 -3.440386 0.788232 0.501655 -15.928167 -3.167308 2.999703 -6.338817 -0.000002 0.000001 -18.123413 3.648175 -4.905663 -0.000004 -0.000001 -0.000003 9.455034 20.586025 12.063923 41.310040 45.826580 1.768303 -179.719681 59.348248 -179.565765 -16.750458 6.148838 -28.427904 2.243540 -5.255033 -3.180156 14.282877 -0.826592 6.952495 -0.000003 -12.690591 0.000001 16.291660 -17.871119 2.882128 1.665665 -1.955919 -2.878295 4.727792 -4.170582 4.993920 11.020511 0.000004 -0.000001 12.109034 -3.735711 -2.866777 0.000000 -0.000002 0.000000 1.291985 -1.928549 -1.498088 14.800111 0.567468 3.865602 14.242554 -1.341733 -6.660648 19.631937 0.143927 -0.648241 49.866646 -0.858805 -5.788351 0.353029 -1.511149 -0.031941 20.222769 3.684308 2.316628 18.787245 0.000006 0.000001 10.751611 -0.479868 1.397905 -0.000000 -0.000001 0.000001 3.273804 0.305948 -0.580109 21.486792 11.830364 2.266132 8.162916 0.000002 0.000001 18.399054 -3.798979 -4.940567 0.000003 0.000000 -0.000003 18.427107 12.706152 -18.174835 -0.380034 -0.798881 29.731102 -19.012312 -9.367120 1.771177 1.646302 -1.980496 -2.039017 0.000000 0.000000 0.000002 -22.961712 -16.465767 11.237341 0.220268 0.936021 22.155497 19.522095 5.828298 -17.531298 -1.425960 0.905596 -2.397577 -0.000000 0.000001 -0.000001 
1.295411 92.401573 -12.973018 0.180803 -1.450679 -6.650550 3.424398 1.144462 1.720356 0.265147 4.304707 -4.078623 0.285003 2.629013 15.425854 -8.842712 10.229327 22.653141 0.417665 2.931385 -3.865917 0.625091 2.152278 -15.400319 0.000077 -0.000022 0.000006 -0.020025 0.049132 0.103091 0.635001 -3.673137 -10.522820 -0.680703 3.764810 -10.509228 -9.831339 1.077913 8.261898 -45.934330 -27.628084 -13.719818 179.163437 -50.510334 -179.845154 10.574961 -6.424373 -16.249439 -5.882103 9.861278 0.702590 -10.936860 -0.360573 7.156196 -0.000001 8.774814 -0.000000 -16.461330 18.515785 6.164536 -1.844032 2.498502 -2.507275 -10.163592 4.678941 4.621104 -20.976000 -0.000001 0.000002 -21.226255 2.451693 -3.593992 0.000001 -0.000005 -0.000001 -1.362681 2.240797 -0.746322 -21.334894 0.584908 3.008320 -13.821198 -0.000001 0.000002 -23.887133 -0.249075 -0.839483 -61.085220 2.380955 -1.266354 -0.294025 1.679688 0.833255 -14.218194 0.093216 1.300578 -34.212009 -0.287562 0.967167 -20.033180 0.964537 1.212840 0.000000 -0.000000 0.000001 -3.440384 0.788232 0.501655 -15.928169 -3.167305 2.999702 -6.338817 0.000001 0.000001 -18.123413 3.648177 -4.905662 -0.000004 -0.000000 -0.000002 9.710199 20.317137 12.216092 41.536678 45.475964 2.413322 -179.707428 59.357830 -179.560379 -16.518484 6.143935 -28.178032 2.243540 -5.255031 -3.180153 14.282875 -0.826593 6.952493 -0.000003 -12.690587 0.000001 16.308298 -17.825062 2.838258 1.665665 -1.955920 -2.878298 4.727793 -4.170582 4.993919 11.020512 0.000005 -0.000002 12.109032 -3.735707 -2.866779 -0.000000 -0.000003 0.000001 1.291985 -1.928547 -1.498089 14.800114 0.567467 3.865602 14.242554 -1.341733 -6.660650 19.631939 0.143927 -0.648241 49.856647 -0.847747 -5.810045 0.353029 -1.511151 -0.031941 20.222769 3.684306 2.316627 18.787247 0.000005 -0.000001 10.751610 -0.479867 1.397905 -0.000001 -0.000001 0.000000 3.273804 0.305946 -0.580110 21.486792 11.830363 2.266130 8.162916 0.000003 -0.000001 18.399054 -3.798980 -4.940568 0.000003 0.000002 -0.000001 18.808123 12.439758 -18.093380 -0.377555 -0.796938 30.012918 -18.962675 -9.261311 1.516845 1.646145 -1.967775 -2.001432 0.000000 -0.000000 0.000002 -22.783134 -16.513906 11.390224 0.232095 0.932986 22.287394 19.462194 5.972628 -17.732666 -1.425117 0.912313 -2.293158 0.000000 0.000000 -0.000001 
1.230427 92.362206 -13.037929 -0.003835 -1.515982 -6.799429 3.432329 1.120388 1.668058 0.250654 4.226583 -4.084652 0.356511 2.555421 15.498229 -8.657343 10.054753 22.549789 0.446032 3.074664 -3.859626 0.556781 2.243072 -15.315698 0.000077 -0.000021 0.000006 -0.020358 0.055534 0.099654 0.635909 -3.660999 -10.511750 -0.684159 3.784279 -10.497278 -9.688974 0.981519 8.247993 -45.847408 -27.230982 -13.871843 179.322830 -50.592991 -179.906631 10.413314 -6.307378 -16.115400 -5.882103 9.861279 0.702589 -10.936862 -0.360574 7.156197 -0.000001 8.774813 -0.000001 -16.495861 18.543610 6.134850 -1.844032 2.498503 -2.507275 -10.163590 4.678940 4.621104 -20.976000 -0.000002 0.000004 -21.226255 2.451692 -3.593992 0.000001 -0.000005 -0.000000 -1.362682 2.240795 -0.746322 -21.334892 0.584909 3.008321 -13.821198 -0.000000 0.000003 -23.887133 -0.249077 -0.839481 -61.062080 2.375861 -1.303958 -0.294024 1.679687 0.833255 -14.218195 0.093216 1.300580 -34.212013 -0.287560 0.967170 -20.033180 0.964536 1.212842 0.000000 0.000000 -0.000001 -3.440385 0.788234 0.501655 -15.928171 -3.167305 2.999704 -6.338820 -0.000001 0.000002 -18.123415 3.648177 -4.905661 -0.000004 0.000001 -0.000002 9.962369 20.085285 12.358773 41.662880 45.144623 3.026051 -179.741608 59.376476 -179.616623 -16.304169 6.191644 -28.051903 2.243539 -5.255032 -3.180156 14.282878 -0.826591 6.952496 -0.000004 -12.690592 -0.000000 16.318830 -17.785601 2.791731 1.665665 -1.955919 -2.878297 4.727792 -4.170581 4.993918 11.020511 0.000006 -0.000002 12.109034 -3.735710 -2.866781 0.000000 -0.000003 -0.000002 1.291984 -1.928548 -1.498090 14.800113 0.567470 3.865603 14.242551 -1.341731 -6.660648 19.631939 0.143930 -0.648241 49.844776 -0.842123 -5.833926 0.353028 -1.511149 -0.031940 20.222769 3.684309 2.316626 18.787245 0.000006 -0.000001 10.751610 -0.479868 1.397904 0.000000 0.000000 0.000000 3.273803 0.305948 -0.580111 21.486795 11.830366 2.266131 8.162916 0.000003 -0.000001 18.399054 -3.798978 -4.940566 0.000002 0.000002 -0.000003 19.111689 12.250058 -18.051998 -0.385110 -0.799204 30.203285 -18.874933 -9.160830 1.466495 1.646266 -1.962588 -1.926821 0.000000 -0.000000 0.000002 -22.617296 -16.495455 11.347808 0.231453 0.892458 22.526913 19.377932 6.115888 -17.765520 -1.425451 0.908028 -2.219642 -0.000000 -0.000000 -0.000001 
1.165319 92.355751 -13.089353 -0.154009 -1.572367 -6.909224 3.427761 1.084450 1.612299 0.245998 4.168578 -4.088593 0.454190 2.477475 15.532618 -8.512745 9.877452 22.383760 0.491349 3.164602 -3.843036 0.457924 2.383950 -15.241284 0.000077 -0.000022 0.000006 -0.020122 0.055479 0.097220 0.641084 -3.666192 -10.500189 -0.685454 3.766735 -10.485923 -9.522542 0.836803 8.240678 -45.702950 -26.905495 -14.056348 179.413223 -50.664673 -179.915985 10.275881 -6.173457 -15.959141 -5.882102 9.861277 0.702589 -10.936859 -0.360573 7.156196 0.000001 8.774810 -0.000001 -16.509344 18.537304 6.098752 -1.844031 2.498501 -2.507276 -10.163589 4.678939 4.621106 -20.975998 0.000000 0.000002 -21.226255 2.451694 -3.593997 0.000001 -0.000006 -0.000000 -1.362680 2.240795 -0.746323 -21.334890 0.584909 3.008322 -13.821198 0.000000 0.000003 -23.887133 -0.249076 -0.839480 -60.949280 2.399253 -1.319278 -0.294025 1.679686 0.833256 -14.218194 0.093215 1.300580 -34.212002 -0.287561 0.967168 -20.033180 0.964535 1.212841 0.000000 0.000000 0.000000 -3.440386 0.788231 0.501655 -15.928165 -3.167305 2.999703 -6.338819 0.000000 0.000002 -18.123415 3.648177 -4.905662 -0.000005 0.000001 -0.000003 10.204865 19.881380 12.491733 41.723900 44.764690 3.615267 -179.698212 59.324726 -179.578918 -16.064148 6.290891 -27.963627 2.243540 -5.255033 -3.180154 14.282877 -0.826593 6.952496 -0.000002 -12.690593 -0.000002 16.319283 -17.764112 2.759954 1.665666 -1.955919 -2.878297 4.727793 -4.170582 4.993919 11.020510 0.000003 -0.000002 12.109033 -3.735712 -2.866778 0.000000 -0.000003 -0.000001 1.291984 -1.928549 -1.498088 14.800111 0.567468 3.865605 14.242553 -1.341734 -6.660647 19.631939 0.143926 -0.648242 49.865192 -0.834508 -5.894050 0.353027 -1.511149 -0.031938 20.222769 3.684308 2.316627 18.787245 0.000005 -0.000000 10.751609 -0.479868 1.397904 -0.000001 0.000000 0.000000 3.273804 0.305946 -0.580111 21.486790 11.830363 2.266131 8.162917 0.000003 0.000000 18.399052 -3.798982 -4.940568 0.000003 0.000001 -0.000002 19.353937 12.106394 -17.936756 -0.386995 -0.809763 30.179035 -18.806166 -9.078029 1.454687 1.645312 -1.957414 -1.894621 0.000000 -0.000000 0.000002 -22.433268 -16.478687 11.419315 0.239348 0.864969 22.569994 19.276745 6.187495 -17.796553 -1.428122 0.919855 -2.192072 -0.000000 0.000002 -0.000001 
1.159684 92.382835 -13.071550 -0.258713 -1.608656 -6.968917 3.414403 1.068313 1.565948 0.236613 4.093487 -4.102112 0.563728 2.400970 15.520374 -8.362406 9.700756 22.178881 0.516819 3.260291 -3.835805 0.369295 2.523522 -15.082346 0.000077 -0.000023 0.000006 -0.014632 0.042588 0.089304 0.654072 -3.675754 -10.492781 -0.689050 3.750062 -10.478499 -9.331259 0.705332 8.221477 -45.537567 -26.699434 -14.279965 179.572815 -50.744133 -179.943588 10.235847 -6.019367 -15.786434 -5.882100 9.861278 0.702589 -10.936856 -0.360573 7.156196 -0.000000 8.774814 -0.000001 -16.529049 18.543959 6.073671 -1.844030 2.498501 -2.507276 -10.163589 4.678940 4.621103 -20.975992 -0.000005 0.000003 -21.226248 2.451695 -3.593992 0.000000 -0.000006 -0.000002 -1.362680 2.240798 -0.746323 -21.334888 0.584910 3.008320 -13.821193 -0.000002 0.000003 -23.887129 -0.249077 -0.839483 -60.887348 2.423378 -1.313510 -0.294024 1.679686 0.833255 -14.218192 0.093213 1.300580 -34.212002 -0.287562 0.967170 -20.033175 0.964535 1.212841 -0.000000 0.000001 -0.000001 -3.440385 0.788232 0.501656 -15.928164 -3.167307 2.999704 -6.338818 -0.000002 0.000001 -18.123413 3.648178 -4.905660 -0.000005 -0.000000 -0.000003 10.411302 19.744440 12.609758 41.771317 44.370197 4.078997 -179.676956 59.248119 -179.548416 -15.832412 6.411094 -27.971518 2.243538 -5.255032 -3.180154 14.282877 -0.826592 6.952499 -0.000003 -12.690588 0.000000 16.351683 -17.827839 2.713964 1.665665 -1.955920 -2.878295 4.727792 -4.170582 4.993918 11.020511 0.000007 -0.000001 12.109032 -3.735708 -2.866778 0.000001 -0.000002 -0.000000 1.291984 -1.928549 -1.498088 14.800109 0.567469 3.865603 14.242553 -1.341735 -6.660647 19.631939 0.143926 -0.648241 49.897507 -0.798403 -5.973331 0.353027 -1.511148 -0.031940 20.222767 3.684308 2.316630 18.787243 0.000006 0.000001 10.751610 -0.479868 1.397907 -0.000001 -0.000001 0.000000 3.273806 0.305945 -0.580110 21.486792 11.830364 2.266132 8.162916 0.000003 0.000000 18.399054 -3.798976 -4.940566 0.000001 0.000000 -0.000003 19.491642 11.986588 -17.849970 -0.384474 -0.828113 30.186094 -18.681332 -8.989013 1.442953 1.647378 -1.959450 -1.886885 0.000000 -0.000000 0.000002 -22.293875 -16.437481 11.572740 0.233348 0.854963 22.355873 19.223202 6.197639 -17.715113 -1.432083 0.927865 -2.181845 0.000000 0.000000 -0.000001 
1.152403 92.407982 -13.099560 -0.324888 -1.655286 -6.983596 3.398750 1.046944 1.518772 0.235580 4.029243 -4.101712 0.670905 2.345654 15.463766 -8.221631 9.532037 21.950739 0.524680 3.337174 -3.830771 0.278069 2.672610 -14.924103 0.000077 -0.000024 0.000007 -0.008208 0.012899 0.081978 0.657931 -3.683418 -10.481036 -0.686044 3.724061 -10.464531 -9.123511 0.605430 8.215576 -45.328617 -26.553738 -14.467386 179.641937 -50.789829 -179.942871 10.265163 -5.876984 -15.575999 -5.882102 9.861277 0.702590 -10.936858 -0.360574 7.156196 0.000001 8.774810 -0.000001 -16.512793 18.499231 6.057189 -1.844031 2.498503 -2.507276 -10.163589 4.678939 4.621103 -20.975994 -0.000003 0.000002 -21.226255 2.451692 -3.593994 0.000000 -0.000006 -0.000001 -1.362679 2.240794 -0.746323 -21.334887 0.584905 3.008319 -13.821195 -0.000002 0.000001 -23.887133 -0.249078 -0.839482 -60.760220 2.407007 -1.267189 -0.294024 1.679686 0.833255 -14.218190 0.093213 1.300579 -34.211998 -0.287565 0.967166 -20.033176 0.964532 1.212840 -0.000000 0.000001 -0.000001 -3.440385 0.788233 0.501655 -15.928167 -3.167305 2.999702 -6.338817 -0.000002 0.000001 -18.123411 3.648176 -4.905662 -0.000005 -0.000000 -0.000003 10.568139 19.673267 12.712337 41.776905 43.997387 4.465345 -179.515213 59.161087 -179.422150 -15.617976 6.526024 -28.124247 2.243540 -5.255032 -3.180155 14.282878 -0.826594 6.952497 -0.000003 -12.690592 0.000001 16.369101 -17.884760 2.730553 1.665665 -1.955918 -2.878297 4.727795 -4.170582 4.993916 11.020513 0.000004 -0.000000 12.109034 -3.735708 -2.866780 0.000000 -0.000002 0.000000 1.291985 -1.928548 -1.498087 14.800111 0.567468 3.865603 14.242554 -1.341737 -6.660648 19.631937 0.143926 -0.648243 49.900200 -0.782194 -5.988427 0.353029 -1.511150 -0.031941 20.222771 3.684306 2.316628 18.787247 0.000006 0.000001 10.751611 -0.479867 1.397903 -0.000002 -0.000001 0.000001 3.273805 0.305948 -0.580109 21.486790 11.830360 2.266131 8.162917 0.000001 -0.000001 18.399054 -3.798979 -4.940570 0.000002 0.000002 -0.000003 19.580746 11.866298 -17.785717 -0.390026 -0.826146 30.094086 -18.606245 -8.890054 1.446556 1.648013 -1.967925 -1.910718 0.000000 0.000000 0.000002 -22.202398 -16.383980 11.634571 0.235503 0.878209 22.238459 19.246241 6.155128 -17.601233 -1.435691 0.921297 -2.221549 -0.000000 0.000001 -0.000001 
1.262814 92.441872 -13.085279 -0.356031 -1.704107 -6.975999 3.387341 1.034433 1.496567 0.230401 3.976386 -4.104776 0.771012 2.312024 15.385115 -8.082038 9.388870 21.720297 0.529906 3.411172 -3.839876 0.200223 2.760859 -14.744931 0.000077 -0.000023 0.000006 -0.008896 0.024389 0.072400 0.662074 -3.684253 -10.473475 -0.684306 3.717551 -10.454209 -8.930260 0.529258 8.195065 -45.143604 -26.429224 -14.578886 179.673447 -50.854424 -179.927063 10.340280 -5.704662 -15.426682 -5.882100 9.861279 0.702589 -10.936859 -0.360575 7.156199 0.000000 8.774817 -0.000001 -16.496044 18.435001 6.059119 -1.844031 2.498503 -2.507276 -10.163590 4.678939 4.621104 -20.975998 -0.000004 0.000004 -21.226255 2.451693 -3.593993 0.000000 -0.000007 -0.000000 -1.362681 2.240797 -0.746323 -21.334896 0.584907 3.008322 -13.821197 -0.000002 0.000004 -23.887133 -0.249079 -0.839479 -60.684238 2.408606 -1.237467 -0.294025 1.679687 0.833255 -14.218194 0.093213 1.300581 -34.212006 -0.287564 0.967174 -20.033180 0.964535 1.212844 -0.000000 0.000001 -0.000000 -3.440387 0.788232 0.501656 -15.928169 -3.167309 2.999704 -6.338818 -0.000002 0.000001 -18.123415 3.648174 -4.905659 -0.000006 -0.000000 -0.000003 10.655152 19.643280 12.783311 41.799679 43.654762 4.715259 -179.414337 59.065430 -179.301544 -15.492651 6.535223 -28.457066 2.243540 -5.255033 -3.180155 14.282877 -0.826594 6.952495 -0.000003 -12.690585 0.000000 16.407906 -17.920109 2.733428 1.665664 -1.955919 -2.878297 4.727792 -4.170583 4.993917 11.020513 0.000004 -0.000003 12.109030 -3.735707 -2.866780 0.000000 -0.000003 -0.000001 1.291985 -1.928548 -1.498089 14.800113 0.567467 3.865602 14.242553 -1.341732 -6.660648 19.631939 0.143925 -0.648242 49.863743 -0.725035 -5.998811 0.353029 -1.511150 -0.031940 20.222767 3.684309 2.316627 18.787245 0.000006 0.000000 10.751611 -0.479866 1.397905 -0.000001 0.000002 0.000002 3.273805 0.305946 -0.580110 21.486790 11.830360 2.266131 8.162917 0.000001 0.000001 18.399052 -3.798979 -4.940566 0.000002 0.000000 -0.000003 19.548086 11.799685 -17.841690 -0.391793 -0.843526 30.250776 -18.500877 -8.839867 1.406881 1.649140 -1.978748 -1.927977 0.000000 -0.000000 0.000002 -22.172913 -16.327951 11.769565 0.234576 0.890066 21.923063 19.335678 6.126617 -17.448326 -1.437541 0.931894 -2.254907 0.000000 0.000000 -0.000001 
1.385174 92.444588 -13.075233 -0.365268 -1.755958 -6.961706 3.380309 1.022651 1.487037 0.227365 3.939030 -4.119881 0.858518 2.313995 15.324775 -7.957045 9.241794 21.517572 0.504717 3.518729 -3.843512 0.116624 2.835698 -14.600919 0.000077 -0.000024 0.000006 -0.005671 0.013016 0.068619 0.662184 -3.686337 -10.475650 -0.678095 3.703780 -10.452335 -8.775623 0.472131 8.163725 -44.974777 -26.309034 -14.621321 179.578461 -50.925411 -179.870071 10.376342 -5.541875 -15.386244 -5.882100 9.861279 0.702589 -10.936858 -0.360576 7.156196 0.000002 8.774811 -0.000001 -16.424461 18.382542 6.074205 -1.844031 2.498502 -2.507276 -10.163589 4.678939 4.621104 -20.975996 -0.000004 0.000003 -21.226254 2.451692 -3.593995 0.000001 -0.000007 -0.000001 -1.362682 2.240795 -0.746322 -21.334887 0.584906 3.008320 -13.821194 -0.000003 0.000001 -23.887125 -0.249082 -0.839480 -60.601299 2.390229 -1.209162 -0.294024 1.679687 0.833255 -14.218194 0.093214 1.300579 -34.211998 -0.287566 0.967170 -20.033178 0.964533 1.212842 -0.000000 -0.000001 0.000000 -3.440385 0.788231 0.501655 -15.928167 -3.167306 2.999703 -6.338817 -0.000002 0.000001 -18.123411 3.648175 -4.905659 -0.000004 0.000001 -0.000001 10.696878 19.667353 12.833729 41.797180 43.379181 4.799696 -179.415314 59.022324 -179.310547 -15.432912 6.528382 -28.832041 2.243539 -5.255032 -3.180155 14.282877 -0.826590 6.952497 -0.000003 -12.690592 -0.000002 16.469387 -17.926920 2.719457 1.665664 -1.955920 -2.878296 4.727794 -4.170583 4.993919 11.020513 0.000004 -0.000001 12.109031 -3.735710 -2.866780 0.000000 -0.000001 -0.000000 1.291985 -1.928548 -1.498090 14.800114 0.567470 3.865607 14.242553 -1.341735 -6.660647 19.631941 0.143925 -0.648243 49.805965 -0.693717 -6.016806 0.353028 -1.511149 -0.031940 20.222771 3.684309 2.316631 18.787247 0.000004 0.000002 10.751610 -0.479868 1.397903 -0.000001 0.000000 0.000001 3.273805 0.305947 -0.580109 21.486797 11.830363 2.266134 8.162914 0.000002 0.000001 18.399054 -3.798982 -4.940566 0.000002 0.000000 -0.000003 19.497065 11.752916 -17.940340 -0.399098 -0.826491 30.478485 -18.442402 -8.836814 1.292213 1.647135 -1.974851 -1.903387 0.000000 -0.000000 0.000002 -22.259449 -16.276276 11.795499 0.229037 0.906925 21.731178 19.508820 6.139362 -17.245314 -1.435525 0.921153 -2.281475 0.000000 0.000000 -0.000001 
1.529211 92.424034 -13.013688 -0.366752 -1.835857 -6.949183 3.387727 1.030000 1.472236 0.229709 3.922312 -4.128828 0.927572 2.339800 15.292238 -7.860586 9.144691 21.337307 0.498863 3.610561 -3.831877 0.050840 2.863710 -14.480915 0.000077 -0.000023 0.000006 -0.004697 0.013110 0.068670 0.664721 -3.690532 -10.487119 -0.681322 3.712061 -10.460456 -8.665134 0.433078 8.100975 -44.873745 -26.171036 -14.586514 179.516190 -51.009850 -179.835022 10.315454 -5.395176 -15.325066 -5.882101 9.861276 0.702591 -10.936860 -0.360575 7.156197 0.000002 8.774817 -0.000001 -16.415249 18.333237 6.074455 -1.844031 2.498501 -2.507275 -10.163589 4.678937 4.621103 -20.975998 -0.000006 0.000003 -21.226254 2.451693 -3.593993 0.000000 -0.000008 -0.000001 -1.362681 2.240795 -0.746323 -21.334894 0.584906 3.008320 -13.821197 -0.000003 0.000002 -23.887131 -0.249079 -0.839480 -60.534203 2.389499 -1.203392 -0.294024 1.679685 0.833255 -14.218194 0.093214 1.300579 -34.212013 -0.287567 0.967171 -20.033182 0.964533 1.212843 -0.000000 0.000001 -0.000001 -3.440386 0.788236 0.501656 -15.928167 -3.167306 2.999702 -6.338819 0.000000 0.000001 -18.123415 3.648176 -4.905662 -0.000005 -0.000001 -0.000001 10.726208 19.702133 12.871304 41.762589 43.190903 4.816917 -179.465103 59.041763 -179.304047 -15.407094 6.487610 -29.124218 2.243539 -5.255033 -3.180155 14.282875 -0.826592 6.952494 -0.000003 -12.690593 0.000000 16.474396 -17.920715 2.737584 1.665665 -1.955920 -2.878297 4.727791 -4.170582 4.993919 11.020512 0.000005 -0.000002 12.109032 -3.735710 -2.866781 -0.000000 -0.000002 0.000000 1.291985 -1.928547 -1.498088 14.800109 0.567469 3.865601 14.242556 -1.341733 -6.660652 19.631939 0.143931 -0.648247 49.804447 -0.655601 -6.001556 0.353029 -1.511149 -0.031941 20.222771 3.684309 2.316627 18.787245 0.000006 -0.000003 10.751612 -0.479867 1.397903 -0.000002 0.000000 0.000002 3.273804 0.305948 -0.580111 21.486790 11.830365 2.266130 8.162916 0.000003 0.000000 18.399052 -3.798980 -4.940568 0.000003 0.000000 -0.000002 19.437222 11.744983 -18.058416 -0.409456 -0.826756 30.843431 -18.393415 -8.851788 1.060196 1.646211 -1.970994 -1.835866 0.000000 -0.000000 0.000002 -22.377813 -16.270636 11.865896 0.226133 0.921207 21.559519 19.645857 6.203712 -17.118176 -1.434580 0.921920 -2.264282 -0.000000 -0.000000 -0.000001 
1.701983 92.387520 -12.940957 -0.367870 -1.924109 -6.948884 3.392404 1.031515 1.457497 0.235191 3.930706 -4.135353 1.003791 2.386722 15.299451 -7.790138 9.081419 21.193140 0.496895 3.651042 -3.830177 -0.037755 2.899929 -14.382969 0.000077 -0.000021 0.000006 -0.004262 0.024656 0.076135 0.664126 -3.673391 -10.495399 -0.683462 3.728632 -10.469363 -8.617092 0.406630 8.036367 -44.831547 -25.999222 -14.607356 179.583893 -51.129990 -179.856979 10.225092 -5.251607 -15.254480 -5.882099 9.861277 0.702589 -10.936858 -0.360573 7.156196 0.000001 8.774814 -0.000001 -16.410725 18.293966 6.088035 -1.844031 2.498502 -2.507276 -10.163589 4.678939 4.621104 -20.975992 -0.000005 0.000001 -21.226250 2.451692 -3.593994 0.000000 -0.000006 -0.000001 -1.362680 2.240796 -0.746324 -21.334892 0.584909 3.008318 -13.821197 -0.000003 0.000001 -23.887129 -0.249081 -0.839481 -60.514317 2.400968 -1.190635 -0.294024 1.679686 0.833255 -14.218190 0.093213 1.300578 -34.211998 -0.287566 0.967169 -20.033176 0.964534 1.212840 0.000000 0.000001 0.000000 -3.440386 0.788232 0.501655 -15.928169 -3.167306 2.999703 -6.338816 -0.000001 0.000002 -18.123413 3.648175 -4.905662 -0.000005 -0.000001 -0.000003 10.764412 19.738768 12.910364 41.694809 43.040104 4.788833 -179.574738 59.104805 -179.376907 -15.367646 6.506147 -29.259422 2.243541 -5.255033 -3.180157 14.282875 -0.826593 6.952497 -0.000001 -12.690587 0.000002 16.420170 -17.911119 2.755303 1.665666 -1.955921 -2.878299 4.727792 -4.170582 4.993918 11.020510 0.000003 -0.000002 12.109033 -3.735708 -2.866780 0.000000 -0.000003 -0.000001 1.291984 -1.928547 -1.498088 14.800113 0.567466 3.865603 14.242553 -1.341736 -6.660650 19.631939 0.143925 -0.648246 49.770908 -0.649705 -5.984345 0.353029 -1.511149 -0.031940 20.222767 3.684306 2.316627 18.787243 0.000002 -0.000001 10.751610 -0.479870 1.397903 0.000000 -0.000001 0.000000 3.273804 0.305945 -0.580110 21.486788 11.830360 2.266130 8.162916 0.000000 0.000001 18.399050 -3.798979 -4.940567 0.000002 0.000000 -0.000002 19.289173 11.756330 -18.228537 -0.410537 -0.807827 31.314373 -18.249138 -8.868512 0.642834 1.645411 -1.965672 -1.777580 0.000000 0.000000 0.000002 -22.543015 -16.269396 11.937365 0.240531 0.932838 21.429611 19.791090 6.312894 -16.984964 -1.433240 0.917559 -2.225407 -0.000000 -0.000000 -0.000001 
1.868039 92.341896 -12.871593 -0.376898 -2.000148 -6.958974 3.395207 1.035050 1.450964 0.250812 3.939393 -4.136564 1.064534 2.428276 15.322524 -7.742327 9.037523 21.052595 0.499550 3.655302 -3.819533 -0.119068 2.901398 -14.320959 0.000077 -0.000021 0.000006 -0.008166 0.037598 0.074367 0.667222 -3.673369 -10.504728 -0.690273 3.741028 -10.482128 -8.597928 0.393128 7.984156 -44.859608 -25.785595 -14.656178 179.668549 -51.249493 -179.931290 10.107870 -5.121433 -15.199711 -5.882102 9.861278 0.702589 -10.936857 -0.360578 7.156196 -0.000001 8.774815 -0.000002 -16.414114 18.258303 6.068006 -1.844031 2.498502 -2.507276 -10.163589 4.678939 4.621102 -20.975998 -0.000004 0.000001 -21.226254 2.451691 -3.593994 0.000000 -0.000007 -0.000001 -1.362681 2.240796 -0.746323 -21.334892 0.584909 3.008320 -13.821197 -0.000001 0.000002 -23.887131 -0.249078 -0.839480 -60.500595 2.399055 -1.211671 -0.294025 1.679686 0.833255 -14.218194 0.093217 1.300578 -34.211998 -0.287567 0.967168 -20.033180 0.964534 1.212840 -0.000000 0.000001 -0.000001 -3.440385 0.788234 0.501655 -15.928165 -3.167308 2.999702 -6.338817 -0.000002 0.000002 -18.123415 3.648175 -4.905662 -0.000005 -0.000001 -0.000001 10.836759 19.770712 12.964893 41.671440 42.865105 4.785043 -179.690720 59.119110 -179.429657 -15.275043 6.510354 -29.258390 2.243540 -5.255031 -3.180156 14.282878 -0.826594 6.952495 -0.000003 -12.690591 0.000000 16.348469 -17.886501 2.773648 1.665663 -1.955919 -2.878298 4.727795 -4.170582 4.993918 11.020511 0.000005 -0.000003 12.109032 -3.735709 -2.866781 0.000001 -0.000002 -0.000000 1.291985 -1.928549 -1.498088 14.800111 0.567469 3.865603 14.242553 -1.341732 -6.660649 19.631939 0.143927 -0.648245 49.751320 -0.666483 -5.956739 0.353028 -1.511149 -0.031939 20.222769 3.684304 2.316626 18.787245 0.000006 -0.000001 10.751610 -0.479867 1.397904 0.000000 0.000001 0.000001 3.273805 0.305946 -0.580110 21.486790 11.830365 2.266128 8.162916 0.000001 0.000000 18.399055 -3.798978 -4.940570 0.000002 0.000001 -0.000003 19.272812 11.797293 -18.371607 -0.413623 -0.794368 31.806950 -18.178331 -8.910043 0.422046 1.646907 -1.967718 -1.747442 0.000000 -0.000000 0.000002 -22.691721 -16.264160 11.961465 0.236297 0.937837 21.427990 19.940510 6.432338 -16.856873 -1.433830 0.929702 -2.188464 -0.000000 0.000001 -0.000001 
2.039742 92.310890 -12.777521 -0.397986 -2.045274 -6.951454 3.395039 1.051307 1.434964 0.264219 3.943144 -4.143688 1.119433 2.446115 15.352953 -7.706624 8.987835 20.944620 0.501564 3.682709 -3.794525 -0.193871 2.898285 -14.293551 0.000077 -0.000022 0.000006 -0.009175 0.049056 0.077474 0.664812 -3.653262 -10.501827 -0.693949 3.752952 -10.479262 -8.580641 0.396927 7.964511 -44.923164 -25.563820 -14.630731 179.705566 -51.322914 -179.993759 10.029589 -4.995746 -15.151123 -5.882102 9.861279 0.702589 -10.936861 -0.360578 7.156199 -0.000001 8.774812 0.000000 -16.422413 18.224415 5.996106 -1.844031 2.498503 -2.507276 -10.163589 4.678940 4.621104 -20.975998 -0.000002 0.000003 -21.226255 2.451694 -3.593994 -0.000000 -0.000006 0.000000 -1.362680 2.240796 -0.746323 -21.334892 0.584909 3.008321 -13.821197 -0.000000 0.000003 -23.887131 -0.249076 -0.839480 -60.466522 2.387738 -1.245307 -0.294024 1.679687 0.833255 -14.218195 0.093216 1.300580 -34.212006 -0.287563 0.967172 -20.033180 0.964536 1.212843 0.000000 0.000000 -0.000001 -3.440386 0.788232 0.501656 -15.928171 -3.167306 2.999704 -6.338819 -0.000002 0.000002 -18.123417 3.648177 -4.905662 -0.000006 -0.000000 -0.000002 10.929805 19.786617 13.059206 41.710464 42.701149 4.829376 -179.745682 59.096977 -179.476837 -15.153515 6.574800 -29.289997 2.243539 -5.255033 -3.180156 14.282877 -0.826593 6.952497 -0.000003 -12.690587 0.000000 16.314779 -17.900492 2.799779 1.665665 -1.955921 -2.878296 4.727794 -4.170579 4.993918 11.020511 0.000005 -0.000000 12.109030 -3.735707 -2.866779 0.000000 -0.000001 -0.000000 1.291984 -1.928547 -1.498087 14.800113 0.567468 3.865605 14.242553 -1.341733 -6.660646 19.631939 0.143927 -0.648240 49.775436 -0.686279 -5.935214 0.353029 -1.511148 -0.031940 20.222767 3.684308 2.316631 18.787245 0.000005 0.000002 10.751611 -0.479867 1.397906 0.000001 0.000000 0.000000 3.273803 0.305947 -0.580111 21.486792 11.830361 2.266131 8.162916 0.000002 0.000001 18.399055 -3.798978 -4.940567 0.000003 0.000001 -0.000003 19.257088 11.853781 -18.522635 -0.413272 -0.769829 32.278763 -18.072855 -9.004034 0.233365 1.647512 -1.966577 -1.723486 0.000000 0.000000 0.000002 -22.819805 -16.245977 12.070754 0.243676 0.950190 21.265511 20.082489 6.494703 -16.690804 -1.435148 0.923304 -2.172025 0.000000 0.000000 -0.000001 
2.151777 92.261086 -12.661210 -0.422970 -2.091464 -6.931598 3.390594 1.056811 1.420350 0.270723 3.965310 -4.154314 1.169823 2.457342 15.372219 -7.664418 8.940742 20.873899 0.481031 3.689009 -3.796566 -0.244473 2.903529 -14.266900 0.000077 -0.000022 0.000006 -0.011467 0.061941 0.079513 0.663159 -3.647155 -10.493418 -0.694624 3.758136 -10.474302 -8.571173 0.421008 7.971944 -44.955372 -25.334770 -14.602737 179.693359 -51.425575 179.956955 9.955756 -4.847435 -15.150208 -5.882102 9.861278 0.702590 -10.936860 -0.360573 7.156199 0.000001 8.774811 -0.000001 -16.422579 18.245958 5.952703 -1.844030 2.498502 -2.507275 -10.163590 4.678940 4.621103 -20.975998 -0.000000 0.000005 -21.226254 2.451696 -3.593992 -0.000001 -0.000005 -0.000001 -1.362681 2.240798 -0.746323 -21.334898 0.584910 3.008323 -13.821198 -0.000001 0.000004 -23.887136 -0.249075 -0.839480 -60.431831 2.405867 -1.269356 -0.294025 1.679687 0.833255 -14.218192 0.093216 1.300581 -34.212006 -0.287562 0.967172 -20.033180 0.964538 1.212844 0.000000 0.000000 0.000000 -3.440384 0.788234 0.501655 -15.928167 -3.167306 2.999705 -6.338815 0.000000 0.000001 -18.123415 3.648178 -4.905658 -0.000005 0.000001 -0.000001 11.039544 19.823984 13.150702 41.754177 42.506100 4.930713 -179.697235 59.024017 -179.424194 -15.036425 6.620053 -29.389591 2.243540 -5.255033 -3.180156 14.282875 -0.826591 6.952497 -0.000004 -12.690591 -0.000000 16.322939 -17.904922 2.820412 1.665664 -1.955920 -2.878296 4.727793 -4.170583 4.993917 11.020509 0.000006 -0.000002 12.109031 -3.735708 -2.866780 -0.000000 -0.000002 0.000000 1.291986 -1.928549 -1.498088 14.800114 0.567470 3.865603 14.242553 -1.341734 -6.660649 19.631937 0.143927 -0.648242 49.841587 -0.706189 -5.953477 0.353028 -1.511150 -0.031941 20.222767 3.684308 2.316629 18.787243 0.000006 0.000000 10.751610 -0.479869 1.397905 0.000000 -0.000001 0.000000 3.273804 0.305947 -0.580111 21.486790 11.830364 2.266134 8.162916 0.000002 0.000001 18.399054 -3.798978 -4.940566 0.000002 0.000000 -0.000003 19.266483 11.919572 -18.674099 -0.416600 -0.758888 32.715954 -17.955320 -9.060129 0.004784 1.647326 -1.973292 -1.691930 0.000000 -0.000000 0.000002 -22.889954 -16.202421 12.172645 0.241038 0.937354 21.124588 20.201330 6.529630 -16.671658 -1.436080 0.930302 -2.170034 -0.000000 0.000001 -0.000001 
2.287622 92.232964 -12.533325 -0.449194 -2.145582 -6.902923 3.386553 1.059185 1.391946 0.278129 3.989129 -4.156199 1.222362 2.479987 15.388412 -7.641756 8.903291 20.820293 0.460309 3.685157 -3.811315 -0.292152 2.916272 -14.215838 0.000077 -0.000022 0.000006 -0.013471 0.068360 0.079810 0.660838 -3.636232 -10.491998 -0.695286 3.762477 -10.474831 -8.586944 0.450945 7.982580 -44.974342 -25.033585 -14.520215 179.682007 -51.529076 179.919937 9.880766 -4.660133 -15.222321 -5.882101 9.861278 0.702590 -10.936858 -0.360576 7.156198 -0.000001 8.774814 -0.000000 -16.455048 18.242949 5.899855 -1.844030 2.498502 -2.507277 -10.163589 4.678938 4.621104 -20.975994 -0.000005 0.000002 -21.226255 2.451691 -3.593992 0.000001 -0.000007 -0.000001 -1.362681 2.240796 -0.746322 -21.334896 0.584907 3.008320 -13.821197 -0.000004 0.000002 -23.887135 -0.249078 -0.839480 -60.408718 2.401865 -1.287521 -0.294025 1.679686 0.833255 -14.218194 0.093215 1.300577 -34.212002 -0.287567 0.967169 -20.033178 0.964533 1.212842 0.000000 0.000000 0.000000 -3.440386 0.788232 0.501656 -15.928169 -3.167310 2.999703 -6.338818 -0.000001 0.000002 -18.123411 3.648173 -4.905662 -0.000006 -0.000000 -0.000002 11.155190 19.842268 13.260072 41.795036 42.335899 5.077611 -179.624069 58.904961 -179.359909 -14.915534 6.666865 -29.545826 2.243540 -5.255034 -3.180156 14.282877 -0.826591 6.952495 -0.000004 -12.690591 -0.000000 16.343868 -17.911051 2.819715 1.665664 -1.955921 -2.878297 4.727793 -4.170583 4.993918 11.020512 0.000004 -0.000002 12.109031 -3.735709 -2.866780 -0.000000 -0.000002 0.000001 1.291985 -1.928547 -1.498089 14.800111 0.567471 3.865601 14.242554 -1.341733 -6.660650 19.631939 0.143928 -0.648243 49.850899 -0.702938 -5.978818 0.353028 -1.511149 -0.031940 20.222769 3.684308 2.316629 18.787243 0.000005 -0.000000 10.751611 -0.479868 1.397905 -0.000001 -0.000001 -0.000001 3.273804 0.305945 -0.580109 21.486790 11.830365 2.266132 8.162916 0.000003 0.000000 18.399050 -3.798979 -4.940566 0.000003 0.000000 -0.000003 19.278753 11.972357 -18.833233 -0.424802 -0.749214 33.166660 -17.825481 -9.101779 -0.137471 1.648333 -1.968583 -1.645318 0.000000 0.000000 0.000002 -22.976332 -16.167625 12.322187 0.252074 0.958167 20.869856 20.308886 6.533662 -16.554544 -1.437880 0.923946 -2.163055 -0.000000 0.000001 -0.000001 
2.392450 92.189095 -12.408615 -0.480261 -2.235277 -6.859081 3.394237 1.082735 1.367215 0.279587 3.998434 -4.178866 1.260738 2.509163 15.415758 -7.644511 8.882659 20.775249 0.444061 3.723204 -3.831866 -0.330246 2.882991 -14.183338 0.000077 -0.000022 0.000006 -0.011679 0.050442 0.073235 0.662633 -3.648374 -10.508608 -0.693927 3.757931 -10.497308 -8.595736 0.492110 7.975966 -44.994915 -24.687862 -14.368900 179.640869 -51.662685 179.931442 9.788842 -4.456071 -15.336882 -5.882100 9.861276 0.702590 -10.936860 -0.360573 7.156197 0.000001 8.774811 0.000000 -16.466064 18.276464 5.896743 -1.844031 2.498502 -2.507275 -10.163589 4.678937 4.621103 -20.976000 -0.000004 0.000004 -21.226255 2.451692 -3.593993 0.000001 -0.000005 -0.000001 -1.362679 2.240793 -0.746323 -21.334892 0.584907 3.008321 -13.821198 -0.000003 0.000003 -23.887131 -0.249080 -0.839479 -60.430599 2.425766 -1.316497 -0.294024 1.679687 0.833257 -14.218195 0.093213 1.300579 -34.212013 -0.287566 0.967171 -20.033186 0.964534 1.212845 0.000000 0.000000 -0.000001 -3.440386 0.788233 0.501655 -15.928169 -3.167305 2.999702 -6.338818 -0.000001 0.000001 -18.123415 3.648175 -4.905661 -0.000005 -0.000000 -0.000003 11.250364 19.849463 13.355165 41.837700 42.173702 5.243080 -179.604767 58.747402 -179.370682 -14.890056 6.720820 -29.776764 2.243539 -5.255033 -3.180156 14.282877 -0.826592 6.952497 -0.000003 -12.690592 0.000000 16.374792 -17.903978 2.803351 1.665665 -1.955920 -2.878297 4.727794 -4.170582 4.993918 11.020511 0.000005 -0.000001 12.109032 -3.735710 -2.866780 0.000001 -0.000003 -0.000001 1.291983 -1.928547 -1.498087 14.800111 0.567470 3.865602 14.242553 -1.341734 -6.660649 19.631939 0.143925 -0.648244 49.842964 -0.686004 -6.006269 0.353030 -1.511149 -0.031941 20.222769 3.684308 2.316629 18.787245 0.000007 0.000000 10.751611 -0.479869 1.397905 0.000000 0.000000 0.000001 3.273803 0.305947 -0.580109 21.486792 11.830364 2.266131 8.162914 0.000003 0.000000 18.399052 -3.798978 -4.940566 0.000002 0.000000 -0.000003 19.292269 11.988079 -18.936344 -0.425056 -0.746897 33.541397 -17.718624 -9.094875 -0.460995 1.647997 -1.970854 -1.605714 0.000000 -0.000000 0.000002 -23.016937 -16.105602 12.398999 0.255089 0.968882 20.694563 20.413383 6.554373 -16.538683 -1.438628 0.935568 -2.171846 0.000000 0.000001 -0.000001 
2.525162 92.160072 -12.270897 -0.499612 -2.338886 -6.811020 3.390497 1.099273 1.335436 0.283094 4.016090 -4.194791 1.299099 2.544535 15.429497 -7.665359 8.866846 20.754879 0.433863 3.748276 -3.839889 -0.370893 2.890547 -14.132619 0.000077 -0.000021 0.000006 -0.009445 0.060656 0.077782 0.668082 -3.651363 -10.516620 -0.695399 3.760265 -10.508363 -8.635257 0.567947 8.009650 -44.980732 -24.305967 -14.106823 179.520264 -51.800724 -179.987030 9.692241 -4.254706 -15.480857 -5.882102 9.861278 0.702589 -10.936858 -0.360576 7.156199 -0.000000 8.774813 0.000001 -16.480915 18.296215 5.898103 -1.844031 2.498499 -2.507276 -10.163589 4.678939 4.621105 -20.975998 -0.000003 0.000003 -21.226255 2.451694 -3.593995 0.000000 -0.000005 -0.000001 -1.362680 2.240795 -0.746322 -21.334887 0.584910 3.008319 -13.821197 -0.000004 0.000003 -23.887129 -0.249079 -0.839480 -60.489967 2.397334 -1.320511 -0.294024 1.679687 0.833256 -14.218194 0.093215 1.300579 -34.212002 -0.287562 0.967169 -20.033176 0.964536 1.212842 0.000000 -0.000000 0.000001 -3.440386 0.788235 0.501655 -15.928165 -3.167306 2.999703 -6.338816 -0.000002 0.000003 -18.123411 3.648178 -4.905661 -0.000006 -0.000000 -0.000003 11.356339 19.871029 13.426274 41.927094 41.960716 5.502665 -179.612000 58.504303 -179.374939 -14.919383 6.812809 -30.038309 2.243539 -5.255032 -3.180155 14.282875 -0.826592 6.952495 -0.000001 -12.690587 0.000002 16.400587 -17.922003 2.771372 1.665664 -1.955920 -2.878296 4.727795 -4.170583 4.993918 11.020511 0.000004 -0.000001 12.109029 -3.735709 -2.866781 0.000001 -0.000003 -0.000000 1.291985 -1.928547 -1.498088 14.800114 0.567465 3.865605 14.242554 -1.341736 -6.660648 19.631939 0.143925 -0.648244 49.793983 -0.670296 -6.045996 0.353028 -1.511148 -0.031938 20.222769 3.684305 2.316628 18.787249 0.000004 -0.000002 10.751610 -0.479867 1.397903 0.000000 0.000000 0.000000 3.273804 0.305946 -0.580110 21.486790 11.830361 2.266130 8.162918 0.000001 0.000000 18.399052 -3.798977 -4.940566 0.000002 -0.000001 -0.000003 19.205500 11.980945 -19.010973 -0.429639 -0.733459 33.918713 -17.529562 -9.070665 -0.982876 1.649292 -1.968996 -1.583043 0.000000 -0.000000 0.000002 -23.097378 -16.049139 12.503646 0.256672 0.973775 20.453850 20.557735 6.593695 -16.417862 -1.440857 0.917713 -2.160873 0.000000 0.000001 -0.000001 
2.662306 92.124802 -12.089567 -0.506067 -2.411597 -6.764252 3.380496 1.089573 1.302349 0.292354 4.067270 -4.202318 1.322404 2.555318 15.422834 -7.696354 8.884420 20.732124 0.448546 3.711828 -3.837986 -0.436864 2.944958 -14.063012 0.000077 -0.000021 0.000006 -0.006955 0.042808 0.077075 0.669828 -3.664272 -10.524607 -0.692613 3.743014 -10.517689 -8.701452 0.674520 8.063082 -44.963329 -23.930996 -13.739174 179.466141 -51.925747 -179.908646 9.625995 -4.073404 -15.649563 -5.882100 9.861280 0.702590 -10.936860 -0.360575 7.156196 0.000001 8.774817 -0.000002 -16.462490 18.333717 5.930671 -1.844031 2.498502 -2.507276 -10.163589 4.678943 4.621104 -20.975994 -0.000005 0.000002 -21.226254 2.451693 -3.593994 -0.000001 -0.000005 -0.000001 -1.362680 2.240796 -0.746323 -21.334894 0.584907 3.008321 -13.821197 -0.000004 0.000002 -23.887131 -0.249078 -0.839479 -60.514599 2.404161 -1.335905 -0.294025 1.679686 0.833256 -14.218194 0.093214 1.300580 -34.212006 -0.287566 0.967171 -20.033180 0.964534 1.212843 0.000000 -0.000000 0.000001 -3.440385 0.788234 0.501655 -15.928169 -3.167308 2.999704 -6.338817 0.000000 0.000001 -18.123413 3.648176 -4.905660 -0.000005 -0.000000 -0.000002 11.453629 19.863974 13.502772 42.000134 41.803726 5.717368 -179.595322 58.301884 -179.308380 -14.952409 6.858487 -30.290733 2.243540 -5.255032 -3.180155 14.282877 -0.826593 6.952494 -0.000002 -12.690587 0.000001 16.393444 -17.896065 2.764761 1.665665 -1.955919 -2.878296 4.727795 -4.170583 4.993917 11.020512 0.000005 -0.000001 12.109033 -3.735710 -2.866780 0.000001 -0.000001 -0.000000 1.291985 -1.928546 -1.498087 14.800114 0.567466 3.865605 14.242558 -1.341735 -6.660647 19.631939 0.143923 -0.648245 49.738777 -0.647101 -6.020868 0.353028 -1.511148 -0.031941 20.222771 3.684304 2.316629 18.787249 0.000004 -0.000002 10.751613 -0.479871 1.397903 0.000000 0.000000 -0.000002 3.273804 0.305948 -0.580110 21.486794 11.830360 2.266129 8.162916 0.000001 -0.000001 18.399055 -3.798980 -4.940569 0.000002 0.000001 -0.000002 19.163450 11.955374 -19.097782 -0.437727 -0.726641 34.313095 -17.399689 -9.066762 -1.372713 1.650568 -1.965003 -1.579027 0.000000 0.000000 0.000002 -23.206984 -16.006025 12.697011 0.255541 0.995631 20.119698 20.732918 6.601911 -16.304066 -1.441295 0.924423 -2.163267 -0.000000 -0.000000 -0.000001 
2.748355 92.092171 -11.921864 -0.489950 -2.480649 -6.722314 3.363291 1.105253 1.274818 0.297285 4.084551 -4.220836 1.339527 2.586952 15.441530 -7.730653 8.912329 20.702147 0.457751 3.692269 -3.838063 -0.521519 3.001018 -14.002745 0.000077 -0.000021 0.000006 -0.007019 0.029972 0.074286 0.675622 -3.682270 -10.528968 -0.695312 3.734144 -10.524036 -8.770219 0.797561 8.115049 -44.979244 -23.583132 -13.336043 179.393463 -51.989765 -179.816650 9.544374 -3.911520 -15.807884 -5.882102 9.861278 0.702589 -10.936858 -0.360575 7.156196 -0.000001 8.774812 -0.000000 -16.408272 18.356253 5.996052 -1.844032 2.498505 -2.507276 -10.163589 4.678941 4.621105 -20.975992 -0.000003 0.000001 -21.226254 2.451692 -3.593993 -0.000001 -0.000005 -0.000001 -1.362681 2.240797 -0.746324 -21.334887 0.584906 3.008320 -13.821195 -0.000004 0.000003 -23.887125 -0.249077 -0.839482 -60.552826 2.402906 -1.331853 -0.294024 1.679685 0.833255 -14.218194 0.093216 1.300580 -34.211998 -0.287563 0.967168 -20.033175 0.964535 1.212839 0.000000 0.000001 0.000003 -3.440385 0.788232 0.501655 -15.928165 -3.167305 2.999704 -6.338818 -0.000002 0.000001 -18.123415 3.648175 -4.905663 -0.000006 -0.000001 -0.000003 11.555927 19.863054 13.590397 42.101460 41.665005 5.880635 -179.665436 58.054958 -179.334839 -15.044676 6.912291 -30.473854 2.243540 -5.255031 -3.180155 14.282877 -0.826595 6.952497 -0.000002 -12.690590 0.000003 16.404303 -17.875641 2.752111 1.665665 -1.955918 -2.878297 4.727795 -4.170582 4.993919 11.020512 0.000005 -0.000001 12.109033 -3.735710 -2.866777 0.000001 -0.000001 -0.000000 1.291984 -1.928548 -1.498088 14.800114 0.567467 3.865603 14.242553 -1.341732 -6.660646 19.631941 0.143926 -0.648242 49.686897 -0.618420 -6.001194 0.353029 -1.511148 -0.031941 20.222769 3.684305 2.316629 18.787245 0.000004 -0.000000 10.751612 -0.479868 1.397905 0.000000 0.000000 -0.000002 3.273804 0.305948 -0.580110 21.486790 11.830362 2.266131 8.162916 0.000002 0.000000 18.399055 -3.798980 -4.940566 0.000002 0.000001 -0.000003 19.121080 11.941590 -19.151510 -0.429574 -0.724578 34.627407 -17.346348 -9.072014 -1.674657 1.651677 -1.969559 -1.558773 0.000000 0.000000 0.000002 -23.313990 -15.956477 12.832047 0.270050 1.001482 19.911867 20.879015 6.615998 -16.240263 -1.442335 0.923503 -2.124082 0.000000 0.000000 -0.000001 
2.793785 92.060890 -11.767962 -0.468234 -2.525661 -6.671865 3.356735 1.110290 1.248476 0.301358 4.110233 -4.245477 1.344549 2.604003 15.462260 -7.767174 8.952640 20.679075 0.460611 3.659677 -3.830599 -0.582039 3.037577 -13.924397 0.000077 -0.000022 0.000006 -0.006869 0.031257 0.074235 0.676358 -3.679842 -10.534165 -0.695754 3.735160 -10.526786 -8.842535 0.925904 8.148645 -44.999485 -23.243145 -12.949479 179.352707 -51.972416 -179.797043 9.445481 -3.768104 -15.938486 -5.882100 9.861277 0.702589 -10.936858 -0.360576 7.156199 -0.000000 8.774813 -0.000002 -16.353010 18.373241 6.043003 -1.844031 2.498503 -2.507275 -10.163589 4.678936 4.621104 -20.975992 -0.000003 0.000003 -21.226250 2.451694 -3.593993 0.000001 -0.000004 -0.000000 -1.362680 2.240796 -0.746323 -21.334892 0.584909 3.008322 -13.821193 -0.000002 0.000002 -23.887129 -0.249075 -0.839481 -60.569328 2.386496 -1.302506 -0.294023 1.679682 0.833255 -14.218190 0.093215 1.300579 -34.212002 -0.287563 0.967172 -20.033176 0.964536 1.212842 -0.000000 0.000000 0.000002 -3.440384 0.788233 0.501655 -15.928164 -3.167304 2.999703 -6.338817 -0.000002 0.000003 -18.123413 3.648176 -4.905660 -0.000005 -0.000000 -0.000002 11.626200 19.832323 13.688028 42.202209 41.603031 6.007863 -179.723267 57.836166 -179.369293 -15.175908 6.992143 -30.652395 2.243540 -5.255031 -3.180156 14.282875 -0.826593 6.952496 -0.000001 -12.690588 0.000000 16.419039 -17.842710 2.762534 1.665665 -1.955920 -2.878296 4.727794 -4.170585 4.993918 11.020509 0.000003 -0.000001 12.109032 -3.735713 -2.866779 0.000001 -0.000001 -0.000000 1.291985 -1.928548 -1.498089 14.800111 0.567468 3.865605 14.242553 -1.341734 -6.660649 19.631939 0.143928 -0.648242 49.649384 -0.587962 -5.944905 0.353028 -1.511148 -0.031939 20.222767 3.684302 2.316628 18.787241 0.000003 -0.000001 10.751611 -0.479870 1.397905 0.000000 -0.000001 -0.000002 3.273804 0.305948 -0.580110 21.486788 11.830359 2.266129 8.162916 0.000002 0.000002 18.399054 -3.798980 -4.940566 -0.000000 0.000001 -0.000002 19.089241 11.919515 -19.202166 -0.431260 -0.737055 34.877171 -17.313681 -9.070623 -1.926290 1.651920 -1.975152 -1.557069 0.000000 -0.000000 0.000002 -23.387032 -15.924802 12.914734 0.269864 1.015465 19.799505 20.985798 6.608612 -16.230364 -1.442804 0.911825 -2.110292 0.000000 0.000000 -0.000001 
2.815537 92.039124 -11.640139 -0.437787 -2.542949 -6.609491 3.354741 1.130492 1.223700 0.303211 4.102490 -4.260173 1.344075 2.649696 15.466739 -7.812548 8.994779 20.678585 0.455815 3.642815 -3.830960 -0.620385 3.037009 -13.856924 0.000077 -0.000022 0.000007 -0.005918 0.031385 0.077454 0.675524 -3.670856 -10.533343 -0.697048 3.736315 -10.522243 -8.863416 1.019118 8.168475 -45.123592 -22.954441 -12.617531 179.400864 -51.879742 -179.801483 9.378827 -3.672550 -16.004612 -5.882102 9.861281 0.702589 -10.936861 -0.360575 7.156197 -0.000001 8.774815 -0.000002 -16.313990 18.404343 6.076052 -1.844031 2.498505 -2.507276 -10.163591 4.678943 4.621104 -20.975998 -0.000003 0.000004 -21.226255 2.451693 -3.593995 0.000000 -0.000005 -0.000001 -1.362680 2.240798 -0.746322 -21.334896 0.584910 3.008320 -13.821197 -0.000002 0.000002 -23.887135 -0.249077 -0.839483 -60.558880 2.384171 -1.301925 -0.294025 1.679686 0.833254 -14.218194 0.093212 1.300580 -34.212002 -0.287560 0.967170 -20.033180 0.964537 1.212843 -0.000000 0.000000 0.000001 -3.440385 0.788233 0.501654 -15.928171 -3.167308 2.999705 -6.338819 0.000001 0.000003 -18.123415 3.648176 -4.905661 -0.000006 0.000001 -0.000002 11.666447 19.794815 13.735217 42.336250 41.550404 6.146942 -179.728577 57.676025 -179.375732 -15.301718 7.039707 -30.719812 2.243539 -5.255032 -3.180155 14.282875 -0.826593 6.952500 -0.000000 -12.690588 0.000000 16.393723 -17.805580 2.815360 1.665664 -1.955920 -2.878296 4.727794 -4.170581 4.993919 11.020509 0.000005 0.000000 12.109029 -3.735710 -2.866778 0.000000 -0.000001 -0.000001 1.291984 -1.928548 -1.498087 14.800113 0.567466 3.865607 14.242554 -1.341737 -6.660646 19.631935 0.143923 -0.648241 49.685383 -0.574223 -5.879664 0.353029 -1.511148 -0.031940 20.222763 3.684303 2.316630 18.787243 0.000001 0.000001 10.751610 -0.479869 1.397905 -0.000001 0.000000 0.000000 3.273804 0.305947 -0.580110 21.486790 11.830359 2.266135 8.162916 0.000002 0.000000 18.399052 -3.798982 -4.940566 0.000001 0.000001 -0.000002 19.059565 11.913599 -19.273832 -0.448148 -0.742900 35.084923 -17.283491 -9.086041 -2.075769 1.652562 -1.981523 -1.535849 0.000000 -0.000000 0.000002 -23.455597 -15.902623 12.938795 0.278147 0.987376 19.780439 21.037086 6.646320 -16.215122 -1.442811 0.911200 -2.112747 -0.000000 0.000001 -0.000001 
2.840984 92.012794 -11.544921 -0.401636 -2.537344 -6.531733 3.354220 1.136239 1.188224 0.305966 4.126360 -4.273671 1.331864 2.658133 15.453666 -7.846140 9.041063 20.676775 0.445420 3.619024 -3.829809 -0.665410 3.071244 -13.805561 0.000077 -0.000022 0.000006 -0.009544 0.049405 0.075963 0.672654 -3.656435 -10.527497 -0.699867 3.749474 -10.514267 -8.833439 1.112173 8.168817 -45.314651 -22.761719 -12.317893 179.441330 -51.728165 -179.797256 9.357633 -3.616212 -15.998293 -5.882102 9.861279 0.702591 -10.936860 -0.360576 7.156197 -0.000000 8.774813 -0.000000 -16.309334 18.404806 6.088577 -1.844031 2.498503 -2.507274 -10.163590 4.678939 4.621104 -20.975996 -0.000005 0.000003 -21.226254 2.451693 -3.593992 0.000001 -0.000005 0.000001 -1.362680 2.240795 -0.746323 -21.334892 0.584909 3.008321 -13.821194 -0.000001 0.000002 -23.887133 -0.249077 -0.839482 -60.567780 2.398149 -1.306423 -0.294025 1.679687 0.833255 -14.218195 0.093215 1.300580 -34.212006 -0.287566 0.967169 -20.033178 0.964534 1.212843 0.000000 0.000000 0.000001 -3.440385 0.788234 0.501655 -15.928169 -3.167307 2.999703 -6.338818 -0.000002 0.000002 -18.123413 3.648178 -4.905659 -0.000005 0.000001 -0.000002 11.663232 19.763403 13.724535 42.561630 41.535820 6.341230 -179.695862 57.529285 -179.357864 -15.399602 7.089278 -30.755589 2.243540 -5.255033 -3.180155 14.282877 -0.826595 6.952496 -0.000002 -12.690587 0.000001 16.393517 -17.789503 2.833730 1.665665 -1.955919 -2.878297 4.727793 -4.170582 4.993917 11.020510 0.000004 -0.000001 12.109031 -3.735709 -2.866778 0.000000 -0.000002 -0.000000 1.291985 -1.928549 -1.498087 14.800111 0.567467 3.865603 14.242553 -1.341735 -6.660646 19.631939 0.143924 -0.648244 49.715580 -0.604835 -5.862308 0.353028 -1.511148 -0.031941 20.222767 3.684303 2.316627 18.787245 0.000002 -0.000001 10.751607 -0.479869 1.397903 -0.000001 0.000001 0.000002 3.273804 0.305947 -0.580109 21.486788 11.830362 2.266131 8.162917 0.000002 -0.000001 18.399052 -3.798980 -4.940566 0.000002 0.000000 0.000000 19.002726 11.927663 -19.386684 -0.447511 -0.740897 35.272373 -17.287834 -9.144866 -2.200740 1.652259 -1.979572 -1.535473 0.000000 -0.000000 0.000002 -23.518723 -15.905715 12.958104 0.296526 0.991325 19.707363 21.071194 6.626275 -16.276814 -1.443374 0.928138 -2.137979 -0.000000 0.000001 -0.000001 
2.873411 92.007843 -11.411192 -0.367612 -2.504422 -6.443374 3.352342 1.151626 1.152765 0.306536 4.142376 -4.285941 1.320754 2.659431 15.433702 -7.893857 9.066011 20.678284 0.452026 3.632739 -3.828650 -0.707927 3.107251 -13.762503 0.000077 -0.000022 0.000006 -0.011345 0.055854 0.073832 0.676092 -3.657468 -10.519947 -0.703249 3.752888 -10.509356 -8.786900 1.174018 8.144826 -45.503769 -22.623850 -12.096158 179.436798 -51.562981 -179.829102 9.385448 -3.624336 -15.898622 -5.882100 9.861278 0.702589 -10.936860 -0.360575 7.156198 -0.000001 8.774813 -0.000001 -16.309938 18.427273 6.060949 -1.844032 2.498505 -2.507276 -10.163589 4.678939 4.621104 -20.975996 -0.000001 0.000002 -21.226254 2.451694 -3.593995 0.000001 -0.000005 0.000001 -1.362681 2.240796 -0.746322 -21.334890 0.584910 3.008320 -13.821195 -0.000003 0.000003 -23.887129 -0.249077 -0.839481 -60.560375 2.432268 -1.329037 -0.294025 1.679686 0.833255 -14.218194 0.093215 1.300580 -34.212006 -0.287562 0.967170 -20.033176 0.964536 1.212840 0.000000 0.000000 0.000003 -3.440385 0.788231 0.501656 -15.928167 -3.167304 2.999703 -6.338817 0.000000 0.000002 -18.123413 3.648176 -4.905662 -0.000005 0.000001 -0.000003 11.651937 19.749744 13.714582 42.760876 41.555031 6.512946 -179.640274 57.432251 -179.373505 -15.481120 7.131144 -30.683260 2.243540 -5.255032 -3.180155 14.282875 -0.826593 6.952495 -0.000001 -12.690590 0.000000 16.387928 -17.751572 2.830574 1.665665 -1.955920 -2.878296 4.727795 -4.170585 4.993918 11.020511 0.000005 -0.000000 12.109034 -3.735709 -2.866778 0.000000 -0.000002 -0.000001 1.291985 -1.928547 -1.498088 14.800113 0.567468 3.865605 14.242553 -1.341735 -6.660648 19.631939 0.143926 -0.648241 49.749157 -0.614040 -5.842034 0.353029 -1.511148 -0.031942 20.222765 3.684307 2.316628 18.787245 0.000003 -0.000000 10.751610 -0.479868 1.397903 -0.000001 -0.000000 -0.000001 3.273803 0.305947 -0.580109 21.486788 11.830360 2.266130 8.162915 0.000001 -0.000001 18.399050 -3.798982 -4.940566 0.000002 0.000001 -0.000003 18.942549 11.967636 -19.483351 -0.455585 -0.736843 35.438614 -17.264313 -9.235737 -2.289150 1.652821 -1.972024 -1.508958 0.000000 -0.000000 0.000002 -23.578674 -15.917267 13.009968 0.293342 1.013068 19.618574 21.125154 6.627112 -16.208895 -1.444697 0.921944 -2.184562 -0.000000 0.000001 -0.000001 
2.907059 92.001701 -11.305338 -0.340582 -2.494762 -6.360020 3.355168 1.170043 1.127351 0.307137 4.143762 -4.292058 1.315924 2.661510 15.407465 -7.938745 9.088367 20.670910 0.454540 3.664290 -3.833411 -0.730583 3.157326 -13.719302 0.000077 -0.000023 0.000007 -0.011907 0.049267 0.073172 0.677022 -3.655460 -10.522559 -0.706524 3.739429 -10.507927 -8.723231 1.206209 8.152285 -45.710060 -22.566120 -11.892398 179.338623 -51.383701 -179.798477 9.420037 -3.635575 -15.665113 -5.882101 9.861278 0.702589 -10.936859 -0.360575 7.156196 -0.000001 8.774811 -0.000002 -16.311220 18.410357 6.052835 -1.844031 2.498503 -2.507275 -10.163591 4.678941 4.621104 -20.975994 -0.000001 0.000003 -21.226255 2.451694 -3.593996 0.000002 -0.000005 -0.000001 -1.362680 2.240795 -0.746323 -21.334892 0.584909 3.008321 -13.821195 -0.000001 0.000002 -23.887125 -0.249078 -0.839480 -60.550861 2.444945 -1.345162 -0.294024 1.679685 0.833255 -14.218192 0.093215 1.300579 -34.211998 -0.287559 0.967170 -20.033176 0.964536 1.212843 -0.000000 0.000000 0.000001 -3.440385 0.788232 0.501655 -15.928171 -3.167306 2.999705 -6.338817 -0.000002 0.000002 -18.123413 3.648178 -4.905660 -0.000006 0.000002 -0.000003 11.620334 19.732302 13.706849 42.961590 41.623497 6.681006 -179.514908 57.332844 -179.324921 -15.497760 7.166496 -30.560928 2.243539 -5.255032 -3.180155 14.282875 -0.826590 6.952495 -0.000003 -12.690587 0.000001 16.410116 -17.718996 2.835490 1.665664 -1.955920 -2.878297 4.727794 -4.170583 4.993917 11.020509 0.000003 -0.000002 12.109033 -3.735709 -2.866779 0.000000 -0.000003 -0.000001 1.291984 -1.928546 -1.498089 14.800113 0.567468 3.865603 14.242553 -1.341732 -6.660648 19.631939 0.143928 -0.648242 49.799385 -0.620715 -5.839614 0.353028 -1.511150 -0.031940 20.222767 3.684305 2.316629 18.787243 0.000003 0.000000 10.751611 -0.479868 1.397906 0.000000 0.000000 -0.000001 3.273804 0.305946 -0.580109 21.486790 11.830360 2.266130 8.162917 0.000003 0.000001 18.399054 -3.798977 -4.940566 0.000001 0.000001 -0.000002 18.886480 12.039277 -19.562740 -0.461394 -0.742860 35.561241 -17.250353 -9.325706 -2.384645 1.652690 -1.963662 -1.471089 0.000000 -0.000000 0.000002 -23.612938 -15.898355 13.033824 0.283758 1.013960 19.529263 21.207911 6.614753 -16.162951 -1.446254 0.931641 -2.216671 0.000000 0.000000 -0.000001 
2.903375 91.988640 -11.203553 -0.312521 -2.464292 -6.269949 3.350746 1.179447 1.099832 0.311021 4.174501 -4.288268 1.314120 2.647044 15.356052 -7.956746 9.108850 20.638807 0.460425 3.652131 -3.827506 -0.738400 3.220350 -13.678109 0.000077 -0.000023 0.000007 -0.008611 0.031127 0.073059 0.683873 -3.670268 -10.515475 -0.706965 3.722826 -10.503218 -8.658250 1.208816 8.144047 -45.940434 -22.559013 -11.713597 179.342041 -51.238651 -179.741974 9.476392 -3.667836 -15.448652 -5.882101 9.861280 0.702590 -10.936859 -0.360576 7.156197 -0.000001 8.774814 -0.000001 -16.281961 18.393234 6.038183 -1.844030 2.498502 -2.507276 -10.163590 4.678941 4.621103 -20.975996 -0.000005 0.000003 -21.226255 2.451692 -3.593993 0.000001 -0.000004 -0.000002 -1.362680 2.240798 -0.746323 -21.334894 0.584908 3.008320 -13.821197 -0.000005 0.000002 -23.887131 -0.249080 -0.839479 -60.465771 2.463637 -1.339174 -0.294024 1.679686 0.833255 -14.218194 0.093214 1.300579 -34.212002 -0.287564 0.967170 -20.033180 0.964535 1.212839 0.000000 -0.000000 0.000000 -3.440386 0.788232 0.501655 -15.928167 -3.167305 2.999704 -6.338817 -0.000002 0.000002 -18.123415 3.648175 -4.905662 -0.000005 -0.000000 -0.000002 11.603771 19.705265 13.682959 43.094246 41.673248 6.774127 -179.473755 57.295956 -179.342728 -15.509649 7.252910 -30.395521 2.243539 -5.255030 -3.180155 14.282878 -0.826594 6.952497 -0.000001 -12.690592 0.000001 16.428839 -17.751808 2.833557 1.665665 -1.955918 -2.878296 4.727794 -4.170585 4.993918 11.020513 0.000004 -0.000000 12.109033 -3.735711 -2.866777 0.000000 -0.000001 0.000001 1.291984 -1.928548 -1.498088 14.800109 0.567466 3.865604 14.242551 -1.341736 -6.660645 19.631937 0.143925 -0.648240 49.806446 -0.656994 -5.857810 0.353029 -1.511147 -0.031941 20.222767 3.684306 2.316629 18.787245 0.000002 0.000001 10.751610 -0.479868 1.397904 -0.000001 0.000001 -0.000000 3.273804 0.305947 -0.580110 21.486790 11.830360 2.266131 8.162916 0.000002 0.000000 18.399050 -3.798981 -4.940567 -0.000000 0.000001 -0.000002 18.846838 12.091878 -19.622013 -0.464800 -0.744646 35.606880 -17.244381 -9.408338 -2.499331 1.653638 -1.947739 -1.455697 0.000000 -0.000000 0.000002 -23.630737 -15.914476 13.051929 0.287133 1.044204 19.463625 21.242867 6.593066 -16.209311 -1.447681 0.919556 -2.209798 0.000000 0.000001 -0.000001 
2.878026 91.997063 -11.104547 -0.280226 -2.425493 -6.186771 3.343073 1.192111 1.073184 0.304374 4.178382 -4.299619 1.320026 2.642866 15.318923 -7.968999 9.123130 20.598696 0.471208 3.653622 -3.824154 -0.730270 3.276711 -13.608819 0.000077 -0.000023 0.000007 -0.007534 0.012916 0.071539 0.687099 -3.683532 -10.513219 -0.706721 3.707868 -10.494797 -8.589061 1.189064 8.137069 -46.112873 -22.574936 -11.527638 179.208435 -51.096695 -179.650040 9.537806 -3.712329 -15.288426 -5.882102 9.861279 0.702590 -10.936858 -0.360576 7.156196 -0.000001 8.774815 0.000000 -16.248047 18.388121 6.037708 -1.844031 2.498500 -2.507276 -10.163590 4.678941 4.621103 -20.975996 -0.000003 0.000003 -21.226255 2.451693 -3.593993 0.000000 -0.000005 0.000000 -1.362680 2.240797 -0.746323 -21.334890 0.584908 3.008320 -13.821195 -0.000002 0.000002 -23.887131 -0.249079 -0.839479 -60.424515 2.475821 -1.360708 -0.294024 1.679685 0.833256 -14.218194 0.093215 1.300580 -34.212006 -0.287563 0.967171 -20.033180 0.964536 1.212845 0.000000 0.000000 0.000001 -3.440385 0.788231 0.501655 -15.928169 -3.167308 2.999704 -6.338817 -0.000002 0.000002 -18.123413 3.648178 -4.905662 -0.000006 -0.000001 -0.000003 11.589074 19.674217 13.660535 43.246624 41.729725 6.895223 -179.366135 57.269329 -179.272934 -15.525448 7.310701 -30.219412 2.243539 -5.255032 -3.180154 14.282875 -0.826593 6.952497 -0.000002 -12.690591 0.000000 16.453009 -17.729769 2.834144 1.665664 -1.955918 -2.878297 4.727792 -4.170584 4.993918 11.020510 0.000004 -0.000001 12.109028 -3.735710 -2.866779 0.000000 -0.000002 0.000000 1.291983 -1.928547 -1.498087 14.800109 0.567468 3.865604 14.242551 -1.341735 -6.660646 19.631935 0.143924 -0.648243 49.781654 -0.653659 -5.872299 0.353028 -1.511149 -0.031940 20.222765 3.684307 2.316627 18.787243 0.000004 0.000001 10.751608 -0.479868 1.397905 -0.000001 0.000001 -0.000000 3.273803 0.305946 -0.580109 21.486788 11.830364 2.266133 8.162915 0.000002 0.000002 18.399046 -3.798980 -4.940566 0.000002 -0.000001 -0.000002 18.876156 12.098776 -19.621231 -0.469992 -0.741763 35.596077 -17.303852 -9.464322 -2.452620 1.655853 -1.935459 -1.430763 0.000000 0.000000 0.000002 -23.640543 -15.936125 13.057169 0.276010 1.051430 19.447798 21.265610 6.607666 -16.174025 -1.446755 0.925456 -2.218516 0.000000 0.000001 -0.000001 
2.826028 92.020187 -11.018579 -0.251035 -2.389263 -6.111493 3.340649 1.211551 1.050806 0.293182 4.185168 -4.314478 1.314260 2.626828 15.274119 -7.960138 9.125257 20.569241 0.457601 3.685910 -3.832711 -0.713936 3.281420 -13.521792 0.000077 -0.000023 0.000006 -0.007043 0.018220 0.067470 0.687988 -3.685009 -10.520452 -0.707024 3.710504 -10.500669 -8.489157 1.151018 8.125639 -46.296543 -22.631184 -11.422170 179.112335 -50.994106 -179.581238 9.604669 -3.724131 -15.182374 -5.882101 9.861279 0.702590 -10.936858 -0.360577 7.156197 0.000002 8.774813 -0.000000 -16.222332 18.350483 6.045096 -1.844031 2.498501 -2.507275 -10.163589 4.678940 4.621103 -20.975992 -0.000004 0.000003 -21.226248 2.451692 -3.593991 -0.000001 -0.000004 0.000000 -1.362681 2.240798 -0.746322 -21.334887 0.584906 3.008322 -13.821195 -0.000004 0.000003 -23.887125 -0.249078 -0.839480 -60.371834 2.467044 -1.350762 -0.294024 1.679685 0.833255 -14.218194 0.093212 1.300582 -34.212006 -0.287565 0.967172 -20.033180 0.964536 1.212842 0.000000 0.000000 0.000002 -3.440385 0.788233 0.501654 -15.928171 -3.167306 2.999704 -6.338819 -0.000002 0.000003 -18.123415 3.648176 -4.905660 -0.000005 -0.000000 -0.000002 11.557240 19.639542 13.608484 43.455173 41.780384 6.982613 -179.336517 57.262669 -179.271713 -15.558202 7.334137 -30.053080 2.243540 -5.255034 -3.180156 14.282877 -0.826594 6.952497 -0.000003 -12.690593 0.000001 16.467924 -17.754045 2.852293 1.665666 -1.955920 -2.878296 4.727793 -4.170584 4.993919 11.020509 0.000004 -0.000001 12.109033 -3.735708 -2.866778 0.000000 -0.000003 -0.000001 1.291984 -1.928547 -1.498087 14.800111 0.567469 3.865604 14.242553 -1.341735 -6.660646 19.631939 0.143928 -0.648243 49.757374 -0.635246 -5.865346 0.353029 -1.511151 -0.031940 20.222767 3.684308 2.316626 18.787245 0.000007 0.000000 10.751610 -0.479866 1.397905 -0.000001 0.000000 0.000001 3.273804 0.305946 -0.580113 21.486788 11.830366 2.266130 8.162915 0.000003 0.000000 18.399054 -3.798980 -4.940567 0.000002 -0.000001 -0.000003 18.843954 12.125225 -19.605835 -0.482722 -0.750540 35.529739 -17.312365 -9.486431 -2.474466 1.657827 -1.934299 -1.396942 -0.000000 -0.000000 0.000002 -23.636293 -15.962943 13.081408 0.283624 1.062770 19.396870 21.249298 6.591448 -16.131653 -1.446856 0.922980 -2.210754 0.000000 0.000000 -0.000001 
2.798505 92.045380 -10.932058 -0.221762 -2.330284 -6.038004 3.335251 1.222904 1.028874 0.280527 4.172491 -4.331743 1.310819 2.640097 15.227738 -7.949036 9.111093 20.546940 0.439132 3.734701 -3.830097 -0.687312 3.288785 -13.443635 0.000077 -0.000023 0.000006 -0.004627 0.011716 0.068452 0.691680 -3.692092 -10.521176 -0.702528 3.696398 -10.497570 -8.399642 1.096349 8.112478 -46.445560 -22.724510 -11.424554 179.059540 -50.925762 -179.538132 9.691463 -3.774690 -15.155562 -5.882101 9.861278 0.702588 -10.936857 -0.360579 7.156196 -0.000001 8.774814 -0.000001 -16.168140 18.283859 6.076529 -1.844031 2.498504 -2.507276 -10.163591 4.678937 4.621103 -20.975996 -0.000004 0.000002 -21.226255 2.451694 -3.593994 0.000000 -0.000005 0.000000 -1.362680 2.240799 -0.746323 -21.334894 0.584908 3.008321 -13.821195 -0.000003 0.000002 -23.887133 -0.249079 -0.839480 -60.356049 2.464655 -1.354270 -0.294025 1.679687 0.833255 -14.218190 0.093215 1.300578 -34.211998 -0.287564 0.967167 -20.033176 0.964535 1.212844 -0.000000 -0.000001 0.000002 -3.440386 0.788233 0.501655 -15.928165 -3.167308 2.999703 -6.338817 -0.000001 0.000002 -18.123411 3.648176 -4.905662 -0.000005 -0.000000 -0.000002 11.520819 19.608883 13.561568 43.667774 41.821335 7.037843 -179.320343 57.233883 -179.294220 -15.575437 7.329412 -29.916746 2.243541 -5.255033 -3.180156 14.282877 -0.826593 6.952496 -0.000003 -12.690590 0.000000 16.510721 -17.753441 2.845032 1.665666 -1.955921 -2.878297 4.727793 -4.170584 4.993918 11.020513 0.000006 -0.000002 12.109033 -3.735707 -2.866781 0.000000 -0.000003 0.000000 1.291985 -1.928549 -1.498088 14.800113 0.567468 3.865604 14.242553 -1.341734 -6.660651 19.631941 0.143927 -0.648242 49.730900 -0.610503 -5.874983 0.353027 -1.511150 -0.031939 20.222771 3.684307 2.316626 18.787245 0.000007 -0.000001 10.751613 -0.479867 1.397904 0.000000 0.000000 0.000000 3.273804 0.305949 -0.580112 21.486792 11.830364 2.266130 8.162914 0.000002 0.000000 18.399052 -3.798979 -4.940568 0.000001 0.000000 -0.000003 18.823593 12.142925 -19.646313 -0.491941 -0.762748 35.541428 -17.322206 -9.556005 -2.377878 1.656893 -1.935324 -1.358497 0.000000 -0.000000 0.000002 -23.646551 -15.995995 13.126751 0.281225 1.071111 19.322397 21.248604 6.571450 -16.044603 -1.443283 0.910677 -2.204569 0.000000 0.000000 -0.000001 
2.778530 92.057678 -10.887137 -0.192224 -2.252356 -5.979259 3.334496 1.217616 1.009551 0.265010 4.197721 -4.340935 1.294290 2.621694 15.182615 -7.919250 9.082648 20.554235 0.426204 3.734475 -3.829168 -0.655988 3.301942 -13.368777 0.000077 -0.000023 0.000006 -0.005561 0.006382 0.071416 0.689430 -3.688687 -10.524797 -0.703319 3.700048 -10.497611 -8.308490 1.050064 8.099983 -46.556206 -22.850775 -11.498752 179.033203 -50.898384 -179.546814 9.788992 -3.834463 -15.109578 -5.882102 9.861278 0.702590 -10.936860 -0.360571 7.156196 -0.000001 8.774814 0.000001 -16.153658 18.239302 6.084966 -1.844031 2.498501 -2.507275 -10.163589 4.678936 4.621102 -20.976002 -0.000003 0.000003 -21.226257 2.451692 -3.593995 0.000000 -0.000005 -0.000001 -1.362681 2.240797 -0.746322 -21.334892 0.584907 3.008319 -13.821197 -0.000003 0.000001 -23.887135 -0.249078 -0.839483 -60.333195 2.466234 -1.352238 -0.294025 1.679685 0.833255 -14.218194 0.093216 1.300579 -34.212013 -0.287567 0.967167 -20.033178 0.964534 1.212839 0.000000 -0.000000 0.000002 -3.440386 0.788233 0.501655 -15.928167 -3.167307 2.999702 -6.338819 -0.000004 0.000002 -18.123415 3.648175 -4.905662 -0.000006 0.000001 -0.000001 11.457696 19.573431 13.499288 43.887886 41.884766 7.062598 -179.341949 57.232841 -179.346664 -15.569650 7.298832 -29.850897 2.243539 -5.255031 -3.180156 14.282877 -0.826591 6.952496 -0.000003 -12.690591 -0.000001 16.535002 -17.728830 2.832453 1.665664 -1.955918 -2.878298 4.727793 -4.170582 4.993918 11.020511 0.000005 -0.000001 12.109033 -3.735708 -2.866778 0.000000 -0.000002 -0.000000 1.291985 -1.928548 -1.498089 14.800114 0.567470 3.865603 14.242551 -1.341732 -6.660649 19.631941 0.143927 -0.648242 49.703556 -0.589254 -5.864827 0.353028 -1.511150 -0.031940 20.222769 3.684311 2.316628 18.787245 0.000007 0.000002 10.751609 -0.479868 1.397904 -0.000001 0.000001 -0.000000 3.273804 0.305948 -0.580110 21.486794 11.830368 2.266134 8.162914 0.000004 0.000000 18.399054 -3.798978 -4.940565 0.000002 0.000000 -0.000002 18.730009 12.148532 -19.756992 -0.489578 -0.768381 35.527359 -17.293377 -9.603206 -2.321135 1.657350 -1.932744 -1.329225 0.000000 -0.000000 0.000002 -23.661503 -16.038031 13.167217 0.289433 1.082497 19.248386 21.257740 6.546932 -16.034218 -1.442611 0.916478 -2.209045 0.000000 0.000001 -0.000001 
2.733516 92.082886 -10.823610 -0.175713 -2.156188 -5.917057 3.331782 1.211882 0.979369 0.253905 4.216857 -4.354632 1.272964 2.613751 15.144622 -7.885525 9.053157 20.543314 0.419426 3.750297 -3.812730 -0.641761 3.285583 -13.276446 0.000077 -0.000024 0.000006 -0.004568 -0.000041 0.069092 0.689000 -3.697860 -10.513395 -0.705262 3.701610 -10.487624 -8.236470 1.002058 8.080602 -46.646427 -22.998167 -11.683273 179.133423 -50.869793 -179.620117 9.896534 -3.850784 -15.026293 -5.882101 9.861275 0.702591 -10.936859 -0.360576 7.156198 0.000000 8.774812 0.000001 -16.153028 18.215836 6.100992 -1.844031 2.498502 -2.507276 -10.163590 4.678939 4.621105 -20.975998 -0.000006 0.000004 -21.226255 2.451690 -3.593991 0.000000 -0.000005 -0.000001 -1.362680 2.240793 -0.746323 -21.334894 0.584909 3.008320 -13.821197 -0.000004 0.000003 -23.887136 -0.249079 -0.839480 -60.347595 2.462610 -1.344006 -0.294025 1.679686 0.833256 -14.218195 0.093214 1.300579 -34.212006 -0.287564 0.967169 -20.033180 0.964535 1.212843 0.000000 0.000001 0.000001 -3.440386 0.788232 0.501655 -15.928171 -3.167307 2.999704 -6.338820 0.000000 0.000002 -18.123415 3.648175 -4.905661 -0.000005 0.000001 -0.000001 11.416688 19.549530 13.461743 44.024841 41.943737 7.023417 -179.437363 57.245445 -179.485168 -15.602613 7.294755 -29.813519 2.243540 -5.255032 -3.180156 14.282875 -0.826595 6.952495 -0.000002 -12.690590 0.000001 16.617315 -17.711899 2.791744 1.665666 -1.955920 -2.878298 4.727794 -4.170584 4.993918 11.020512 0.000004 -0.000002 12.109034 -3.735709 -2.866780 0.000000 -0.000002 -0.000000 1.291985 -1.928550 -1.498087 14.800111 0.567466 3.865601 14.242553 -1.341733 -6.660649 19.631941 0.143926 -0.648247 49.766155 -0.628824 -5.849549 0.353029 -1.511149 -0.031939 20.222769 3.684304 2.316624 18.787245 0.000004 -0.000002 10.751610 -0.479868 1.397903 -0.000002 0.000001 -0.000000 3.273804 0.305946 -0.580110 21.486790 11.830362 2.266129 8.162916 0.000002 -0.000002 18.399057 -3.798979 -4.940569 0.000002 0.000000 -0.000002 18.711048 12.140080 -19.770176 -0.494060 -0.776961 35.428635 -17.304674 -9.702839 -2.252158 1.657719 -1.930311 -1.300994 0.000000 0.000000 0.000002 -23.643234 -16.074154 13.219398 0.284334 1.064536 19.190716 21.247271 6.523336 -15.971736 -1.441800 0.915634 -2.209816 0.000000 0.000000 -0.000001 
2.692931 92.098877 -10.700024 -0.175617 -2.026380 -5.868287 3.327745 1.202935 0.940613 0.251071 4.232167 -4.368163 1.261795 2.602280 15.126903 -7.868193 9.000391 20.539085 0.425103 3.765257 -3.791802 -0.648477 3.282144 -13.187670 0.000077 -0.000022 0.000006 -0.006905 0.005247 0.074219 0.691595 -3.698055 -10.508730 -0.706122 3.694320 -10.483578 -8.176512 0.937488 8.074442 -46.716221 -23.152792 -11.924407 179.143127 -50.843304 -179.644501 9.971843 -3.860781 -14.893517 -5.882102 9.861278 0.702590 -10.936858 -0.360573 7.156196 -0.000000 8.774815 -0.000002 -16.144106 18.206184 6.104758 -1.844032 2.498503 -2.507276 -10.163590 4.678939 4.621105 -20.975996 -0.000002 0.000002 -21.226254 2.451693 -3.593994 0.000000 -0.000005 -0.000002 -1.362680 2.240798 -0.746323 -21.334892 0.584909 3.008322 -13.821194 -0.000003 0.000003 -23.887129 -0.249075 -0.839480 -60.329826 2.454922 -1.357983 -0.294024 1.679687 0.833255 -14.218192 0.093215 1.300580 -34.212002 -0.287562 0.967172 -20.033180 0.964537 1.212843 0.000000 0.000000 0.000001 -3.440386 0.788231 0.501656 -15.928169 -3.167307 2.999705 -6.338819 -0.000001 0.000002 -18.123413 3.648175 -4.905661 -0.000006 0.000001 -0.000003 11.378806 19.522617 13.453732 44.089428 42.005581 6.955058 -179.484116 57.249805 -179.566956 -15.617125 7.311224 -29.698467 2.243541 -5.255031 -3.180156 14.282878 -0.826595 6.952495 -0.000003 -12.690590 0.000001 16.684252 -17.718275 2.738412 1.665664 -1.955919 -2.878295 4.727794 -4.170583 4.993919 11.020511 0.000003 -0.000001 12.109032 -3.735708 -2.866779 0.000000 -0.000002 -0.000001 1.291985 -1.928547 -1.498088 14.800114 0.567467 3.865603 14.242553 -1.341735 -6.660648 19.631937 0.143925 -0.648243 49.811565 -0.643731 -5.877073 0.353028 -1.511149 -0.031940 20.222771 3.684304 2.316628 18.787245 0.000005 -0.000000 10.751610 -0.479868 1.397904 -0.000001 0.000001 0.000001 3.273804 0.305948 -0.580111 21.486792 11.830361 2.266132 8.162915 0.000003 -0.000001 18.399054 -3.798980 -4.940568 0.000001 0.000001 -0.000003 18.712404 12.108952 -19.764601 -0.498912 -0.784775 35.377319 -17.297789 -9.850014 -2.266210 1.657230 -1.924354 -1.324515 0.000000 -0.000000 0.000002 -23.621065 -16.090044 13.409564 0.288707 1.062882 18.991873 21.271492 6.425383 -15.909657 -1.441898 0.908052 -2.209960 0.000000 0.000000 -0.000001 
2.585508 92.121315 -10.579641 -0.191639 -1.883378 -5.829763 3.323118 1.182759 0.906211 0.246902 4.249503 -4.370088 1.262902 2.600211 15.098679 -7.836537 8.968677 20.533535 0.421372 3.763155 -3.793491 -0.648482 3.283017 -13.085069 0.000077 -0.000024 0.000006 -0.009825 0.011556 0.072527 0.688688 -3.680369 -10.482220 -0.708132 3.699617 -10.458282 -8.118870 0.883205 8.077680 -46.799572 -23.306408 -12.192746 179.248810 -50.853050 -179.708588 10.009997 -3.863754 -14.692475 -5.882102 9.861277 0.702591 -10.936858 -0.360575 7.156196 0.000000 8.774811 -0.000002 -16.129940 18.219557 6.119216 -1.844032 2.498504 -2.507275 -10.163590 4.678940 4.621104 -20.975998 -0.000001 0.000002 -21.226255 2.451693 -3.593995 0.000001 -0.000004 -0.000001 -1.362681 2.240795 -0.746322 -21.334890 0.584907 3.008321 -13.821195 -0.000005 0.000003 -23.887123 -0.249078 -0.839480 -60.254395 2.471399 -1.354754 -0.294024 1.679686 0.833254 -14.218194 0.093217 1.300579 -34.212002 -0.287563 0.967170 -20.033178 0.964535 1.212841 0.000000 0.000001 0.000001 -3.440385 0.788231 0.501655 -15.928169 -3.167304 2.999702 -6.338817 -0.000002 0.000002 -18.123415 3.648178 -4.905661 -0.000005 -0.000000 -0.000002 11.355448 19.486477 13.452686 44.158184 42.069164 6.981899 -179.445435 57.272808 -179.558960 -15.591783 7.344101 -29.487865 2.243540 -5.255033 -3.180155 14.282873 -0.826591 6.952495 -0.000002 -12.690588 -0.000001 16.781076 -17.768354 2.690986 1.665664 -1.955920 -2.878295 4.727793 -4.170583 4.993919 11.020508 0.000005 -0.000001 12.109031 -3.735709 -2.866779 0.000000 -0.000003 -0.000001 1.291984 -1.928548 -1.498086 14.800113 0.567468 3.865604 14.242553 -1.341734 -6.660649 19.631939 0.143926 -0.648244 49.934311 -0.696114 -5.934300 0.353029 -1.511149 -0.031941 20.222763 3.684304 2.316628 18.787245 0.000004 -0.000000 10.751611 -0.479867 1.397902 -0.000001 0.000001 -0.000000 3.273804 0.305946 -0.580110 21.486788 11.830362 2.266131 8.162916 0.000002 0.000000 18.399048 -3.798979 -4.940567 0.000001 0.000000 -0.000003 18.768684 12.056214 -19.697044 -0.496417 -0.802089 35.207676 -17.339725 -9.963367 -2.230682 1.659221 -1.927786 -1.346955 0.000000 -0.000000 0.000002 -23.530972 -16.110340 13.633722 0.292165 1.067839 18.759912 21.240730 6.343441 -15.918177 -1.442096 0.913777 -2.221106 -0.000000 0.000001 -0.000001 
2.451721 92.147011 -10.435579 -0.218165 -1.733446 -5.786216 3.314165 1.176399 0.872153 0.239781 4.248920 -4.389535 1.278199 2.592107 15.084037 -7.802710 8.932787 20.548944 0.427451 3.751468 -3.808476 -0.672026 3.297308 -12.981214 0.000077 -0.000024 0.000007 -0.010160 0.006021 0.066547 0.683159 -3.681794 -10.466701 -0.706846 3.691922 -10.442657 -8.055321 0.825714 8.145001 -46.877201 -23.494160 -12.480161 179.318542 -50.862823 -179.722366 9.978431 -3.821786 -14.364830 -5.882101 9.861279 0.702590 -10.936856 -0.360576 7.156197 0.000000 8.774816 -0.000000 -16.129040 18.222761 6.122991 -1.844031 2.498504 -2.507276 -10.163589 4.678939 4.621101 -20.975998 -0.000006 0.000003 -21.226250 2.451691 -3.593995 0.000001 -0.000005 -0.000001 -1.362681 2.240797 -0.746322 -21.334887 0.584906 3.008320 -13.821195 -0.000004 0.000002 -23.887133 -0.249079 -0.839481 -60.219841 2.464281 -1.337610 -0.294024 1.679684 0.833255 -14.218192 0.093213 1.300577 -34.212006 -0.287565 0.967170 -20.033178 0.964533 1.212843 0.000000 0.000001 0.000001 -3.440386 0.788232 0.501657 -15.928167 -3.167306 2.999703 -6.338815 -0.000001 0.000001 -18.123415 3.648175 -4.905664 -0.000006 -0.000000 -0.000002 11.344448 19.477728 13.485147 44.162453 42.137798 7.014797 -179.331177 57.285675 -179.460403 -15.551845 7.383687 -29.286177 2.243539 -5.255031 -3.180155 14.282878 -0.826593 6.952496 -0.000003 -12.690593 0.000003 16.866323 -17.887690 2.663335 1.665665 -1.955919 -2.878297 4.727793 -4.170583 4.993921 11.020511 0.000005 -0.000002 12.109031 -3.735708 -2.866778 0.000001 -0.000002 0.000001 1.291984 -1.928547 -1.498088 14.800111 0.567468 3.865604 14.242554 -1.341732 -6.660650 19.631939 0.143929 -0.648243 50.009296 -0.704756 -6.018818 0.353028 -1.511151 -0.031939 20.222771 3.684309 2.316628 18.787245 0.000007 -0.000001 10.751610 -0.479867 1.397903 0.000000 0.000000 0.000001 3.273804 0.305946 -0.580109 21.486794 11.830367 2.266128 8.162916 0.000003 0.000001 18.399052 -3.798980 -4.940567 0.000001 0.000000 -0.000003 18.853363 11.948337 -19.580465 -0.489880 -0.812533 34.958527 -17.383924 -10.003584 -2.240426 1.660344 -1.937705 -1.382843 0.000000 -0.000000 0.000002 -23.409985 -16.145430 13.858182 0.273104 1.074019 18.560125 21.207005 6.249161 -15.910128 -1.441736 0.912666 -2.283995 -0.000000 0.000002 -0.000001 
2.265685 92.180084 -10.329604 -0.242942 -1.587821 -5.751174 3.289967 1.166682 0.844366 0.233024 4.248600 -4.410477 1.310036 2.569806 15.068128 -7.760144 8.944238 20.558886 0.429402 3.722406 -3.821935 -0.697691 3.313967 -12.876119 0.000077 -0.000024 0.000007 -0.012762 0.005756 0.059915 0.673855 -3.684063 -10.442961 -0.701294 3.691242 -10.418340 -7.987206 0.785701 8.220663 -46.923836 -23.629646 -12.730058 179.290131 -50.855042 -179.677521 9.921469 -3.792012 -13.941483 -5.882100 9.861276 0.702589 -10.936858 -0.360575 7.156195 -0.000000 8.774815 0.000000 -16.076645 18.284710 6.160556 -1.844030 2.498503 -2.507277 -10.163589 4.678939 4.621104 -20.975992 -0.000006 0.000003 -21.226250 2.451693 -3.593994 0.000002 -0.000004 -0.000002 -1.362679 2.240797 -0.746323 -21.334887 0.584908 3.008319 -13.821197 -0.000005 0.000003 -23.887131 -0.249080 -0.839481 -60.235210 2.492291 -1.321510 -0.294025 1.679688 0.833255 -14.218190 0.093214 1.300578 -34.211998 -0.287566 0.967170 -20.033176 0.964532 1.212843 0.000000 -0.000001 0.000001 -3.440384 0.788233 0.501655 -15.928167 -3.167308 2.999703 -6.338819 -0.000002 0.000002 -18.123411 3.648176 -4.905661 -0.000006 -0.000000 -0.000002 11.363869 19.498911 13.561713 44.109406 42.272987 7.136475 -179.072388 57.376217 -179.231873 -15.522427 7.434330 -29.083040 2.243540 -5.255033 -3.180156 14.282877 -0.826593 6.952497 -0.000002 -12.690591 0.000002 16.949770 -18.018888 2.627565 1.665665 -1.955920 -2.878296 4.727795 -4.170585 4.993918 11.020512 0.000003 -0.000001 12.109031 -3.735708 -2.866781 0.000000 -0.000003 -0.000000 1.291984 -1.928547 -1.498087 14.800111 0.567468 3.865602 14.242554 -1.341737 -6.660648 19.631939 0.143925 -0.648244 50.039150 -0.687169 -6.100269 0.353029 -1.511149 -0.031940 20.222767 3.684303 2.316628 18.787247 0.000005 -0.000000 10.751610 -0.479867 1.397902 -0.000001 0.000001 -0.000000 3.273804 0.305945 -0.580110 21.486790 11.830360 2.266131 8.162916 0.000003 -0.000001 18.399052 -3.798979 -4.940566 0.000002 -0.000001 -0.000002 18.964170 11.820967 -19.418995 -0.487150 -0.837557 34.586460 -17.449341 -10.006389 -2.181868 1.662802 -1.956771 -1.457929 0.000000 -0.000000 0.000002 -23.264948 -16.202631 13.968753 0.262086 1.074901 18.574535 21.093601 6.210074 -15.931087 -1.440968 0.904321 -2.390383 -0.000000 0.000001 -0.000001 
2.107162 92.199852 -10.288874 -0.266130 -1.444311 -5.726701 3.270676 1.155563 0.841156 0.207745 4.248942 -4.449283 1.344561 2.513339 15.057597 -7.696301 8.994509 20.565182 0.401497 3.639523 -3.826595 -0.723050 3.341140 -12.778425 0.000077 -0.000024 0.000006 -0.006694 -0.025281 0.056209 0.671023 -3.706022 -10.424154 -0.691308 3.664632 -10.399877 -7.919549 0.743082 8.339092 -46.943840 -23.751114 -13.072916 179.265152 -50.864090 -179.667007 9.865113 -3.738315 -13.546188 -5.882100 9.861278 0.702589 -10.936858 -0.360574 7.156196 -0.000001 8.774817 -0.000002 -16.014851 18.365396 6.198636 -1.844031 2.498500 -2.507275 -10.163590 4.678937 4.621105 -20.975998 -0.000001 0.000003 -21.226254 2.451694 -3.593995 0.000000 -0.000005 0.000000 -1.362680 2.240797 -0.746323 -21.334890 0.584909 3.008321 -13.821195 -0.000000 0.000003 -23.887129 -0.249075 -0.839482 -60.302910 2.515208 -1.272270 -0.294024 1.679684 0.833256 -14.218194 0.093214 1.300579 -34.211998 -0.287563 0.967168 -20.033178 0.964536 1.212841 0.000000 -0.000000 0.000001 -3.440386 0.788236 0.501656 -15.928169 -3.167306 2.999705 -6.338817 0.000000 0.000003 -18.123411 3.648177 -4.905661 -0.000004 -0.000000 -0.000001 11.332281 19.563620 13.627857 44.081738 42.416126 7.230549 -178.816055 57.520126 -178.923676 -15.531960 7.442890 -28.966766 2.243539 -5.255033 -3.180155 14.282878 -0.826593 6.952497 -0.000002 -12.690591 -0.000001 16.984184 -18.149319 2.613550 1.665665 -1.955920 -2.878298 4.727796 -4.170585 4.993917 11.020511 0.000004 0.000000 12.109033 -3.735711 -2.866779 0.000001 -0.000003 0.000001 1.291984 -1.928547 -1.498088 14.800113 0.567467 3.865604 14.242554 -1.341737 -6.660647 19.631939 0.143925 -0.648242 49.989132 -0.656628 -6.163629 0.353029 -1.511150 -0.031940 20.222769 3.684304 2.316628 18.787247 0.000003 0.000001 10.751611 -0.479869 1.397904 -0.000001 0.000000 0.000000 3.273804 0.305947 -0.580109 21.486790 11.830360 2.266131 8.162916 0.000002 -0.000001 18.399054 -3.798980 -4.940567 0.000001 0.000001 -0.000003 19.052855 11.637038 -19.248499 -0.486847 -0.836273 34.130714 -17.472618 -9.956053 -2.219479 1.664586 -1.988028 -1.521699 0.000000 -0.000000 0.000002 -23.136019 -16.297163 13.987525 0.242187 1.099822 18.705759 20.986044 6.142609 -16.003309 -1.440671 0.909145 -2.503046 0.000000 0.000000 -0.000001 
1.920766 92.243401 -10.260303 -0.296036 -1.300306 -5.724949 3.268183 1.112409 0.875784 0.169699 4.256598 -4.515767 1.386710 2.439108 15.059187 -7.658147 9.030549 20.507864 0.366642 3.552702 -3.836340 -0.710604 3.384527 -12.719777 0.000077 -0.000024 0.000007 -0.004409 -0.044640 0.046634 0.673424 -3.739808 -10.410772 -0.683419 3.631707 -10.390388 -7.817194 0.731514 8.506730 -47.010777 -23.921101 -13.506102 179.342300 -50.963261 -179.807602 9.821445 -3.774744 -13.353488 -5.882100 9.861279 0.702590 -10.936858 -0.360576 7.156197 -0.000000 8.774814 -0.000001 -15.941370 18.417381 6.228662 -1.844030 2.498503 -2.507276 -10.163589 4.678940 4.621104 -20.975994 -0.000006 0.000003 -21.226255 2.451692 -3.593992 0.000002 -0.000004 -0.000002 -1.362679 2.240796 -0.746322 -21.334894 0.584907 3.008321 -13.821197 -0.000004 0.000004 -23.887131 -0.249078 -0.839481 -60.337849 2.571605 -1.229940 -0.294025 1.679686 0.833255 -14.218192 0.093218 1.300579 -34.212006 -0.287563 0.967171 -20.033178 0.964535 1.212842 0.000000 0.000000 0.000001 -3.440385 0.788231 0.501655 -15.928169 -3.167308 2.999704 -6.338819 -0.000002 0.000003 -18.123413 3.648178 -4.905661 -0.000004 -0.000000 -0.000003 11.237212 19.621334 13.594278 44.181385 42.557774 7.155176 -178.969696 57.682995 -178.949738 -15.560746 7.385484 -28.652554 2.243539 -5.255031 -3.180155 14.282878 -0.826595 6.952496 -0.000003 -12.690587 -0.000001 16.906082 -18.255384 2.576334 1.665664 -1.955919 -2.878297 4.727795 -4.170583 4.993917 11.020512 0.000004 -0.000002 12.109033 -3.735712 -2.866776 0.000001 -0.000001 0.000001 1.291984 -1.928547 -1.498086 14.800113 0.567468 3.865603 14.242553 -1.341733 -6.660646 19.631941 0.143925 -0.648241 49.881611 -0.630827 -6.190791 0.353029 -1.511151 -0.031940 20.222771 3.684309 2.316630 18.787247 0.000005 0.000002 10.751612 -0.479869 1.397904 0.000000 0.000001 0.000000 3.273804 0.305948 -0.580110 21.486794 11.830364 2.266130 8.162917 0.000003 -0.000001 18.399055 -3.798980 -4.940567 0.000002 -0.000001 -0.000003 19.164776 11.438211 -19.025974 -0.473174 -0.833097 33.599354 -17.551535 -9.902993 -2.129431 1.660602 -2.012305 -1.541465 -0.000000 0.000000 0.000002 -22.980146 -16.360619 14.063101 0.238462 1.102085 18.749613 20.918190 5.978644 -16.023998 -1.444045 0.944998 -2.603054 -0.000000 0.000001 -0.000001 
